Search term,Campaign,Ad group,Match type,Added/Excluded,Clicks,Impr.,Cost,Conversions,RECOMMENDATION,NEG LEVEL,REASON
mamaroneck recreation,CM - Nonbranded - Other Geos (MxConv),Tennis Camps,Broad match,None,0,1,0.00,0.00,ADD NEGATIVE,AD GROUP,Off-theme for ad group 'Tennis Camps'
driftwood camp long island,CM - Nonbranded - Geo Priorities (MxCx),Summer Camps,Phrase match (close variant),None,0,1,0.00,0.00,ADD NEGATIVE,CAMPAIGN,Competitor term in nonbranded campaign: 'driftwood camp'
kids strong,CM - Nonbranded - Other Geos (MxConv),Tennis Camps,Broad match,None,0,2,0.00,0.00,ADD NEGATIVE,AD GROUP,Off-theme for ad group 'Tennis Camps'
little league camp,CM - Nonbranded - Other Geos (MxConv),Baseball Camps,Phrase match (close variant),None,0,1,0.00,0.00,ADD NEGATIVE,AD GROUP,Off-theme for ad group 'Baseball Camps'
buckley camp roslyn,CM - Nonbranded - Geo Priorities (MxCx),Summer Camps,Phrase match (close variant),None,0,1,0.00,0.00,ADD NEGATIVE,CAMPAIGN,Competitor term in nonbranded campaign: 'buckley camp'
jay fiedler camp,CM - Nonbranded - Geo Priorities (MxCx),Football Camps,Phrase match (close variant),None,0,1,0.00,0.00,ADD NEGATIVE,AD GROUP,Off-theme for ad group 'Football Camps'
what size soccer ball for 3 year old,CM - pMax - Portland (MxConv),--,Performance Max,None,0,1,0.00,0.00,ADD NEGATIVE,ACCOUNT,Wrong intent signal: 'what size'
bballstars411,CM - Nonbranded - Geo Priorities (MxCx),Basketball Camp,Phrase match (close variant),None,1,5,2.74,0.00,ADD NEGATIVE,AD GROUP,Off-theme for ad group 'Basketball Camp'
things to do in long island ny,CM - pMax - Portland (MxConv),--,Performance Max,None,0,1,0.00,0.00,ADD NEGATIVE,CAMPAIGN,NY/LI geography in Portland campaign: 'long island'
sport time near me,CM - Nonbranded - Other Geos (MxConv),Tennis Camps,Broad match,None,0,2,0.00,0.00,ADD NEGATIVE,AD GROUP,Off-theme for ad group 'Tennis Camps'
how to know if your tennis racket is the right size,CM - pMax - Portland (MxConv),--,Performance Max,None,0,1,0.00,0.00,ADD NEGATIVE,ACCOUNT,Wrong intent signal: 'how to'
girls u12 soccer ball size,CM - pMax - Portland (MxConv),--,Performance Max,None,0,2,0.00,0.00,ADD NEGATIVE,ACCOUNT,Wrong intent signal: 'ball size'
sports on long island,CM - Nonbranded - Other Geos (MxConv),Tennis Camps,Broad match,None,0,2,0.00,0.00,ADD NEGATIVE,AD GROUP,Off-theme for ad group 'Tennis Camps'
merc camp,CM - Nonbranded - Geo Priorities (MxCx),Basketball Camp,Phrase match (close variant),None,0,2,0.00,0.00,ADD NEGATIVE,AD GROUP,Off-theme for ad group 'Basketball Camp'
summer school for 13 year olds,CM - Nonbranded - Geo Priorities (MxCx),Soccer Camps,Phrase match (close variant),None,0,2,0.00,0.00,ADD NEGATIVE,AD GROUP,Off-theme for ad group 'Soccer Camps'
soccer ball size for 9 year old,CM - pMax - Portland (MxConv),--,Performance Max,None,0,1,0.00,0.00,ADD NEGATIVE,ACCOUNT,Wrong intent signal: 'ball size'
camps for 11 year olds near me,CM - Nonbranded - Other Geos (MxConv),Tennis Camps,Broad match,None,0,1,0.00,0.00,ADD NEGATIVE,AD GROUP,Off-theme for ad group 'Tennis Camps'
tyler kolek camp,CM - Nonbranded - Geo Priorities (MxCx),Basketball Camp,Phrase match (close variant),None,1,4,2.72,0.00,ADD NEGATIVE,AD GROUP,Off-theme for ad group 'Basketball Camp'
warm up exercises before workout,CM - pMax - Portland (MxConv),--,Performance Max,None,0,1,0.00,0.00,ADD NEGATIVE,ACCOUNT,Wrong intent signal: 'workout'
driftwood day camp application,CM - Nonbranded - Geo Priorities (MxCx),Summer Camps,Phrase match (close variant),None,0,2,0.00,0.00,ADD NEGATIVE,CAMPAIGN,Competitor term in nonbranded campaign: 'driftwood day camp'
town of huntington camp,CM - Nonbranded - Geo Priorities (MxCx),Soccer Camps,Phrase match (close variant),None,0,2,0.00,0.00,ADD NEGATIVE,AD GROUP,Off-theme for ad group 'Soccer Camps'
pierce day camp tuition,CM - Nonbranded - Geo Priorities (MxCx),Summer Camps,Phrase match (close variant),None,1,2,2.78,0.00,ADD NEGATIVE,CAMPAIGN,Competitor term in nonbranded campaign: 'pierce day camp'
icamp,CM - Nonbranded - Other Geos (MxConv),Tennis Camps,Broad match,None,0,2,0.00,0.00,ADD NEGATIVE,AD GROUP,Off-theme for ad group 'Tennis Camps'
fscamp,CM - Nonbranded - Geo Priorities (MxCx),Summer Camps,Phrase match (close variant),None,0,1,0.00,0.00,ADD NEGATIVE,CAMPAIGN,Brand term in nonbranded campaign - add as negative
kids soccer ball sizes by age,CM - pMax - Portland (MxConv),--,Performance Max,None,0,1,0.00,0.00,ADD NEGATIVE,ACCOUNT,Wrong intent signal: 'ball size'
how to measure tennis racket size,CM - pMax - Portland (MxConv),--,Performance Max,None,1,2,0.33,0.00,ADD NEGATIVE,ACCOUNT,Wrong intent signal: 'how to'
scarsdale camp,CM - Nonbranded - Other Geos (MxConv),Tennis Camps,Broad match,None,0,2,0.00,0.00,ADD NEGATIVE,AD GROUP,Off-theme for ad group 'Tennis Camps'
southampton camp,CM - Nonbranded - Other Geos (MxConv),Tennis Camps,Broad match,None,1,3,33.07,0.00,ADD NEGATIVE,AD GROUP,Off-theme for ad group 'Tennis Camps'
merrick woods camp,CM - Nonbranded - Geo Priorities (MxCx),Soccer Camps,Phrase match (close variant),None,1,1,2.85,0.00,ADD NEGATIVE,AD GROUP,Off-theme for ad group 'Soccer Camps'
camps for 14 year old,CM - Nonbranded - Geo Priorities (MxCx),Soccer Camps,Phrase match (close variant),None,0,1,0.00,0.00,ADD NEGATIVE,AD GROUP,Off-theme for ad group 'Soccer Camps'
westchester county camps,CM - Nonbranded - Other Geos (MxConv),Tennis Camps,Broad match,None,0,6,0.00,0.00,ADD NEGATIVE,AD GROUP,Off-theme for ad group 'Tennis Camps'
ymca sleepaway camps,CM - pMax - Portland (MxConv),--,Performance Max,None,0,2,0.00,0.00,ADD NEGATIVE,ACCOUNT,Wrong intent signal: 'sleepaway'
town of hempstead camps,CM - Nonbranded - Geo Priorities (MxCx),Soccer Camps,Phrase match (close variant),None,0,1,0.00,0.00,ADD NEGATIVE,AD GROUP,Off-theme for ad group 'Soccer Camps'
usa talent id camp,CM - Nonbranded - Geo Priorities (MxCx),Soccer Camps,Phrase match (close variant),None,0,1,0.00,0.00,ADD NEGATIVE,AD GROUP,Off-theme for ad group 'Soccer Camps'
mygym camp,CM - Nonbranded - Geo Priorities (MxCx),Soccer Camps,Phrase match (close variant),None,0,1,0.00,0.00,ADD NEGATIVE,AD GROUP,Off-theme for ad group 'Soccer Camps'
how to dribble good in soccer,CM - pMax - Portland (MxConv),--,Performance Max,None,0,1,0.00,0.00,ADD NEGATIVE,ACCOUNT,Wrong intent signal: 'how to'
driftwood camp melville,CM - Nonbranded - Geo Priorities (MxCx),Summer Camps,Phrase match (close variant),None,0,1,0.00,0.00,ADD NEGATIVE,CAMPAIGN,Competitor term in nonbranded campaign: 'driftwood camp'
u11 soccer ball size,CM - pMax - Portland (MxConv),--,Performance Max,None,0,1,0.00,0.00,ADD NEGATIVE,ACCOUNT,Wrong intent signal: 'ball size'
what size soccer ball for 9 year old,CM - pMax - Portland (MxConv),--,Performance Max,None,0,3,0.00,0.00,ADD NEGATIVE,ACCOUNT,Wrong intent signal: 'what size'
hofstra summer camp schedule,CM - Nonbranded - Geo Priorities (MxCx),Summer Camps,Phrase match,None,0,2,0.00,0.00,ADD NEGATIVE,CAMPAIGN,Competitor term in nonbranded campaign: 'hofstra summer camp'
camp june 23,CM - Nonbranded - Other Geos (MxConv),Tennis Camps,Broad match,None,0,2,0.00,0.00,ADD NEGATIVE,AD GROUP,Off-theme for ad group 'Tennis Camps'
kids gym westchester,CM - Nonbranded - Other Geos (MxConv),Tennis Camps,Broad match,None,0,1,0.00,0.00,ADD NEGATIVE,AD GROUP,Off-theme for ad group 'Tennis Camps'
donovan mitchell camp,CM - Nonbranded - Other Geos (MxConv),Basketball Camp,Phrase match (close variant),None,0,4,0.00,0.00,ADD NEGATIVE,AD GROUP,Off-theme for ad group 'Basketball Camp'
hofstra summer camp 2026,CM - Nonbranded - Geo Priorities (MxCx),Summer Camps,Phrase match (close variant),None,0,3,0.00,0.00,ADD NEGATIVE,CAMPAIGN,Competitor term in nonbranded campaign: 'hofstra summer camp'
sleepaway summer camp,CM - pMax - Portland (MxConv),--,Performance Max,None,0,2,0.00,0.00,ADD NEGATIVE,ACCOUNT,Wrong intent signal: 'sleepaway'
summer explorers camp,CM - Nonbranded - Geo Priorities (MxCx),Soccer Camps,Phrase match (close variant),None,0,2,0.00,0.00,ADD NEGATIVE,AD GROUP,Off-theme for ad group 'Soccer Camps'
top 100 camp 2025,CM - Nonbranded - Geo Priorities (MxCx),Basketball Camp,Phrase match (close variant),None,0,1,0.00,0.00,ADD NEGATIVE,AD GROUP,Off-theme for ad group 'Basketball Camp'
baseball tips for little league,CM - pMax - Portland (MxConv),--,Performance Max,None,0,1,0.00,0.00,ADD NEGATIVE,ACCOUNT,Wrong intent signal: 'tips for'
kids sport near me,CM - Nonbranded - Other Geos (MxConv),Tennis Camps,Broad match,None,0,1,0.00,0.00,ADD NEGATIVE,AD GROUP,Off-theme for ad group 'Tennis Camps'
sag harbor camp,CM - Nonbranded - Other Geos (MxConv),Tennis Camps,Broad match,None,0,1,0.00,0.00,ADD NEGATIVE,AD GROUP,Off-theme for ad group 'Tennis Camps'
kid soccer ball sizes,CM - pMax - Portland (MxConv),--,Performance Max,None,1,2,1.57,0.00,ADD NEGATIVE,ACCOUNT,Wrong intent signal: 'ball size'
driftwood day camp cost,CM - Nonbranded - Geo Priorities (MxCx),Summer Camps,Phrase match (close variant),None,0,1,0.00,0.00,ADD NEGATIVE,CAMPAIGN,Competitor term in nonbranded campaign: 'driftwood day camp'
soccer drills for 12 year olds,CM - pMax - Portland (MxConv),--,Performance Max,None,0,1,0.00,0.00,ADD NEGATIVE,ACCOUNT,Wrong intent signal: 'drills'
what size soccer ball for 6 year old,CM - pMax - Portland (MxConv),--,Performance Max,None,0,4,0.00,0.00,ADD NEGATIVE,ACCOUNT,Wrong intent signal: 'what size'
how to sail an optimist,CM - pMax - Portland (MxConv),--,Performance Max,None,0,1,0.00,0.00,ADD NEGATIVE,ACCOUNT,Wrong intent signal: 'how to'
kidstrong,CM - Nonbranded - Other Geos (MxConv),Tennis Camps,Broad match,None,0,5,0.00,0.00,ADD NEGATIVE,AD GROUP,Off-theme for ad group 'Tennis Camps'
rec center camps,CM - Nonbranded - Other Geos (MxConv),Tennis Camps,Broad match,None,0,1,0.00,0.00,ADD NEGATIVE,AD GROUP,Off-theme for ad group 'Tennis Camps'
pierce day camp long island,CM - Nonbranded - Geo Priorities (MxCx),Summer Camps,Phrase match,None,0,1,0.00,0.00,ADD NEGATIVE,CAMPAIGN,Competitor term in nonbranded campaign: 'pierce day camp'
camp westchester,CM - Nonbranded - Other Geos (MxConv),Tennis Camps,Broad match,None,0,2,0.00,0.00,ADD NEGATIVE,AD GROUP,Off-theme for ad group 'Tennis Camps'
primetime camp,CM - Nonbranded - Other Geos (MxConv),Tennis Camps,Broad match,None,0,1,0.00,0.00,ADD NEGATIVE,AD GROUP,Off-theme for ad group 'Tennis Camps'
long island camps,CM - Nonbranded - Other Geos (MxConv),Tennis Camps,Broad match,None,0,2,0.00,0.00,ADD NEGATIVE,AD GROUP,Off-theme for ad group 'Tennis Camps'
what size ball does u12 soccer use,CM - pMax - Portland (MxConv),--,Performance Max,None,0,1,0.00,0.00,ADD NEGATIVE,ACCOUNT,Wrong intent signal: 'what size'
camp iconic bellmore,CM - Nonbranded - Geo Priorities (MxCx),Soccer Camps,Phrase match (close variant),None,0,1,0.00,0.00,ADD NEGATIVE,AD GROUP,Off-theme for ad group 'Soccer Camps'
what size ball for 12 year old,CM - pMax - Portland (MxConv),--,Performance Max,None,0,1,0.00,0.00,ADD NEGATIVE,ACCOUNT,Wrong intent signal: 'what size'
volleyvall near me,CM - Nonbranded - Geo Priorities (MxCx),Volleyball Camps,Exact match (close variant),None,0,1,0.00,0.00,ADD NEGATIVE,AD GROUP,Off-theme for ad group 'Volleyball Camps'
next level camps,CM - Nonbranded - Other Geos (MxConv),Tennis Camps,Broad match,None,0,3,0.00,0.00,ADD NEGATIVE,AD GROUP,Off-theme for ad group 'Tennis Camps'
ballet camps summer 2026,CM - Nonbranded - Other Geos (MxConv),Dance Camps,Phrase match (close variant),None,0,2,0.00,0.00,ADD NEGATIVE,AD GROUP,Off-theme for ad group 'Dance Camps'
driftwood day camp prices,CM - Nonbranded - Geo Priorities (MxCx),Summer Camps,Phrase match (close variant),None,1,1,2.97,0.00,ADD NEGATIVE,CAMPAIGN,Competitor term in nonbranded campaign: 'driftwood day camp'
what size tennis racket for 10 year old,CM - pMax - Portland (MxConv),--,Performance Max,None,1,2,2.82,0.00,ADD NEGATIVE,ACCOUNT,Wrong intent signal: 'what size'
kids strong camp,CM - Nonbranded - Geo Priorities (MxCx),Soccer Camps,Phrase match (close variant),None,0,2,0.00,0.00,ADD NEGATIVE,AD GROUP,Off-theme for ad group 'Soccer Camps'
pierce day camp prices,CM - Nonbranded - Geo Priorities (MxCx),Summer Camps,Phrase match (close variant),None,0,1,0.00,0.00,ADD NEGATIVE,CAMPAIGN,Competitor term in nonbranded campaign: 'pierce day camp'
camp rince ceol,CM - Nonbranded - Geo Priorities (MxCx),Dance Camps,Phrase match (close variant),None,0,1,0.00,0.00,ADD NEGATIVE,AD GROUP,Off-theme for ad group 'Dance Camps'
adventure camp,CM - Nonbranded - Other Geos (MxConv),Tennis Camps,Broad match,None,0,2,0.00,0.00,ADD NEGATIVE,AD GROUP,Off-theme for ad group 'Tennis Camps'
aab summer intensive,CM - Nonbranded - Geo Priorities (MxCx),Dance Camps,Phrase match (close variant),None,0,1,0.00,0.00,ADD NEGATIVE,AD GROUP,Off-theme for ad group 'Dance Camps'
sua sponte camp,CM - Nonbranded - Other Geos (MxConv),Lacrosse Camps,Phrase match (close variant),None,0,3,0.00,0.00,ADD NEGATIVE,AD GROUP,Off-theme for ad group 'Lacrosse Camps'
sleepaway camp packing,CM - pMax - Portland (MxConv),--,Performance Max,None,0,1,0.00,0.00,ADD NEGATIVE,ACCOUNT,Wrong intent signal: 'sleepaway'
steady buckets,CM - Nonbranded - Other Geos (MxConv),Basketball Camp,Phrase match (close variant),None,0,1,0.00,0.00,ADD NEGATIVE,AD GROUP,Off-theme for ad group 'Basketball Camp'
camp in long island,CM - Nonbranded - Other Geos (MxConv),Tennis Camps,Broad match,None,0,2,0.00,0.00,ADD NEGATIVE,AD GROUP,Off-theme for ad group 'Tennis Camps'
acting classes for kids nyc,CM - pMax - Portland (MxConv),--,Performance Max,None,0,2,0.00,0.00,ADD NEGATIVE,CAMPAIGN,NY/LI geography in Portland campaign: ' ny'
ballet summer intensives,CM - Nonbranded - Geo Priorities (MxCx),Dance Camps,Phrase match (close variant),None,0,1,0.00,0.00,ADD NEGATIVE,AD GROUP,Off-theme for ad group 'Dance Camps'
camp condor white plains,CM - Nonbranded - Other Geos (MxConv),Tennis Camps,Broad match,None,0,1,0.00,0.00,ADD NEGATIVE,AD GROUP,Off-theme for ad group 'Tennis Camps'
long island university football camps,CM - pMax - Portland (MxConv),--,Performance Max,None,0,1,0.00,0.00,ADD NEGATIVE,CAMPAIGN,NY/LI geography in Portland campaign: 'long island'
91 camp,CM - Nonbranded - Other Geos (MxConv),Tennis Camps,Broad match,None,0,2,0.00,0.00,ADD NEGATIVE,AD GROUP,Off-theme for ad group 'Tennis Camps'
what size ball for 10 year old,CM - pMax - Portland (MxConv),--,Performance Max,None,0,2,0.00,0.00,ADD NEGATIVE,ACCOUNT,Wrong intent signal: 'what size'
girls and boys camp,CM - Nonbranded - Other Geos (MxConv),Tennis Camps,Broad match,None,0,1,0.00,0.00,ADD NEGATIVE,AD GROUP,Off-theme for ad group 'Tennis Camps'
just for kicks east islip,CM - Nonbranded - Geo Priorities (MxCx),Soccer Camps,Phrase match (close variant),None,0,1,0.00,0.00,ADD NEGATIVE,AD GROUP,Off-theme for ad group 'Soccer Camps'
southampton camp and club,CM - Nonbranded - Other Geos (MxConv),Tennis Camps,Broad match,None,0,1,0.00,0.00,ADD NEGATIVE,AD GROUP,Off-theme for ad group 'Tennis Camps'
good hitting drills for youth baseball,CM - pMax - Portland (MxConv),--,Performance Max,None,0,1,0.00,0.00,ADD NEGATIVE,ACCOUNT,Wrong intent signal: 'drills'
kid strong,CM - Nonbranded - Other Geos (MxConv),Tennis Camps,Broad match,None,0,1,0.00,0.00,ADD NEGATIVE,AD GROUP,Off-theme for ad group 'Tennis Camps'
piers camp,CM - Nonbranded - Geo Priorities (MxCx),Soccer Camps,Phrase match (close variant),None,0,2,0.00,0.00,ADD NEGATIVE,AD GROUP,Off-theme for ad group 'Soccer Camps'
malik nabers camp,CM - Nonbranded - Geo Priorities (MxCx),Football Camps,Phrase match (close variant),None,1,4,2.63,0.00,ADD NEGATIVE,AD GROUP,Off-theme for ad group 'Football Camps'
horse camp,CM - Nonbranded - Geo Priorities (MxCx),Horseback Riding,Exact match (close variant),None,0,10,0.00,0.00,ADD NEGATIVE,AD GROUP,Off-theme for ad group 'Horseback Riding'
camp for 13 year old boy,CM - Nonbranded - Geo Priorities (MxCx),Soccer Camps,Phrase match (close variant),None,0,1,0.00,0.00,ADD NEGATIVE,AD GROUP,Off-theme for ad group 'Soccer Camps'
luhi summer camp schedule,CM - Nonbranded - Geo Priorities (MxCx),Summer Camps,Phrase match,None,0,1,0.00,0.00,ADD NEGATIVE,CAMPAIGN,Competitor term in nonbranded campaign: 'luhi summer camp'
unh prospect camp,CM - Nonbranded - Geo Priorities (MxCx),Volleyball Camps,Phrase match (close variant),None,0,2,0.00,0.00,ADD NEGATIVE,AD GROUP,Off-theme for ad group 'Volleyball Camps'
wantagh park camp,CM - Nonbranded - Geo Priorities (MxCx),Soccer Camps,Phrase match (close variant),None,0,4,0.00,0.00,ADD NEGATIVE,AD GROUP,Off-theme for ad group 'Soccer Camps'
jaxson dart camp,CM - Nonbranded - Other Geos (MxConv),Football Camps,Phrase match (close variant),None,0,1,0.00,0.00,ADD NEGATIVE,AD GROUP,Off-theme for ad group 'Football Camps'
hamptons camps,CM - Nonbranded - Other Geos (MxConv),Tennis Camps,Broad match,None,0,4,0.00,0.00,ADD NEGATIVE,AD GROUP,Off-theme for ad group 'Tennis Camps'
camps for underprivileged youth,CM - Nonbranded - Geo Priorities (MxCx),Soccer Camps,Phrase match (close variant),None,0,1,0.00,0.00,ADD NEGATIVE,AD GROUP,Off-theme for ad group 'Soccer Camps'
ballet intensives summer 2026,CM - Nonbranded - Geo Priorities (MxCx),Dance Camps,Phrase match (close variant),None,0,1,0.00,0.00,ADD NEGATIVE,AD GROUP,Off-theme for ad group 'Dance Camps'
kid camps,CM - Nonbranded - Geo Priorities (MxCx),Soccer Camps,Phrase match (close variant),None,0,2,0.00,0.00,ADD NEGATIVE,AD GROUP,Off-theme for ad group 'Soccer Camps'
fscamp,CM - Nonbranded - Geo Priorities (MxCx),Sports Camps,Phrase match (close variant),None,1,1,0.15,0.00,ADD NEGATIVE,CAMPAIGN,Brand term in nonbranded campaign - add as negative
ballet camps,CM - Nonbranded - Geo Priorities (MxCx),Dance Camps,Phrase match (close variant),None,0,2,0.00,0.00,ADD NEGATIVE,AD GROUP,Off-theme for ad group 'Dance Camps'
how to play golf for beginners,CM - pMax - Portland (MxConv),--,Performance Max,None,0,1,0.00,0.00,ADD NEGATIVE,ACCOUNT,Wrong intent signal: 'how to'
how much is the joffrey summer intensive,CM - Nonbranded - Geo Priorities (MxCx),Dance Camps,Phrase match (close variant),None,0,1,0.00,0.00,ADD NEGATIVE,AD GROUP,Off-theme for ad group 'Dance Camps'
camps r us long island,CM - Nonbranded - Geo Priorities (MxCx),Summer Camps,Phrase match (close variant),None,0,2,0.00,0.00,ADD NEGATIVE,CAMPAIGN,Competitor term in nonbranded campaign: 'camps r us'
what size soccer ball for 8 year old,CM - pMax - Portland (MxConv),--,Performance Max,None,0,1,0.00,0.00,ADD NEGATIVE,ACCOUNT,Wrong intent signal: 'what size'
camps long island,CM - Nonbranded - Geo Priorities (MxCx),Soccer Camps,Phrase match (close variant),None,1,35,2.60,0.00,ADD NEGATIVE,AD GROUP,Off-theme for ad group 'Soccer Camps'
camp for teens summer,CM - Nonbranded - Geo Priorities (MxCx),Soccer Camps,Exact match (close variant),None,0,1,0.00,0.00,ADD NEGATIVE,AD GROUP,Off-theme for ad group 'Soccer Camps'
karl towns camp,CM - Nonbranded - Other Geos (MxConv),Basketball Camp,Phrase match (close variant),None,0,2,0.00,0.00,ADD NEGATIVE,AD GROUP,Off-theme for ad group 'Basketball Camp'
camps r us hicksville calendar,CM - Nonbranded - Geo Priorities (MxCx),Summer Camps,Phrase match (close variant),None,0,1,0.00,0.00,ADD NEGATIVE,CAMPAIGN,Competitor term in nonbranded campaign: 'camps r us'
camps r us locations,CM - Nonbranded - Geo Priorities (MxCx),Summer Camps,Phrase match (close variant),None,0,5,0.00,0.00,ADD NEGATIVE,CAMPAIGN,Competitor term in nonbranded campaign: 'camps r us'
westchester recreation,CM - Nonbranded - Other Geos (MxConv),Tennis Camps,Broad match,None,0,1,0.00,0.00,ADD NEGATIVE,AD GROUP,Off-theme for ad group 'Tennis Camps'
tennis footwork drills,CM - pMax - Portland (MxConv),--,Performance Max,None,0,1,0.00,0.00,ADD NEGATIVE,ACCOUNT,Wrong intent signal: 'drills'
what size tennis racquet for a 6 year old,CM - pMax - Portland (MxConv),--,Performance Max,None,0,2,0.00,0.00,ADD NEGATIVE,ACCOUNT,Wrong intent signal: 'what size'
programs for the summer for kids,CM - Nonbranded - Geo Priorities (MxCx),Soccer Camps,Phrase match (close variant),None,0,1,0.00,0.00,ADD NEGATIVE,AD GROUP,Off-theme for ad group 'Soccer Camps'
westchester camp,CM - Nonbranded - Other Geos (MxConv),Tennis Camps,Broad match,None,0,1,0.00,0.00,ADD NEGATIVE,AD GROUP,Off-theme for ad group 'Tennis Camps'
game 7 camp,CM - Nonbranded - Geo Priorities (MxCx),Basketball Camp,Phrase match (close variant),None,0,2,0.00,0.00,ADD NEGATIVE,AD GROUP,Off-theme for ad group 'Basketball Camp'
jaxson dart camp,CM - Nonbranded - Geo Priorities (MxCx),Football Camps,Phrase match (close variant),None,2,10,5.39,0.00,ADD NEGATIVE,AD GROUP,Off-theme for ad group 'Football Camps'
local camps,CM - Nonbranded - Other Geos (MxConv),Tennis Camps,Broad match,None,0,2,0.00,0.00,ADD NEGATIVE,AD GROUP,Off-theme for ad group 'Tennis Camps'
atletico camp,CM - Nonbranded - Geo Priorities (MxCx),Soccer Camps,Phrase match (close variant),None,0,1,0.00,0.00,ADD NEGATIVE,AD GROUP,Off-theme for ad group 'Soccer Camps'
luhi camp,CM - Nonbranded - Geo Priorities (MxCx),Sports Camps,Phrase match (close variant),None,0,4,0.00,0.00,ADD NEGATIVE,CAMPAIGN,Competitor term in nonbranded campaign: 'luhi camp'
child camp,CM - Nonbranded - Geo Priorities (MxCx),Soccer Camps,Phrase match (close variant),None,0,1,0.00,0.00,ADD NEGATIVE,AD GROUP,Off-theme for ad group 'Soccer Camps'
shibley day camp warner avenue roslyn heights ny,CM - Nonbranded - Geo Priorities (MxCx),Summer Camps,Phrase match (close variant),None,0,1,0.00,0.00,ADD NEGATIVE,CAMPAIGN,Competitor term in nonbranded campaign: 'shibley day camp'
george pickens camp,CM - Nonbranded - Geo Priorities (MxCx),Football Camps,Phrase match (close variant),None,0,1,0.00,0.00,ADD NEGATIVE,AD GROUP,Off-theme for ad group 'Football Camps'
southampton soccer camp,CM - Nonbranded - Other Geos (MxConv),Football Camps,Phrase match (close variant),None,0,2,0.00,0.00,ADD NEGATIVE,AD GROUP,Off-theme for ad group 'Football Camps'
what size tennis racquet for 5 year old,CM - pMax - Portland (MxConv),--,Performance Max,None,0,2,0.00,0.00,ADD NEGATIVE,ACCOUNT,Wrong intent signal: 'what size'
summer fun camp,CM - Nonbranded - Geo Priorities (MxCx),Soccer Camps,Phrase match (close variant),None,0,1,0.00,0.00,ADD NEGATIVE,AD GROUP,Off-theme for ad group 'Soccer Camps'
all stars camp,CM - Nonbranded - Other Geos (MxConv),Tennis Camps,Broad match,None,1,1,0.12,0.00,ADD NEGATIVE,AD GROUP,Off-theme for ad group 'Tennis Camps'
ross camp hamptons,CM - Nonbranded - Other Geos (MxConv),Tennis Camps,Broad match,None,0,1,0.00,0.00,ADD NEGATIVE,AD GROUP,Off-theme for ad group 'Tennis Camps'
boys and girls club camp,CM - Nonbranded - Other Geos (MxConv),Tennis Camps,Broad match,None,0,5,0.00,0.00,ADD NEGATIVE,AD GROUP,Off-theme for ad group 'Tennis Camps'
psg camp,CM - Nonbranded - Geo Priorities (MxCx),Soccer Camps,Phrase match (close variant),None,0,2,0.00,0.00,ADD NEGATIVE,AD GROUP,Off-theme for ad group 'Soccer Camps'
austin reeves camp,CM - Nonbranded - Geo Priorities (MxCx),Basketball Camp,Phrase match (close variant),None,0,1,0.00,0.00,ADD NEGATIVE,AD GROUP,Off-theme for ad group 'Basketball Camp'
bballstars,CM - Nonbranded - Geo Priorities (MxCx),Basketball Camp,Phrase match (close variant),None,0,2,0.00,0.00,ADD NEGATIVE,AD GROUP,Off-theme for ad group 'Basketball Camp'
camps r us near me,CM - Nonbranded - Geo Priorities (MxCx),Summer Camps,Phrase match (close variant),None,0,11,0.00,0.00,ADD NEGATIVE,CAMPAIGN,Competitor term in nonbranded campaign: 'camps r us'
boys and girls club camp hours,CM - Nonbranded - Other Geos (MxConv),Tennis Camps,Broad match,None,0,1,0.00,0.00,ADD NEGATIVE,AD GROUP,Off-theme for ad group 'Tennis Camps'
what size tennis racket for 10 year old boy,CM - pMax - Portland (MxConv),--,Performance Max,None,0,1,0.00,0.00,ADD NEGATIVE,ACCOUNT,Wrong intent signal: 'what size'
suny purchase camps,CM - Nonbranded - Other Geos (MxConv),Tennis Camps,Broad match,None,2,1,34.72,0.00,ADD NEGATIVE,AD GROUP,Off-theme for ad group 'Tennis Camps'
how to help shy toddler,CM - pMax - Portland (MxConv),--,Performance Max,None,0,1,0.00,0.00,ADD NEGATIVE,ACCOUNT,Wrong intent signal: 'how to'
elmsford camp,CM - Nonbranded - Other Geos (MxConv),Tennis Camps,Broad match,None,0,1,0.00,0.00,ADD NEGATIVE,AD GROUP,Off-theme for ad group 'Tennis Camps'
shibley day camp cost,CM - Nonbranded - Geo Priorities (MxCx),Summer Camps,Phrase match (close variant),None,0,2,0.00,0.00,ADD NEGATIVE,CAMPAIGN,Competitor term in nonbranded campaign: 'shibley day camp'
camp summit,CM - Nonbranded - Geo Priorities (MxCx),Soccer Camps,Phrase match (close variant),None,0,1,0.00,0.00,ADD NEGATIVE,AD GROUP,Off-theme for ad group 'Soccer Camps'
hofstra summer camp 2026,CM - Nonbranded - Geo Priorities (MxCx),Summer Camps,Phrase match,None,4,22,11.42,0.00,ADD NEGATIVE,CAMPAIGN,Competitor term in nonbranded campaign: 'hofstra summer camp'
jalen brunson camp,CM - Nonbranded - Geo Priorities (MxCx),Basketball Camp,Phrase match (close variant),None,0,1,0.00,0.00,ADD NEGATIVE,AD GROUP,Off-theme for ad group 'Basketball Camp'
how to sail a sailboat,CM - pMax - Portland (MxConv),--,Performance Max,None,0,1,0.00,0.00,ADD NEGATIVE,ACCOUNT,Wrong intent signal: 'how to'
suffolk county camp,CM - Nonbranded - Other Geos (MxConv),Tennis Camps,Broad match,None,0,1,0.00,0.00,ADD NEGATIVE,AD GROUP,Off-theme for ad group 'Tennis Camps'
myway45,CM - Nonbranded - Other Geos (MxConv),Basketball Camp,Phrase match (close variant),None,0,1,0.00,0.00,ADD NEGATIVE,AD GROUP,Off-theme for ad group 'Basketball Camp'
usa talent id camp,CM - Nonbranded - Geo Priorities (MxCx),Football Camps,Phrase match (close variant),None,0,1,0.00,0.00,ADD NEGATIVE,AD GROUP,Off-theme for ad group 'Football Camps'
camp w long island,CM - Nonbranded - Geo Priorities (MxCx),Summer Camps,Phrase match (close variant),None,0,1,0.00,0.00,ADD NEGATIVE,CAMPAIGN,Competitor term in nonbranded campaign: 'camp w'
teen camps long island,CM - Nonbranded - Geo Priorities (MxCx),Soccer Camps,Phrase match (close variant),None,0,1,0.00,0.00,ADD NEGATIVE,AD GROUP,Off-theme for ad group 'Soccer Camps'
prospect performance farmingdale,CM - Nonbranded - Geo Priorities (MxCx),Softball Camps,Phrase match (close variant),None,0,2,0.00,0.00,ADD NEGATIVE,AD GROUP,Off-theme for ad group 'Softball Camps'
camps in westchester ny,CM - Nonbranded - Other Geos (MxConv),Tennis Camps,Broad match,None,0,3,0.00,0.00,ADD NEGATIVE,AD GROUP,Off-theme for ad group 'Tennis Camps'
luhi summer camp basketball,CM - Nonbranded - Geo Priorities (MxCx),Basketball Camp,Phrase match,None,0,1,0.00,0.00,ADD NEGATIVE,CAMPAIGN,Competitor term in nonbranded campaign: 'luhi summer camp'
arsenal camp,CM - Nonbranded - Geo Priorities (MxCx),Soccer Camps,Phrase match (close variant),None,0,2,0.00,0.00,ADD NEGATIVE,AD GROUP,Off-theme for ad group 'Soccer Camps'
oasis camp near me,CM - Nonbranded - Geo Priorities (MxCx),Summer Camps,Phrase match (close variant),None,1,1,2.47,0.00,ADD NEGATIVE,CAMPAIGN,Competitor term in nonbranded campaign: 'oasis camp'
pierce summer camp 2026,CM - Nonbranded - Geo Priorities (MxCx),Summer Camps,Phrase match,None,0,1,0.00,0.00,ADD NEGATIVE,CAMPAIGN,Competitor term in nonbranded campaign: 'pierce summer camp'
what size soccer ball for 10 year old,CM - pMax - Portland (MxConv),--,Performance Max,None,1,1,0.64,0.00,ADD NEGATIVE,ACCOUNT,Wrong intent signal: 'what size'
soccer ball sizes,CM - pMax - Portland (MxConv),--,Performance Max,None,0,1,0.00,0.00,ADD NEGATIVE,ACCOUNT,Wrong intent signal: 'ball size'
kenwal day camp prices,CM - Nonbranded - Geo Priorities (MxCx),Summer Camps,Phrase match (close variant),None,0,1,0.00,0.00,ADD NEGATIVE,CAMPAIGN,Competitor term in nonbranded campaign: 'kenwal day camp'
tia white plains,CM - Nonbranded - Other Geos (MxConv),Tennis Camps,Broad match,None,0,1,0.00,0.00,ADD NEGATIVE,AD GROUP,Off-theme for ad group 'Tennis Camps'
camps in westchester,CM - Nonbranded - Other Geos (MxConv),Tennis Camps,Broad match,None,0,6,0.00,0.00,ADD NEGATIVE,AD GROUP,Off-theme for ad group 'Tennis Camps'
all stars camp,CM - Nonbranded - Geo Priorities (MxCx),Soccer Camps,Phrase match (close variant),None,0,1,0.00,0.00,ADD NEGATIVE,AD GROUP,Off-theme for ad group 'Soccer Camps'
soccer ball size by age,CM - pMax - Portland (MxConv),--,Performance Max,None,0,3,0.00,0.00,ADD NEGATIVE,ACCOUNT,Wrong intent signal: 'ball size'
scarsdale camps,CM - Nonbranded - Other Geos (MxConv),Tennis Camps,Broad match,None,0,1,0.00,0.00,ADD NEGATIVE,AD GROUP,Off-theme for ad group 'Tennis Camps'
esf camp,CM - Nonbranded - Other Geos (MxConv),Tennis Camps,Broad match,None,0,2,0.00,0.00,ADD NEGATIVE,AD GROUP,Off-theme for ad group 'Tennis Camps'
goal keeper camp,CM - Nonbranded - Geo Priorities (MxCx),Soccer Camps,Phrase match (close variant),None,1,2,2.75,0.00,ADD NEGATIVE,AD GROUP,Off-theme for ad group 'Soccer Camps'
hoop lab roslyn mini,CM - Nonbranded - Geo Priorities (MxCx),Basketball Camp,Phrase match (close variant),None,0,1,0.00,0.00,ADD NEGATIVE,AD GROUP,Off-theme for ad group 'Basketball Camp'
driftwood day camp melville ny,CM - Nonbranded - Geo Priorities (MxCx),Summer Camps,Phrase match (close variant),None,0,3,0.00,0.00,ADD NEGATIVE,CAMPAIGN,Competitor term in nonbranded campaign: 'driftwood day camp'
pfa camp,CM - Nonbranded - Geo Priorities (MxCx),Football Camps,Phrase match (close variant),None,0,1,0.00,0.00,ADD NEGATIVE,AD GROUP,Off-theme for ad group 'Football Camps'
camps,CM - Nonbranded - Other Geos (MxConv),Tennis Camps,Broad match,None,0,2,0.00,0.00,ADD NEGATIVE,AD GROUP,Off-theme for ad group 'Tennis Camps'
ballet camp,CM - Nonbranded - Geo Priorities (MxCx),Dance Camps,Phrase match (close variant),None,0,2,0.00,0.00,ADD NEGATIVE,AD GROUP,Off-theme for ad group 'Dance Camps'
dribbling drills basketball,CM - pMax - Portland (MxConv),--,Performance Max,None,0,1,0.00,0.00,ADD NEGATIVE,ACCOUNT,Wrong intent signal: 'drills'
pitching camp,CM - Nonbranded - Other Geos (MxConv),Baseball Camps,Phrase match (close variant),None,0,2,0.00,0.00,ADD NEGATIVE,AD GROUP,Off-theme for ad group 'Baseball Camps'
camp forest hills,CM - Nonbranded - Other Geos (MxConv),Tennis Camps,Broad match,None,0,1,0.00,0.00,ADD NEGATIVE,AD GROUP,Off-theme for ad group 'Tennis Camps'
liu mega camp,CM - Nonbranded - Geo Priorities (MxCx),Football Camps,Phrase match (close variant),None,0,8,0.00,0.00,ADD NEGATIVE,AD GROUP,Off-theme for ad group 'Football Camps'
what to do in melville ny,CM - pMax - Portland (MxConv),--,Performance Max,None,0,1,0.00,0.00,ADD NEGATIVE,CAMPAIGN,NY/LI geography in Portland campaign: ' ny'
camps in white plains ny,CM - Nonbranded - Other Geos (MxConv),Tennis Camps,Broad match,None,0,1,0.00,0.00,ADD NEGATIVE,AD GROUP,Off-theme for ad group 'Tennis Camps'
weekly camps westchester,CM - Nonbranded - Other Geos (MxConv),Tennis Camps,Broad match,None,0,2,0.00,0.00,ADD NEGATIVE,AD GROUP,Off-theme for ad group 'Tennis Camps'
bbstars,CM - Nonbranded - Geo Priorities (MxCx),Basketball Camp,Phrase match (close variant),None,0,2,0.00,0.00,ADD NEGATIVE,AD GROUP,Off-theme for ad group 'Basketball Camp'
camp palooza,CM - Nonbranded - Geo Priorities (MxCx),Basketball Camp,Phrase match (close variant),None,0,1,0.00,0.00,ADD NEGATIVE,AD GROUP,Off-theme for ad group 'Basketball Camp'
camp loyaltown 2026,CM - Nonbranded - Geo Priorities (MxCx),Soccer Camps,Phrase match (close variant),None,0,1,0.00,0.00,ADD NEGATIVE,AD GROUP,Off-theme for ad group 'Soccer Camps'
ballet summer intensives,CM - Nonbranded - Other Geos (MxConv),Dance Camps,Phrase match (close variant),None,0,1,0.00,0.00,ADD NEGATIVE,AD GROUP,Off-theme for ad group 'Dance Camps'
summer kid programs near me,CM - Nonbranded - Geo Priorities (MxCx),Soccer Camps,Phrase match (close variant),None,0,1,0.00,0.00,ADD NEGATIVE,AD GROUP,Off-theme for ad group 'Soccer Camps'
driftwood day camp tuition,CM - Nonbranded - Geo Priorities (MxCx),Summer Camps,Phrase match (close variant),None,2,6,5.87,0.00,ADD NEGATIVE,CAMPAIGN,Competitor term in nonbranded campaign: 'driftwood day camp'
wesleyan red and black camp,CM - Nonbranded - Geo Priorities (MxCx),Football Camps,Phrase match (close variant),None,0,1,0.00,0.00,ADD NEGATIVE,AD GROUP,Off-theme for ad group 'Football Camps'
air it out,CM - Nonbranded - Geo Priorities (MxCx),Football Camps,Phrase match (close variant),None,0,1,0.00,0.00,ADD NEGATIVE,AD GROUP,Off-theme for ad group 'Football Camps'
summer ballet intensives near me,CM - Nonbranded - Geo Priorities (MxCx),Dance Camps,Phrase match (close variant),None,0,2,0.00,0.00,ADD NEGATIVE,AD GROUP,Off-theme for ad group 'Dance Camps'
affordable sleepaway camps,CM - pMax - Portland (MxConv),--,Performance Max,None,0,3,0.00,0.00,ADD NEGATIVE,ACCOUNT,Wrong intent signal: 'sleepaway'
what size soccer ball for 11 year old boy,CM - pMax - Portland (MxConv),--,Performance Max,None,0,1,0.00,0.00,ADD NEGATIVE,ACCOUNT,Wrong intent signal: 'what size'
luhi camp,CM - Nonbranded - Geo Priorities (MxCx),Summer Camps,Phrase match (close variant),None,0,1,0.00,0.00,ADD NEGATIVE,CAMPAIGN,Competitor term in nonbranded campaign: 'luhi camp'
summer fun camp 2026,CM - Nonbranded - Geo Priorities (MxCx),Soccer Camps,Phrase match (close variant),None,0,1,0.00,0.00,ADD NEGATIVE,AD GROUP,Off-theme for ad group 'Soccer Camps'
what size soccer ball for a 7 year old,CM - pMax - Portland (MxConv),--,Performance Max,None,0,2,0.00,0.00,ADD NEGATIVE,ACCOUNT,Wrong intent signal: 'what size'
camp w melville,CM - Nonbranded - Geo Priorities (MxCx),Summer Camps,Phrase match (close variant),None,0,1,0.00,0.00,ADD NEGATIVE,CAMPAIGN,Competitor term in nonbranded campaign: 'camp w'
u12 soccer ball size,CM - pMax - Portland (MxConv),--,Performance Max,None,0,2,0.00,0.00,ADD NEGATIVE,ACCOUNT,Wrong intent signal: 'ball size'
mitchell pehlke camp,CM - Nonbranded - Geo Priorities (MxCx),Lacrosse Camps,Phrase match (close variant),None,0,1,0.00,0.00,ADD NEGATIVE,AD GROUP,Off-theme for ad group 'Lacrosse Camps'
camp ramapo for children,CM - Nonbranded - Geo Priorities (MxCx),Soccer Camps,Phrase match (close variant),None,0,1,0.00,0.00,ADD NEGATIVE,AD GROUP,Off-theme for ad group 'Soccer Camps'
what size soccer ball for kids,CM - pMax - Portland (MxConv),--,Performance Max,None,1,2,0.52,0.00,ADD NEGATIVE,ACCOUNT,Wrong intent signal: 'what size'
recreation center near me,CM - Nonbranded - Other Geos (MxConv),Tennis Camps,Broad match,None,0,1,0.00,0.00,ADD NEGATIVE,AD GROUP,Off-theme for ad group 'Tennis Camps'
summer sports programs for kids near me,CM - Nonbranded - Geo Priorities (MxCx),Soccer Camps,Phrase match (close variant),None,0,1,0.00,0.00,ADD NEGATIVE,AD GROUP,Off-theme for ad group 'Soccer Camps'
barcelona camp,CM - Nonbranded - Geo Priorities (MxCx),Soccer Camps,Phrase match (close variant),None,0,2,0.00,0.00,ADD NEGATIVE,AD GROUP,Off-theme for ad group 'Soccer Camps'
garden city baseball camp,CM - pMax - Portland (MxConv),--,Performance Max,None,0,1,0.00,0.00,ADD NEGATIVE,CAMPAIGN,NY/LI geography in Portland campaign: 'garden city'
fastbreak camp,CM - Nonbranded - Other Geos (MxConv),Tennis Camps,Broad match,None,0,2,0.00,0.00,ADD NEGATIVE,AD GROUP,Off-theme for ad group 'Tennis Camps'
dribbl camp,CM - Nonbranded - Other Geos (MxConv),Basketball Camp,Phrase match (close variant),None,0,1,0.00,0.00,ADD NEGATIVE,AD GROUP,Off-theme for ad group 'Basketball Camp'
kenwal day camp schedule,CM - Nonbranded - Geo Priorities (MxCx),Summer Camps,Phrase match (close variant),None,0,2,0.00,0.00,ADD NEGATIVE,CAMPAIGN,Competitor term in nonbranded campaign: 'kenwal day camp'
camp horseability,CM - Nonbranded - Geo Priorities (MxCx),Horseback Riding,Phrase match (close variant),None,0,1,0.00,0.00,ADD NEGATIVE,AD GROUP,Off-theme for ad group 'Horseback Riding'
what size soccer ball for middle school,CM - pMax - Portland (MxConv),--,Performance Max,None,0,1,0.00,0.00,ADD NEGATIVE,ACCOUNT,Wrong intent signal: 'what size'
kid strong camp,CM - Nonbranded - Geo Priorities (MxCx),Soccer Camps,Phrase match (close variant),None,0,7,0.00,0.00,ADD NEGATIVE,AD GROUP,Off-theme for ad group 'Soccer Camps'
camp tsr,CM - Nonbranded - Other Geos (MxConv),Tennis Camps,Broad match,None,0,1,0.00,0.00,ADD NEGATIVE,AD GROUP,Off-theme for ad group 'Tennis Camps'
smithtown camps,CM - Nonbranded - Other Geos (MxConv),Tennis Camps,Broad match,None,0,1,0.00,0.00,ADD NEGATIVE,AD GROUP,Off-theme for ad group 'Tennis Camps'
cli summer intensive,CM - Nonbranded - Geo Priorities (MxCx),Dance Camps,Phrase match (close variant),None,0,1,0.00,0.00,ADD NEGATIVE,AD GROUP,Off-theme for ad group 'Dance Camps'
the hub syosset,CM - Competitors - OldW - (Mx.Clicks),Competitors,Exact match (close variant),None,0,1,0.00,0.00,OK,,Competitor matched: 'the hub syosset'
future stars summer camps,CM - Branded (Mx.Clicks),Future Stars Camp Brand,Exact match (close variant),None,16,44,20.32,0.00,OK,,Brand term matched: 'future stars'
mineola summer camps,CM - Nonbranded - Geo Priorities (MxCx),Summer Camps,Phrase match,None,0,1,0.00,0.00,OK,,Appears relevant
summer day camps for kids,CM - Nonbranded - Geo Priorities (MxCx),Soccer Camps,Exact match (close variant),None,0,2,0.00,0.00,OK,,Appears relevant
flexwork sports camps 2026 schedule,CM - Nonbranded - Geo Priorities (MxCx),Sports Camps,Phrase match,None,0,1,0.00,0.00,OK,,Appears relevant
pine bush summer camp,CM - Nonbranded - Geo Priorities (MxCx),Summer Camps,Phrase match,None,0,1,0.00,0.00,OK,,Appears relevant
flag football clinic near me,CM - Nonbranded - Geo Priorities (MxCx),Football Camps,Exact match (close variant),None,0,2,0.00,0.00,OK,,Appears relevant
summer camps new hyde park,CM - Nonbranded - Geo Priorities (MxCx),Summer Camps,Phrase match,None,0,5,0.00,0.00,OK,,Appears relevant
freeport summer camp,CM - Nonbranded - Geo Priorities (MxCx),Summer Camps,Phrase match,None,0,2,0.00,0.00,OK,,Appears relevant
camp saradac,CM - Nonbranded - Geo Priorities (MxCx),Summer Camps,Phrase match (close variant),None,0,1,0.00,0.00,OK,,Appears relevant
summer camps long island nassau county,CM - Nonbranded - Geo Priorities (MxCx),Summer Camps,Phrase match (close variant),None,0,2,0.00,0.00,OK,,Appears relevant
summer camp 3 year old near me,CM - Nonbranded - Geo Priorities (MxCx),Summer Camps,Phrase match,None,0,1,0.00,0.00,OK,,Appears relevant
summer schools for 5 year olds,CM - Nonbranded - Geo Priorities (MxCx),Summer Camps,Phrase match (close variant),None,0,1,0.00,0.00,OK,,Appears relevant
lynn university lacrosse camp,CM - Nonbranded - Geo Priorities (MxCx),Lacrosse Camps,Phrase match (close variant),None,0,1,0.00,0.00,OK,,Appears relevant
girls inc summer camp,CM - Nonbranded - Geo Priorities (MxCx),Soccer Camps,Phrase match (close variant),None,0,1,0.00,0.00,OK,,Appears relevant
horseback riding camps,CM - pMax - Portland (MxConv),--,Performance Max,None,0,1,0.00,0.00,OK,,Appears relevant for Portland market
summer camp westchester ny,CM - Nonbranded - Other Geos (MxConv),Tennis Camps,Broad match,None,0,2,0.00,0.00,OK,,Appears relevant
riverside sports camp,CM - Nonbranded - Other Geos (MxConv),Tennis Camps,Broad match,None,0,1,0.00,0.00,OK,,Appears relevant
rec camp,CM - Nonbranded - Other Geos (MxConv),Tennis Camps,Broad match,None,0,1,0.00,0.00,OK,,Appears relevant
oasis day camp near me,CM - Competitors - OldW - (Mx.Clicks),Competitors,Exact match (close variant),None,0,3,0.00,0.00,OK,,Competitor matched: 'oasis'
camp future stars,CM - Branded (Mx.Clicks),Future Stars Camp Brand,Exact match (close variant),None,2,4,6.26,0.00,OK,,Brand term matched: 'future stars'
st joseph's future stars camp,CM - Branded (Mx.Clicks),Future Stars Camp Brand,Phrase match,None,2,4,7.14,1.70,OK,,Brand term matched: 'future stars'
future stars summer camp old westbury,CM - Branded (Mx.Clicks),Future Stars Camp Brand,Phrase match,None,3,6,2.92,0.00,OK,,Brand term matched: 'future stars'
summer camp ossining ny,CM - Nonbranded - Geo Priorities (MxCx),Summer Camps,Phrase match,None,0,1,0.00,0.00,OK,,Appears relevant
track camp summer 2026,CM - Nonbranded - Geo Priorities (MxCx),Sports Camps,Phrase match (close variant),None,1,2,2.84,0.00,OK,,Appears relevant
summer camp music near me,CM - Nonbranded - Geo Priorities (MxCx),Summer Camps,Phrase match,None,0,2,0.00,0.00,OK,,Appears relevant
north hempstead summer camp,CM - Nonbranded - Geo Priorities (MxCx),Summer Camps,Phrase match,None,0,1,0.00,0.00,OK,,Appears relevant
summer camp teenager,CM - Nonbranded - Geo Priorities (MxCx),Summer Camps,Phrase match (close variant),None,0,1,0.00,0.00,OK,,Appears relevant
summer camp 12 year old boy,CM - Nonbranded - Geo Priorities (MxCx),Summer Camps,Phrase match,None,0,2,0.00,0.00,OK,,Appears relevant
inexpensive summer camps near me,CM - Nonbranded - Geo Priorities (MxCx),Summer Camps,Phrase match,None,0,2,0.00,0.00,OK,,Appears relevant
building camps for kids,CM - Nonbranded - Geo Priorities (MxCx),Summer Camps,Phrase match,None,0,1,0.00,0.00,OK,,Appears relevant
hills west basketball camp,CM - Nonbranded - Geo Priorities (MxCx),Basketball Camp,Phrase match,None,0,1,0.00,0.00,OK,,Appears relevant
baseball summer camp long island,CM - Nonbranded - Geo Priorities (MxCx),Summer Camps,Phrase match (close variant),None,0,1,0.00,0.00,OK,,Appears relevant
summer camps for kids near me,CM - Nonbranded - Geo Priorities (MxCx),Summer Camps,Exact match (close variant),None,8,35,20.05,0.00,OK,,Appears relevant
volleyball camps in westchester ny,CM - Nonbranded - Geo Priorities (MxCx),Volleyball Camps,Phrase match,None,0,3,0.00,0.00,OK,,Appears relevant
just for kids soccer,CM - Nonbranded - Geo Priorities (MxCx),Soccer Camps,Phrase match (close variant),None,0,1,0.00,0.00,OK,,Appears relevant
theater summer camps near me,CM - Nonbranded - Geo Priorities (MxCx),Summer Camps,Phrase match,None,2,4,5.23,0.00,OK,,Appears relevant
summer club for kids near me,CM - Nonbranded - Geo Priorities (MxCx),Summer Camps,Exact match (close variant),None,0,2,0.00,0.00,OK,,Appears relevant
lego camp long island,CM - Nonbranded - Geo Priorities (MxCx),Summer Camps,Phrase match (close variant),None,1,1,2.79,2.00,OK,,Appears relevant
badger day camp,CM - Nonbranded - Geo Priorities (MxCx),Sports Camps,Phrase match (close variant),None,0,6,0.00,0.00,OK,,Appears relevant
summer basketball for kids near me,CM - Nonbranded - Geo Priorities (MxCx),Basketball Camp,Phrase match (close variant),None,0,3,0.00,0.00,OK,,Appears relevant
sports camps on long island,CM - Nonbranded - Geo Priorities (MxCx),Sports Camps,Phrase match (close variant),None,0,1,0.00,0.00,OK,,Appears relevant
camps by me,CM - Nonbranded - Geo Priorities (MxCx),Summer Camps,Exact match (close variant),None,0,2,0.00,0.00,OK,,Appears relevant
coop camp mamaroneck,CM - Nonbranded - Geo Priorities (MxCx),Summer Camps,Phrase match (close variant),None,0,2,0.00,0.00,OK,,Appears relevant
hofstra summer camps,CM - Competitors - OldW - (Mx.Clicks),Competitors,Exact match,Added,0,7,0.00,0.00,OK,,Competitor matched: 'hofstra'
hofstra university summer camp,CM - Competitors - OldW - (Mx.Clicks),Competitors,Exact match (close variant),None,3,13,14.23,0.00,OK,,Competitor matched: 'hofstra'
future stars soccer camp,CM - Branded (Mx.Clicks),Future Stars Camp Brand,Phrase match,None,3,5,1.32,0.78,OK,,Brand term matched: 'future stars'
future stars cerca de mi,CM - Branded (Mx.Clicks),Future Stars Camp Brand,Phrase match,None,1,2,0.08,0.00,OK,,Brand term matched: 'future stars'
3d printing summer camp for kids,CM - Nonbranded - Geo Priorities (MxCx),Summer Camps,Phrase match,None,0,2,0.00,0.00,OK,,Appears relevant
kids camps summer 2026 near me,CM - Nonbranded - Geo Priorities (MxCx),Summer Camps,Phrase match,None,0,6,0.00,0.00,OK,,Appears relevant
gymnastic summer camp 2026,CM - Nonbranded - Geo Priorities (MxCx),Summer Camps,Phrase match,None,0,1,0.00,0.00,OK,,Appears relevant
basketball camp near me summer 2026,CM - Nonbranded - Geo Priorities (MxCx),Basketball Camp,Phrase match,None,1,2,2.66,0.00,OK,,Appears relevant
camp for 5 year olds near me,CM - Nonbranded - Geo Priorities (MxCx),Summer Camps,Phrase match (close variant),None,0,2,0.00,0.00,OK,,Appears relevant
town of huntington summer camp 2026,CM - Nonbranded - Geo Priorities (MxCx),Soccer Camps,Phrase match (close variant),None,0,2,0.00,0.00,OK,,Appears relevant
hofstra summer soccer camp,CM - Nonbranded - Geo Priorities (MxCx),Soccer Camps,Phrase match,None,0,1,0.00,0.00,OK,,Appears relevant
good soccer camps,CM - Nonbranded - Geo Priorities (MxCx),Soccer Camps,Exact match (close variant),None,0,3,0.00,0.00,OK,,Appears relevant
nyabc camp,CM - Nonbranded - Geo Priorities (MxCx),Summer Camps,Phrase match (close variant),None,0,1,0.00,0.00,OK,,Appears relevant
summer camp near me,CM - Nonbranded - Geo Priorities (MxCx),Soccer Camps,Phrase match (close variant),None,0,4,0.00,0.00,OK,,Appears relevant
camp iconic bellmore,CM - Nonbranded - Geo Priorities (MxCx),Summer Camps,Phrase match (close variant),None,0,5,0.00,0.00,OK,,Appears relevant
nassau county summer camp 2026,CM - Nonbranded - Geo Priorities (MxCx),Summer Camps,Phrase match (close variant),None,0,2,0.00,0.00,OK,,Appears relevant
gymnastics camps,CM - Nonbranded - Geo Priorities (MxCx),Summer Camps,Phrase match (close variant),None,0,5,0.00,0.00,OK,,Appears relevant
summer camp deer park ny,CM - Nonbranded - Geo Priorities (MxCx),Summer Camps,Phrase match (close variant),None,0,2,0.00,0.00,OK,,Appears relevant
piers summer camp,CM - Nonbranded - Geo Priorities (MxCx),Sports Camps,Phrase match (close variant),None,0,4,0.00,0.00,OK,,Appears relevant
sports camp near me for kids,CM - Nonbranded - Geo Priorities (MxCx),Sports Camps,Phrase match,None,0,1,0.00,0.00,OK,,Appears relevant
gold star camp huntington ny,CM - Nonbranded - Geo Priorities (MxCx),Sports Camps,Phrase match (close variant),None,1,3,2.89,0.00,OK,,Appears relevant
camp anchor summer 2026,CM - Nonbranded - Geo Priorities (MxCx),Summer Camps,Phrase match,None,0,4,0.00,0.00,OK,,Appears relevant
oyster bay summer camp,CM - Nonbranded - Geo Priorities (MxCx),Summer Camps,Phrase match,None,0,18,0.00,0.00,OK,,Appears relevant
triple threat basketball camps,CM - Nonbranded - Geo Priorities (MxCx),Basketball Camp,Phrase match,None,0,2,0.00,0.00,OK,,Appears relevant
dance camp summer 2026,CM - Nonbranded - Geo Priorities (MxCx),Dance Camps,Phrase match,None,0,1,0.00,0.00,OK,,Appears relevant
piers summer camp,CM - Nonbranded - Geo Priorities (MxCx),Soccer Camps,Phrase match (close variant),None,0,1,0.00,0.00,OK,,Appears relevant
fca summer camp,CM - pMax - Portland (MxConv),--,Performance Max,None,0,2,0.00,0.00,OK,,Appears relevant for Portland market
soccer summer camp,CM - pMax - Portland (MxConv),--,Performance Max,None,0,1,0.00,0.00,OK,,Appears relevant for Portland market
tennis racquet for 3 year old,CM - pMax - Portland (MxConv),--,Performance Max,None,1,1,0.80,0.00,OK,,Appears relevant for Portland market
camps near me for kids,CM - pMax - Portland (MxConv),--,Performance Max,None,0,3,0.00,0.00,OK,,Appears relevant for Portland market
apex tennis camp,CM - pMax - Portland (MxConv),--,Performance Max,None,0,1,0.00,0.00,OK,,Appears relevant for Portland market
basketball camp near me,CM - pMax - Portland (MxConv),--,Performance Max,None,0,1,0.00,0.00,OK,,Appears relevant for Portland market
football camp,CM - Nonbranded - Other Geos (MxConv),Football Camps,Exact match,Added,0,3,0.00,0.00,OK,,Appears relevant
hofstra camps,CM - Competitors - OldW - (Mx.Clicks),Competitors,Exact match (close variant),None,2,11,8.57,0.00,OK,,Competitor matched: 'hofstra'
tarrytown summer camp 2026,CM - Nonbranded - Geo Priorities (MxCx),Summer Camps,Phrase match,None,1,1,2.85,0.00,OK,,Appears relevant
new hyde park summer camps,CM - Nonbranded - Geo Priorities (MxCx),Summer Camps,Phrase match (close variant),None,0,1,0.00,0.00,OK,,Appears relevant
dance camp near me,CM - Nonbranded - Geo Priorities (MxCx),Dance Camps,Exact match (close variant),None,1,8,2.79,0.00,OK,,Appears relevant
commack summer camp,CM - Nonbranded - Geo Priorities (MxCx),Soccer Camps,Phrase match (close variant),None,0,1,0.00,0.00,OK,,Appears relevant
steam camp,CM - Nonbranded - Geo Priorities (MxCx),Summer Camps,Phrase match (close variant),None,0,1,0.00,0.00,OK,,Appears relevant
gymnastics camp,CM - Nonbranded - Geo Priorities (MxCx),Summer Camps,Phrase match (close variant),None,0,11,0.00,0.00,OK,,Appears relevant
suffolk summer camp,CM - Nonbranded - Geo Priorities (MxCx),Summer Camps,Phrase match,Added,1,2,2.81,0.00,OK,,Appears relevant
tennis camps for kids near me,CM - Nonbranded - Geo Priorities (MxCx),Summer Camps,Phrase match,None,1,4,2.84,0.00,OK,,Appears relevant
scouts bsa summer camps,CM - Nonbranded - Geo Priorities (MxCx),Summer Camps,Phrase match (close variant),None,0,1,0.00,0.00,OK,,Appears relevant
summer camp melville ny,CM - Nonbranded - Geo Priorities (MxCx),Summer Camps,Phrase match,None,0,8,0.00,0.00,OK,,Appears relevant
north yarmouth academy camp,CM - pMax - Portland (MxConv),--,Performance Max,None,0,4,0.00,0.00,OK,,Appears relevant for Portland market
july volleyball camps,CM - pMax - Portland (MxConv),--,Performance Max,None,0,1,0.00,0.00,OK,,Appears relevant for Portland market
empire baseball camp,CM - Nonbranded - Other Geos (MxConv),Baseball Camps,Phrase match (close variant),None,0,2,0.00,0.00,OK,,Appears relevant
babylon summer camp,CM - Nonbranded - Geo Priorities (MxCx),Summer Camps,Phrase match,None,0,4,0.00,0.00,OK,,Appears relevant
kids country day camp,CM - Nonbranded - Geo Priorities (MxCx),Summer Camps,Phrase match,None,0,4,0.00,0.00,OK,,Appears relevant
wantagh summer camp,CM - Nonbranded - Geo Priorities (MxCx),Summer Camps,Phrase match (close variant),None,0,3,0.00,0.00,OK,,Appears relevant
st paul summer camp 2026,CM - Nonbranded - Geo Priorities (MxCx),Soccer Camps,Phrase match (close variant),None,0,1,0.00,0.00,OK,,Appears relevant
art studio summer camp,CM - Nonbranded - Geo Priorities (MxCx),Summer Camps,Phrase match,None,0,1,0.00,0.00,OK,,Appears relevant
town of clarkstown summer camp,CM - Nonbranded - Geo Priorities (MxCx),Soccer Camps,Phrase match (close variant),None,0,2,0.00,0.00,OK,,Appears relevant
summer soccer camps for kids,CM - Nonbranded - Geo Priorities (MxCx),Soccer Camps,Phrase match,None,0,1,0.00,0.00,OK,,Appears relevant
volleyball summer camp westchester ny,CM - Nonbranded - Geo Priorities (MxCx),Volleyball Camps,Phrase match,None,0,4,0.00,0.00,OK,,Appears relevant
summer swim camp near me,CM - Nonbranded - Geo Priorities (MxCx),Summer Camps,Phrase match,None,1,3,2.87,0.00,OK,,Appears relevant
camp echo new york,CM - Nonbranded - Geo Priorities (MxCx),Summer Camps,Phrase match (close variant),None,0,1,0.00,0.00,OK,,Appears relevant
soccer shots summer camp,CM - Nonbranded - Geo Priorities (MxCx),Soccer Camps,Phrase match,None,0,4,0.00,0.00,OK,,Appears relevant
camp for teens summer,CM - Nonbranded - Geo Priorities (MxCx),Summer Camps,Phrase match,None,0,1,0.00,0.00,OK,,Appears relevant
southampton country day camp,CM - Nonbranded - Geo Priorities (MxCx),Sports Camps,Phrase match (close variant),None,0,1,0.00,0.00,OK,,Appears relevant
kat basketball camp,CM - Nonbranded - Geo Priorities (MxCx),Basketball Camp,Phrase match,None,0,4,0.00,0.00,OK,,Appears relevant
sports camp for 5 year olds,CM - Nonbranded - Geo Priorities (MxCx),Soccer Camps,Phrase match (close variant),None,0,2,0.00,0.00,OK,,Appears relevant
elmsford day camp,CM - Nonbranded - Geo Priorities (MxCx),Soccer Camps,Phrase match (close variant),None,0,1,0.00,0.00,OK,,Appears relevant
all stars cheerleading,CM - pMax - Portland (MxConv),--,Performance Max,None,0,2,0.00,0.00,OK,,Appears relevant for Portland market
north yarmouth academy summer camp,CM - pMax - Portland (MxConv),--,Performance Max,None,1,3,0.09,0.00,OK,,Appears relevant for Portland market
summer youth sports camps near me,CM - pMax - Portland (MxConv),--,Performance Max,None,2,2,2.01,0.00,OK,,Appears relevant for Portland market
hockey camp,CM - pMax - Portland (MxConv),--,Performance Max,None,0,1,0.00,0.00,OK,,Appears relevant for Portland market
interclub tennis long island,CM - Nonbranded - Other Geos (MxConv),Tennis Camps,Broad match,None,0,5,0.00,0.00,OK,,Appears relevant
colby baseball camps,CM - Nonbranded - Other Geos (MxConv),Baseball Camps,Phrase match (close variant),None,0,1,0.00,0.00,OK,,Appears relevant
kenwal camp,CM - Competitors - OldW - (Mx.Clicks),Competitors,Exact match,Added,0,1,0.00,0.00,OK,,Competitor matched: 'kenwal'
future stars tennis,CM - Branded (Mx.Clicks),Future Stars Camp Brand,Phrase match,None,9,16,20.16,0.00,OK,,Brand term matched: 'future stars'
summer camps smithtown ny,CM - Nonbranded - Geo Priorities (MxCx),Summer Camps,Phrase match (close variant),None,0,1,0.00,0.00,OK,,Appears relevant
baseball camps for 5 year olds near me,CM - Nonbranded - Geo Priorities (MxCx),Summer Camps,Phrase match (close variant),None,1,2,2.69,0.00,OK,,Appears relevant
southward ho summer camp,CM - Nonbranded - Geo Priorities (MxCx),Sports Camps,Phrase match (close variant),None,1,4,2.83,0.00,OK,,Appears relevant
ncaa football camps,CM - Nonbranded - Geo Priorities (MxCx),Football Camps,Phrase match,None,0,2,0.00,0.00,OK,,Appears relevant
lost tribe summer camp,CM - Nonbranded - Geo Priorities (MxCx),Summer Camps,Phrase match,None,0,1,0.00,0.00,OK,,Appears relevant
syosset summer camp,CM - Nonbranded - Geo Priorities (MxCx),Summer Camps,Phrase match,None,0,5,0.00,0.00,OK,,Appears relevant
hofstra university lacrosse camp,CM - Nonbranded - Geo Priorities (MxCx),Lacrosse Camps,Phrase match (close variant),None,0,1,0.00,0.00,OK,,Appears relevant
junior day softball camp,CM - Nonbranded - Geo Priorities (MxCx),Softball Camps,Phrase match,None,0,1,0.00,0.00,OK,,Appears relevant
summer programs for 5 year olds,CM - Nonbranded - Geo Priorities (MxCx),Summer Camps,Phrase match (close variant),None,0,1,0.00,0.00,OK,,Appears relevant
summer camp for little kids,CM - Nonbranded - Geo Priorities (MxCx),Summer Camps,Phrase match,None,0,1,0.00,0.00,OK,,Appears relevant
nature camp near me,CM - Nonbranded - Geo Priorities (MxCx),Summer Camps,Phrase match (close variant),None,0,1,0.00,0.00,OK,,Appears relevant
kidstrong summer,CM - Nonbranded - Geo Priorities (MxCx),Sports Camps,Phrase match (close variant),None,0,2,0.00,0.00,OK,,Appears relevant
good shepherd services summer camp,CM - Nonbranded - Geo Priorities (MxCx),Summer Camps,Phrase match,None,0,1,0.00,0.00,OK,,Appears relevant
badger larchmont,CM - Nonbranded - Geo Priorities (MxCx),Summer Camps,Phrase match (close variant),None,0,1,0.00,0.00,OK,,Appears relevant
summer camp organization,CM - Nonbranded - Geo Priorities (MxCx),Summer Camps,Phrase match (close variant),None,0,1,0.00,0.00,OK,,Appears relevant
summer camps 2026 near me,CM - Nonbranded - Geo Priorities (MxCx),Summer Camps,Phrase match,None,0,1,0.00,0.00,OK,,Appears relevant
summer field hockey camps,CM - Nonbranded - Geo Priorities (MxCx),Sports Camps,Phrase match (close variant),None,0,1,0.00,0.00,OK,,Appears relevant
student summer camp,CM - Nonbranded - Geo Priorities (MxCx),Soccer Camps,Exact match (close variant),None,0,1,0.00,0.00,OK,,Appears relevant
summer camp for kids long island,CM - Nonbranded - Geo Priorities (MxCx),Summer Camps,Exact match (close variant),None,0,1,0.00,0.00,OK,,Appears relevant
outdoor summer camp,CM - Nonbranded - Geo Priorities (MxCx),Summer Camps,Exact match (close variant),None,0,2,0.00,0.00,OK,,Appears relevant
portland summer camps,CM - pMax - Portland (MxConv),--,Performance Max,None,0,2,0.00,0.00,OK,,Appears relevant for Portland market
maine warrior gym summer camp,CM - pMax - Portland (MxConv),--,Performance Max,None,0,1,0.00,0.00,OK,,Appears relevant for Portland market
sag harbor tennis,CM - Nonbranded - Other Geos (MxConv),Tennis Camps,Broad match,None,0,2,0.00,0.00,OK,,Appears relevant
futurestars,CM - Branded (Mx.Clicks),Future Stars Camp Brand,Exact match (close variant),None,11,19,10.55,2.00,OK,,Brand term matched: 'futurestars'
summer basketball for 6 year olds,CM - Nonbranded - Geo Priorities (MxCx),Basketball Camp,Phrase match (close variant),None,1,2,2.86,0.00,OK,,Appears relevant
track camps near me,CM - Nonbranded - Geo Priorities (MxCx),Summer Camps,Phrase match (close variant),None,0,2,0.00,0.00,OK,,Appears relevant
day summer camps for kids near me,CM - Nonbranded - Geo Priorities (MxCx),Summer Camps,Phrase match,None,0,1,0.00,0.00,OK,,Appears relevant
glenbrook summer camp,CM - Nonbranded - Geo Priorities (MxCx),Summer Camps,Phrase match,None,0,6,0.00,0.00,OK,,Appears relevant
golf camp for 3 year olds,CM - Nonbranded - Geo Priorities (MxCx),Summer Camps,Phrase match (close variant),None,0,4,0.00,0.00,OK,,Appears relevant
arts and crafts summer camps near me,CM - Nonbranded - Geo Priorities (MxCx),Summer Camps,Phrase match (close variant),None,0,1,0.00,0.00,OK,,Appears relevant
summer camps for 13 year old boys,CM - Nonbranded - Geo Priorities (MxCx),Summer Camps,Phrase match (close variant),None,0,1,0.00,0.00,OK,,Appears relevant
summer baseball camps,CM - Nonbranded - Geo Priorities (MxCx),Summer Camps,Phrase match (close variant),None,0,2,0.00,0.00,OK,,Appears relevant
frogbridge day camp,CM - Nonbranded - Geo Priorities (MxCx),Summer Camps,Phrase match (close variant),None,0,1,0.00,0.00,OK,,Appears relevant
summer camps in the hamptons,CM - Nonbranded - Geo Priorities (MxCx),Summer Camps,Phrase match,None,0,1,0.00,0.00,OK,,Appears relevant
summer camp freeport ny,CM - Nonbranded - Geo Priorities (MxCx),Summer Camps,Phrase match,None,0,4,0.00,0.00,OK,,Appears relevant
hofstra soccer camp,CM - Nonbranded - Geo Priorities (MxCx),Summer Camps,Phrase match (close variant),None,0,1,0.00,0.00,OK,,Appears relevant
prime time football camp,CM - Nonbranded - Geo Priorities (MxCx),Football Camps,Phrase match,None,0,5,0.00,0.00,OK,,Appears relevant
fiu football camps 2026,CM - Nonbranded - Geo Priorities (MxCx),Football Camps,Phrase match,None,0,1,0.00,0.00,OK,,Appears relevant
star lake summer camp,CM - Nonbranded - Geo Priorities (MxCx),Summer Camps,Phrase match,None,0,1,0.00,0.00,OK,,Appears relevant
summer camp for girls near me,CM - Nonbranded - Geo Priorities (MxCx),Summer Camps,Phrase match,None,0,3,0.00,0.00,OK,,Appears relevant
college volleyball camps 2026,CM - Nonbranded - Geo Priorities (MxCx),Volleyball Camps,Phrase match,None,0,1,0.00,0.00,OK,,Appears relevant
usm basketball camp 2026,CM - pMax - Portland (MxConv),--,Performance Max,None,0,1,0.00,0.00,OK,,Appears relevant for Portland market
summer camps in westchester county ny,CM - Nonbranded - Other Geos (MxConv),Tennis Camps,Broad match,None,0,2,0.00,0.00,OK,,Appears relevant
tennis innovators near me,CM - Nonbranded - Other Geos (MxConv),Tennis Camps,Broad match,None,0,3,0.00,0.00,OK,,Appears relevant
camp dewolf,CM - Nonbranded - Geo Priorities (MxCx),Summer Camps,Phrase match (close variant),None,0,1,0.00,0.00,OK,,Appears relevant
summer basketball,CM - Nonbranded - Geo Priorities (MxCx),Basketball Camp,Exact match (close variant),None,0,7,0.00,0.00,OK,,Appears relevant
bpa summer camp,CM - Nonbranded - Geo Priorities (MxCx),Soccer Camps,Phrase match (close variant),None,0,1,0.00,0.00,OK,,Appears relevant
summer programs long island,CM - Nonbranded - Geo Priorities (MxCx),Summer Camps,Exact match (close variant),None,0,1,0.00,0.00,OK,,Appears relevant
fosters soccer,CM - Nonbranded - Geo Priorities (MxCx),Soccer Camps,Phrase match (close variant),None,0,2,0.00,0.00,OK,,Appears relevant
jaxson dart football camp 2025,CM - Nonbranded - Geo Priorities (MxCx),Football Camps,Phrase match,None,0,2,0.00,0.00,OK,,Appears relevant
summer camps near freeport ny,CM - Nonbranded - Geo Priorities (MxCx),Summer Camps,Phrase match,None,1,1,2.80,0.00,OK,,Appears relevant
akinji soccer,CM - Nonbranded - Geo Priorities (MxCx),Soccer Camps,Phrase match (close variant),None,0,1,0.00,0.00,OK,,Appears relevant
hofstra lax camp,CM - Nonbranded - Geo Priorities (MxCx),Lacrosse Camps,Phrase match (close variant),None,1,1,3.07,0.00,OK,,Appears relevant
expensive summer camps,CM - Nonbranded - Geo Priorities (MxCx),Summer Camps,Phrase match,None,0,1,0.00,0.00,OK,,Appears relevant
soccer camps on long island,CM - Nonbranded - Geo Priorities (MxCx),Soccer Camps,Phrase match,None,0,2,0.00,0.00,OK,,Appears relevant
volleyball practice near me,CM - Nonbranded - Geo Priorities (MxCx),Volleyball Camps,Exact match (close variant),None,1,9,2.78,0.00,OK,,Appears relevant
soccer camp westchester ny,CM - Nonbranded - Geo Priorities (MxCx),Soccer Camps,Phrase match,None,0,2,0.00,0.00,OK,,Appears relevant
forest hills camp,CM - Nonbranded - Geo Priorities (MxCx),Summer Camps,Phrase match (close variant),None,0,2,0.00,0.00,OK,,Appears relevant
one day camps for kids near me,CM - Nonbranded - Geo Priorities (MxCx),Summer Camps,Exact match (close variant),None,0,1,0.00,0.00,OK,,Appears relevant
summer camps forest hills ny,CM - Nonbranded - Geo Priorities (MxCx),Summer Camps,Phrase match (close variant),None,0,1,0.00,0.00,OK,,Appears relevant
dartmouth football prospect camp,CM - Nonbranded - Geo Priorities (MxCx),Football Camps,Phrase match,None,0,1,0.00,0.00,OK,,Appears relevant
american basketball camp,CM - Nonbranded - Geo Priorities (MxCx),Basketball Camp,Phrase match,None,0,1,0.00,0.00,OK,,Appears relevant
y camp,CM - pMax - Portland (MxConv),--,Performance Max,None,0,1,0.00,0.00,OK,,Appears relevant for Portland market
village kids summer camp,CM - pMax - Portland (MxConv),--,Performance Max,None,0,2,0.00,0.00,OK,,Appears relevant for Portland market
volleyball camps,CM - pMax - Portland (MxConv),--,Performance Max,None,0,2,0.00,0.00,OK,,Appears relevant for Portland market
sports summer camps near me,CM - Nonbranded - Other Geos (MxConv),Tennis Camps,Broad match,None,1,3,2.99,0.00,OK,,Appears relevant
summer camps in bedford,CM - Nonbranded - Other Geos (MxConv),Tennis Camps,Broad match,None,0,1,0.00,0.00,OK,,Appears relevant
schooled in hoops,CM - Nonbranded - Other Geos (MxConv),Basketball Camp,Phrase match (close variant),None,1,2,5.05,0.00,OK,,Appears relevant
garden city summer camp,CM - Nonbranded - Geo Priorities (MxCx),Summer Camps,Phrase match,None,0,1,0.00,0.00,OK,,Appears relevant
girls tennis camp,CM - Nonbranded - Geo Priorities (MxCx),Summer Camps,Phrase match (close variant),None,0,4,0.00,0.00,OK,,Appears relevant
dodgeball camp near me,CM - Nonbranded - Geo Priorities (MxCx),Summer Camps,Phrase match (close variant),None,0,2,0.00,0.00,OK,,Appears relevant
summer programs for 3 year olds,CM - Nonbranded - Geo Priorities (MxCx),Summer Camps,Phrase match (close variant),None,1,2,2.58,0.00,OK,,Appears relevant
noga soccer camp,CM - Nonbranded - Geo Priorities (MxCx),Soccer Camps,Phrase match,None,0,2,0.00,0.00,OK,,Appears relevant
oorah camp,CM - Nonbranded - Geo Priorities (MxCx),Summer Camps,Phrase match (close variant),None,0,1,0.00,0.00,OK,,Appears relevant
camp westmont near me,CM - Nonbranded - Geo Priorities (MxCx),Summer Camps,Phrase match (close variant),None,0,2,0.00,0.00,OK,,Appears relevant
kids summer camps near me,CM - Nonbranded - Geo Priorities (MxCx),Summer Camps,Exact match (close variant),None,1,15,2.80,0.00,OK,,Appears relevant
kids of mount sinai summer camp,CM - Nonbranded - Geo Priorities (MxCx),Summer Camps,Phrase match,None,0,2,0.00,0.00,OK,,Appears relevant
school summer camp,CM - Nonbranded - Geo Priorities (MxCx),Soccer Camps,Phrase match (close variant),None,0,1,0.00,0.00,OK,,Appears relevant
soccer camp for kids near me,CM - Nonbranded - Geo Priorities (MxCx),Soccer Camps,Phrase match,None,3,8,7.52,0.00,OK,,Appears relevant
summer camps for 2nd graders near me,CM - Nonbranded - Geo Priorities (MxCx),Soccer Camps,Phrase match (close variant),None,0,1,0.00,0.00,OK,,Appears relevant
track camps 2026,CM - Nonbranded - Geo Priorities (MxCx),Sports Camps,Phrase match (close variant),None,0,2,0.00,0.00,OK,,Appears relevant
great neck summer camps,CM - Nonbranded - Geo Priorities (MxCx),Summer Camps,Phrase match,None,0,1,0.00,0.00,OK,,Appears relevant
summer camps 3 year olds near me,CM - Nonbranded - Geo Priorities (MxCx),Summer Camps,Phrase match,None,0,1,0.00,0.00,OK,,Appears relevant
art camps for kids,CM - Nonbranded - Geo Priorities (MxCx),Summer Camps,Phrase match,None,0,4,0.00,0.00,OK,,Appears relevant
summer day camps near me,CM - pMax - Portland (MxConv),--,Performance Max,None,0,2,0.00,0.00,OK,,Appears relevant for Portland market
princeton baseball camp,CM - pMax - Portland (MxConv),--,Performance Max,None,0,1,0.00,0.00,OK,,Appears relevant for Portland market
nya circus camp,CM - pMax - Portland (MxConv),--,Performance Max,None,0,3,0.00,0.00,OK,,Appears relevant for Portland market
camp waziyatah,CM - pMax - Portland (MxConv),--,Performance Max,None,0,2,0.00,0.00,OK,,Appears relevant for Portland market
best kid lunches,CM - pMax - Portland (MxConv),--,Performance Max,None,1,1,1.02,0.00,OK,,Appears relevant for Portland market
steps lacrosse camp,CM - Nonbranded - Other Geos (MxConv),Lacrosse Camps,Phrase match (close variant),None,0,2,0.00,0.00,OK,,Appears relevant
bates baseball camp,CM - Nonbranded - Other Geos (MxConv),Baseball Camps,Phrase match (close variant),None,0,1,0.00,0.00,OK,,Appears relevant
sports camps summer 2026,CM - Nonbranded - Other Geos (MxConv),Tennis Camps,Broad match,None,0,2,0.00,0.00,OK,,Appears relevant
patriots football camp for kids,CM - Nonbranded - Other Geos (MxConv),Football Camps,Phrase match,None,0,1,0.00,0.00,OK,,Appears relevant
greenwich basketball camp,CM - Nonbranded - Other Geos (MxConv),Basketball Camp,Phrase match,None,0,1,0.00,0.00,OK,,Appears relevant
luhi camps,CM - Competitors - OldW - (Mx.Clicks),Competitors,Exact match (close variant),None,0,4,0.00,0.00,OK,,Competitor matched: 'luhi'
future stars lacrosse camp,CM - Branded (Mx.Clicks),Future Stars Camp Brand,Phrase match,None,1,3,0.88,0.00,OK,,Brand term matched: 'future stars'
summer camps by me,CM - Nonbranded - Geo Priorities (MxCx),Soccer Camps,Phrase match (close variant),None,0,1,0.00,0.00,OK,,Appears relevant
summer camps for pre teens near me,CM - Nonbranded - Geo Priorities (MxCx),Summer Camps,Phrase match,None,0,1,0.00,0.00,OK,,Appears relevant
high school lacrosse camps,CM - Nonbranded - Geo Priorities (MxCx),Lacrosse Camps,Phrase match (close variant),None,1,1,2.75,0.00,OK,,Appears relevant
adventure park camp,CM - Nonbranded - Geo Priorities (MxCx),Summer Camps,Phrase match (close variant),None,0,3,0.00,0.00,OK,,Appears relevant
soccer school,CM - Nonbranded - Geo Priorities (MxCx),Soccer Camps,Exact match,Added,0,6,0.00,0.00,OK,,Appears relevant
floral park summer camp,CM - Nonbranded - Geo Priorities (MxCx),Summer Camps,Phrase match,None,0,2,0.00,0.00,OK,,Appears relevant
gymnastics summer camp near me,CM - Nonbranded - Geo Priorities (MxCx),Sports Camps,Phrase match (close variant),None,0,1,0.00,0.00,OK,,Appears relevant
summer camps garden city,CM - Nonbranded - Geo Priorities (MxCx),Summer Camps,Phrase match,None,0,6,0.00,0.00,OK,,Appears relevant
camps for summer,CM - Nonbranded - Geo Priorities (MxCx),Summer Camps,Exact match (close variant),None,0,2,0.00,0.00,OK,,Appears relevant
1 week camps near me,CM - Nonbranded - Geo Priorities (MxCx),Summer Camps,Phrase match (close variant),None,0,1,0.00,0.00,OK,,Appears relevant
kids day camps near me,CM - Nonbranded - Geo Priorities (MxCx),Summer Camps,Exact match (close variant),None,1,1,2.79,0.00,OK,,Appears relevant
campus camps blue point,CM - Nonbranded - Geo Priorities (MxCx),Summer Camps,Phrase match (close variant),None,0,4,0.00,0.00,OK,,Appears relevant
camp arcadia maine,CM - pMax - Portland (MxConv),--,Performance Max,None,0,3,0.00,0.00,OK,,Appears relevant for Portland market
westchester summer camps,CM - Nonbranded - Other Geos (MxConv),Tennis Camps,Broad match,None,0,1,0.00,0.00,OK,,Appears relevant
pierce camp,CM - Competitors - OldW - (Mx.Clicks),Competitors,Exact match (close variant),None,2,38,7.66,0.00,OK,,Competitor matched: 'pierce'
future stars adventure camp,CM - Branded (Mx.Clicks),Future Stars Camp Brand,Exact match (close variant),None,0,5,0.00,0.00,OK,,Brand term matched: 'future stars'
best summer camps in new york,CM - Nonbranded - Geo Priorities (MxCx),Summer Camps,Phrase match,None,0,1,0.00,0.00,OK,,Appears relevant
summer lacrosse camps long island,CM - Nonbranded - Geo Priorities (MxCx),Summer Camps,Phrase match,None,0,17,0.00,0.00,OK,,Appears relevant
flint park summer camp,CM - Nonbranded - Geo Priorities (MxCx),Summer Camps,Phrase match,None,1,2,3.06,0.00,OK,,Appears relevant
college football camps near me,CM - Nonbranded - Geo Priorities (MxCx),Football Camps,Phrase match,None,0,2,0.00,0.00,OK,,Appears relevant
basketball camp kids,CM - Nonbranded - Geo Priorities (MxCx),Basketball Camp,Exact match (close variant),None,0,3,0.00,0.00,OK,,Appears relevant
summer camp for 7 year olds,CM - Nonbranded - Geo Priorities (MxCx),Summer Camps,Phrase match,None,1,1,2.40,0.00,OK,,Appears relevant
suffolk county day camps,CM - Nonbranded - Geo Priorities (MxCx),Summer Camps,Phrase match (close variant),None,0,3,0.00,0.00,OK,,Appears relevant
cantiague park summer camp,CM - Nonbranded - Geo Priorities (MxCx),Summer Camps,Phrase match,None,0,5,0.00,0.00,OK,,Appears relevant
hicksville middle school summer camp,CM - Nonbranded - Geo Priorities (MxCx),Summer Camps,Phrase match (close variant),None,0,1,0.00,0.00,OK,,Appears relevant
pre k summer camp,CM - Nonbranded - Geo Priorities (MxCx),Summer Camps,Phrase match,None,0,1,0.00,0.00,OK,,Appears relevant
avalon park summer camp,CM - Nonbranded - Geo Priorities (MxCx),Summer Camps,Phrase match,None,0,1,0.00,0.00,OK,,Appears relevant
camp iconic,CM - Nonbranded - Geo Priorities (MxCx),Summer Camps,Phrase match (close variant),None,0,1,0.00,0.00,OK,,Appears relevant
soccer camp kids,CM - Nonbranded - Geo Priorities (MxCx),Soccer Camps,Phrase match (close variant),None,0,1,0.00,0.00,OK,,Appears relevant
summer camps on long island,CM - Nonbranded - Geo Priorities (MxCx),Summer Camps,Phrase match (close variant),None,0,1,0.00,0.00,OK,,Appears relevant
saint marys summer camp,CM - Nonbranded - Geo Priorities (MxCx),Summer Camps,Phrase match,None,0,1,0.00,0.00,OK,,Appears relevant
kickboxing summer camp,CM - Nonbranded - Geo Priorities (MxCx),Sports Camps,Phrase match (close variant),None,1,2,2.83,0.00,OK,,Appears relevant
summer baseball programs near me,CM - Nonbranded - Geo Priorities (MxCx),Summer Camps,Phrase match (close variant),None,1,4,2.18,0.00,OK,,Appears relevant
suffolk summer camp,CM - Nonbranded - Geo Priorities (MxCx),Soccer Camps,Phrase match (close variant),None,0,1,0.00,0.00,OK,,Appears relevant
child camp,CM - Nonbranded - Geo Priorities (MxCx),Summer Camps,Exact match (close variant),None,0,1,0.00,0.00,OK,,Appears relevant
long island soccer camp,CM - Nonbranded - Geo Priorities (MxCx),Soccer Camps,Phrase match,None,0,2,0.00,0.00,OK,,Appears relevant
hofstra basketball summer camp,CM - Nonbranded - Geo Priorities (MxCx),Summer Camps,Phrase match,None,0,5,0.00,0.00,OK,,Appears relevant
booster camp smithtown,CM - Nonbranded - Geo Priorities (MxCx),Summer Camps,Phrase match (close variant),None,0,1,0.00,0.00,OK,,Appears relevant
portland rec summer camp,CM - pMax - Portland (MxConv),--,Performance Max,None,0,2,0.00,0.00,OK,,Appears relevant for Portland market
soccer camps portland,CM - pMax - Portland (MxConv),--,Performance Max,None,0,1,0.00,0.00,OK,,Appears relevant for Portland market
friends school of portland maine,CM - pMax - Portland (MxConv),--,Performance Max,None,0,1,0.00,0.00,OK,,Appears relevant for Portland market
tennis for 5 year olds near me,CM - Nonbranded - Other Geos (MxConv),Tennis Camps,Broad match,None,0,2,0.00,0.00,OK,,Appears relevant
aaron judge baseball camp 2026,CM - Nonbranded - Other Geos (MxConv),Baseball Camps,Phrase match (close variant),None,0,1,0.00,0.00,OK,,Appears relevant
herricks summer camp 2026,CM - Nonbranded - Geo Priorities (MxCx),Summer Camps,Phrase match,None,0,1,0.00,0.00,OK,,Appears relevant
day by day summer camp,CM - Nonbranded - Geo Priorities (MxCx),Summer Camps,Phrase match,None,0,1,0.00,0.00,OK,,Appears relevant
for kids summer camp,CM - Nonbranded - Geo Priorities (MxCx),Soccer Camps,Exact match (close variant),None,0,1,0.00,0.00,OK,,Appears relevant
school break camps near me,CM - Nonbranded - Geo Priorities (MxCx),Summer Camps,Phrase match (close variant),None,1,1,2.64,0.00,OK,,Appears relevant
soccer camps near me summer 2026,CM - Nonbranded - Geo Priorities (MxCx),Soccer Camps,Phrase match,None,0,4,0.00,0.00,OK,,Appears relevant
softball camp long island,CM - Nonbranded - Geo Priorities (MxCx),Softball Camps,Phrase match,None,0,1,0.00,0.00,OK,,Appears relevant
summer camps elmont ny,CM - Nonbranded - Geo Priorities (MxCx),Summer Camps,Phrase match (close variant),None,0,1,0.00,0.00,OK,,Appears relevant
hofstra cheer camp,CM - Nonbranded - Geo Priorities (MxCx),Summer Camps,Phrase match (close variant),None,0,1,0.00,0.00,OK,,Appears relevant
horizon summer camp,CM - Nonbranded - Geo Priorities (MxCx),Summer Camps,Phrase match,None,0,1,0.00,0.00,OK,,Appears relevant
campamento de verano,CM - Nonbranded - Geo Priorities (MxCx),Summer Camps,Exact match (close variant),None,0,7,0.00,0.00,OK,,Appears relevant
summer programs for teenagers,CM - Nonbranded - Geo Priorities (MxCx),Summer Camps,Phrase match (close variant),None,0,1,0.00,0.00,OK,,Appears relevant
tennis racquet sizes for kids,CM - pMax - Portland (MxConv),--,Performance Max,None,0,1,0.00,0.00,OK,,Appears relevant for Portland market
wild life camp,CM - pMax - Portland (MxConv),--,Performance Max,None,0,1,0.00,0.00,OK,,Appears relevant for Portland market
maine camps,CM - pMax - Portland (MxConv),--,Performance Max,None,0,1,0.00,0.00,OK,,Appears relevant for Portland market
colby college girls basketball camp,CM - pMax - Portland (MxConv),--,Performance Max,None,1,1,2.31,0.00,OK,,Appears relevant for Portland market
basketball camp for kids,CM - Nonbranded - Other Geos (MxConv),Basketball Camp,Phrase match,None,0,1,0.00,0.00,OK,,Appears relevant
wayne summer camp,CM - Nonbranded - Geo Priorities (MxCx),Summer Camps,Phrase match (close variant),None,0,2,0.00,0.00,OK,,Appears relevant
kohls football camp,CM - Nonbranded - Geo Priorities (MxCx),Football Camps,Phrase match,None,0,3,0.00,0.00,OK,,Appears relevant
college lacrosse camps near me,CM - Nonbranded - Geo Priorities (MxCx),Lacrosse Camps,Phrase match,None,0,1,0.00,0.00,OK,,Appears relevant
sports camp summer 2026,CM - Nonbranded - Geo Priorities (MxCx),Sports Camps,Phrase match,None,1,3,2.92,0.00,OK,,Appears relevant
summer programs for teens near me,CM - Nonbranded - Geo Priorities (MxCx),Summer Camps,Phrase match (close variant),None,0,2,0.00,0.00,OK,,Appears relevant
our savior basketball camp,CM - Nonbranded - Geo Priorities (MxCx),Basketball Camp,Phrase match,None,0,2,0.00,0.00,OK,,Appears relevant
st francis prep summer basketball camp,CM - Nonbranded - Geo Priorities (MxCx),Basketball Camp,Phrase match,None,0,1,0.00,0.00,OK,,Appears relevant
flint park camp,CM - Nonbranded - Geo Priorities (MxCx),Summer Camps,Phrase match (close variant),None,0,1,0.00,0.00,OK,,Appears relevant
soccer camp for 2 year olds,CM - Nonbranded - Geo Priorities (MxCx),Soccer Camps,Phrase match,None,0,1,0.00,0.00,OK,,Appears relevant
parkour summer camp,CM - Nonbranded - Geo Priorities (MxCx),Summer Camps,Phrase match,None,0,1,0.00,0.00,OK,,Appears relevant
camp sports,CM - Nonbranded - Geo Priorities (MxCx),Sports Camps,Exact match (close variant),None,0,2,0.00,0.00,OK,,Appears relevant
summer art camp,CM - Nonbranded - Geo Priorities (MxCx),Summer Camps,Phrase match,None,0,2,0.00,0.00,OK,,Appears relevant
basketball summer camp for kids near me,CM - Nonbranded - Geo Priorities (MxCx),Basketball Camp,Exact match (close variant),None,1,1,2.75,0.00,OK,,Appears relevant
elwood athletic camp,CM - Nonbranded - Geo Priorities (MxCx),Sports Camps,Phrase match (close variant),None,0,1,0.00,0.00,OK,,Appears relevant
destination science summer camp 2026,CM - Nonbranded - Geo Priorities (MxCx),Summer Camps,Phrase match,None,0,1,0.00,0.00,OK,,Appears relevant
summer programs for kids near me,CM - Nonbranded - Geo Priorities (MxCx),Summer Camps,Exact match (close variant),None,7,18,19.33,0.00,OK,,Appears relevant
basketball ball camp,CM - Nonbranded - Geo Priorities (MxCx),Basketball Camp,Exact match (close variant),None,0,2,0.00,0.00,OK,,Appears relevant
what is size 4 soccer ball,CM - pMax - Portland (MxConv),--,Performance Max,None,0,2,0.00,0.00,OK,,Appears relevant for Portland market
summer camp 4 year old,CM - pMax - Portland (MxConv),--,Performance Max,None,0,1,0.00,0.00,OK,,Appears relevant for Portland market
yale bulldog swim camp,CM - pMax - Portland (MxConv),--,Performance Max,None,0,1,0.00,0.00,OK,,Appears relevant for Portland market
youth soccer camps summer 2026,CM - pMax - Portland (MxConv),--,Performance Max,None,0,1,0.00,0.00,OK,,Appears relevant for Portland market
summer camps southern maine,CM - pMax - Portland (MxConv),--,Performance Max,None,0,1,0.00,0.00,OK,,Appears relevant for Portland market
moussa tennis,CM - Nonbranded - Other Geos (MxConv),Tennis Camps,Broad match,None,0,1,0.00,0.00,OK,,Appears relevant
popular summer camps,CM - Nonbranded - Other Geos (MxConv),Tennis Camps,Broad match,None,0,1,0.00,0.00,OK,,Appears relevant
baseball summer camps near me,CM - Nonbranded - Geo Priorities (MxCx),Summer Camps,Phrase match,None,0,6,0.00,0.00,OK,,Appears relevant
hofstra soccer camp,CM - Nonbranded - Geo Priorities (MxCx),Soccer Camps,Phrase match,None,0,8,0.00,0.00,OK,,Appears relevant
pga junior camps,CM - Nonbranded - Geo Priorities (MxCx),Summer Camps,Phrase match (close variant),None,0,1,0.00,0.00,OK,,Appears relevant
soccer in the park,CM - Nonbranded - Geo Priorities (MxCx),Soccer Camps,Phrase match (close variant),None,0,7,0.00,0.00,OK,,Appears relevant
long island summer camps,CM - Nonbranded - Geo Priorities (MxCx),Summer Camps,Exact match (close variant),None,0,22,0.00,0.00,OK,,Appears relevant
camp osprey freeport maine,CM - pMax - Portland (MxConv),--,Performance Max,None,0,1,0.00,0.00,OK,,Appears relevant for Portland market
nike sports camp volleyball,CM - pMax - Portland (MxConv),--,Performance Max,None,0,1,0.00,0.00,OK,,Appears relevant for Portland market
tennis racquet sizes by age,CM - pMax - Portland (MxConv),--,Performance Max,None,0,1,0.00,0.00,OK,,Appears relevant for Portland market
summer camp programs near me,CM - pMax - Portland (MxConv),--,Performance Max,None,0,2,0.00,0.00,OK,,Appears relevant for Portland market
dance camp summer 2026,CM - Nonbranded - Other Geos (MxConv),Dance Camps,Phrase match,None,0,1,0.00,0.00,OK,,Appears relevant
lacrosse camps near me,CM - Nonbranded - Other Geos (MxConv),Lacrosse Camps,Exact match,Added,0,2,0.00,0.00,OK,,Appears relevant
future stars camp counselor,CM - Branded (Mx.Clicks),Future Stars Camp Brand,Phrase match,None,0,2,0.00,0.00,OK,,Brand term matched: 'future stars'
soccer summer camp 4 year old,CM - Nonbranded - Geo Priorities (MxCx),Soccer Camps,Phrase match,None,0,5,0.00,0.00,OK,,Appears relevant
summer baseball camps,CM - Nonbranded - Geo Priorities (MxCx),Summer Camps,Phrase match,None,1,15,3.31,0.00,OK,,Appears relevant
summer football camps 2026 near me,CM - Nonbranded - Geo Priorities (MxCx),Football Camps,Phrase match,None,0,2,0.00,0.00,OK,,Appears relevant
full day summer camp,CM - Nonbranded - Geo Priorities (MxCx),Summer Camps,Phrase match,None,2,4,5.32,0.00,OK,,Appears relevant
volleyball camps,CM - Nonbranded - Geo Priorities (MxCx),Volleyball Camps,Exact match (close variant),Added,0,1,0.00,0.00,OK,,Appears relevant
summer camp wantagh ny,CM - Nonbranded - Geo Priorities (MxCx),Summer Camps,Phrase match,None,0,1,0.00,0.00,OK,,Appears relevant
soccer summer camp near me,CM - Nonbranded - Geo Priorities (MxCx),Soccer Camps,Exact match (close variant),None,0,2,0.00,0.00,OK,,Appears relevant
summer camps near me for 8 year olds,CM - Nonbranded - Geo Priorities (MxCx),Summer Camps,Phrase match,None,0,1,0.00,0.00,OK,,Appears relevant
three village soccer camp,CM - Nonbranded - Geo Priorities (MxCx),Soccer Camps,Phrase match,None,0,3,0.00,0.00,OK,,Appears relevant
local summer camps near me,CM - Nonbranded - Geo Priorities (MxCx),Summer Camps,Exact match (close variant),None,0,1,0.00,0.00,OK,,Appears relevant
elwood summer camps,CM - Nonbranded - Geo Priorities (MxCx),Sports Camps,Phrase match (close variant),None,0,1,0.00,0.00,OK,,Appears relevant
une basketball camp 2026,CM - pMax - Portland (MxConv),--,Performance Max,None,0,3,0.00,0.00,OK,,Appears relevant for Portland market
is size 5 standard soccer ball,CM - pMax - Portland (MxConv),--,Performance Max,None,0,1,0.00,0.00,OK,,Appears relevant for Portland market
mineola summer camp,CM - Nonbranded - Other Geos (MxConv),Tennis Camps,Broad match,None,0,1,0.00,0.00,OK,,Appears relevant
football camps,CM - Nonbranded - Other Geos (MxConv),Football Camps,Exact match,Added,0,1,0.00,0.00,OK,,Appears relevant
driftwood camp,CM - Competitors - OldW - (Mx.Clicks),Competitors,Exact match,Added,1,17,4.57,0.00,OK,,Competitor matched: 'driftwood'
long island day camps,CM - Nonbranded - Geo Priorities (MxCx),Summer Camps,Exact match (close variant),None,0,4,0.00,0.00,OK,,Appears relevant
herricks summer camp,CM - Nonbranded - Geo Priorities (MxCx),Summer Camps,Phrase match,None,1,1,2.57,0.00,OK,,Appears relevant
peconic bay camp,CM - Nonbranded - Geo Priorities (MxCx),Summer Camps,Phrase match (close variant),None,0,1,0.00,0.00,OK,,Appears relevant
art camp westchester,CM - Nonbranded - Geo Priorities (MxCx),Summer Camps,Phrase match (close variant),None,0,1,0.00,0.00,OK,,Appears relevant
hastings on hudson camp,CM - Nonbranded - Geo Priorities (MxCx),Summer Camps,Phrase match (close variant),None,0,1,0.00,0.00,OK,,Appears relevant
kid strong camp,CM - Nonbranded - Geo Priorities (MxCx),Summer Camps,Phrase match,None,0,2,0.00,0.00,OK,,Appears relevant
week camps for kids near me,CM - Nonbranded - Geo Priorities (MxCx),Summer Camps,Phrase match,None,0,1,0.00,0.00,OK,,Appears relevant
soccer camp near me,CM - Nonbranded - Geo Priorities (MxCx),Summer Camps,Phrase match (close variant),None,0,2,0.00,0.00,OK,,Appears relevant
tapawingo camp,CM - Nonbranded - Geo Priorities (MxCx),Summer Camps,Phrase match (close variant),None,0,1,0.00,0.00,OK,,Appears relevant
harbor island camp,CM - Nonbranded - Geo Priorities (MxCx),Summer Camps,Phrase match (close variant),None,0,1,0.00,0.00,OK,,Appears relevant
bam summer camp,CM - Nonbranded - Geo Priorities (MxCx),Summer Camps,Phrase match,None,0,1,0.00,0.00,OK,,Appears relevant
brunswick camp,CM - Nonbranded - Geo Priorities (MxCx),Summer Camps,Phrase match (close variant),None,0,2,0.00,0.00,OK,,Appears relevant
hofstra football camp,CM - Nonbranded - Geo Priorities (MxCx),Football Camps,Phrase match,None,0,2,0.00,0.00,OK,,Appears relevant
theatre camps near me,CM - Nonbranded - Geo Priorities (MxCx),Summer Camps,Phrase match (close variant),None,0,1,0.00,0.00,OK,,Appears relevant
sunnyside day camp,CM - Nonbranded - Geo Priorities (MxCx),Summer Camps,Phrase match (close variant),None,0,3,0.00,0.00,OK,,Appears relevant
summer camps for teenagers near me,CM - Nonbranded - Geo Priorities (MxCx),Summer Camps,Phrase match,None,0,3,0.00,0.00,OK,,Appears relevant
softball camp long island,CM - Nonbranded - Geo Priorities (MxCx),Softball Camps,Phrase match (close variant),None,1,1,2.63,0.00,OK,,Appears relevant
camp crestwood long island,CM - Nonbranded - Geo Priorities (MxCx),Summer Camps,Phrase match (close variant),None,0,3,0.00,0.00,OK,,Appears relevant
summer camps for 2nd graders near me,CM - Nonbranded - Geo Priorities (MxCx),Summer Camps,Phrase match,None,0,1,0.00,0.00,OK,,Appears relevant
merrick summer camps,CM - Nonbranded - Geo Priorities (MxCx),Summer Camps,Phrase match,None,0,2,0.00,0.00,OK,,Appears relevant
summer camp scarborough maine,CM - pMax - Portland (MxConv),--,Performance Max,None,0,5,0.00,0.00,OK,,Appears relevant for Portland market
summer camps for rising kindergarten,CM - pMax - Portland (MxConv),--,Performance Max,None,0,1,0.00,0.00,OK,,Appears relevant for Portland market
ymca camp,CM - pMax - Portland (MxConv),--,Performance Max,None,0,1,0.00,0.00,OK,,Appears relevant for Portland market
softball clubs near me,CM - pMax - Portland (MxConv),--,Performance Max,None,0,1,0.00,0.00,OK,,Appears relevant for Portland market
basketball camps for kids,CM - Nonbranded - Other Geos (MxConv),Basketball Camp,Exact match,Added,0,1,0.00,0.00,OK,,Appears relevant
endless adventures summer camp,CM - Nonbranded - Other Geos (MxConv),Tennis Camps,Broad match,None,0,3,0.00,0.00,OK,,Appears relevant
baseball camp westchester ny,CM - Nonbranded - Other Geos (MxConv),Baseball Camps,Phrase match (close variant),None,0,2,0.00,0.00,OK,,Appears relevant
future stars tennis camp,CM - Branded (Mx.Clicks),Future Stars Camp Brand,Phrase match,None,1,2,2.42,0.00,OK,,Brand term matched: 'future stars'
american university basketball camp,CM - Nonbranded - Geo Priorities (MxCx),Basketball Camp,Phrase match,None,0,1,0.00,0.00,OK,,Appears relevant
basketball camp long island,CM - Nonbranded - Geo Priorities (MxCx),Basketball Camp,Exact match (close variant),None,4,10,11.10,0.00,OK,,Appears relevant
stonybrook summer camp,CM - Nonbranded - Geo Priorities (MxCx),Summer Camps,Phrase match,None,0,2,0.00,0.00,OK,,Appears relevant
summer camp deer park ny,CM - Nonbranded - Geo Priorities (MxCx),Summer Camps,Phrase match,None,0,1,0.00,0.00,OK,,Appears relevant
henry kaufmann camp,CM - Nonbranded - Geo Priorities (MxCx),Summer Camps,Phrase match (close variant),None,0,2,0.00,0.00,OK,,Appears relevant
game 7 basketball camp rvc,CM - Nonbranded - Geo Priorities (MxCx),Basketball Camp,Phrase match,None,0,1,0.00,0.00,OK,,Appears relevant
hidden pond park summer camp,CM - Nonbranded - Geo Priorities (MxCx),Summer Camps,Phrase match,None,0,3,0.00,0.00,OK,,Appears relevant
y day camp,CM - Nonbranded - Geo Priorities (MxCx),Summer Camps,Phrase match (close variant),None,0,2,0.00,0.00,OK,,Appears relevant
project play huntington ny,CM - Nonbranded - Geo Priorities (MxCx),Summer Camps,Phrase match (close variant),None,0,2,0.00,0.00,OK,,Appears relevant
summer camps near west hempstead ny,CM - Nonbranded - Geo Priorities (MxCx),Summer Camps,Phrase match,None,1,1,2.72,0.00,OK,,Appears relevant
city of white plains summer camp,CM - Nonbranded - Geo Priorities (MxCx),Summer Camps,Phrase match,None,0,1,0.00,0.00,OK,,Appears relevant
mercer basketball camp 2026,CM - Nonbranded - Geo Priorities (MxCx),Basketball Camp,Phrase match,None,0,1,0.00,0.00,OK,,Appears relevant
indoor basketball camp near me,CM - Nonbranded - Geo Priorities (MxCx),Basketball Camp,Phrase match (close variant),None,0,1,0.00,0.00,OK,,Appears relevant
long island summer programs,CM - Nonbranded - Geo Priorities (MxCx),Summer Camps,Phrase match (close variant),None,0,1,0.00,0.00,OK,,Appears relevant
camps r us long island,CM - Competitors - OldW - (Mx.Clicks),Competitors,Exact match,Added,0,1,0.00,0.00,OK,,Competitor matched: 'camps r us'
summer camp for 2nd graders,CM - Nonbranded - Geo Priorities (MxCx),Soccer Camps,Phrase match (close variant),None,0,2,0.00,0.00,OK,,Appears relevant
x10 lacrosse camp,CM - Nonbranded - Geo Priorities (MxCx),Lacrosse Camps,Phrase match (close variant),None,0,1,0.00,0.00,OK,,Appears relevant
volleyball youth near me,CM - Nonbranded - Geo Priorities (MxCx),Volleyball Camps,Phrase match (close variant),None,0,1,0.00,0.00,OK,,Appears relevant
lifetime kids summer camp,CM - Nonbranded - Geo Priorities (MxCx),Summer Camps,Phrase match,None,0,1,0.00,0.00,OK,,Appears relevant
arts camp,CM - Nonbranded - Geo Priorities (MxCx),Summer Camps,Phrase match (close variant),None,0,1,0.00,0.00,OK,,Appears relevant
capital summer camp,CM - Nonbranded - Geo Priorities (MxCx),Summer Camps,Phrase match,None,0,4,0.00,0.00,OK,,Appears relevant
valhalla summer camp,CM - Nonbranded - Geo Priorities (MxCx),Summer Camps,Phrase match,None,0,1,0.00,0.00,OK,,Appears relevant
summer camp for girls,CM - Nonbranded - Geo Priorities (MxCx),Summer Camps,Phrase match,None,0,2,0.00,0.00,OK,,Appears relevant
science camp,CM - Nonbranded - Geo Priorities (MxCx),Summer Camps,Phrase match (close variant),None,0,7,0.00,0.00,OK,,Appears relevant
summer day camps,CM - Nonbranded - Geo Priorities (MxCx),Summer Camps,Exact match (close variant),None,0,2,0.00,0.00,OK,,Appears relevant
hoop challenge basketball camp,CM - Nonbranded - Geo Priorities (MxCx),Basketball Camp,Phrase match,None,0,1,0.00,0.00,OK,,Appears relevant
kidstrong day camp,CM - Nonbranded - Geo Priorities (MxCx),Summer Camps,Phrase match (close variant),None,0,1,0.00,0.00,OK,,Appears relevant
cheerleading camp,CM - Nonbranded - Geo Priorities (MxCx),Summer Camps,Phrase match (close variant),None,1,3,2.84,0.00,OK,,Appears relevant
camp for girls,CM - Nonbranded - Geo Priorities (MxCx),Summer Camps,Phrase match (close variant),None,0,2,0.00,0.00,OK,,Appears relevant
shine bright summer camp,CM - Nonbranded - Geo Priorities (MxCx),Summer Camps,Phrase match,None,0,1,0.00,0.00,OK,,Appears relevant
theater camp,CM - pMax - Portland (MxConv),--,Performance Max,None,0,1,0.00,0.00,OK,,Appears relevant for Portland market
sport summer camps near me,CM - pMax - Portland (MxConv),--,Performance Max,None,1,1,1.37,0.00,OK,,Appears relevant for Portland market
basketball specific exercises,CM - pMax - Portland (MxConv),--,Performance Max,None,0,2,0.00,0.00,OK,,Appears relevant for Portland market
maine basketball camp,CM - pMax - Portland (MxConv),--,Performance Max,None,0,1,0.00,0.00,OK,,Appears relevant for Portland market
indoor pitching practice,CM - pMax - Portland (MxConv),--,Performance Max,None,0,1,0.00,0.00,OK,,Appears relevant for Portland market
oasis summer camp,CM - Competitors - OldW - (Mx.Clicks),Competitors,Exact match (close variant),Added,0,1,0.00,0.00,OK,,Competitor matched: 'oasis'
high school camp,CM - Nonbranded - Geo Priorities (MxCx),Summer Camps,Phrase match (close variant),None,0,5,0.00,0.00,OK,,Appears relevant
science summer camp near me,CM - Nonbranded - Geo Priorities (MxCx),Summer Camps,Phrase match,None,0,1,0.00,0.00,OK,,Appears relevant
soccer summer camp 2026,CM - Nonbranded - Geo Priorities (MxCx),Soccer Camps,Phrase match,None,1,7,2.76,0.00,OK,,Appears relevant
liu football camp 2026,CM - Nonbranded - Geo Priorities (MxCx),Football Camps,Phrase match,None,0,7,0.00,0.00,OK,,Appears relevant
roslyn summer camp,CM - Nonbranded - Geo Priorities (MxCx),Summer Camps,Phrase match (close variant),None,0,7,0.00,0.00,OK,,Appears relevant
special education summer camps near me,CM - Nonbranded - Geo Priorities (MxCx),Summer Camps,Phrase match,None,1,2,2.75,0.00,OK,,Appears relevant
summer dance camps on long island,CM - Nonbranded - Geo Priorities (MxCx),Dance Camps,Exact match (close variant),None,2,1,3.77,0.00,OK,,Appears relevant
summer programs for 3 5 year olds,CM - Nonbranded - Geo Priorities (MxCx),Summer Camps,Phrase match (close variant),None,0,3,0.00,0.00,OK,,Appears relevant
paramount lacrosse camp,CM - Nonbranded - Geo Priorities (MxCx),Lacrosse Camps,Phrase match (close variant),None,1,4,2.77,0.00,OK,,Appears relevant
flag football camps near me,CM - Nonbranded - Geo Priorities (MxCx),Football Camps,Phrase match,None,0,2,0.00,0.00,OK,,Appears relevant
multisport camp near me,CM - Nonbranded - Geo Priorities (MxCx),Sports Camps,Phrase match (close variant),None,0,2,0.00,0.00,OK,,Appears relevant
day camps for teens,CM - Nonbranded - Geo Priorities (MxCx),Soccer Camps,Exact match (close variant),None,1,1,2.70,0.00,OK,,Appears relevant
summer sports for kids,CM - Nonbranded - Geo Priorities (MxCx),Sports Camps,Phrase match (close variant),None,0,3,0.00,0.00,OK,,Appears relevant
campfire institute,CM - pMax - Portland (MxConv),--,Performance Max,None,0,4,0.00,0.00,OK,,Appears relevant for Portland market
horse camps for kids near me,CM - pMax - Portland (MxConv),--,Performance Max,None,0,1,0.00,0.00,OK,,Appears relevant for Portland market
local summer camps,CM - Nonbranded - Other Geos (MxConv),Tennis Camps,Broad match,None,0,1,0.00,0.00,OK,,Appears relevant
ideal summer camp,CM - Nonbranded - Other Geos (MxConv),Tennis Camps,Broad match,None,0,1,0.00,0.00,OK,,Appears relevant
summer camps this week,CM - Nonbranded - Other Geos (MxConv),Tennis Camps,Broad match,None,0,1,0.00,0.00,OK,,Appears relevant
future stars basketball camp,CM - Branded (Mx.Clicks),Future Stars Camp Brand,Phrase match,None,3,8,4.23,0.00,OK,,Brand term matched: 'future stars'
future stars cheerleading camp,CM - Branded (Mx.Clicks),Future Stars Camp Brand,Phrase match,None,1,4,0.01,0.44,OK,,Brand term matched: 'future stars'
day camp near me,CM - Nonbranded - Geo Priorities (MxCx),Summer Camps,Phrase match (close variant),Added,0,2,0.00,0.00,OK,,Appears relevant
st mary's manhasset summer camp,CM - Nonbranded - Geo Priorities (MxCx),Summer Camps,Phrase match,None,0,1,0.00,0.00,OK,,Appears relevant
summer sports camps for kids,CM - Nonbranded - Geo Priorities (MxCx),Sports Camps,Exact match (close variant),None,0,1,0.00,0.00,OK,,Appears relevant
shine bright camp,CM - Nonbranded - Geo Priorities (MxCx),Summer Camps,Phrase match (close variant),None,0,1,0.00,0.00,OK,,Appears relevant
summer football camps near me,CM - Nonbranded - Geo Priorities (MxCx),Football Camps,Exact match (close variant),None,1,1,2.74,0.00,OK,,Appears relevant
rye art center summer camp,CM - Nonbranded - Geo Priorities (MxCx),Summer Camps,Phrase match,None,0,1,0.00,0.00,OK,,Appears relevant
summer camp 5th grade,CM - Nonbranded - Geo Priorities (MxCx),Soccer Camps,Phrase match (close variant),None,0,1,0.00,0.00,OK,,Appears relevant
volleyball girls near me,CM - Nonbranded - Geo Priorities (MxCx),Volleyball Camps,Phrase match (close variant),None,2,8,5.33,0.00,OK,,Appears relevant
summer camps suffolk county,CM - Nonbranded - Geo Priorities (MxCx),Summer Camps,Phrase match,None,1,9,2.57,0.00,OK,,Appears relevant
dance summer camp near me,CM - Nonbranded - Geo Priorities (MxCx),Dance Camps,Exact match (close variant),None,1,1,2.82,0.00,OK,,Appears relevant
northeast volleyball camp,CM - Nonbranded - Geo Priorities (MxCx),Volleyball Camps,Phrase match,None,0,1,0.00,0.00,OK,,Appears relevant
gold star camp huntington ny,CM - Nonbranded - Geo Priorities (MxCx),Summer Camps,Phrase match (close variant),None,0,4,0.00,0.00,OK,,Appears relevant
nassau county summer camp 2026,CM - Nonbranded - Geo Priorities (MxCx),Summer Camps,Phrase match,None,0,11,0.00,0.00,OK,,Appears relevant
sports camps near me,CM - Nonbranded - Geo Priorities (MxCx),Sports Camps,Phrase match (close variant),Added,0,2,0.00,0.00,OK,,Appears relevant
soccer camps near me summer,CM - Nonbranded - Geo Priorities (MxCx),Soccer Camps,Exact match (close variant),None,1,2,2.95,0.00,OK,,Appears relevant
maine audubon summer camp,CM - pMax - Portland (MxConv),--,Performance Max,None,0,1,0.00,0.00,OK,,Appears relevant for Portland market
maine juniors volleyball camp,CM - pMax - Portland (MxConv),--,Performance Max,None,1,3,1.87,0.00,OK,,Appears relevant for Portland market
girls lacrosse camps maryland,CM - pMax - Portland (MxConv),--,Performance Max,None,0,1,0.00,0.00,OK,,Appears relevant for Portland market
tennis padel,CM - Nonbranded - Other Geos (MxConv),Tennis Camps,Broad match,None,0,1,0.00,0.00,OK,,Appears relevant
future stars summer camps,CM - Branded (Mx.Clicks),Future Stars Camp Brand,Phrase match (close variant),None,0,1,0.00,0.00,OK,,Brand term matched: 'future stars'
summer programs for high school students long island,CM - Nonbranded - Geo Priorities (MxCx),Summer Camps,Phrase match (close variant),None,0,1,0.00,0.00,OK,,Appears relevant
best summer camps long island,CM - Nonbranded - Geo Priorities (MxCx),Summer Camps,Exact match (close variant),None,1,2,2.76,0.00,OK,,Appears relevant
day camp nearby,CM - Nonbranded - Geo Priorities (MxCx),Summer Camps,Phrase match (close variant),None,0,2,0.00,0.00,OK,,Appears relevant
robinhood summer camp,CM - Nonbranded - Geo Priorities (MxCx),Summer Camps,Phrase match (close variant),None,0,1,0.00,0.00,OK,,Appears relevant
basketball camp nassau county,CM - Nonbranded - Geo Priorities (MxCx),Basketball Camp,Phrase match,None,0,2,0.00,0.00,OK,,Appears relevant
flag football camp long island,CM - Nonbranded - Geo Priorities (MxCx),Summer Camps,Phrase match (close variant),None,1,2,2.31,0.00,OK,,Appears relevant
goalkeeper summer camps 2026,CM - Nonbranded - Geo Priorities (MxCx),Soccer Camps,Phrase match (close variant),None,0,1,0.00,0.00,OK,,Appears relevant
summer camp last week of august,CM - Nonbranded - Geo Priorities (MxCx),Summer Camps,Phrase match,None,0,1,0.00,0.00,OK,,Appears relevant
farmingdale summer camps,CM - Nonbranded - Geo Priorities (MxCx),Summer Camps,Phrase match,None,1,2,2.45,0.00,OK,,Appears relevant
summer basketball camp,CM - Nonbranded - Geo Priorities (MxCx),Basketball Camp,Exact match (close variant),Added,1,2,2.85,0.00,OK,,Appears relevant
cooper flagg basketball camp maine,CM - pMax - Portland (MxConv),--,Performance Max,None,0,1,0.00,0.00,OK,,Appears relevant for Portland market
somerset camp for girls,CM - pMax - Portland (MxConv),--,Performance Max,None,0,1,0.00,0.00,OK,,Appears relevant for Portland market
tennis racquet grip size,CM - pMax - Portland (MxConv),--,Performance Max,None,0,1,0.00,0.00,OK,,Appears relevant for Portland market
summer basketball long island,CM - Nonbranded - Geo Priorities (MxCx),Summer Camps,Phrase match (close variant),None,0,2,0.00,0.00,OK,,Appears relevant
exact sports volleyball,CM - Nonbranded - Geo Priorities (MxCx),Volleyball Camps,Phrase match (close variant),None,0,4,0.00,0.00,OK,,Appears relevant
camp gymnastics,CM - Nonbranded - Geo Priorities (MxCx),Summer Camps,Phrase match (close variant),None,0,1,0.00,0.00,OK,,Appears relevant
summer camp farmingdale ny,CM - Nonbranded - Geo Priorities (MxCx),Summer Camps,Phrase match,None,2,7,5.25,0.00,OK,,Appears relevant
summer sports camps long island,CM - Nonbranded - Geo Priorities (MxCx),Sports Camps,Phrase match,None,1,3,3.08,0.00,OK,,Appears relevant
summer camps near by,CM - Nonbranded - Geo Priorities (MxCx),Summer Camps,Phrase match (close variant),None,0,2,0.00,0.00,OK,,Appears relevant
baseball camp new rochelle,CM - Nonbranded - Geo Priorities (MxCx),Summer Camps,Phrase match (close variant),None,0,1,0.00,0.00,OK,,Appears relevant
headfirst softball camp 2026,CM - Nonbranded - Geo Priorities (MxCx),Softball Camps,Phrase match,None,0,2,0.00,0.00,OK,,Appears relevant
northwestern lacrosse camp,CM - Nonbranded - Geo Priorities (MxCx),Lacrosse Camps,Phrase match (close variant),None,0,1,0.00,0.00,OK,,Appears relevant
volleyball school,CM - Nonbranded - Geo Priorities (MxCx),Volleyball Camps,Exact match (close variant),None,0,1,0.00,0.00,OK,,Appears relevant
crestwood camp long island,CM - Nonbranded - Geo Priorities (MxCx),Summer Camps,Phrase match (close variant),None,0,2,0.00,0.00,OK,,Appears relevant
summer soccer long island,CM - Nonbranded - Geo Priorities (MxCx),Soccer Camps,Phrase match (close variant),None,0,3,0.00,0.00,OK,,Appears relevant
youth girls volleyball camps near me,CM - Nonbranded - Geo Priorities (MxCx),Volleyball Camps,Phrase match,None,0,4,0.00,0.00,OK,,Appears relevant
cit programs summer camp,CM - Nonbranded - Geo Priorities (MxCx),Summer Camps,Phrase match (close variant),None,0,1,0.00,0.00,OK,,Appears relevant
theater camp joan still,CM - pMax - Portland (MxConv),--,Performance Max,None,0,2,0.00,0.00,OK,,Appears relevant for Portland market
art camp portland maine,CM - pMax - Portland (MxConv),--,Performance Max,None,0,2,0.00,0.00,OK,,Appears relevant for Portland market
future star camp,CM - Branded (Mx.Clicks),Future Stars Camp Brand,Exact match,Added,3,4,8.25,0.00,OK,,Brand term matched: 'future star'
girls lacrosse camps long island,CM - Nonbranded - Geo Priorities (MxCx),Summer Camps,Phrase match (close variant),None,1,5,2.85,0.00,OK,,Appears relevant
camp jeanne d arc,CM - Nonbranded - Geo Priorities (MxCx),Summer Camps,Phrase match (close variant),None,0,4,0.00,0.00,OK,,Appears relevant
basketball clinic near me,CM - Nonbranded - Geo Priorities (MxCx),Basketball Camp,Exact match (close variant),None,1,3,2.73,0.00,OK,,Appears relevant
high school basketball camps,CM - Nonbranded - Geo Priorities (MxCx),Basketball Camp,Phrase match,None,0,2,0.00,0.00,OK,,Appears relevant
boys basketball camp near me,CM - Nonbranded - Geo Priorities (MxCx),Basketball Camp,Phrase match,None,1,2,2.61,0.00,OK,,Appears relevant
summer camps near me for 4 year olds,CM - Nonbranded - Geo Priorities (MxCx),Summer Camps,Phrase match,None,0,1,0.00,0.00,OK,,Appears relevant
three village summer camp,CM - Nonbranded - Geo Priorities (MxCx),Summer Camps,Phrase match,None,0,1,0.00,0.00,OK,,Appears relevant
dance camps near me,CM - Nonbranded - Geo Priorities (MxCx),Dance Camps,Exact match (close variant),None,2,3,5.50,0.00,OK,,Appears relevant
bethpage summer camps,CM - Nonbranded - Geo Priorities (MxCx),Summer Camps,Phrase match (close variant),None,0,2,0.00,0.00,OK,,Appears relevant
cheapest summer camp,CM - Nonbranded - Geo Priorities (MxCx),Summer Camps,Phrase match (close variant),None,0,1,0.00,0.00,OK,,Appears relevant
football camps,CM - Nonbranded - Geo Priorities (MxCx),Football Camps,Exact match,Added,1,6,2.77,0.00,OK,,Appears relevant
academic summer camps long island,CM - Nonbranded - Geo Priorities (MxCx),Summer Camps,Exact match (close variant),None,0,1,0.00,0.00,OK,,Appears relevant
basketball camps in long island,CM - Nonbranded - Geo Priorities (MxCx),Basketball Camp,Exact match (close variant),None,0,1,0.00,0.00,OK,,Appears relevant
goal keeper camp,CM - Nonbranded - Geo Priorities (MxCx),Sports Camps,Phrase match (close variant),None,0,1,0.00,0.00,OK,,Appears relevant
gymnastic summer camp 2026,CM - Nonbranded - Geo Priorities (MxCx),Sports Camps,Phrase match (close variant),None,0,1,0.00,0.00,OK,,Appears relevant
day camps in long island,CM - Nonbranded - Geo Priorities (MxCx),Summer Camps,Phrase match (close variant),None,0,1,0.00,0.00,OK,,Appears relevant
2 week summer camps,CM - Nonbranded - Geo Priorities (MxCx),Summer Camps,Phrase match,None,0,2,0.00,0.00,OK,,Appears relevant
summer soccer,CM - Nonbranded - Geo Priorities (MxCx),Soccer Camps,Phrase match (close variant),None,0,7,0.00,0.00,OK,,Appears relevant
soccer camps near me,CM - Nonbranded - Geo Priorities (MxCx),Soccer Camps,Exact match (close variant),Added,9,52,23.48,0.00,OK,,Appears relevant
how do i stop shaking when nervous,CM - pMax - Portland (MxConv),--,Performance Max,None,0,1,0.00,0.00,OK,,Appears relevant for Portland market
windham summer camp,CM - pMax - Portland (MxConv),--,Performance Max,None,0,1,0.00,0.00,OK,,Appears relevant for Portland market
volleyball camps 2026,CM - pMax - Portland (MxConv),--,Performance Max,None,1,2,0.87,0.00,OK,,Appears relevant for Portland market
youth basketball programs near me,CM - pMax - Portland (MxConv),--,Performance Max,None,1,1,2.50,0.00,OK,,Appears relevant for Portland market
maine lightning soccer camp,CM - pMax - Portland (MxConv),--,Performance Max,None,0,1,0.00,0.00,OK,,Appears relevant for Portland market
summer day programs for kids,CM - pMax - Portland (MxConv),--,Performance Max,None,0,1,0.00,0.00,OK,,Appears relevant for Portland market
windward baseball camp,CM - Nonbranded - Other Geos (MxConv),Baseball Camps,Phrase match (close variant),None,0,1,0.00,0.00,OK,,Appears relevant
future stars westhampton riverhead summer camp,CM - Branded (Mx.Clicks),Future Stars Camp Brand,Phrase match,None,1,4,0.01,0.00,OK,,Brand term matched: 'future stars'
summer camp forest hills ny,CM - Nonbranded - Geo Priorities (MxCx),Summer Camps,Phrase match,None,1,2,3.05,0.00,OK,,Appears relevant
garden city summer camp,CM - Nonbranded - Geo Priorities (MxCx),Soccer Camps,Phrase match (close variant),None,0,1,0.00,0.00,OK,,Appears relevant
we rock the spectrum summer camp,CM - Nonbranded - Geo Priorities (MxCx),Summer Camps,Phrase match,None,0,3,0.00,0.00,OK,,Appears relevant
baseball summer camps,CM - Nonbranded - Geo Priorities (MxCx),Summer Camps,Phrase match,None,0,1,0.00,0.00,OK,,Appears relevant
gymnastics summer camp long island,CM - Nonbranded - Geo Priorities (MxCx),Summer Camps,Phrase match (close variant),None,0,1,0.00,0.00,OK,,Appears relevant
phelps lane summer camp,CM - Nonbranded - Geo Priorities (MxCx),Summer Camps,Phrase match (close variant),None,0,4,0.00,0.00,OK,,Appears relevant
ace summer camp,CM - Nonbranded - Geo Priorities (MxCx),Summer Camps,Phrase match,None,0,3,0.00,0.00,OK,,Appears relevant
pga camp,CM - Nonbranded - Geo Priorities (MxCx),Sports Camps,Phrase match (close variant),None,0,1,0.00,0.00,OK,,Appears relevant
camps for 3 year olds,CM - Nonbranded - Geo Priorities (MxCx),Summer Camps,Phrase match (close variant),None,1,4,2.71,0.00,OK,,Appears relevant
hofstra lacrosse prospect camp,CM - Nonbranded - Geo Priorities (MxCx),Lacrosse Camps,Phrase match (close variant),None,0,1,0.00,0.00,OK,,Appears relevant
summer school camps for kids,CM - Nonbranded - Geo Priorities (MxCx),Summer Camps,Exact match (close variant),None,0,1,0.00,0.00,OK,,Appears relevant
discover camp westchester,CM - Nonbranded - Geo Priorities (MxCx),Summer Camps,Phrase match (close variant),None,0,1,0.00,0.00,OK,,Appears relevant
dance intensives summer 2026,CM - Nonbranded - Geo Priorities (MxCx),Dance Camps,Phrase match (close variant),None,0,2,0.00,0.00,OK,,Appears relevant
summer athletic camps near me,CM - Nonbranded - Geo Priorities (MxCx),Sports Camps,Exact match (close variant),None,1,3,2.79,0.00,OK,,Appears relevant
trackers camp,CM - Nonbranded - Geo Priorities (MxCx),Summer Camps,Phrase match (close variant),None,0,1,0.00,0.00,OK,,Appears relevant
camp greenkill,CM - Nonbranded - Geo Priorities (MxCx),Summer Camps,Phrase match (close variant),None,0,1,0.00,0.00,OK,,Appears relevant
softball camps near me 2026,CM - Nonbranded - Geo Priorities (MxCx),Softball Camps,Phrase match,None,1,4,2.74,0.00,OK,,Appears relevant
day camps in suffolk county ny,CM - Nonbranded - Geo Priorities (MxCx),Summer Camps,Phrase match (close variant),None,0,1,0.00,0.00,OK,,Appears relevant
week camps for kids near me,CM - Nonbranded - Geo Priorities (MxCx),Summer Camps,Phrase match (close variant),None,0,1,0.00,0.00,OK,,Appears relevant
summer camp levittown ny,CM - Nonbranded - Geo Priorities (MxCx),Summer Camps,Phrase match,None,0,3,0.00,0.00,OK,,Appears relevant
east coast soccer camp,CM - Nonbranded - Geo Priorities (MxCx),Soccer Camps,Phrase match,None,0,1,0.00,0.00,OK,,Appears relevant
local camps for kids near me,CM - Nonbranded - Geo Priorities (MxCx),Summer Camps,Exact match (close variant),None,0,1,0.00,0.00,OK,,Appears relevant
summer camps smithtown ny,CM - Nonbranded - Geo Priorities (MxCx),Summer Camps,Phrase match,None,0,2,0.00,0.00,OK,,Appears relevant
colby basketball camp,CM - pMax - Portland (MxConv),--,Performance Max,None,0,1,0.00,0.00,OK,,Appears relevant for Portland market
soccer star,CM - pMax - Portland (MxConv),--,Performance Max,None,0,1,0.00,0.00,OK,,Appears relevant for Portland market
horse places near me,CM - pMax - Portland (MxConv),--,Performance Max,None,1,1,0.71,0.00,OK,,Appears relevant for Portland market
tcr tennis camp,CM - Nonbranded - Other Geos (MxConv),Tennis Camps,Phrase match,None,1,2,9.83,0.00,OK,,Appears relevant
tennis camp 5 year old,CM - Nonbranded - Other Geos (MxConv),Tennis Camps,Phrase match (close variant),None,0,2,0.00,0.00,OK,,Appears relevant
future stars summer camp promo code,CM - Branded (Mx.Clicks),Future Stars Camp Brand,Phrase match,None,0,3,0.00,0.00,OK,,Brand term matched: 'future stars'
icamp,CM - Nonbranded - Geo Priorities (MxCx),Summer Camps,Phrase match (close variant),None,0,3,0.00,0.00,OK,,Appears relevant
summer care,CM - Nonbranded - Geo Priorities (MxCx),Summer Camps,Phrase match (close variant),None,0,1,0.00,0.00,OK,,Appears relevant
swimming camp for kids near me,CM - Nonbranded - Geo Priorities (MxCx),Sports Camps,Phrase match (close variant),None,0,1,0.00,0.00,OK,,Appears relevant
soccer camp long island ny,CM - Nonbranded - Geo Priorities (MxCx),Summer Camps,Phrase match (close variant),None,0,1,0.00,0.00,OK,,Appears relevant
lax and leadership camp,CM - Nonbranded - Geo Priorities (MxCx),Lacrosse Camps,Phrase match (close variant),None,0,1,0.00,0.00,OK,,Appears relevant
painting summer camp,CM - Nonbranded - Geo Priorities (MxCx),Summer Camps,Phrase match (close variant),None,0,1,0.00,0.00,OK,,Appears relevant
camps,CM - Nonbranded - Geo Priorities (MxCx),Summer Camps,Phrase match (close variant),None,0,2,0.00,0.00,OK,,Appears relevant
boys volleyball clinic near me,CM - Nonbranded - Geo Priorities (MxCx),Volleyball Camps,Phrase match (close variant),None,0,3,0.00,0.00,OK,,Appears relevant
sports camps for kids near me,CM - Nonbranded - Geo Priorities (MxCx),Sports Camps,Phrase match,None,0,5,0.00,0.00,OK,,Appears relevant
camps near me for 5 year olds,CM - Nonbranded - Geo Priorities (MxCx),Summer Camps,Phrase match (close variant),None,0,1,0.00,0.00,OK,,Appears relevant
library camps near me,CM - Nonbranded - Geo Priorities (MxCx),Summer Camps,Phrase match (close variant),None,0,2,0.00,0.00,OK,,Appears relevant
hofstra field hockey camp,CM - Nonbranded - Geo Priorities (MxCx),Sports Camps,Phrase match (close variant),None,0,1,0.00,0.00,OK,,Appears relevant
nassau county summer camp,CM - Nonbranded - Geo Priorities (MxCx),Summer Camps,Phrase match,None,0,10,0.00,0.00,OK,,Appears relevant
acs summer camp,CM - Nonbranded - Geo Priorities (MxCx),Soccer Camps,Phrase match (close variant),None,0,1,0.00,0.00,OK,,Appears relevant
golf camps for teens near me,CM - Nonbranded - Geo Priorities (MxCx),Summer Camps,Phrase match (close variant),None,0,3,0.00,0.00,OK,,Appears relevant
volleyball camp maine,CM - pMax - Portland (MxConv),--,Performance Max,None,0,1,0.00,0.00,OK,,Appears relevant for Portland market
art camp maine,CM - pMax - Portland (MxConv),--,Performance Max,None,0,1,0.00,0.00,OK,,Appears relevant for Portland market
art camp summer,CM - pMax - Portland (MxConv),--,Performance Max,None,0,1,0.00,0.00,OK,,Appears relevant for Portland market
lacrosse camps summer 2026,CM - Nonbranded - Other Geos (MxConv),Lacrosse Camps,Phrase match,None,0,3,0.00,0.00,OK,,Appears relevant
scarsdale rec camp 2026,CM - Nonbranded - Other Geos (MxConv),Tennis Camps,Broad match,None,0,1,0.00,0.00,OK,,Appears relevant
triangle tennis southampton,CM - Nonbranded - Other Geos (MxConv),Tennis Camps,Broad match,None,0,2,0.00,0.00,OK,,Appears relevant
carousel camp,CM - Nonbranded - Geo Priorities (MxCx),Summer Camps,Phrase match (close variant),None,0,5,0.00,0.00,OK,,Appears relevant
day camps long island,CM - Nonbranded - Geo Priorities (MxCx),Summer Camps,Exact match (close variant),None,0,8,0.00,0.00,OK,,Appears relevant
howell summer camp,CM - Nonbranded - Geo Priorities (MxCx),Soccer Camps,Phrase match (close variant),None,0,2,0.00,0.00,OK,,Appears relevant
volleyball camps for the summer,CM - Nonbranded - Geo Priorities (MxCx),Volleyball Camps,Exact match (close variant),None,0,3,0.00,0.00,OK,,Appears relevant
baldwin ny summer camp,CM - Nonbranded - Geo Priorities (MxCx),Summer Camps,Phrase match (close variant),None,0,2,0.00,0.00,OK,,Appears relevant
camp meadowlark,CM - Nonbranded - Geo Priorities (MxCx),Summer Camps,Phrase match (close variant),None,0,2,0.00,0.00,OK,,Appears relevant
firefolk summer camp,CM - Nonbranded - Geo Priorities (MxCx),Summer Camps,Phrase match,None,0,1,0.00,0.00,OK,,Appears relevant
summer camp 2 days a week,CM - Nonbranded - Geo Priorities (MxCx),Summer Camps,Phrase match (close variant),None,0,1,0.00,0.00,OK,,Appears relevant
soccer summer camps near me,CM - Nonbranded - Geo Priorities (MxCx),Soccer Camps,Phrase match,None,0,3,0.00,0.00,OK,,Appears relevant
long island soccer camps,CM - Nonbranded - Geo Priorities (MxCx),Soccer Camps,Phrase match,None,0,2,0.00,0.00,OK,,Appears relevant
summer camp suffolk county,CM - Nonbranded - Geo Priorities (MxCx),Summer Camps,Phrase match,None,2,7,5.01,0.00,OK,,Appears relevant
maplewood summer camp wantagh,CM - Nonbranded - Geo Priorities (MxCx),Summer Camps,Phrase match,None,0,1,0.00,0.00,OK,,Appears relevant
westbury summer camp,CM - Nonbranded - Geo Priorities (MxCx),Summer Camps,Exact match (close variant),None,0,1,0.00,0.00,OK,,Appears relevant
basketball summer training,CM - Nonbranded - Geo Priorities (MxCx),Basketball Camp,Exact match (close variant),None,0,3,0.00,0.00,OK,,Appears relevant
portland stage summer camp,CM - pMax - Portland (MxConv),--,Performance Max,None,0,1,0.00,0.00,OK,,Appears relevant for Portland market
maine camp,CM - pMax - Portland (MxConv),--,Performance Max,None,0,2,0.00,0.00,OK,,Appears relevant for Portland market
art summer camp for teens near me,CM - pMax - Portland (MxConv),--,Performance Max,None,0,1,0.00,0.00,OK,,Appears relevant for Portland market
hofstra youth summer programs,CM - Competitors - OldW - (Mx.Clicks),Competitors,Exact match (close variant),None,0,2,0.00,0.00,OK,,Competitor matched: 'hofstra'
d2 football camps,CM - Nonbranded - Geo Priorities (MxCx),Football Camps,Phrase match,None,0,1,0.00,0.00,OK,,Appears relevant
notre dame youth football camp 2026,CM - Nonbranded - Geo Priorities (MxCx),Football Camps,Phrase match,None,0,1,0.00,0.00,OK,,Appears relevant
t ball camps near me,CM - Nonbranded - Geo Priorities (MxCx),Sports Camps,Phrase match (close variant),None,1,3,2.75,0.00,OK,,Appears relevant
gymnastics summer,CM - Nonbranded - Geo Priorities (MxCx),Sports Camps,Phrase match (close variant),None,0,2,0.00,0.00,OK,,Appears relevant
day camps in ny,CM - Nonbranded - Geo Priorities (MxCx),Summer Camps,Phrase match (close variant),None,0,2,0.00,0.00,OK,,Appears relevant
volleyball camp nassau county,CM - Nonbranded - Geo Priorities (MxCx),Volleyball Camps,Phrase match,None,0,4,0.00,0.00,OK,,Appears relevant
cali volleyball camp,CM - Nonbranded - Geo Priorities (MxCx),Volleyball Camps,Phrase match,None,0,4,0.00,0.00,OK,,Appears relevant
memorial high school summer camps,CM - Nonbranded - Geo Priorities (MxCx),Summer Camps,Phrase match,None,0,1,0.00,0.00,OK,,Appears relevant
soccer summer camp 2026 near me,CM - Nonbranded - Geo Priorities (MxCx),Soccer Camps,Phrase match,None,0,3,0.00,0.00,OK,,Appears relevant
fairfield softball camp,CM - Nonbranded - Geo Priorities (MxCx),Softball Camps,Phrase match,None,0,1,0.00,0.00,OK,,Appears relevant
whitfield camp,CM - Nonbranded - Geo Priorities (MxCx),Sports Camps,Phrase match (close variant),None,0,1,0.00,0.00,OK,,Appears relevant
flag football summer camp,CM - Nonbranded - Geo Priorities (MxCx),Football Camps,Exact match (close variant),None,1,2,2.98,0.00,OK,,Appears relevant
soccer camps long island,CM - Nonbranded - Geo Priorities (MxCx),Soccer Camps,Phrase match,None,1,3,2.79,0.00,OK,,Appears relevant
old nautical terms,CM - pMax - Portland (MxConv),--,Performance Max,None,0,1,0.00,0.00,OK,,Appears relevant for Portland market
basic sailing terminology,CM - pMax - Portland (MxConv),--,Performance Max,None,0,1,0.00,0.00,OK,,Appears relevant for Portland market
basketball camp for kids near me,CM - Nonbranded - Other Geos (MxConv),Basketball Camp,Phrase match,None,1,1,2.09,0.00,OK,,Appears relevant
stepinac basketball camp,CM - Nonbranded - Other Geos (MxConv),Basketball Camp,Phrase match,None,0,2,0.00,0.00,OK,,Appears relevant
future stars baseball camp,CM - Branded (Mx.Clicks),Future Stars Camp Brand,Phrase match,None,1,4,0.12,0.00,OK,,Brand term matched: 'future stars'
dance camp long island,CM - Nonbranded - Geo Priorities (MxCx),Dance Camps,Phrase match,Added,0,1,0.00,0.00,OK,,Appears relevant
mineola summer camp,CM - Nonbranded - Geo Priorities (MxCx),Summer Camps,Phrase match (close variant),None,1,6,2.90,0.00,OK,,Appears relevant
summer soccer kids,CM - Nonbranded - Geo Priorities (MxCx),Soccer Camps,Exact match (close variant),None,0,1,0.00,0.00,OK,,Appears relevant
jaxson dart football camp,CM - Nonbranded - Geo Priorities (MxCx),Football Camps,Phrase match,None,1,19,2.82,0.00,OK,,Appears relevant
geology summer camp for kids,CM - Nonbranded - Geo Priorities (MxCx),Summer Camps,Phrase match,None,0,2,0.00,0.00,OK,,Appears relevant
wod camp,CM - Nonbranded - Geo Priorities (MxCx),Sports Camps,Phrase match (close variant),None,0,1,0.00,0.00,OK,,Appears relevant
pirate basketball camp,CM - Nonbranded - Geo Priorities (MxCx),Basketball Camp,Phrase match,None,0,4,0.00,0.00,OK,,Appears relevant
summer camp for 4 years old,CM - Nonbranded - Geo Priorities (MxCx),Summer Camps,Phrase match,None,0,1,0.00,0.00,OK,,Appears relevant
summer camps near me,CM - Nonbranded - Geo Priorities (MxCx),Summer Camps,Phrase match (close variant),Added,0,3,0.00,0.00,OK,,Appears relevant
lynbrook summer camp,CM - Nonbranded - Geo Priorities (MxCx),Summer Camps,Phrase match (close variant),None,0,1,0.00,0.00,OK,,Appears relevant
basketball programs near me,CM - Nonbranded - Geo Priorities (MxCx),Basketball Camp,Exact match (close variant),None,0,5,0.00,0.00,OK,,Appears relevant
camp lakota wurtsboro ny,CM - Nonbranded - Geo Priorities (MxCx),Summer Camps,Phrase match (close variant),None,0,1,0.00,0.00,OK,,Appears relevant
suffolk county camp,CM - Nonbranded - Geo Priorities (MxCx),Summer Camps,Phrase match (close variant),None,0,2,0.00,0.00,OK,,Appears relevant
holtsville ecology site summer camp,CM - Nonbranded - Geo Priorities (MxCx),Summer Camps,Phrase match (close variant),None,0,1,0.00,0.00,OK,,Appears relevant
teen summer camp,CM - Nonbranded - Geo Priorities (MxCx),Summer Camps,Phrase match,None,0,1,0.00,0.00,OK,,Appears relevant
friday summer camp,CM - Nonbranded - Geo Priorities (MxCx),Summer Camps,Phrase match,None,0,2,0.00,0.00,OK,,Appears relevant
cty summer camp,CM - Nonbranded - Geo Priorities (MxCx),Summer Camps,Phrase match,None,0,2,0.00,0.00,OK,,Appears relevant
freeport basketball camp,CM - Nonbranded - Geo Priorities (MxCx),Basketball Camp,Phrase match,None,0,4,0.00,0.00,OK,,Appears relevant
mid island camp,CM - Nonbranded - Geo Priorities (MxCx),Summer Camps,Phrase match (close variant),None,0,1,0.00,0.00,OK,,Appears relevant
boys lacrosse summer camp near me,CM - Nonbranded - Geo Priorities (MxCx),Lacrosse Camps,Phrase match,None,1,2,2.66,0.00,OK,,Appears relevant
summer sports programs for kids near me,CM - Nonbranded - Geo Priorities (MxCx),Sports Camps,Phrase match (close variant),None,0,2,0.00,0.00,OK,,Appears relevant
hicksville middle school summer camp,CM - Nonbranded - Geo Priorities (MxCx),Summer Camps,Phrase match,None,0,2,0.00,0.00,OK,,Appears relevant
stony point day camp,CM - Nonbranded - Geo Priorities (MxCx),Summer Camps,Phrase match (close variant),None,0,1,0.00,0.00,OK,,Appears relevant
summer camps in nassau county,CM - Nonbranded - Geo Priorities (MxCx),Summer Camps,Phrase match,None,0,4,0.00,0.00,OK,,Appears relevant
swimming camp summer 2026,CM - Nonbranded - Geo Priorities (MxCx),Sports Camps,Phrase match (close variant),None,0,1,0.00,0.00,OK,,Appears relevant
cheer,CM - pMax - Portland (MxConv),--,Performance Max,None,0,3,0.00,0.00,OK,,Appears relevant for Portland market
university of southern maine summer camps,CM - pMax - Portland (MxConv),--,Performance Max,None,0,1,0.00,0.00,OK,,Appears relevant for Portland market
lacrosse camp for kids near me,CM - Nonbranded - Other Geos (MxConv),Lacrosse Camps,Exact match (close variant),None,0,1,0.00,0.00,OK,,Appears relevant
basketball camps long island ny,CM - Nonbranded - Geo Priorities (MxCx),Basketball Camp,Exact match (close variant),None,0,3,0.00,0.00,OK,,Appears relevant
basketball day camp near me,CM - Nonbranded - Geo Priorities (MxCx),Basketball Camp,Exact match (close variant),None,0,1,0.00,0.00,OK,,Appears relevant
camp sunshine locations,CM - Nonbranded - Geo Priorities (MxCx),Summer Camps,Phrase match (close variant),None,0,2,0.00,0.00,OK,,Appears relevant
summer camp help,CM - Nonbranded - Geo Priorities (MxCx),Summer Camps,Phrase match,None,0,3,0.00,0.00,OK,,Appears relevant
summer basketball camps near me,CM - Nonbranded - Geo Priorities (MxCx),Basketball Camp,Phrase match,Added,0,2,0.00,0.00,OK,,Appears relevant
hofstra cheer camp,CM - Nonbranded - Geo Priorities (MxCx),Sports Camps,Phrase match (close variant),None,0,2,0.00,0.00,OK,,Appears relevant
glen cove youth bureau summer camp,CM - Nonbranded - Geo Priorities (MxCx),Summer Camps,Phrase match,None,0,1,0.00,0.00,OK,,Appears relevant
dodgeball camp,CM - Nonbranded - Geo Priorities (MxCx),Sports Camps,Phrase match (close variant),None,0,2,0.00,0.00,OK,,Appears relevant
summer camp riverhead ny,CM - Nonbranded - Geo Priorities (MxCx),Summer Camps,Phrase match (close variant),None,0,1,0.00,0.00,OK,,Appears relevant
day camp for 12 year olds,CM - Nonbranded - Geo Priorities (MxCx),Soccer Camps,Phrase match (close variant),None,0,2,0.00,0.00,OK,,Appears relevant
summer camp 5 year old,CM - Nonbranded - Geo Priorities (MxCx),Summer Camps,Phrase match,None,0,3,0.00,0.00,OK,,Appears relevant
summer camp syosset,CM - Nonbranded - Geo Priorities (MxCx),Summer Camps,Phrase match,None,0,2,0.00,0.00,OK,,Appears relevant
summer camp basketball,CM - Nonbranded - Geo Priorities (MxCx),Basketball Camp,Exact match (close variant),None,1,3,1.25,0.00,OK,,Appears relevant
mega sports camp 2026 near me,CM - Nonbranded - Geo Priorities (MxCx),Sports Camps,Phrase match,None,0,2,0.00,0.00,OK,,Appears relevant
science camp for kids near me,CM - Nonbranded - Geo Priorities (MxCx),Summer Camps,Phrase match,None,0,1,0.00,0.00,OK,,Appears relevant
hofstra summer day camp,CM - Nonbranded - Geo Priorities (MxCx),Summer Camps,Phrase match,None,1,2,2.93,0.00,OK,,Appears relevant
unique summer camps for kids,CM - Nonbranded - Geo Priorities (MxCx),Soccer Camps,Phrase match (close variant),None,0,1,0.00,0.00,OK,,Appears relevant
week camps for kids,CM - Nonbranded - Geo Priorities (MxCx),Summer Camps,Phrase match,None,0,1,0.00,0.00,OK,,Appears relevant
lacrosse camp westchester,CM - Nonbranded - Geo Priorities (MxCx),Lacrosse Camps,Phrase match (close variant),None,0,2,0.00,0.00,OK,,Appears relevant
hockey summer camps near me,CM - Nonbranded - Geo Priorities (MxCx),Sports Camps,Phrase match (close variant),None,0,4,0.00,0.00,OK,,Appears relevant
adhd camps for kids near me,CM - pMax - Portland (MxConv),--,Performance Max,None,0,1,0.00,0.00,OK,,Appears relevant for Portland market
nike volleyball camp,CM - pMax - Portland (MxConv),--,Performance Max,None,0,1,0.00,0.00,OK,,Appears relevant for Portland market
summer camp autism near me,CM - pMax - Portland (MxConv),--,Performance Max,None,0,1,0.00,0.00,OK,,Appears relevant for Portland market
basketball camps,CM - Nonbranded - Other Geos (MxConv),Basketball Camp,Exact match (close variant),Added,0,1,0.00,0.00,OK,,Appears relevant
tyler kolek basketball camp,CM - Nonbranded - Other Geos (MxConv),Basketball Camp,Phrase match,None,0,1,0.00,0.00,OK,,Appears relevant
nature camps long island,CM - Nonbranded - Geo Priorities (MxCx),Summer Camps,Phrase match (close variant),None,0,3,0.00,0.00,OK,,Appears relevant
camp oxford guilford,CM - Nonbranded - Geo Priorities (MxCx),Summer Camps,Phrase match (close variant),None,0,1,0.00,0.00,OK,,Appears relevant
golf summer camp near me,CM - Nonbranded - Geo Priorities (MxCx),Summer Camps,Phrase match,None,0,1,0.00,0.00,OK,,Appears relevant
summer basketball long island,CM - Nonbranded - Geo Priorities (MxCx),Basketball Camp,Exact match (close variant),None,0,4,0.00,0.00,OK,,Appears relevant
new york edge summer camp,CM - Nonbranded - Geo Priorities (MxCx),Summer Camps,Phrase match,None,0,1,0.00,0.00,OK,,Appears relevant
learn and play summer camp,CM - Nonbranded - Geo Priorities (MxCx),Soccer Camps,Phrase match (close variant),None,0,1,0.00,0.00,OK,,Appears relevant
north babylon summer camp,CM - Nonbranded - Geo Priorities (MxCx),Summer Camps,Phrase match (close variant),None,0,2,0.00,0.00,OK,,Appears relevant
day camp kids,CM - Nonbranded - Geo Priorities (MxCx),Summer Camps,Exact match (close variant),None,0,2,0.00,0.00,OK,,Appears relevant
parkour summer camp,CM - Nonbranded - Geo Priorities (MxCx),Summer Camps,Phrase match (close variant),None,0,1,0.00,0.00,OK,,Appears relevant
long island summer camps,CM - Nonbranded - Geo Priorities (MxCx),Summer Camps,Phrase match,None,0,2,0.00,0.00,OK,,Appears relevant
indoor field trips for summer camp,CM - Nonbranded - Geo Priorities (MxCx),Summer Camps,Phrase match,None,0,1,0.00,0.00,OK,,Appears relevant
volleyball courses near me,CM - Nonbranded - Geo Priorities (MxCx),Volleyball Camps,Exact match (close variant),None,2,3,5.71,0.00,OK,,Appears relevant
soccer camp long island ny,CM - Nonbranded - Geo Priorities (MxCx),Soccer Camps,Phrase match,None,0,1,0.00,0.00,OK,,Appears relevant
campwdaycamp,CM - Nonbranded - Geo Priorities (MxCx),Summer Camps,Phrase match (close variant),None,0,1,0.00,0.00,OK,,Appears relevant
summer programs for kids in long island,CM - Nonbranded - Geo Priorities (MxCx),Summer Camps,Exact match (close variant),None,0,1,0.00,0.00,OK,,Appears relevant
sachem summer camp 2026,CM - Nonbranded - Geo Priorities (MxCx),Summer Camps,Phrase match,None,0,3,0.00,0.00,OK,,Appears relevant
phelps lane day camp,CM - Nonbranded - Geo Priorities (MxCx),Summer Camps,Phrase match (close variant),None,1,2,2.96,0.00,OK,,Appears relevant
camp for kids summer,CM - Nonbranded - Geo Priorities (MxCx),Summer Camps,Exact match (close variant),None,0,2,0.00,0.00,OK,,Appears relevant
forest school summer camp near me,CM - Nonbranded - Geo Priorities (MxCx),Summer Camps,Phrase match,None,0,1,0.00,0.00,OK,,Appears relevant
montessori school summer camp near me,CM - Nonbranded - Geo Priorities (MxCx),Summer Camps,Phrase match (close variant),None,1,2,1.40,0.00,OK,,Appears relevant
points of sail,CM - pMax - Portland (MxConv),--,Performance Max,None,0,1,0.00,0.00,OK,,Appears relevant for Portland market
cheverus summer camp 2026,CM - pMax - Portland (MxConv),--,Performance Max,None,0,3,0.00,0.00,OK,,Appears relevant for Portland market
harvard softball camp,CM - pMax - Portland (MxConv),--,Performance Max,None,0,1,0.00,0.00,OK,,Appears relevant for Portland market
camps r us,CM - Competitors - OldW - (Mx.Clicks),Competitors,Exact match,Added,2,78,8.05,0.00,OK,,Competitor matched: 'camps r us'
summer camp hofstra,CM - Competitors - OldW - (Mx.Clicks),Competitors,Exact match (close variant),None,0,2,0.00,0.00,OK,,Competitor matched: 'hofstra'
driftwood summer camp,CM - Competitors - OldW - (Mx.Clicks),Competitors,Exact match (close variant),None,1,8,4.01,0.00,OK,,Competitor matched: 'driftwood'
future stars camp old westbury,CM - Branded (Mx.Clicks),Future Stars Camp Brand,Phrase match,None,3,7,5.47,0.00,OK,,Brand term matched: 'future stars'
future stars near me,CM - Branded (Mx.Clicks),Future Stars Camp Brand,Phrase match,None,1,3,3.01,0.00,OK,,Brand term matched: 'future stars'
usa gymnastics camp,CM - Nonbranded - Geo Priorities (MxCx),Sports Camps,Phrase match (close variant),None,0,2,0.00,0.00,OK,,Appears relevant
gymnastics camp long island,CM - Nonbranded - Geo Priorities (MxCx),Summer Camps,Phrase match (close variant),None,0,8,0.00,0.00,OK,,Appears relevant
summer camp hempstead ny,CM - Nonbranded - Geo Priorities (MxCx),Summer Camps,Phrase match,None,0,2,0.00,0.00,OK,,Appears relevant
southwood camp,CM - Nonbranded - Geo Priorities (MxCx),Summer Camps,Phrase match (close variant),None,0,1,0.00,0.00,OK,,Appears relevant
academic summer programs near me,CM - Nonbranded - Geo Priorities (MxCx),Summer Camps,Phrase match (close variant),None,0,1,0.00,0.00,OK,,Appears relevant
summer camps for 5 year old near me,CM - Nonbranded - Geo Priorities (MxCx),Summer Camps,Phrase match (close variant),None,0,1,0.00,0.00,OK,,Appears relevant
gyo summer camp,CM - Nonbranded - Geo Priorities (MxCx),Summer Camps,Phrase match,None,0,4,0.00,0.00,OK,,Appears relevant
soccer goalie camps summer 2026 near me,CM - Nonbranded - Geo Priorities (MxCx),Soccer Camps,Phrase match,None,1,4,2.79,0.00,OK,,Appears relevant
long island basketball training,CM - Nonbranded - Geo Priorities (MxCx),Basketball Camp,Exact match (close variant),None,0,4,0.00,0.00,OK,,Appears relevant
patchogue village summer camp,CM - Nonbranded - Geo Priorities (MxCx),Summer Camps,Phrase match (close variant),None,0,1,0.00,0.00,OK,,Appears relevant
summer camp mineola,CM - Nonbranded - Geo Priorities (MxCx),Summer Camps,Phrase match (close variant),None,0,2,0.00,0.00,OK,,Appears relevant
mcclancy summer camp,CM - Nonbranded - Geo Priorities (MxCx),Sports Camps,Phrase match (close variant),None,0,1,0.00,0.00,OK,,Appears relevant
camp sebago,CM - pMax - Portland (MxConv),--,Performance Max,None,0,2,0.00,0.00,OK,,Appears relevant for Portland market
lunches kids love,CM - pMax - Portland (MxConv),--,Performance Max,None,1,2,1.44,0.00,OK,,Appears relevant for Portland market
golf camps connecticut,CM - pMax - Portland (MxConv),--,Performance Max,None,0,2,0.00,0.00,OK,,Appears relevant for Portland market
empire baseball summer camp,CM - Nonbranded - Other Geos (MxConv),Baseball Camps,Phrase match (close variant),None,0,1,0.00,0.00,OK,,Appears relevant
summer baseball camps near me,CM - Nonbranded - Other Geos (MxConv),Baseball Camps,Exact match (close variant),None,0,1,0.00,0.00,OK,,Appears relevant
weekly summer camps,CM - Nonbranded - Other Geos (MxConv),Tennis Camps,Broad match,None,0,1,0.00,0.00,OK,,Appears relevant
kids camp near me,CM - Nonbranded - Other Geos (MxConv),Tennis Camps,Broad match,None,0,2,0.00,0.00,OK,,Appears relevant
james cook football camp,CM - Nonbranded - Geo Priorities (MxCx),Football Camps,Phrase match,None,0,1,0.00,0.00,OK,,Appears relevant
hofstra university basketball camp,CM - Nonbranded - Geo Priorities (MxCx),Basketball Camp,Phrase match,None,0,1,0.00,0.00,OK,,Appears relevant
summer camps,CM - Nonbranded - Geo Priorities (MxCx),Soccer Camps,Exact match (close variant),None,0,6,0.00,0.00,OK,,Appears relevant
notre dame lacrosse camps,CM - Nonbranded - Geo Priorities (MxCx),Lacrosse Camps,Phrase match (close variant),None,0,1,0.00,0.00,OK,,Appears relevant
gymnastics camps summer 2026 near me,CM - Nonbranded - Geo Priorities (MxCx),Sports Camps,Phrase match (close variant),None,0,1,0.00,0.00,OK,,Appears relevant
carousel camp hicksville,CM - Nonbranded - Geo Priorities (MxCx),Summer Camps,Phrase match (close variant),None,0,1,0.00,0.00,OK,,Appears relevant
girls summer basketball camp,CM - Nonbranded - Geo Priorities (MxCx),Basketball Camp,Phrase match,None,0,2,0.00,0.00,OK,,Appears relevant
nearby summer camps,CM - Nonbranded - Geo Priorities (MxCx),Summer Camps,Exact match (close variant),None,0,2,0.00,0.00,OK,,Appears relevant
camp for kids,CM - Nonbranded - Geo Priorities (MxCx),Soccer Camps,Phrase match (close variant),None,0,2,0.00,0.00,OK,,Appears relevant
full day summer camp,CM - Nonbranded - Geo Priorities (MxCx),Summer Camps,Phrase match (close variant),None,0,2,0.00,0.00,OK,,Appears relevant
camps for children,CM - Nonbranded - Geo Priorities (MxCx),Summer Camps,Phrase match (close variant),None,0,1,0.00,0.00,OK,,Appears relevant
camps for 13 year old boys near me,CM - Nonbranded - Geo Priorities (MxCx),Summer Camps,Phrase match (close variant),None,0,2,0.00,0.00,OK,,Appears relevant
summer camp in school near me,CM - Nonbranded - Geo Priorities (MxCx),Summer Camps,Exact match (close variant),None,0,1,0.00,0.00,OK,,Appears relevant
volleyball summer camps long island,CM - Nonbranded - Geo Priorities (MxCx),Summer Camps,Phrase match (close variant),None,0,1,0.00,0.00,OK,,Appears relevant
camp programs near me,CM - Nonbranded - Geo Priorities (MxCx),Summer Camps,Exact match (close variant),None,0,2,0.00,0.00,OK,,Appears relevant
part time summer camp,CM - Nonbranded - Geo Priorities (MxCx),Summer Camps,Phrase match,None,0,1,0.00,0.00,OK,,Appears relevant
summer soccer training near me,CM - Nonbranded - Geo Priorities (MxCx),Soccer Camps,Exact match (close variant),None,1,1,2.66,0.00,OK,,Appears relevant
summer camp cost,CM - Nonbranded - Geo Priorities (MxCx),Summer Camps,Phrase match,None,1,3,2.79,0.00,OK,,Appears relevant
summer camp deer park,CM - Nonbranded - Geo Priorities (MxCx),Summer Camps,Phrase match (close variant),None,0,3,0.00,0.00,OK,,Appears relevant
alm sports camp,CM - pMax - Portland (MxConv),--,Performance Max,None,0,2,0.00,0.00,OK,,Appears relevant for Portland market
summer camp,CM - pMax - Portland (MxConv),--,Performance Max,None,0,9,0.00,0.00,OK,,Appears relevant for Portland market
lightning baseball camp,CM - pMax - Portland (MxConv),--,Performance Max,None,0,1,0.00,0.00,OK,,Appears relevant for Portland market
tennis clubs westchester,CM - Nonbranded - Other Geos (MxConv),Tennis Camps,Broad match,None,0,2,0.00,0.00,OK,,Appears relevant
westchester summer camps 2026,CM - Nonbranded - Other Geos (MxConv),Tennis Camps,Broad match,None,0,4,0.00,0.00,OK,,Appears relevant
tennis camp,CM - Nonbranded - Other Geos (MxConv),Tennis Camps,Exact match,Added,2,9,17.69,0.00,OK,,Appears relevant
kenwal day camp,CM - Competitors - OldW - (Mx.Clicks),Competitors,Exact match,Added,6,41,26.83,0.00,OK,,Competitor matched: 'kenwal'
camp for the summer,CM - Nonbranded - Geo Priorities (MxCx),Summer Camps,Exact match (close variant),None,0,2,0.00,0.00,OK,,Appears relevant
summer programs for kids,CM - Nonbranded - Geo Priorities (MxCx),Soccer Camps,Phrase match (close variant),None,1,7,2.98,0.00,OK,,Appears relevant
ninja warrior camp,CM - Nonbranded - Geo Priorities (MxCx),Sports Camps,Phrase match (close variant),None,0,5,0.00,0.00,OK,,Appears relevant
multi sport camp near me,CM - Nonbranded - Geo Priorities (MxCx),Soccer Camps,Phrase match (close variant),None,0,1,0.00,0.00,OK,,Appears relevant
boys summer camp,CM - Nonbranded - Geo Priorities (MxCx),Summer Camps,Phrase match (close variant),None,0,2,0.00,0.00,OK,,Appears relevant
summer sports day camps near me,CM - Nonbranded - Geo Priorities (MxCx),Sports Camps,Exact match (close variant),None,0,1,0.00,0.00,OK,,Appears relevant
august summer camps,CM - Nonbranded - Geo Priorities (MxCx),Summer Camps,Phrase match (close variant),None,0,3,0.00,0.00,OK,,Appears relevant
summer camp swimming near me,CM - Nonbranded - Geo Priorities (MxCx),Summer Camps,Phrase match,None,0,1,0.00,0.00,OK,,Appears relevant
atletico summer camp,CM - Nonbranded - Geo Priorities (MxCx),Soccer Camps,Phrase match (close variant),None,0,1,0.00,0.00,OK,,Appears relevant
art camps,CM - Nonbranded - Geo Priorities (MxCx),Summer Camps,Phrase match (close variant),None,0,1,0.00,0.00,OK,,Appears relevant
best summer camp in long island,CM - Nonbranded - Geo Priorities (MxCx),Summer Camps,Exact match (close variant),None,1,1,2.43,0.00,OK,,Appears relevant
st francis prep volleyball camp,CM - Nonbranded - Geo Priorities (MxCx),Volleyball Camps,Phrase match,None,0,1,0.00,0.00,OK,,Appears relevant
south shore camp,CM - Nonbranded - Geo Priorities (MxCx),Summer Camps,Phrase match (close variant),None,0,3,0.00,0.00,OK,,Appears relevant
boys lacrosse camps summer 2026,CM - Nonbranded - Geo Priorities (MxCx),Lacrosse Camps,Phrase match,None,0,4,0.00,0.00,OK,,Appears relevant
hofstra summer basketball camp,CM - Nonbranded - Geo Priorities (MxCx),Basketball Camp,Phrase match,None,1,1,2.87,0.00,OK,,Appears relevant
volleyball summer camps long island,CM - Nonbranded - Geo Priorities (MxCx),Summer Camps,Phrase match,None,1,7,2.81,0.00,OK,,Appears relevant
basketball camps near me,CM - Nonbranded - Geo Priorities (MxCx),Basketball Camp,Exact match (close variant),Added,0,3,0.00,0.00,OK,,Appears relevant
hofstra baseball summer camp,CM - Nonbranded - Geo Priorities (MxCx),Summer Camps,Phrase match,None,0,1,0.00,0.00,OK,,Appears relevant
little gym summer camp,CM - Nonbranded - Geo Priorities (MxCx),Summer Camps,Phrase match (close variant),None,0,1,0.00,0.00,OK,,Appears relevant
compass summer camp,CM - Nonbranded - Geo Priorities (MxCx),Summer Camps,Phrase match,None,0,1,0.00,0.00,OK,,Appears relevant
kids soccer ball,CM - pMax - Portland (MxConv),--,Performance Max,None,0,1,0.00,0.00,OK,,Appears relevant for Portland market
summer stem programs for elementary students,CM - pMax - Portland (MxConv),--,Performance Max,None,0,1,0.00,0.00,OK,,Appears relevant for Portland market
basketball camp scarborough,CM - Nonbranded - Other Geos (MxConv),Basketball Camp,Phrase match,None,1,2,3.82,0.00,OK,,Appears relevant
fc westchester summer camp,CM - Nonbranded - Other Geos (MxConv),Football Camps,Phrase match (close variant),None,0,2,0.00,0.00,OK,,Appears relevant
kids tennis company,CM - Nonbranded - Other Geos (MxConv),Tennis Camps,Broad match,None,0,1,0.00,0.00,OK,,Appears relevant
baseball camp,CM - Nonbranded - Other Geos (MxConv),Baseball Camps,Exact match (close variant),None,0,1,0.00,0.00,OK,,Appears relevant
camp hillard scarsdale,CM - Nonbranded - Geo Priorities (MxCx),Summer Camps,Phrase match (close variant),None,0,4,0.00,0.00,OK,,Appears relevant
camps for kids near me,CM - Nonbranded - Geo Priorities (MxCx),Summer Camps,Phrase match (close variant),None,0,1,0.00,0.00,OK,,Appears relevant
how much is camp pontiac,CM - Nonbranded - Geo Priorities (MxCx),Summer Camps,Phrase match (close variant),None,0,2,0.00,0.00,OK,,Appears relevant
summer soccer clinic,CM - Nonbranded - Geo Priorities (MxCx),Soccer Camps,Exact match (close variant),None,0,1,0.00,0.00,OK,,Appears relevant
yes usa summer camp,CM - Nonbranded - Geo Priorities (MxCx),Summer Camps,Phrase match (close variant),None,0,1,0.00,0.00,OK,,Appears relevant
art camps on long island,CM - Nonbranded - Geo Priorities (MxCx),Summer Camps,Phrase match (close variant),None,0,5,0.00,0.00,OK,,Appears relevant
soccer camps for teens,CM - Nonbranded - Geo Priorities (MxCx),Soccer Camps,Phrase match,None,1,3,2.72,0.00,OK,,Appears relevant
half day camp near me,CM - Nonbranded - Geo Priorities (MxCx),Summer Camps,Phrase match (close variant),Added,0,3,0.00,0.00,OK,,Appears relevant
summer basketball,CM - Nonbranded - Geo Priorities (MxCx),Basketball Camp,Phrase match (close variant),None,0,1,0.00,0.00,OK,,Appears relevant
lacrosse for 5 year olds near me,CM - Nonbranded - Geo Priorities (MxCx),Lacrosse Camps,Phrase match (close variant),None,0,1,0.00,0.00,OK,,Appears relevant
camp wah nee,CM - Nonbranded - Geo Priorities (MxCx),Summer Camps,Phrase match (close variant),None,0,2,0.00,0.00,OK,,Appears relevant
power skating camp,CM - Nonbranded - Geo Priorities (MxCx),Sports Camps,Phrase match (close variant),None,0,1,0.00,0.00,OK,,Appears relevant
flexwork sports camps,CM - Nonbranded - Geo Priorities (MxCx),Sports Camps,Phrase match,None,0,1,0.00,0.00,OK,,Appears relevant
acting summer camp near me,CM - Nonbranded - Geo Priorities (MxCx),Summer Camps,Phrase match,None,0,4,0.00,0.00,OK,,Appears relevant
gymnastic camp,CM - Nonbranded - Geo Priorities (MxCx),Summer Camps,Phrase match (close variant),None,0,4,0.00,0.00,OK,,Appears relevant
summer programs for 8 year olds near me,CM - Nonbranded - Geo Priorities (MxCx),Summer Camps,Phrase match (close variant),None,0,1,0.00,0.00,OK,,Appears relevant
summer camp for 3 year olds,CM - Nonbranded - Geo Priorities (MxCx),Summer Camps,Phrase match,None,0,2,0.00,0.00,OK,,Appears relevant
friar summer camps,CM - Nonbranded - Geo Priorities (MxCx),Sports Camps,Phrase match (close variant),None,0,3,0.00,0.00,OK,,Appears relevant
uri football camp,CM - pMax - Portland (MxConv),--,Performance Max,None,0,1,0.00,0.00,OK,,Appears relevant for Portland market
summer camp 2026 near me,CM - Nonbranded - Other Geos (MxConv),Tennis Camps,Broad match,None,0,1,0.00,0.00,OK,,Appears relevant
esf tennis,CM - Nonbranded - Other Geos (MxConv),Tennis Camps,Phrase match (close variant),None,0,1,0.00,0.00,OK,,Appears relevant
summer camps in westchester ny,CM - Nonbranded - Other Geos (MxConv),Tennis Camps,Broad match,None,0,2,0.00,0.00,OK,,Appears relevant
tennis center near me,CM - Nonbranded - Other Geos (MxConv),Tennis Camps,Broad match,None,0,2,0.00,0.00,OK,,Appears relevant
westhampton summer camp,CM - Nonbranded - Other Geos (MxConv),Tennis Camps,Broad match,None,1,7,0.87,0.00,OK,,Appears relevant
sports hub long island,CM - Competitors - OldW - (Mx.Clicks),Competitors,Exact match (close variant),None,0,1,0.00,0.00,OK,,Competitor matched: 'sports hub long island'
future stars coupon,CM - Branded (Mx.Clicks),Future Stars Camp Brand,Phrase match,None,0,2,0.00,0.00,OK,,Brand term matched: 'future stars'
summer camp for teens near me,CM - Nonbranded - Geo Priorities (MxCx),Summer Camps,Phrase match,None,0,4,0.00,0.00,OK,,Appears relevant
cheer stunt camps near me,CM - Nonbranded - Geo Priorities (MxCx),Summer Camps,Phrase match (close variant),None,0,2,0.00,0.00,OK,,Appears relevant
soccer clinic near me,CM - Nonbranded - Geo Priorities (MxCx),Soccer Camps,Phrase match (close variant),None,1,2,1.73,0.00,OK,,Appears relevant
booster camp smithtown,CM - Nonbranded - Geo Priorities (MxCx),Sports Camps,Phrase match (close variant),None,0,1,0.00,0.00,OK,,Appears relevant
lifetime camps for kids,CM - Nonbranded - Geo Priorities (MxCx),Soccer Camps,Phrase match (close variant),None,0,1,0.00,0.00,OK,,Appears relevant
kidscamp near me,CM - Nonbranded - Geo Priorities (MxCx),Summer Camps,Phrase match (close variant),None,1,2,2.71,0.00,OK,,Appears relevant
longwood summer camp,CM - Nonbranded - Geo Priorities (MxCx),Summer Camps,Phrase match (close variant),None,0,1,0.00,0.00,OK,,Appears relevant
musical summer camp,CM - Nonbranded - Geo Priorities (MxCx),Summer Camps,Phrase match,None,0,3,0.00,0.00,OK,,Appears relevant
camp near me for kids,CM - Nonbranded - Geo Priorities (MxCx),Summer Camps,Exact match (close variant),None,0,11,0.00,0.00,OK,,Appears relevant
summer camps in garden city ny,CM - Nonbranded - Geo Priorities (MxCx),Soccer Camps,Phrase match (close variant),None,0,1,0.00,0.00,OK,,Appears relevant
gymnastics camp,CM - Nonbranded - Geo Priorities (MxCx),Sports Camps,Phrase match (close variant),None,1,15,2.76,0.08,OK,,Appears relevant
baseball camps near me 2026,CM - Nonbranded - Geo Priorities (MxCx),Summer Camps,Phrase match (close variant),None,0,3,0.00,0.00,OK,,Appears relevant
august summer camp,CM - Nonbranded - Geo Priorities (MxCx),Summer Camps,Phrase match,None,0,2,0.00,0.00,OK,,Appears relevant
wantagh park summer camp,CM - Nonbranded - Geo Priorities (MxCx),Soccer Camps,Phrase match (close variant),None,0,4,0.00,0.00,OK,,Appears relevant
eybl summer camp,CM - Nonbranded - Geo Priorities (MxCx),Basketball Camp,Phrase match (close variant),None,0,1,0.00,0.00,OK,,Appears relevant
summer camp portland maine,CM - pMax - Portland (MxConv),--,Performance Max,None,1,5,2.27,0.00,OK,,Appears relevant for Portland market
luhi summer camp,CM - Competitors - OldW - (Mx.Clicks),Competitors,Exact match,Added,16,196,69.40,0.00,OK,,Competitor matched: 'luhi'
farmingdale college summer camp,CM - Nonbranded - Geo Priorities (MxCx),Sports Camps,Phrase match (close variant),None,1,1,2.87,0.00,OK,,Appears relevant
half day summer camps near me,CM - Nonbranded - Geo Priorities (MxCx),Summer Camps,Phrase match,None,1,4,2.80,0.00,OK,,Appears relevant
camp wilbur herrlich,CM - Nonbranded - Geo Priorities (MxCx),Summer Camps,Phrase match (close variant),None,0,1,0.00,0.00,OK,,Appears relevant
camp for 3 year old,CM - Nonbranded - Geo Priorities (MxCx),Summer Camps,Phrase match (close variant),None,0,2,0.00,0.00,OK,,Appears relevant
all stars camp,CM - Nonbranded - Geo Priorities (MxCx),Sports Camps,Phrase match (close variant),None,1,3,1.84,0.00,OK,,Appears relevant
camps nassau county,CM - Nonbranded - Geo Priorities (MxCx),Summer Camps,Phrase match (close variant),None,0,3,0.00,0.00,OK,,Appears relevant
camp cummings brewster ny,CM - Nonbranded - Geo Priorities (MxCx),Summer Camps,Phrase match (close variant),None,0,2,0.00,0.00,OK,,Appears relevant
liu soccer camp,CM - Nonbranded - Geo Priorities (MxCx),Summer Camps,Phrase match (close variant),None,0,8,0.00,0.00,OK,,Appears relevant
summer camp for 18 month olds,CM - Nonbranded - Geo Priorities (MxCx),Summer Camps,Phrase match,None,0,1,0.00,0.00,OK,,Appears relevant
game 7 basketball camp,CM - Nonbranded - Geo Priorities (MxCx),Basketball Camp,Phrase match,None,0,4,0.00,0.00,OK,,Appears relevant
camps for teens,CM - Nonbranded - Geo Priorities (MxCx),Summer Camps,Phrase match (close variant),None,0,8,0.00,0.00,OK,,Appears relevant
multisports camp near me,CM - Nonbranded - Geo Priorities (MxCx),Summer Camps,Phrase match (close variant),None,0,1,0.00,0.00,OK,,Appears relevant
sportspro summer camp,CM - Nonbranded - Geo Priorities (MxCx),Sports Camps,Phrase match (close variant),None,0,1,0.00,0.00,OK,,Appears relevant
spartan camp for kids,CM - Nonbranded - Geo Priorities (MxCx),Summer Camps,Phrase match,None,0,1,0.00,0.00,OK,,Appears relevant
basketball camp westchester,CM - Nonbranded - Geo Priorities (MxCx),Basketball Camp,Phrase match,None,0,2,0.00,0.00,OK,,Appears relevant
ecology center camp,CM - Nonbranded - Geo Priorities (MxCx),Summer Camps,Phrase match (close variant),None,0,2,0.00,0.00,OK,,Appears relevant
wildcat summer camp 2026,CM - Nonbranded - Geo Priorities (MxCx),Sports Camps,Phrase match (close variant),None,0,1,0.00,0.00,OK,,Appears relevant
soccer stars,CM - pMax - Portland (MxConv),--,Performance Max,None,0,1,0.00,0.00,OK,,Appears relevant for Portland market
summer learning camps near me,CM - Nonbranded - Other Geos (MxConv),Tennis Camps,Broad match,None,0,1,0.00,0.00,OK,,Appears relevant
jazz chisholm baseball camp,CM - Nonbranded - Other Geos (MxConv),Baseball Camps,Phrase match (close variant),None,0,2,0.00,0.00,OK,,Appears relevant
future stars hamptons,CM - Branded (Mx.Clicks),Future Stars Camp Brand,Phrase match,None,1,1,1.95,0.00,OK,,Brand term matched: 'future stars'
soccer camps long island,CM - Nonbranded - Geo Priorities (MxCx),Summer Camps,Phrase match (close variant),None,0,2,0.00,0.00,OK,,Appears relevant
summer day camp,CM - Nonbranded - Geo Priorities (MxCx),Summer Camps,Exact match (close variant),None,0,3,0.00,0.00,OK,,Appears relevant
red door summer camp,CM - Nonbranded - Geo Priorities (MxCx),Summer Camps,Phrase match (close variant),None,0,1,0.00,0.00,OK,,Appears relevant
summer track camp near me,CM - Nonbranded - Geo Priorities (MxCx),Sports Camps,Phrase match (close variant),None,0,1,0.00,0.00,OK,,Appears relevant
summer camps for 12 year olds near me,CM - Nonbranded - Geo Priorities (MxCx),Summer Camps,Phrase match (close variant),None,0,1,0.00,0.00,OK,,Appears relevant
summer swim camps near me,CM - Nonbranded - Geo Priorities (MxCx),Summer Camps,Phrase match,None,0,2,0.00,0.00,OK,,Appears relevant
great neck summer camp,CM - Nonbranded - Geo Priorities (MxCx),Summer Camps,Phrase match,None,0,2,0.00,0.00,OK,,Appears relevant
roslyn summer camp,CM - Nonbranded - Geo Priorities (MxCx),Summer Camps,Phrase match,None,0,3,0.00,0.00,OK,,Appears relevant
hofstra university summer camps,CM - Nonbranded - Geo Priorities (MxCx),Summer Camps,Phrase match,None,0,1,0.00,0.00,OK,,Appears relevant
running camps,CM - Nonbranded - Geo Priorities (MxCx),Sports Camps,Phrase match (close variant),None,0,1,0.00,0.00,OK,,Appears relevant
little gym summer camp,CM - Nonbranded - Geo Priorities (MxCx),Summer Camps,Phrase match,None,0,1,0.00,0.00,OK,,Appears relevant
buckley summer camp 2026,CM - Nonbranded - Geo Priorities (MxCx),Summer Camps,Phrase match,None,0,1,0.00,0.00,OK,,Appears relevant
swim camp long island,CM - Nonbranded - Geo Priorities (MxCx),Summer Camps,Phrase match (close variant),None,1,8,2.69,0.00,OK,,Appears relevant
new hyde park summer camps,CM - Nonbranded - Geo Priorities (MxCx),Summer Camps,Phrase match,None,0,1,0.00,0.00,OK,,Appears relevant
camps for kindergarteners,CM - Nonbranded - Geo Priorities (MxCx),Summer Camps,Phrase match,None,0,2,0.00,0.00,OK,,Appears relevant
camp,CM - pMax - Portland (MxConv),--,Performance Max,None,0,1,0.00,0.00,OK,,Appears relevant for Portland market
gotham tennis camp,CM - pMax - Portland (MxConv),--,Performance Max,None,0,2,0.00,0.00,OK,,Appears relevant for Portland market
salt pump summer camp,CM - pMax - Portland (MxConv),--,Performance Max,None,0,1,0.00,0.00,OK,,Appears relevant for Portland market
westchester tennis camp,CM - Nonbranded - Other Geos (MxConv),Tennis Camps,Phrase match,None,0,2,0.00,0.00,OK,,Appears relevant
future stars summer camps suffolk,CM - Branded (Mx.Clicks),Future Stars Camp Brand,Phrase match,None,1,1,2.13,0.00,OK,,Brand term matched: 'future stars'
concord recreation camp,CM - pMax - Portland (MxConv),--,Performance Max,None,0,1,0.00,0.00,OK,,Appears relevant for Portland market
basketball summer camp long island,CM - Nonbranded - Geo Priorities (MxCx),Basketball Camp,Exact match (close variant),None,0,4,0.00,0.00,OK,,Appears relevant
art summer camp,CM - Nonbranded - Geo Priorities (MxCx),Summer Camps,Phrase match (close variant),None,1,4,2.88,0.00,OK,,Appears relevant
sport camp,CM - Nonbranded - Geo Priorities (MxCx),Sports Camps,Exact match (close variant),None,0,2,0.00,0.00,OK,,Appears relevant
camp juniper,CM - Nonbranded - Geo Priorities (MxCx),Summer Camps,Phrase match (close variant),None,0,1,0.00,0.00,OK,,Appears relevant
mens soccer camps,CM - Nonbranded - Geo Priorities (MxCx),Soccer Camps,Phrase match,None,0,2,0.00,0.00,OK,,Appears relevant
wildcat summer camp,CM - Nonbranded - Geo Priorities (MxCx),Summer Camps,Phrase match,None,0,1,0.00,0.00,OK,,Appears relevant
summer camp at hofstra university,CM - Nonbranded - Geo Priorities (MxCx),Summer Camps,Phrase match,None,0,1,0.00,0.00,OK,,Appears relevant
summer tech camp,CM - Nonbranded - Geo Priorities (MxCx),Summer Camps,Phrase match,None,1,2,2.80,0.00,OK,,Appears relevant
basketball camp near me,CM - Nonbranded - Geo Priorities (MxCx),Basketball Camp,Exact match (close variant),Added,8,36,19.84,0.00,OK,,Appears relevant
armonk tennis club camp,CM - Nonbranded - Geo Priorities (MxCx),Summer Camps,Phrase match (close variant),None,0,1,0.00,0.00,OK,,Appears relevant
summer camp 3 years old near me,CM - Nonbranded - Geo Priorities (MxCx),Summer Camps,Phrase match,None,0,1,0.00,0.00,OK,,Appears relevant
pickleball summer camp for kids near me,CM - Nonbranded - Geo Priorities (MxCx),Sports Camps,Phrase match (close variant),None,0,2,0.00,0.00,OK,,Appears relevant
summer softball camps,CM - Nonbranded - Geo Priorities (MxCx),Softball Camps,Exact match (close variant),None,0,1,0.00,0.00,OK,,Appears relevant
cali volleyball summer camp,CM - Nonbranded - Geo Priorities (MxCx),Volleyball Camps,Phrase match,None,1,4,2.74,0.00,OK,,Appears relevant
smithtown booster camps,CM - Nonbranded - Geo Priorities (MxCx),Sports Camps,Phrase match (close variant),None,0,2,0.00,0.00,OK,,Appears relevant
camps in suffolk county,CM - Nonbranded - Geo Priorities (MxCx),Summer Camps,Phrase match (close variant),None,0,3,0.00,0.00,OK,,Appears relevant
summer camp soccer,CM - Nonbranded - Geo Priorities (MxCx),Soccer Camps,Exact match (close variant),None,0,2,0.00,0.00,OK,,Appears relevant
summer camps for 4 year olds near me,CM - Nonbranded - Geo Priorities (MxCx),Summer Camps,Phrase match (close variant),None,1,2,2.92,0.00,OK,,Appears relevant
badger day camp larchmont,CM - Nonbranded - Geo Priorities (MxCx),Summer Camps,Phrase match (close variant),None,0,2,0.00,0.00,OK,,Appears relevant
star summer camp,CM - Nonbranded - Other Geos (MxConv),Tennis Camps,Broad match,None,0,4,0.00,0.00,OK,,Appears relevant
tennis instruction,CM - Nonbranded - Other Geos (MxConv),Tennis Camps,Broad match,None,0,3,0.00,0.00,OK,,Appears relevant
cooper flagg basketball camp 2026,CM - Nonbranded - Other Geos (MxConv),Basketball Camp,Phrase match,None,0,1,0.00,0.00,OK,,Appears relevant
basketball camp,CM - Nonbranded - Other Geos (MxConv),Basketball Camp,Exact match,Added,2,14,1.95,0.00,OK,,Appears relevant
sports camps near me,CM - pMax - Portland (MxConv),--,Performance Max,None,2,3,5.08,0.00,OK,,Appears relevant for Portland market
soccer camps near me,CM - pMax - Portland (MxConv),--,Performance Max,None,0,2,0.00,0.00,OK,,Appears relevant for Portland market
kids summer camps near me,CM - pMax - Portland (MxConv),--,Performance Max,None,0,2,0.00,0.00,OK,,Appears relevant for Portland market
flag football camp summer 2026,CM - Nonbranded - Geo Priorities (MxCx),Football Camps,Phrase match,None,0,1,0.00,0.00,OK,,Appears relevant
summer camp smithtown ny,CM - Nonbranded - Geo Priorities (MxCx),Summer Camps,Phrase match (close variant),None,0,1,0.00,0.00,OK,,Appears relevant
indoor soccer camp,CM - Nonbranded - Geo Priorities (MxCx),Soccer Camps,Phrase match,None,1,3,2.23,0.00,OK,,Appears relevant
summer day camps near me,CM - Nonbranded - Geo Priorities (MxCx),Summer Camps,Exact match (close variant),None,2,8,5.43,0.00,OK,,Appears relevant
summer camp organization,CM - Nonbranded - Geo Priorities (MxCx),Summer Camps,Phrase match,None,0,1,0.00,0.00,OK,,Appears relevant
upenn football camps,CM - Nonbranded - Geo Priorities (MxCx),Football Camps,Phrase match,None,0,1,0.00,0.00,OK,,Appears relevant
long island summer camp,CM - Nonbranded - Geo Priorities (MxCx),Summer Camps,Exact match (close variant),Added,0,3,0.00,0.00,OK,,Appears relevant
summer soccer camps for kids,CM - Nonbranded - Geo Priorities (MxCx),Soccer Camps,Exact match (close variant),None,0,1,0.00,0.00,OK,,Appears relevant
hempstead summer camp,CM - Nonbranded - Geo Priorities (MxCx),Summer Camps,Phrase match (close variant),None,0,11,0.00,0.00,OK,,Appears relevant
football camps ny,CM - Nonbranded - Geo Priorities (MxCx),Football Camps,Exact match (close variant),None,0,1,0.00,0.00,OK,,Appears relevant
all american basketball camp long island,CM - Nonbranded - Geo Priorities (MxCx),Basketball Camp,Phrase match,None,0,1,0.00,0.00,OK,,Appears relevant
summer youth camp,CM - Nonbranded - Geo Priorities (MxCx),Summer Camps,Exact match (close variant),None,0,1,0.00,0.00,OK,,Appears relevant
camp crestwood ny,CM - Nonbranded - Geo Priorities (MxCx),Summer Camps,Phrase match (close variant),None,0,1,0.00,0.00,OK,,Appears relevant
summer camp,CM - Nonbranded - Geo Priorities (MxCx),Summer Camps,Exact match (close variant),Added,0,28,0.00,0.00,OK,,Appears relevant
summer camp for 4 year olds near me,CM - Nonbranded - Geo Priorities (MxCx),Summer Camps,Phrase match,None,0,6,0.00,0.00,OK,,Appears relevant
lake grove camp,CM - Nonbranded - Geo Priorities (MxCx),Summer Camps,Phrase match (close variant),None,0,3,0.00,0.00,OK,,Appears relevant
summer camp,CM - Nonbranded - Geo Priorities (MxCx),Summer Camps,Exact match,Added,5,138,13.91,0.00,OK,,Appears relevant
ny edge summer camp,CM - Nonbranded - Geo Priorities (MxCx),Summer Camps,Phrase match (close variant),None,1,1,2.88,0.00,OK,,Appears relevant
summer camp riverhead ny,CM - Nonbranded - Geo Priorities (MxCx),Summer Camps,Phrase match,None,0,2,0.00,0.00,OK,,Appears relevant
catching camps near me,CM - Nonbranded - Geo Priorities (MxCx),Sports Camps,Phrase match (close variant),None,0,1,0.00,0.00,OK,,Appears relevant
stonybrook soccer camp,CM - Nonbranded - Geo Priorities (MxCx),Soccer Camps,Phrase match,None,0,2,0.00,0.00,OK,,Appears relevant
pitching clinics near me softball,CM - Nonbranded - Other Geos (MxConv),Softball Camps,Phrase match (close variant),None,0,2,0.00,0.00,OK,,Appears relevant
junior celtics summer camp,CM - Nonbranded - Other Geos (MxConv),Basketball Camp,Phrase match (close variant),None,0,2,0.00,0.00,OK,,Appears relevant
harrison summer camp,CM - Nonbranded - Other Geos (MxConv),Tennis Camps,Broad match,None,0,1,0.00,0.00,OK,,Appears relevant
football camp for teens near me,CM - Nonbranded - Other Geos (MxConv),Football Camps,Phrase match,None,0,1,0.00,0.00,OK,,Appears relevant
st joes basketball camp,CM - Nonbranded - Other Geos (MxConv),Basketball Camp,Phrase match,None,1,1,4.91,0.00,OK,,Appears relevant
ymca explorers camp,CM - pMax - Portland (MxConv),--,Performance Max,None,0,2,0.00,0.00,OK,,Appears relevant for Portland market
tennis racquet sizes,CM - pMax - Portland (MxConv),--,Performance Max,None,1,1,1.26,0.00,OK,,Appears relevant for Portland market
youth tennis racket sizing,CM - pMax - Portland (MxConv),--,Performance Max,None,0,2,0.00,0.00,OK,,Appears relevant for Portland market
brookdale college summer camp,CM - Nonbranded - Geo Priorities (MxCx),Summer Camps,Phrase match,None,0,1,0.00,0.00,OK,,Appears relevant
boys camp,CM - Nonbranded - Geo Priorities (MxCx),Summer Camps,Phrase match (close variant),None,0,3,0.00,0.00,OK,,Appears relevant
summer camps 2026,CM - Nonbranded - Geo Priorities (MxCx),Summer Camps,Phrase match,None,0,3,0.00,0.00,OK,,Appears relevant
kings park summer camps,CM - Nonbranded - Geo Priorities (MxCx),Summer Camps,Phrase match,None,0,1,0.00,0.00,OK,,Appears relevant
rising stars summer camp,CM - Nonbranded - Geo Priorities (MxCx),Sports Camps,Phrase match (close variant),None,0,1,0.00,0.00,OK,,Appears relevant
football camps,CM - Nonbranded - Geo Priorities (MxCx),Football Camps,Exact match (close variant),Added,0,4,0.00,0.00,OK,,Appears relevant
soccer camp july 2026,CM - Nonbranded - Geo Priorities (MxCx),Soccer Camps,Phrase match,None,0,2,0.00,0.00,OK,,Appears relevant
swimming camps,CM - Nonbranded - Geo Priorities (MxCx),Summer Camps,Phrase match (close variant),None,0,3,0.00,0.00,OK,,Appears relevant
campminder kinder ring,CM - Nonbranded - Geo Priorities (MxCx),Summer Camps,Phrase match (close variant),None,0,1,0.00,0.00,OK,,Appears relevant
kid strong camp,CM - Nonbranded - Geo Priorities (MxCx),Summer Camps,Phrase match (close variant),None,0,2,0.00,0.00,OK,,Appears relevant
camps in long island,CM - Nonbranded - Geo Priorities (MxCx),Summer Camps,Phrase match (close variant),None,0,1,0.00,0.00,OK,,Appears relevant
dance camp,CM - Nonbranded - Geo Priorities (MxCx),Dance Camps,Phrase match (close variant),None,0,13,0.00,0.00,OK,,Appears relevant
summer camps for 10 year olds,CM - Nonbranded - Geo Priorities (MxCx),Summer Camps,Phrase match,None,0,1,0.00,0.00,OK,,Appears relevant
summer programs for kids near me,CM - Nonbranded - Geo Priorities (MxCx),Summer Camps,Phrase match (close variant),None,0,1,0.00,0.00,OK,,Appears relevant
kids summer camp long island,CM - Nonbranded - Geo Priorities (MxCx),Summer Camps,Exact match (close variant),None,0,2,0.00,0.00,OK,,Appears relevant
summer programs for 4 year old,CM - Nonbranded - Geo Priorities (MxCx),Summer Camps,Phrase match (close variant),None,0,2,0.00,0.00,OK,,Appears relevant
golf camp for girls,CM - Nonbranded - Geo Priorities (MxCx),Summer Camps,Phrase match (close variant),None,0,2,0.00,0.00,OK,,Appears relevant
carousel day camp hicksville,CM - Nonbranded - Geo Priorities (MxCx),Summer Camps,Phrase match (close variant),None,0,4,0.00,0.00,OK,,Appears relevant
summer camp rego park,CM - Nonbranded - Geo Priorities (MxCx),Summer Camps,Phrase match,None,0,3,0.00,0.00,OK,,Appears relevant
kids tennis racket size guide,CM - pMax - Portland (MxConv),--,Performance Max,None,0,2,0.00,0.00,OK,,Appears relevant for Portland market
serious fun camps,CM - pMax - Portland (MxConv),--,Performance Max,None,0,1,0.00,0.00,OK,,Appears relevant for Portland market
leadership camp,CM - pMax - Portland (MxConv),--,Performance Max,None,0,1,0.00,0.00,OK,,Appears relevant for Portland market
centereach pool camp,CM - Nonbranded - Geo Priorities (MxCx),Summer Camps,Phrase match (close variant),None,0,5,0.00,0.00,OK,,Appears relevant
kids strong camp,CM - Nonbranded - Geo Priorities (MxCx),Sports Camps,Phrase match (close variant),None,0,4,0.00,0.00,OK,,Appears relevant
wantagh park summer camp 2026,CM - Nonbranded - Geo Priorities (MxCx),Summer Camps,Phrase match (close variant),None,0,8,0.00,0.00,OK,,Appears relevant
luhi basketball summer camp,CM - Nonbranded - Geo Priorities (MxCx),Basketball Camp,Phrase match,None,0,2,0.00,0.00,OK,,Appears relevant
merrick summer camp,CM - Nonbranded - Geo Priorities (MxCx),Summer Camps,Phrase match,None,2,4,5.56,0.00,OK,,Appears relevant
summer soccer programs for kids,CM - Nonbranded - Geo Priorities (MxCx),Soccer Camps,Exact match (close variant),None,0,2,0.00,0.00,OK,,Appears relevant
camps in westchester,CM - Nonbranded - Geo Priorities (MxCx),Summer Camps,Phrase match (close variant),None,0,2,0.00,0.00,OK,,Appears relevant
future 500 soccer id camps,CM - Nonbranded - Geo Priorities (MxCx),Soccer Camps,Phrase match,None,0,1,0.00,0.00,OK,,Appears relevant
camps for basketball,CM - Nonbranded - Geo Priorities (MxCx),Basketball Camp,Exact match (close variant),None,0,1,0.00,0.00,OK,,Appears relevant
weekend summer camp,CM - Nonbranded - Geo Priorities (MxCx),Summer Camps,Phrase match,None,0,2,0.00,0.00,OK,,Appears relevant
gymnastics camp near me,CM - Nonbranded - Geo Priorities (MxCx),Summer Camps,Phrase match (close variant),None,1,7,2.77,0.00,OK,,Appears relevant
camp avnet near me,CM - Nonbranded - Geo Priorities (MxCx),Summer Camps,Phrase match (close variant),None,0,1,0.00,0.00,OK,,Appears relevant
southampton day camp ny,CM - Nonbranded - Other Geos (MxConv),Tennis Camps,Broad match,None,0,1,0.00,0.00,OK,,Appears relevant
basketball camp for kids near me,CM - Nonbranded - Other Geos (MxConv),Basketball Camp,Exact match (close variant),None,0,7,0.00,0.00,OK,,Appears relevant
city lax summer camp,CM - Nonbranded - Other Geos (MxConv),Lacrosse Camps,Exact match (close variant),None,0,1,0.00,0.00,OK,,Appears relevant
waynflete summer,CM - pMax - Portland (MxConv),--,Performance Max,None,0,1,0.00,0.00,OK,,Appears relevant for Portland market
ycamp of maine,CM - pMax - Portland (MxConv),--,Performance Max,None,0,2,0.00,0.00,OK,,Appears relevant for Portland market
future stars camps,CM - Branded (Mx.Clicks),Future Stars Camp Brand,Exact match (close variant),None,1,7,1.99,0.00,OK,,Brand term matched: 'future stars'
day camps in the hamptons,CM - Nonbranded - Geo Priorities (MxCx),Summer Camps,Phrase match (close variant),None,0,2,0.00,0.00,OK,,Appears relevant
teen camp,CM - Nonbranded - Geo Priorities (MxCx),Summer Camps,Phrase match (close variant),Added,0,4,0.00,0.00,OK,,Appears relevant
gymnastics summer camp long island,CM - Nonbranded - Geo Priorities (MxCx),Summer Camps,Phrase match,None,0,1,0.00,0.00,OK,,Appears relevant
basketball camp summer,CM - Nonbranded - Geo Priorities (MxCx),Basketball Camp,Exact match (close variant),None,1,3,2.79,0.00,OK,,Appears relevant
birchmont camp,CM - Nonbranded - Geo Priorities (MxCx),Summer Camps,Phrase match (close variant),None,0,2,0.00,0.00,OK,,Appears relevant
smithtown recreation summer camp,CM - Nonbranded - Geo Priorities (MxCx),Summer Camps,Phrase match,None,0,2,0.00,0.00,OK,,Appears relevant
summer athletic camps near me,CM - Nonbranded - Geo Priorities (MxCx),Summer Camps,Phrase match,None,0,1,0.00,0.00,OK,,Appears relevant
dance camps summer 2026,CM - Nonbranded - Geo Priorities (MxCx),Dance Camps,Phrase match,None,0,3,0.00,0.00,OK,,Appears relevant
basketball camps for kids,CM - Nonbranded - Geo Priorities (MxCx),Basketball Camp,Phrase match (close variant),Added,0,3,0.00,0.00,OK,,Appears relevant
arts and crafts summer camps near me,CM - Nonbranded - Geo Priorities (MxCx),Summer Camps,Phrase match,None,0,1,0.00,0.00,OK,,Appears relevant
camp near me,CM - Nonbranded - Geo Priorities (MxCx),Summer Camps,Phrase match (close variant),None,1,26,2.21,0.00,OK,,Appears relevant
camps for boys,CM - Nonbranded - Geo Priorities (MxCx),Summer Camps,Phrase match (close variant),None,0,2,0.00,0.00,OK,,Appears relevant
5 year old summer camp,CM - Nonbranded - Geo Priorities (MxCx),Summer Camps,Phrase match,None,0,1,0.00,0.00,OK,,Appears relevant
frost valley camp,CM - Nonbranded - Geo Priorities (MxCx),Summer Camps,Phrase match (close variant),None,0,1,0.00,0.00,OK,,Appears relevant
silver stars camp,CM - Nonbranded - Geo Priorities (MxCx),Sports Camps,Phrase match (close variant),None,0,1,0.00,0.00,OK,,Appears relevant
summer basketball near me,CM - Nonbranded - Geo Priorities (MxCx),Basketball Camp,Exact match (close variant),None,0,3,0.00,0.00,OK,,Appears relevant
luhi baseball camp,CM - Nonbranded - Geo Priorities (MxCx),Summer Camps,Phrase match (close variant),None,0,2,0.00,0.00,OK,,Appears relevant
gymnastic camp near me,CM - Nonbranded - Geo Priorities (MxCx),Summer Camps,Phrase match (close variant),None,0,2,0.00,0.00,OK,,Appears relevant
basketball camp long island,CM - Nonbranded - Other Geos (MxConv),Basketball Camp,Phrase match,None,0,2,0.00,0.00,OK,,Appears relevant
baseball camps westchester ny,CM - Nonbranded - Other Geos (MxConv),Baseball Camps,Phrase match (close variant),None,0,4,0.00,0.00,OK,,Appears relevant
berkeley lacrosse camp,CM - Nonbranded - Other Geos (MxConv),Lacrosse Camps,Phrase match (close variant),None,0,2,0.00,0.00,OK,,Appears relevant
camp pierce,CM - Competitors - OldW - (Mx.Clicks),Competitors,Exact match (close variant),None,0,8,0.00,0.00,OK,,Competitor matched: 'pierce'
oasis day camp,CM - Competitors - OldW - (Mx.Clicks),Competitors,Exact match (close variant),Added,0,6,0.00,0.00,OK,,Competitor matched: 'oasis'
luhi summer camps,CM - Competitors - OldW - (Mx.Clicks),Competitors,Exact match,Added,0,1,0.00,0.00,OK,,Competitor matched: 'luhi'
rye racquet summer camp,CM - Nonbranded - Geo Priorities (MxCx),Summer Camps,Phrase match,None,0,1,0.00,0.00,OK,,Appears relevant
freeport recreation summer camp,CM - Nonbranded - Geo Priorities (MxCx),Summer Camps,Phrase match,None,0,1,0.00,0.00,OK,,Appears relevant
dance summer camp,CM - Nonbranded - Geo Priorities (MxCx),Dance Camps,Exact match (close variant),None,0,2,0.00,0.00,OK,,Appears relevant
world gym summer camp,CM - Nonbranded - Geo Priorities (MxCx),Sports Camps,Phrase match (close variant),None,0,1,0.00,0.00,OK,,Appears relevant
high level soccer camps,CM - Nonbranded - Geo Priorities (MxCx),Soccer Camps,Phrase match,None,0,3,0.00,0.00,OK,,Appears relevant
volleyball summer camp for beginners,CM - Nonbranded - Geo Priorities (MxCx),Volleyball Camps,Phrase match,None,1,2,2.74,0.00,OK,,Appears relevant
teen volleyball summer camp,CM - Nonbranded - Geo Priorities (MxCx),Volleyball Camps,Phrase match,None,0,1,0.00,0.00,OK,,Appears relevant
best soccer camp,CM - Nonbranded - Geo Priorities (MxCx),Soccer Camps,Phrase match,None,0,1,0.00,0.00,OK,,Appears relevant
summer art camps near me,CM - Nonbranded - Geo Priorities (MxCx),Summer Camps,Phrase match,None,1,3,2.77,0.00,OK,,Appears relevant
baseball camps for 5 year olds,CM - Nonbranded - Geo Priorities (MxCx),Summer Camps,Phrase match (close variant),None,0,4,0.00,0.00,OK,,Appears relevant
herricks summer camp,CM - Nonbranded - Geo Priorities (MxCx),Soccer Camps,Phrase match (close variant),None,0,1,0.00,0.00,OK,,Appears relevant
sachem summer camps,CM - Nonbranded - Geo Priorities (MxCx),Sports Camps,Phrase match (close variant),None,0,3,0.00,0.00,OK,,Appears relevant
summer basketball camps near me,CM - Nonbranded - Geo Priorities (MxCx),Basketball Camp,Exact match (close variant),Added,1,8,2.66,0.00,OK,,Appears relevant
soccer camps summer 2026,CM - pMax - Portland (MxConv),--,Performance Max,None,0,1,0.00,0.00,OK,,Appears relevant for Portland market
lacrosse goalie camps,CM - pMax - Portland (MxConv),--,Performance Max,None,1,1,1.66,0.00,OK,,Appears relevant for Portland market
tennis southampton,CM - Nonbranded - Other Geos (MxConv),Tennis Camps,Broad match,None,0,1,0.00,0.00,OK,,Appears relevant
dance camp,CM - pMax - Portland (MxConv),--,Performance Max,None,0,1,0.00,0.00,OK,,Appears relevant for Portland market
soccer camps maine,CM - pMax - Portland (MxConv),--,Performance Max,None,0,1,0.00,0.00,OK,,Appears relevant for Portland market
boys and girls club portland,CM - pMax - Portland (MxConv),--,Performance Max,None,0,1,0.00,0.00,OK,,Appears relevant for Portland market
long island summer camps 2026,CM - Nonbranded - Geo Priorities (MxCx),Summer Camps,Phrase match,None,1,12,2.78,0.00,OK,,Appears relevant
summer camp for teens,CM - Nonbranded - Geo Priorities (MxCx),Summer Camps,Phrase match,None,0,11,0.00,0.00,OK,,Appears relevant
sports camp for 5 year olds,CM - Nonbranded - Geo Priorities (MxCx),Sports Camps,Phrase match,None,1,1,2.81,0.00,OK,,Appears relevant
youth basketball summer camp,CM - Nonbranded - Geo Priorities (MxCx),Basketball Camp,Exact match (close variant),None,0,2,0.00,0.00,OK,,Appears relevant
basketball camps for kids,CM - Nonbranded - Geo Priorities (MxCx),Basketball Camp,Phrase match,Added,1,16,2.24,0.00,OK,,Appears relevant
nassau county summer camp,CM - Nonbranded - Geo Priorities (MxCx),Summer Camps,Phrase match (close variant),None,0,6,0.00,0.00,OK,,Appears relevant
buckley day camp tuition,CM - Nonbranded - Geo Priorities (MxCx),Summer Camps,Phrase match (close variant),None,2,2,5.74,0.00,OK,,Appears relevant
summer camps for 12 year olds near me,CM - Nonbranded - Geo Priorities (MxCx),Soccer Camps,Phrase match (close variant),None,1,2,2.84,0.00,OK,,Appears relevant
jaxson dart football camp,CM - Nonbranded - Geo Priorities (MxCx),Football Camps,Phrase match (close variant),None,0,2,0.00,0.00,OK,,Appears relevant
88 stitches softball,CM - Nonbranded - Geo Priorities (MxCx),Softball Camps,Phrase match (close variant),None,0,2,0.00,0.00,OK,,Appears relevant
horseback riding summer camp near me,CM - Nonbranded - Geo Priorities (MxCx),Horseback Riding,Exact match (close variant),None,0,2,0.00,0.00,OK,,Appears relevant
farmingdale college summer camp,CM - Nonbranded - Geo Priorities (MxCx),Summer Camps,Phrase match,None,1,2,2.64,0.00,OK,,Appears relevant
summer kid programs near me,CM - Nonbranded - Geo Priorities (MxCx),Summer Camps,Exact match (close variant),None,0,2,0.00,0.00,OK,,Appears relevant
phelps lane summer camp,CM - Nonbranded - Geo Priorities (MxCx),Summer Camps,Phrase match,None,0,5,0.00,0.00,OK,,Appears relevant
volleyball camp,CM - Nonbranded - Geo Priorities (MxCx),Volleyball Camps,Exact match (close variant),Added,0,5,0.00,0.00,OK,,Appears relevant
soccer camps near me,CM - Nonbranded - Geo Priorities (MxCx),Summer Camps,Phrase match (close variant),None,1,4,2.62,0.00,OK,,Appears relevant
camp for 2 year olds,CM - Nonbranded - Geo Priorities (MxCx),Summer Camps,Phrase match (close variant),None,0,3,0.00,0.00,OK,,Appears relevant
tennis camp hamptons,CM - Nonbranded - Other Geos (MxConv),Tennis Camps,Phrase match,None,0,3,0.00,0.00,OK,,Appears relevant
baseball camp near me,CM - Nonbranded - Other Geos (MxConv),Baseball Camps,Exact match (close variant),None,0,6,0.00,0.00,OK,,Appears relevant
donovan mitchell basketball camp,CM - Nonbranded - Other Geos (MxConv),Basketball Camp,Phrase match,None,1,3,4.60,0.00,OK,,Appears relevant
buckley country day camp,CM - Competitors - OldW - (Mx.Clicks),Competitors,Exact match (close variant),None,0,10,0.00,0.00,OK,,Competitor matched: 'buckley'
camp lunch ideas,CM - pMax - Portland (MxConv),--,Performance Max,None,0,2,0.00,0.00,OK,,Appears relevant for Portland market
field hockey for beginners,CM - pMax - Portland (MxConv),--,Performance Max,None,0,1,0.00,0.00,OK,,Appears relevant for Portland market
volleyball camps summer 2026,CM - pMax - Portland (MxConv),--,Performance Max,None,0,2,0.00,0.00,OK,,Appears relevant for Portland market
cheverus basketball camp,CM - pMax - Portland (MxConv),--,Performance Max,None,0,3,0.00,0.00,OK,,Appears relevant for Portland market
camp ketcha,CM - pMax - Portland (MxConv),--,Performance Max,None,0,9,0.00,0.00,OK,,Appears relevant for Portland market
nautical jargon,CM - pMax - Portland (MxConv),--,Performance Max,None,0,1,0.00,0.00,OK,,Appears relevant for Portland market
sports camps for teens,CM - pMax - Portland (MxConv),--,Performance Max,None,0,2,0.00,0.00,OK,,Appears relevant for Portland market
calvary tabernacle summer camp,CM - Nonbranded - Geo Priorities (MxCx),Summer Camps,Phrase match (close variant),None,0,1,0.00,0.00,OK,,Appears relevant
summer camp 3 year old,CM - Nonbranded - Geo Priorities (MxCx),Summer Camps,Phrase match,None,0,1,0.00,0.00,OK,,Appears relevant
tackle football summer camps near me,CM - Nonbranded - Geo Priorities (MxCx),Football Camps,Phrase match,None,0,3,0.00,0.00,OK,,Appears relevant
northport basketball camp,CM - Nonbranded - Geo Priorities (MxCx),Basketball Camp,Phrase match,None,0,2,0.00,0.00,OK,,Appears relevant
malverne summer camp,CM - Nonbranded - Geo Priorities (MxCx),Summer Camps,Phrase match (close variant),None,0,2,0.00,0.00,OK,,Appears relevant
camp for 3 year olds near me,CM - Nonbranded - Geo Priorities (MxCx),Summer Camps,Phrase match (close variant),None,0,7,0.00,0.00,OK,,Appears relevant
tarrytown multi arts camp,CM - Nonbranded - Geo Priorities (MxCx),Summer Camps,Phrase match (close variant),None,0,1,0.00,0.00,OK,,Appears relevant
smithtown summer camp 2026,CM - Nonbranded - Geo Priorities (MxCx),Summer Camps,Phrase match,None,0,6,0.00,0.00,OK,,Appears relevant
st patrick's smithtown camp,CM - Nonbranded - Geo Priorities (MxCx),Summer Camps,Phrase match (close variant),None,0,2,0.00,0.00,OK,,Appears relevant
soccer camp 2026,CM - Nonbranded - Geo Priorities (MxCx),Soccer Camps,Phrase match,None,1,1,2.79,0.00,OK,,Appears relevant
west hempstead summer camp,CM - Nonbranded - Geo Priorities (MxCx),Summer Camps,Phrase match,None,1,3,2.91,0.00,OK,,Appears relevant
camp great adventure,CM - Nonbranded - Geo Priorities (MxCx),Summer Camps,Phrase match (close variant),None,0,1,0.00,0.00,OK,,Appears relevant
summer camps thousand oaks,CM - Nonbranded - Geo Priorities (MxCx),Summer Camps,Phrase match,None,0,1,0.00,0.00,OK,,Appears relevant
summer camp huntington ny,CM - Nonbranded - Geo Priorities (MxCx),Summer Camps,Phrase match,None,0,2,0.00,0.00,OK,,Appears relevant
greenburgh summer camp 2026,CM - Nonbranded - Geo Priorities (MxCx),Summer Camps,Phrase match,None,0,2,0.00,0.00,OK,,Appears relevant
farmingdale volleyball camp,CM - Nonbranded - Geo Priorities (MxCx),Volleyball Camps,Phrase match,None,0,1,0.00,0.00,OK,,Appears relevant
long island basketball camp,CM - Nonbranded - Other Geos (MxConv),Basketball Camp,Phrase match,None,0,2,0.00,0.00,OK,,Appears relevant
camp r us,CM - Competitors - OldW - (Mx.Clicks),Competitors,Exact match (close variant),None,0,15,0.00,0.00,OK,,Competitor matched: 'camp r us'
nya summer camp,CM - pMax - Portland (MxConv),--,Performance Max,None,0,7,0.00,0.00,OK,,Appears relevant for Portland market
summer fun camp,CM - Nonbranded - Geo Priorities (MxCx),Summer Camps,Exact match (close variant),None,0,5,0.00,0.00,OK,,Appears relevant
westchester county summer camps,CM - Nonbranded - Geo Priorities (MxCx),Summer Camps,Phrase match,None,0,3,0.00,0.00,OK,,Appears relevant
driftwood long island,CM - Nonbranded - Geo Priorities (MxCx),Summer Camps,Phrase match (close variant),None,0,1,0.00,0.00,OK,,Appears relevant
summer camps by me,CM - Nonbranded - Geo Priorities (MxCx),Summer Camps,Exact match (close variant),None,0,1,0.00,0.00,OK,,Appears relevant
lacrosse programs for kids,CM - Nonbranded - Geo Priorities (MxCx),Lacrosse Camps,Exact match (close variant),None,0,2,0.00,0.00,OK,,Appears relevant
crestwood melville,CM - Nonbranded - Geo Priorities (MxCx),Summer Camps,Phrase match (close variant),None,0,1,0.00,0.00,OK,,Appears relevant
teen camps near me,CM - Nonbranded - Geo Priorities (MxCx),Soccer Camps,Exact match (close variant),None,0,2,0.00,0.00,OK,,Appears relevant
pre k summer school,CM - Nonbranded - Geo Priorities (MxCx),Summer Camps,Phrase match (close variant),None,0,1,0.00,0.00,OK,,Appears relevant
football camps ny,CM - Nonbranded - Geo Priorities (MxCx),Football Camps,Phrase match,None,0,1,0.00,0.00,OK,,Appears relevant
town of hempstead lacrosse camp,CM - Nonbranded - Geo Priorities (MxCx),Lacrosse Camps,Phrase match (close variant),None,0,4,0.00,0.00,OK,,Appears relevant
lacrosse summer camps 2026 near me,CM - Nonbranded - Geo Priorities (MxCx),Lacrosse Camps,Phrase match,None,2,4,5.54,0.00,OK,,Appears relevant
summer camp westbury,CM - Nonbranded - Geo Priorities (MxCx),Summer Camps,Exact match (close variant),None,0,3,0.00,0.00,OK,,Appears relevant
wantagh summer camp,CM - Nonbranded - Geo Priorities (MxCx),Summer Camps,Phrase match,None,0,7,0.00,0.00,OK,,Appears relevant
farmingdale camp,CM - Nonbranded - Geo Priorities (MxCx),Summer Camps,Phrase match (close variant),Added,3,7,4.58,0.41,OK,,Appears relevant
sports camp near me,CM - Nonbranded - Geo Priorities (MxCx),Sports Camps,Exact match (close variant),None,0,10,0.00,0.00,OK,,Appears relevant
hauppauge basketball camp,CM - Nonbranded - Geo Priorities (MxCx),Basketball Camp,Phrase match (close variant),None,0,1,0.00,0.00,OK,,Appears relevant
daycamp near me,CM - Nonbranded - Geo Priorities (MxCx),Summer Camps,Exact match (close variant),None,0,1,0.00,0.00,OK,,Appears relevant
speed and agility camps,CM - Nonbranded - Geo Priorities (MxCx),Sports Camps,Phrase match (close variant),None,0,2,0.00,0.00,OK,,Appears relevant
long island day camp,CM - Nonbranded - Geo Priorities (MxCx),Summer Camps,Phrase match (close variant),Added,0,1,0.00,0.00,OK,,Appears relevant
basketball camp for 5 year olds near me,CM - Nonbranded - Geo Priorities (MxCx),Basketball Camp,Phrase match,None,0,1,0.00,0.00,OK,,Appears relevant
tennis summer camp near me,CM - Nonbranded - Geo Priorities (MxCx),Summer Camps,Phrase match,None,0,1,0.00,0.00,OK,,Appears relevant
summer programs for teens,CM - Nonbranded - Geo Priorities (MxCx),Summer Camps,Phrase match (close variant),None,0,4,0.00,0.00,OK,,Appears relevant
dss summer camp,CM - Nonbranded - Geo Priorities (MxCx),Summer Camps,Phrase match (close variant),None,0,2,0.00,0.00,OK,,Appears relevant
middle school football camps 2026,CM - Nonbranded - Geo Priorities (MxCx),Football Camps,Phrase match,None,1,2,2.80,0.00,OK,,Appears relevant
ny summer camp,CM - Nonbranded - Geo Priorities (MxCx),Summer Camps,Phrase match (close variant),None,0,4,0.00,0.00,OK,,Appears relevant
summer camp in westchester ny,CM - Nonbranded - Other Geos (MxConv),Tennis Camps,Broad match,None,0,1,0.00,0.00,OK,,Appears relevant
hofstra baseball prospect camp,CM - Nonbranded - Other Geos (MxConv),Baseball Camps,Phrase match (close variant),None,0,2,0.00,0.00,OK,,Appears relevant
baseball camps for 12 year olds near me,CM - Nonbranded - Other Geos (MxConv),Baseball Camps,Phrase match,None,0,13,0.00,0.00,OK,,Appears relevant
cumberland summer camp,CM - pMax - Portland (MxConv),--,Performance Max,None,0,1,0.00,0.00,OK,,Appears relevant for Portland market
alm summer camp,CM - pMax - Portland (MxConv),--,Performance Max,None,0,1,0.00,0.00,OK,,Appears relevant for Portland market
cheverus summer camp,CM - pMax - Portland (MxConv),--,Performance Max,None,0,5,0.00,0.00,OK,,Appears relevant for Portland market
outdoor summer camp near me,CM - pMax - Portland (MxConv),--,Performance Max,None,0,1,0.00,0.00,OK,,Appears relevant for Portland market
summer camps in southern maine,CM - pMax - Portland (MxConv),--,Performance Max,None,0,1,0.00,0.00,OK,,Appears relevant for Portland market
317 main summer camp,CM - pMax - Portland (MxConv),--,Performance Max,None,1,2,21.19,0.00,OK,,Appears relevant for Portland market
whats the biggest size soccer ball,CM - pMax - Portland (MxConv),--,Performance Max,None,0,1,0.00,0.00,OK,,Appears relevant for Portland market
kids tennis racket,CM - pMax - Portland (MxConv),--,Performance Max,None,0,4,0.00,0.00,OK,,Appears relevant for Portland market
us sports camps,CM - pMax - Portland (MxConv),--,Performance Max,None,0,2,0.00,0.00,OK,,Appears relevant for Portland market
art summer camps near me,CM - Nonbranded - Geo Priorities (MxCx),Summer Camps,Phrase match,None,0,6,0.00,0.00,OK,,Appears relevant
summer camps nassau county,CM - Nonbranded - Geo Priorities (MxCx),Summer Camps,Phrase match,None,0,3,0.00,0.00,OK,,Appears relevant
summer art camp,CM - Nonbranded - Geo Priorities (MxCx),Summer Camps,Phrase match (close variant),None,0,1,0.00,0.00,OK,,Appears relevant
summer soccer,CM - Nonbranded - Geo Priorities (MxCx),Soccer Camps,Exact match (close variant),None,1,14,2.85,0.00,OK,,Appears relevant
camp serve,CM - Nonbranded - Geo Priorities (MxCx),Summer Camps,Phrase match (close variant),None,0,1,0.00,0.00,OK,,Appears relevant
girls basketball camp near me,CM - Nonbranded - Geo Priorities (MxCx),Basketball Camp,Phrase match,None,1,4,2.79,0.00,OK,,Appears relevant
stage door camp,CM - Nonbranded - Geo Priorities (MxCx),Summer Camps,Phrase match (close variant),None,0,1,0.00,0.00,OK,,Appears relevant
summer camp,CM - Nonbranded - Geo Priorities (MxCx),Soccer Camps,Exact match (close variant),None,0,5,0.00,0.00,OK,,Appears relevant
new rochelle camp,CM - Nonbranded - Geo Priorities (MxCx),Summer Camps,Phrase match (close variant),None,0,3,0.00,0.00,OK,,Appears relevant
summer camp lacrosse near me,CM - Nonbranded - Geo Priorities (MxCx),Lacrosse Camps,Exact match (close variant),None,0,3,0.00,0.00,OK,,Appears relevant
club fit camp,CM - Nonbranded - Geo Priorities (MxCx),Sports Camps,Phrase match (close variant),None,0,1,0.00,0.00,OK,,Appears relevant
westchester summer day camp,CM - Nonbranded - Other Geos (MxConv),Tennis Camps,Broad match,None,0,2,0.00,0.00,OK,,Appears relevant
luhi summer programs,CM - Competitors - OldW - (Mx.Clicks),Competitors,Exact match (close variant),None,3,17,11.60,0.00,OK,,Competitor matched: 'luhi'
future stars patchogue,CM - Branded (Mx.Clicks),Future Stars Camp Brand,Phrase match,None,6,14,0.34,1.00,OK,,Brand term matched: 'future stars'
wildcats summer camp,CM - Nonbranded - Geo Priorities (MxCx),Sports Camps,Phrase match (close variant),None,0,7,0.00,0.00,OK,,Appears relevant
riverhead summer camps,CM - Nonbranded - Geo Priorities (MxCx),Summer Camps,Phrase match,None,0,2,0.00,0.00,OK,,Appears relevant
summer flag football camps near me,CM - Nonbranded - Geo Priorities (MxCx),Football Camps,Phrase match,None,0,1,0.00,0.00,OK,,Appears relevant
summer camps long island,CM - Nonbranded - Geo Priorities (MxCx),Summer Camps,Phrase match (close variant),None,0,2,0.00,0.00,OK,,Appears relevant
student summer camp,CM - Nonbranded - Geo Priorities (MxCx),Summer Camps,Phrase match (close variant),None,0,1,0.00,0.00,OK,,Appears relevant
summer camp for 8 year olds,CM - Nonbranded - Geo Priorities (MxCx),Summer Camps,Phrase match,None,0,3,0.00,0.00,OK,,Appears relevant
sjb summer camp,CM - Nonbranded - Geo Priorities (MxCx),Sports Camps,Phrase match (close variant),None,0,1,0.00,0.00,OK,,Appears relevant
freeport summer camp,CM - Nonbranded - Geo Priorities (MxCx),Summer Camps,Phrase match (close variant),None,0,3,0.00,0.00,OK,,Appears relevant
baseball summer camp long island,CM - Nonbranded - Geo Priorities (MxCx),Summer Camps,Phrase match,None,0,2,0.00,0.00,OK,,Appears relevant
nassau county camps,CM - Nonbranded - Geo Priorities (MxCx),Summer Camps,Phrase match (close variant),None,0,2,0.00,0.00,OK,,Appears relevant
sports camps on long island,CM - Nonbranded - Geo Priorities (MxCx),Sports Camps,Phrase match,None,1,3,3.36,0.00,OK,,Appears relevant
kinder ring camp,CM - Nonbranded - Geo Priorities (MxCx),Summer Camps,Phrase match (close variant),None,0,5,0.00,0.00,OK,,Appears relevant
camp anchor lido,CM - Nonbranded - Geo Priorities (MxCx),Summer Camps,Phrase match (close variant),None,0,2,0.00,0.00,OK,,Appears relevant
kids sports camps,CM - Nonbranded - Geo Priorities (MxCx),Sports Camps,Phrase match,None,0,4,0.00,0.00,OK,,Appears relevant
girls basketball camp,CM - Nonbranded - Geo Priorities (MxCx),Basketball Camp,Phrase match,None,0,4,0.00,0.00,OK,,Appears relevant
portland parks and recreation summer camps,CM - pMax - Portland (MxConv),--,Performance Max,None,0,1,0.00,0.00,OK,,Appears relevant for Portland market
3d printing for beginners,CM - pMax - Portland (MxConv),--,Performance Max,None,1,1,0.24,0.00,OK,,Appears relevant for Portland market
flag football,CM - pMax - Portland (MxConv),--,Performance Max,None,0,1,0.00,0.00,OK,,Appears relevant for Portland market
basketball camps,CM - pMax - Portland (MxConv),--,Performance Max,None,0,2,0.00,0.00,OK,,Appears relevant for Portland market
summer hockey camps maine,CM - pMax - Portland (MxConv),--,Performance Max,None,0,1,0.00,0.00,OK,,Appears relevant for Portland market
alfond youth center summer camp,CM - pMax - Portland (MxConv),--,Performance Max,None,0,1,0.00,0.00,OK,,Appears relevant for Portland market
camp buckley,CM - Competitors - OldW - (Mx.Clicks),Competitors,Exact match (close variant),None,0,7,0.00,0.00,OK,,Competitor matched: 'buckley'
auburn maine summer camp,CM - pMax - Portland (MxConv),--,Performance Max,None,0,1,0.00,0.00,OK,,Appears relevant for Portland market
soccer summer camp scarborough,CM - pMax - Portland (MxConv),--,Performance Max,None,1,2,3.86,0.00,OK,,Appears relevant for Portland market
non contact team sports,CM - pMax - Portland (MxConv),--,Performance Max,None,0,1,0.00,0.00,OK,,Appears relevant for Portland market
usm softball camp,CM - pMax - Portland (MxConv),--,Performance Max,None,1,1,16.14,0.00,OK,,Appears relevant for Portland market
future stars camp westchester,CM - Branded (Mx.Clicks),Future Stars Camp Brand,Phrase match,None,0,2,0.00,0.00,OK,,Brand term matched: 'future stars'
future stars long island,CM - Branded (Mx.Clicks),Future Stars Camp Brand,Phrase match,None,1,2,0.05,0.00,OK,,Brand term matched: 'future stars'
sports camps,CM - Nonbranded - Geo Priorities (MxCx),Sports Camps,Exact match (close variant),Added,0,3,0.00,0.00,OK,,Appears relevant
lavner education summer camp,CM - Nonbranded - Geo Priorities (MxCx),Summer Camps,Phrase match (close variant),None,0,2,0.00,0.00,OK,,Appears relevant
smithtown booster club camps,CM - Nonbranded - Geo Priorities (MxCx),Sports Camps,Phrase match (close variant),None,0,3,0.00,0.00,OK,,Appears relevant
soccer goalie camps summer 2026,CM - Nonbranded - Geo Priorities (MxCx),Soccer Camps,Phrase match,None,0,2,0.00,0.00,OK,,Appears relevant
camp gadol,CM - Nonbranded - Geo Priorities (MxCx),Summer Camps,Phrase match (close variant),None,0,1,0.00,0.00,OK,,Appears relevant
sparta summer camp,CM - Nonbranded - Geo Priorities (MxCx),Summer Camps,Phrase match,None,0,1,0.00,0.00,OK,,Appears relevant
math camps near me,CM - Nonbranded - Geo Priorities (MxCx),Summer Camps,Phrase match (close variant),None,0,2,0.00,0.00,OK,,Appears relevant
camp for 13 year old boy,CM - Nonbranded - Geo Priorities (MxCx),Summer Camps,Phrase match (close variant),None,1,8,2.70,0.00,OK,,Appears relevant
summer camp jackson heights,CM - Nonbranded - Geo Priorities (MxCx),Soccer Camps,Phrase match (close variant),None,0,2,0.00,0.00,OK,,Appears relevant
camp melville,CM - Nonbranded - Geo Priorities (MxCx),Summer Camps,Phrase match (close variant),None,0,2,0.00,0.00,OK,,Appears relevant
summer sports for 5 year old,CM - Nonbranded - Geo Priorities (MxCx),Sports Camps,Phrase match (close variant),None,0,2,0.00,0.00,OK,,Appears relevant
day summer camp,CM - Nonbranded - Geo Priorities (MxCx),Summer Camps,Exact match (close variant),None,0,2,0.00,0.00,OK,,Appears relevant
oceanside ny summer camp,CM - Nonbranded - Geo Priorities (MxCx),Summer Camps,Phrase match,None,0,4,0.00,0.00,OK,,Appears relevant
boys basketball camps 2026,CM - Nonbranded - Other Geos (MxConv),Basketball Camp,Phrase match,None,0,1,0.00,0.00,OK,,Appears relevant
softball camp near me,CM - pMax - Portland (MxConv),--,Performance Max,None,0,1,0.00,0.00,OK,,Appears relevant for Portland market
lacrosse camp,CM - pMax - Portland (MxConv),--,Performance Max,None,0,1,0.00,0.00,OK,,Appears relevant for Portland market
llbean summer camp,CM - pMax - Portland (MxConv),--,Performance Max,None,0,1,0.00,0.00,OK,,Appears relevant for Portland market
future stars tournaments,CM - Branded (Mx.Clicks),Future Stars Camp Brand,Phrase match,None,0,2,0.00,0.00,OK,,Brand term matched: 'future stars'
summer camp for 12 year olds near me,CM - Nonbranded - Geo Priorities (MxCx),Summer Camps,Phrase match,None,2,1,6.10,0.00,OK,,Appears relevant
future summer camp,CM - Nonbranded - Geo Priorities (MxCx),Summer Camps,Phrase match,None,1,1,2.60,0.00,OK,,Appears relevant
summer soccer programs for kids near me,CM - Nonbranded - Geo Priorities (MxCx),Soccer Camps,Phrase match (close variant),None,0,1,0.00,0.00,OK,,Appears relevant
summer camps,CM - Nonbranded - Geo Priorities (MxCx),Summer Camps,Exact match (close variant),Added,4,51,11.32,0.00,OK,,Appears relevant
summer box lacrosse,CM - Nonbranded - Geo Priorities (MxCx),Lacrosse Camps,Exact match (close variant),None,0,1,0.00,0.00,OK,,Appears relevant
green basketball camp,CM - Nonbranded - Geo Priorities (MxCx),Basketball Camp,Phrase match,None,0,2,0.00,0.00,OK,,Appears relevant
golf camp in westchester ny,CM - Nonbranded - Geo Priorities (MxCx),Summer Camps,Phrase match (close variant),None,0,2,0.00,0.00,OK,,Appears relevant
girls volleyball camp near me,CM - Nonbranded - Geo Priorities (MxCx),Volleyball Camps,Phrase match,None,0,1,0.00,0.00,OK,,Appears relevant
sands summer camp,CM - Nonbranded - Geo Priorities (MxCx),Summer Camps,Phrase match,None,0,1,0.00,0.00,OK,,Appears relevant
gymnastics camps summer 2026 near me,CM - Nonbranded - Geo Priorities (MxCx),Summer Camps,Phrase match,None,0,1,0.00,0.00,OK,,Appears relevant
horseback riding summer camp for kids,CM - Nonbranded - Geo Priorities (MxCx),Horseback Riding,Phrase match,None,0,1,0.00,0.00,OK,,Appears relevant
south shore day camp bellmore,CM - Nonbranded - Geo Priorities (MxCx),Summer Camps,Phrase match (close variant),None,0,4,0.00,0.00,OK,,Appears relevant
sports camps long island,CM - Nonbranded - Geo Priorities (MxCx),Sports Camps,Phrase match,None,2,1,5.80,0.00,OK,,Appears relevant
ny football camps,CM - Nonbranded - Geo Priorities (MxCx),Football Camps,Exact match (close variant),None,0,2,0.00,0.00,OK,,Appears relevant
full size soccer ball,CM - pMax - Portland (MxConv),--,Performance Max,None,0,1,0.00,0.00,OK,,Appears relevant for Portland market
laughing loon camp,CM - pMax - Portland (MxConv),--,Performance Max,None,1,1,3.69,0.00,OK,,Appears relevant for Portland market
prodigy summer camp,CM - Nonbranded - Geo Priorities (MxCx),Summer Camps,Phrase match,None,0,1,0.00,0.00,OK,,Appears relevant
summer programs near me,CM - Nonbranded - Geo Priorities (MxCx),Summer Camps,Exact match (close variant),None,1,5,2.89,0.00,OK,,Appears relevant
defense volleyball camps,CM - Nonbranded - Geo Priorities (MxCx),Volleyball Camps,Phrase match,None,0,2,0.00,0.00,OK,,Appears relevant
day summer camps for kids near me,CM - Nonbranded - Geo Priorities (MxCx),Summer Camps,Exact match (close variant),None,0,1,0.00,0.00,OK,,Appears relevant
maplewood summer camp wantagh ny,CM - Nonbranded - Geo Priorities (MxCx),Summer Camps,Phrase match,None,0,2,0.00,0.00,OK,,Appears relevant
summer camps nassau county ny,CM - Nonbranded - Geo Priorities (MxCx),Summer Camps,Phrase match,None,0,4,0.00,0.00,OK,,Appears relevant
summer cheer camp near me,CM - Nonbranded - Geo Priorities (MxCx),Summer Camps,Phrase match (close variant),None,0,1,0.00,0.00,OK,,Appears relevant
baseball summer camps long island,CM - Nonbranded - Geo Priorities (MxCx),Summer Camps,Phrase match,None,1,5,3.24,0.00,OK,,Appears relevant
kids golf camp,CM - Nonbranded - Geo Priorities (MxCx),Summer Camps,Phrase match,None,0,6,0.00,0.00,OK,,Appears relevant
long island baseball camp,CM - Nonbranded - Geo Priorities (MxCx),Summer Camps,Phrase match (close variant),None,0,5,0.00,0.00,OK,,Appears relevant
long island soccer camps,CM - Nonbranded - Geo Priorities (MxCx),Summer Camps,Phrase match (close variant),None,0,1,0.00,0.00,OK,,Appears relevant
rising stars summer camp,CM - Nonbranded - Geo Priorities (MxCx),Summer Camps,Phrase match,None,0,1,0.00,0.00,OK,,Appears relevant
mam summer camp,CM - Nonbranded - Geo Priorities (MxCx),Summer Camps,Phrase match,None,0,1,0.00,0.00,OK,,Appears relevant
summer camps elmont ny,CM - Nonbranded - Geo Priorities (MxCx),Summer Camps,Phrase match,None,0,1,0.00,0.00,OK,,Appears relevant
bdc summer camp,CM - Nonbranded - Other Geos (MxConv),Dance Camps,Phrase match (close variant),None,0,1,0.00,0.00,OK,,Appears relevant
hofstra summer camp,CM - Competitors - OldW - (Mx.Clicks),Competitors,Exact match,Added,5,58,19.63,0.00,OK,,Competitor matched: 'hofstra'
camp w,CM - Competitors - OldW - (Mx.Clicks),Competitors,Exact match,Added,0,2,0.00,0.00,OK,,Competitor matched: 'camp w'
soccer camp maine,CM - pMax - Portland (MxConv),--,Performance Max,None,0,2,0.00,0.00,OK,,Appears relevant for Portland market
basketball camps maine,CM - pMax - Portland (MxConv),--,Performance Max,None,0,1,0.00,0.00,OK,,Appears relevant for Portland market
luhi basketball camp,CM - Nonbranded - Geo Priorities (MxCx),Basketball Camp,Phrase match,None,4,11,11.19,0.00,OK,,Appears relevant
badger camp larchmont,CM - Nonbranded - Geo Priorities (MxCx),Summer Camps,Phrase match (close variant),None,0,1,0.00,0.00,OK,,Appears relevant
camp alvernia centerport ny,CM - Nonbranded - Geo Priorities (MxCx),Summer Camps,Phrase match (close variant),None,0,3,0.00,0.00,OK,,Appears relevant
southampton country day camp,CM - Nonbranded - Geo Priorities (MxCx),Summer Camps,Phrase match (close variant),None,0,1,0.00,0.00,OK,,Appears relevant
swimming summer camp,CM - Nonbranded - Geo Priorities (MxCx),Sports Camps,Phrase match (close variant),None,0,2,0.00,0.00,OK,,Appears relevant
simcha day camp far rockaway,CM - Nonbranded - Geo Priorities (MxCx),Summer Camps,Phrase match (close variant),None,0,1,0.00,0.00,OK,,Appears relevant
suny farmingdale summer camp,CM - Nonbranded - Geo Priorities (MxCx),Summer Camps,Phrase match,None,0,1,0.00,0.00,OK,,Appears relevant
sports arena summer camp,CM - Nonbranded - Geo Priorities (MxCx),Sports Camps,Phrase match,None,0,2,0.00,0.00,OK,,Appears relevant
summer camp for math,CM - Nonbranded - Geo Priorities (MxCx),Summer Camps,Phrase match (close variant),None,0,2,0.00,0.00,OK,,Appears relevant
dave masur soccer camp,CM - Nonbranded - Geo Priorities (MxCx),Soccer Camps,Phrase match,None,0,1,0.00,0.00,OK,,Appears relevant
matts syosset summer camp,CM - Nonbranded - Geo Priorities (MxCx),Summer Camps,Phrase match,None,0,1,0.00,0.00,OK,,Appears relevant
wantagh camp,CM - Nonbranded - Geo Priorities (MxCx),Summer Camps,Phrase match (close variant),None,0,3,0.00,0.00,OK,,Appears relevant
summer camps in the hamptons,CM - Nonbranded - Geo Priorities (MxCx),Summer Camps,Phrase match (close variant),None,0,1,0.00,0.00,OK,,Appears relevant
lacrosse camps summer 2026,CM - Nonbranded - Geo Priorities (MxCx),Lacrosse Camps,Phrase match,None,0,4,0.00,0.00,OK,,Appears relevant
ninja summer camps,CM - Nonbranded - Geo Priorities (MxCx),Sports Camps,Phrase match (close variant),None,0,3,0.00,0.00,OK,,Appears relevant
broad channel day camp,CM - Nonbranded - Geo Priorities (MxCx),Summer Camps,Phrase match (close variant),None,0,1,0.00,0.00,OK,,Appears relevant
day camp for 4 year olds near me,CM - Nonbranded - Geo Priorities (MxCx),Summer Camps,Phrase match,None,2,3,5.64,0.00,OK,,Appears relevant
syag volleyball,CM - Nonbranded - Geo Priorities (MxCx),Volleyball Camps,Phrase match (close variant),None,0,1,0.00,0.00,OK,,Appears relevant
summer lacrosse,CM - Nonbranded - Geo Priorities (MxCx),Lacrosse Camps,Exact match (close variant),None,0,7,0.00,0.00,OK,,Appears relevant
campsrus,CM - Competitors - OldW - (Mx.Clicks),Competitors,Exact match (close variant),None,0,24,0.00,0.00,OK,,Competitor matched: 'campsrus'
pierce country day camp,CM - Competitors - OldW - (Mx.Clicks),Competitors,Exact match (close variant),None,5,64,20.80,0.00,OK,,Competitor matched: 'pierce'
new hampshire lacrosse camps,CM - pMax - Portland (MxConv),--,Performance Max,None,0,2,0.00,0.00,OK,,Appears relevant for Portland market
usm sports camps,CM - pMax - Portland (MxConv),--,Performance Max,None,0,3,0.00,0.00,OK,,Appears relevant for Portland market
hunter summer camp,CM - Nonbranded - Geo Priorities (MxCx),Summer Camps,Phrase match,None,1,2,2.55,0.00,OK,,Appears relevant
skating camp,CM - Nonbranded - Geo Priorities (MxCx),Sports Camps,Phrase match (close variant),None,0,1,0.00,0.00,OK,,Appears relevant
county camps,CM - Nonbranded - Geo Priorities (MxCx),Summer Camps,Phrase match (close variant),None,0,2,0.00,0.00,OK,,Appears relevant
nassau county summer camp wantagh park,CM - Nonbranded - Geo Priorities (MxCx),Summer Camps,Phrase match (close variant),None,0,3,0.00,0.00,OK,,Appears relevant
greenkill camp ny,CM - Nonbranded - Geo Priorities (MxCx),Summer Camps,Phrase match (close variant),None,0,2,0.00,0.00,OK,,Appears relevant
color wars camp,CM - Nonbranded - Geo Priorities (MxCx),Summer Camps,Phrase match (close variant),None,0,1,0.00,0.00,OK,,Appears relevant
art camps near me for teens,CM - Nonbranded - Geo Priorities (MxCx),Summer Camps,Phrase match (close variant),None,0,1,0.00,0.00,OK,,Appears relevant
soccer camps for kids near me,CM - Nonbranded - Geo Priorities (MxCx),Soccer Camps,Phrase match,None,2,1,1.90,0.00,OK,,Appears relevant
summer swim camps,CM - Nonbranded - Geo Priorities (MxCx),Summer Camps,Phrase match,None,1,5,2.90,0.00,OK,,Appears relevant
summer camp southampton ny,CM - Nonbranded - Geo Priorities (MxCx),Summer Camps,Phrase match,None,0,2,0.00,0.00,OK,,Appears relevant
school summer camp,CM - Nonbranded - Geo Priorities (MxCx),Summer Camps,Exact match (close variant),None,0,2,0.00,0.00,OK,,Appears relevant
tyler kolek basketball camp,CM - Nonbranded - Geo Priorities (MxCx),Basketball Camp,Phrase match (close variant),None,0,1,0.00,0.00,OK,,Appears relevant
lifetime summer camp,CM - Nonbranded - Geo Priorities (MxCx),Sports Camps,Phrase match (close variant),None,0,1,0.00,0.00,OK,,Appears relevant
commack cougar camp,CM - Nonbranded - Geo Priorities (MxCx),Sports Camps,Phrase match (close variant),None,0,2,0.00,0.00,OK,,Appears relevant
patchogue summer camp,CM - Nonbranded - Geo Priorities (MxCx),Summer Camps,Phrase match (close variant),None,0,5,0.00,0.00,OK,,Appears relevant
summer soccer camps near me,CM - Nonbranded - Geo Priorities (MxCx),Soccer Camps,Exact match (close variant),None,2,7,5.72,1.00,OK,,Appears relevant
sports camps near me,CM - Nonbranded - Geo Priorities (MxCx),Sports Camps,Exact match (close variant),Added,3,25,7.72,0.00,OK,,Appears relevant
summer camps for kids,CM - Nonbranded - Geo Priorities (MxCx),Soccer Camps,Exact match (close variant),None,0,1,0.00,0.00,OK,,Appears relevant
soccer camps in long island,CM - Nonbranded - Geo Priorities (MxCx),Summer Camps,Phrase match (close variant),None,0,1,0.00,0.00,OK,,Appears relevant
tennis summer camp,CM - Nonbranded - Other Geos (MxConv),Tennis Camps,Exact match,Added,0,6,0.00,0.00,OK,,Appears relevant
kat basketball camp,CM - Nonbranded - Other Geos (MxConv),Basketball Camp,Phrase match,None,0,1,0.00,0.00,OK,,Appears relevant
pierce day camp,CM - Competitors - OldW - (Mx.Clicks),Competitors,Exact match,Added,6,92,26.98,0.00,OK,,Competitor matched: 'pierce'
lacrosse camps 2026,CM - pMax - Portland (MxConv),--,Performance Max,None,0,1,0.00,0.00,OK,,Appears relevant for Portland market
basketball camp maine,CM - pMax - Portland (MxConv),--,Performance Max,None,0,2,0.00,0.00,OK,,Appears relevant for Portland market
football training camps for kids,CM - Nonbranded - Geo Priorities (MxCx),Football Camps,Exact match (close variant),None,0,11,0.00,0.00,OK,,Appears relevant
volleyball summer camp,CM - Nonbranded - Geo Priorities (MxCx),Volleyball Camps,Exact match (close variant),Added,0,2,0.00,0.00,OK,,Appears relevant
track camps near me,CM - Nonbranded - Geo Priorities (MxCx),Sports Camps,Phrase match (close variant),None,1,7,2.71,0.00,OK,,Appears relevant
tennis camp long island,CM - Nonbranded - Geo Priorities (MxCx),Summer Camps,Phrase match (close variant),None,2,11,6.37,0.00,OK,,Appears relevant
gold fish summer camp,CM - Nonbranded - Geo Priorities (MxCx),Summer Camps,Phrase match (close variant),None,0,1,0.00,0.00,OK,,Appears relevant
new york soccer club summer camp,CM - Nonbranded - Geo Priorities (MxCx),Soccer Camps,Phrase match,None,0,1,0.00,0.00,OK,,Appears relevant
steam camp near me,CM - Nonbranded - Geo Priorities (MxCx),Summer Camps,Phrase match (close variant),None,0,4,0.00,0.00,OK,,Appears relevant
camp for kids,CM - Nonbranded - Geo Priorities (MxCx),Summer Camps,Exact match (close variant),Added,0,2,0.00,0.00,OK,,Appears relevant
soccer summer camps near me,CM - Nonbranded - Geo Priorities (MxCx),Soccer Camps,Exact match (close variant),None,2,3,5.49,0.00,OK,,Appears relevant
summer camps garden city,CM - Nonbranded - Geo Priorities (MxCx),Summer Camps,Phrase match (close variant),None,0,2,0.00,0.00,OK,,Appears relevant
long island camp,CM - Nonbranded - Geo Priorities (MxCx),Summer Camps,Exact match (close variant),None,0,1,0.00,0.00,OK,,Appears relevant
soccer summer training,CM - Nonbranded - Geo Priorities (MxCx),Soccer Camps,Exact match (close variant),None,0,9,0.00,0.00,OK,,Appears relevant
hauppauge summer camps,CM - Nonbranded - Geo Priorities (MxCx),Summer Camps,Phrase match,None,0,3,0.00,0.00,OK,,Appears relevant
kids camps,CM - Nonbranded - Geo Priorities (MxCx),Summer Camps,Exact match,Added,0,5,0.00,0.00,OK,,Appears relevant
girls soccer camps near me,CM - Nonbranded - Geo Priorities (MxCx),Soccer Camps,Phrase match,None,0,4,0.00,0.00,OK,,Appears relevant
saint brigid's summer camp,CM - Nonbranded - Geo Priorities (MxCx),Summer Camps,Phrase match,None,0,1,0.00,0.00,OK,,Appears relevant
top gun lacrosse camp,CM - Nonbranded - Geo Priorities (MxCx),Lacrosse Camps,Phrase match (close variant),None,0,2,0.00,0.00,OK,,Appears relevant
weekend summer camp,CM - Nonbranded - Geo Priorities (MxCx),Soccer Camps,Phrase match (close variant),None,0,1,0.00,0.00,OK,,Appears relevant
tennis camp ny,CM - Nonbranded - Other Geos (MxConv),Tennis Camps,Phrase match,None,0,1,0.00,0.00,OK,,Appears relevant
flag football clinics near me,CM - Nonbranded - Other Geos (MxConv),Football Camps,Phrase match (close variant),None,0,1,0.00,0.00,OK,,Appears relevant
shibley camp,CM - Competitors - OldW - (Mx.Clicks),Competitors,Exact match (close variant),None,0,8,0.00,0.00,OK,,Competitor matched: 'shibley'
summer soccer com,CM - pMax - Portland (MxConv),--,Performance Max,None,0,1,0.00,0.00,OK,,Appears relevant for Portland market
pickup basketball,CM - pMax - Portland (MxConv),--,Performance Max,None,0,1,0.00,0.00,OK,,Appears relevant for Portland market
farm camp maine,CM - pMax - Portland (MxConv),--,Performance Max,None,0,1,0.00,0.00,OK,,Appears relevant for Portland market
summer camps portland maine,CM - pMax - Portland (MxConv),--,Performance Max,None,2,9,4.49,0.00,OK,,Appears relevant for Portland market
usm basketball camp,CM - pMax - Portland (MxConv),--,Performance Max,None,0,1,0.00,0.00,OK,,Appears relevant for Portland market
future star camps,CM - Branded (Mx.Clicks),Future Stars Camp Brand,Exact match (close variant),None,1,1,0.19,0.00,OK,,Brand term matched: 'future star'
summer camp events,CM - Nonbranded - Geo Priorities (MxCx),Summer Camps,Phrase match,None,0,1,0.00,0.00,OK,,Appears relevant
1 month summer camp,CM - Nonbranded - Geo Priorities (MxCx),Summer Camps,Phrase match,None,0,2,0.00,0.00,OK,,Appears relevant
volleyball camps near me,CM - Nonbranded - Geo Priorities (MxCx),Volleyball Camps,Exact match (close variant),Added,5,45,12.52,0.00,OK,,Appears relevant
summer camp near me for 4 year olds,CM - Nonbranded - Geo Priorities (MxCx),Summer Camps,Phrase match (close variant),None,0,1,0.00,0.00,OK,,Appears relevant
summer camp near me,CM - Nonbranded - Geo Priorities (MxCx),Summer Camps,Phrase match (close variant),Added,0,1,0.00,0.00,OK,,Appears relevant
summer camp 2026,CM - Nonbranded - Geo Priorities (MxCx),Soccer Camps,Phrase match (close variant),None,0,1,0.00,0.00,OK,,Appears relevant
mineola summer rec,CM - Nonbranded - Geo Priorities (MxCx),Summer Camps,Phrase match (close variant),None,0,1,0.00,0.00,OK,,Appears relevant
harbor country day camp,CM - Nonbranded - Geo Priorities (MxCx),Summer Camps,Phrase match (close variant),None,0,1,0.00,0.00,OK,,Appears relevant
뉴욕 썸머 캠프,CM - Nonbranded - Geo Priorities (MxCx),Summer Camps,Phrase match (close variant),None,0,1,0.00,0.00,OK,,Appears relevant
summer soccer for 4 year olds,CM - Nonbranded - Geo Priorities (MxCx),Soccer Camps,Phrase match (close variant),None,0,1,0.00,0.00,OK,,Appears relevant
gymnastics camp summer 2026,CM - Nonbranded - Geo Priorities (MxCx),Summer Camps,Phrase match,None,0,5,0.00,0.00,OK,,Appears relevant
gymnastic camp,CM - Nonbranded - Geo Priorities (MxCx),Sports Camps,Phrase match (close variant),None,0,1,0.00,0.00,OK,,Appears relevant
camp near me for kids,CM - Nonbranded - Geo Priorities (MxCx),Summer Camps,Phrase match (close variant),None,0,1,0.00,0.00,OK,,Appears relevant
long island football camp,CM - Nonbranded - Geo Priorities (MxCx),Summer Camps,Phrase match (close variant),None,0,1,0.00,0.00,OK,,Appears relevant
basketball camp near me for kids,CM - Nonbranded - Geo Priorities (MxCx),Basketball Camp,Exact match (close variant),None,0,4,0.00,0.00,OK,,Appears relevant
lacrosse summer camp near me,CM - Nonbranded - Other Geos (MxConv),Lacrosse Camps,Exact match (close variant),None,1,3,5.58,0.00,OK,,Appears relevant
pierce summer camp,CM - Competitors - OldW - (Mx.Clicks),Competitors,Exact match,Added,2,29,9.00,0.00,OK,,Competitor matched: 'pierce'
soccer camp near me,CM - pMax - Portland (MxConv),--,Performance Max,None,0,1,0.00,0.00,OK,,Appears relevant for Portland market
hoop camp maine,CM - pMax - Portland (MxConv),--,Performance Max,None,0,3,0.00,0.00,OK,,Appears relevant for Portland market
softball camps,CM - Nonbranded - Geo Priorities (MxCx),Softball Camps,Exact match,Added,0,3,0.00,0.00,OK,,Appears relevant
dodgeball camp near me,CM - Nonbranded - Geo Priorities (MxCx),Sports Camps,Phrase match (close variant),None,0,3,0.00,0.00,OK,,Appears relevant
boys basketball camps 2026 near me,CM - Nonbranded - Geo Priorities (MxCx),Basketball Camp,Phrase match,None,0,3,0.00,0.00,OK,,Appears relevant
golf summer camp for kids,CM - Nonbranded - Geo Priorities (MxCx),Summer Camps,Phrase match,None,0,4,0.00,0.00,OK,,Appears relevant
day camps for 3 year olds,CM - Nonbranded - Geo Priorities (MxCx),Summer Camps,Phrase match (close variant),None,0,3,0.00,0.00,OK,,Appears relevant
student summer camp,CM - Nonbranded - Geo Priorities (MxCx),Summer Camps,Exact match (close variant),None,0,1,0.00,0.00,OK,,Appears relevant
beacon day camp,CM - Nonbranded - Geo Priorities (MxCx),Summer Camps,Phrase match (close variant),None,0,1,0.00,0.00,OK,,Appears relevant
north babylon summer camp,CM - Nonbranded - Geo Priorities (MxCx),Summer Camps,Phrase match,None,0,6,0.00,0.00,OK,,Appears relevant
the dance summer school,CM - Nonbranded - Geo Priorities (MxCx),Dance Camps,Phrase match (close variant),None,0,3,0.00,0.00,OK,,Appears relevant
public speaking for kids summer camp,CM - Nonbranded - Geo Priorities (MxCx),Summer Camps,Phrase match,None,0,3,0.00,0.00,OK,,Appears relevant
summer camps long island nassau county,CM - Nonbranded - Geo Priorities (MxCx),Summer Camps,Phrase match,None,0,2,0.00,0.00,OK,,Appears relevant
summer dance camps near me,CM - Nonbranded - Geo Priorities (MxCx),Dance Camps,Exact match (close variant),None,0,1,0.00,0.00,OK,,Appears relevant
summer programs near me,CM - Nonbranded - Geo Priorities (MxCx),Soccer Camps,Phrase match (close variant),None,0,1,0.00,0.00,OK,,Appears relevant
golf summer camps for kids near me,CM - Nonbranded - Geo Priorities (MxCx),Summer Camps,Phrase match,None,0,1,0.00,0.00,OK,,Appears relevant
south shore summer camp,CM - Nonbranded - Geo Priorities (MxCx),Summer Camps,Phrase match (close variant),None,0,4,0.00,0.00,OK,,Appears relevant
summer camp august 24 28,CM - Nonbranded - Other Geos (MxConv),Tennis Camps,Broad match,None,0,1,0.00,0.00,OK,,Appears relevant
yca summer camp,CM - Nonbranded - Other Geos (MxConv),Tennis Camps,Broad match,None,0,2,0.00,0.00,OK,,Appears relevant
reserve tennis,CM - Nonbranded - Other Geos (MxConv),Tennis Camps,Broad match,None,0,1,0.00,0.00,OK,,Appears relevant
summer sports camps 2026,CM - Nonbranded - Other Geos (MxConv),Tennis Camps,Broad match,None,0,1,0.00,0.00,OK,,Appears relevant
tennis westchester,CM - Nonbranded - Other Geos (MxConv),Tennis Camps,Broad match,None,0,1,0.00,0.00,OK,,Appears relevant
long island sports hub,CM - Competitors - OldW - (Mx.Clicks),Competitors,Exact match,Added,0,6,0.00,0.00,OK,,Competitor matched: 'long island sports hub'
future stars day camp,CM - Branded (Mx.Clicks),Future Stars Camp Brand,Exact match (close variant),None,0,4,0.00,0.00,OK,,Brand term matched: 'future stars'
youth baseball bat,CM - pMax - Portland (MxConv),--,Performance Max,None,0,1,0.00,0.00,OK,,Appears relevant for Portland market
campcrunchlabs com,CM - Nonbranded - Geo Priorities (MxCx),Summer Camps,Phrase match (close variant),None,0,1,0.00,0.00,OK,,Appears relevant
tennis summer camp 2026,CM - Nonbranded - Geo Priorities (MxCx),Summer Camps,Phrase match,None,1,1,2.82,0.00,OK,,Appears relevant
malverne summer camp,CM - Nonbranded - Geo Priorities (MxCx),Summer Camps,Phrase match,None,0,6,0.00,0.00,OK,,Appears relevant
hidden pond day camp calendar,CM - Nonbranded - Geo Priorities (MxCx),Summer Camps,Phrase match (close variant),None,0,1,0.00,0.00,OK,,Appears relevant
basketball camp for boys,CM - Nonbranded - Geo Priorities (MxCx),Basketball Camp,Phrase match,None,0,3,0.00,0.00,OK,,Appears relevant
summer basketball camp near me,CM - Nonbranded - Geo Priorities (MxCx),Basketball Camp,Exact match (close variant),None,0,1,0.00,0.00,OK,,Appears relevant
softball camps on long island,CM - Nonbranded - Geo Priorities (MxCx),Softball Camps,Exact match (close variant),None,1,3,2.87,0.00,OK,,Appears relevant
jaxson dart youth football camp,CM - Nonbranded - Geo Priorities (MxCx),Football Camps,Phrase match (close variant),None,0,1,0.00,0.00,OK,,Appears relevant
summer camp teenager,CM - Nonbranded - Geo Priorities (MxCx),Summer Camps,Phrase match,None,0,1,0.00,0.00,OK,,Appears relevant
jaxson dart youth football camp 2026,CM - Nonbranded - Geo Priorities (MxCx),Football Camps,Phrase match,None,0,5,0.00,0.00,OK,,Appears relevant
country club day camp,CM - Nonbranded - Geo Priorities (MxCx),Summer Camps,Phrase match (close variant),None,0,3,0.00,0.00,OK,,Appears relevant
summer basketball programs,CM - Nonbranded - Geo Priorities (MxCx),Basketball Camp,Exact match (close variant),None,0,3,0.00,0.00,OK,,Appears relevant
gan day camp,CM - Nonbranded - Geo Priorities (MxCx),Summer Camps,Phrase match (close variant),None,0,1,0.00,0.00,OK,,Appears relevant
suffolk summer camps 2026,CM - Nonbranded - Geo Priorities (MxCx),Soccer Camps,Phrase match (close variant),None,0,2,0.00,0.00,OK,,Appears relevant
kindering camp,CM - Nonbranded - Geo Priorities (MxCx),Summer Camps,Phrase match (close variant),None,0,6,0.00,0.00,OK,,Appears relevant
jay jacobs camps,CM - Nonbranded - Geo Priorities (MxCx),Summer Camps,Phrase match (close variant),None,0,2,0.00,0.00,OK,,Appears relevant
summer football camps near me,CM - Nonbranded - Geo Priorities (MxCx),Football Camps,Phrase match (close variant),None,0,1,0.00,0.00,OK,,Appears relevant
summer golf camp for kids,CM - Nonbranded - Geo Priorities (MxCx),Summer Camps,Phrase match,None,2,5,5.11,0.00,OK,,Appears relevant
cheer camp near me,CM - Nonbranded - Geo Priorities (MxCx),Summer Camps,Phrase match (close variant),None,0,1,0.00,0.00,OK,,Appears relevant
garden city summer camp,CM - Nonbranded - Geo Priorities (MxCx),Summer Camps,Phrase match (close variant),None,0,1,0.00,0.00,OK,,Appears relevant
summer camp brentwood ny,CM - Nonbranded - Geo Priorities (MxCx),Summer Camps,Phrase match,None,0,2,0.00,0.00,OK,,Appears relevant
camps in august near me,CM - Nonbranded - Geo Priorities (MxCx),Summer Camps,Phrase match (close variant),None,0,2,0.00,0.00,OK,,Appears relevant
bba basketball camp,CM - Nonbranded - Other Geos (MxConv),Basketball Camp,Phrase match,None,0,1,0.00,0.00,OK,,Appears relevant
oasis camp,CM - Competitors - OldW - (Mx.Clicks),Competitors,Exact match,Added,1,4,5.27,0.00,OK,,Competitor matched: 'oasis'
camp w day camp,CM - Competitors - OldW - (Mx.Clicks),Competitors,Exact match,Added,2,11,8.95,0.00,OK,,Competitor matched: 'camp w day camp'
friends school camp,CM - pMax - Portland (MxConv),--,Performance Max,None,0,2,0.00,0.00,OK,,Appears relevant for Portland market
future stars swim camp,CM - Branded (Mx.Clicks),Future Stars Camp Brand,Phrase match,None,1,1,0.01,0.00,OK,,Brand term matched: 'future stars'
youth summer programs,CM - Nonbranded - Geo Priorities (MxCx),Summer Camps,Phrase match (close variant),None,1,1,2.97,0.00,OK,,Appears relevant
swim camp,CM - Nonbranded - Geo Priorities (MxCx),Summer Camps,Phrase match (close variant),None,0,2,0.00,0.00,OK,,Appears relevant
champ camp kindercare,CM - Nonbranded - Geo Priorities (MxCx),Summer Camps,Phrase match (close variant),None,0,1,0.00,0.00,OK,,Appears relevant
franklin square summer camp,CM - Nonbranded - Geo Priorities (MxCx),Summer Camps,Phrase match (close variant),None,0,1,0.00,0.00,OK,,Appears relevant
camps for kids near me,CM - Nonbranded - Geo Priorities (MxCx),Summer Camps,Exact match (close variant),None,2,6,5.80,0.00,OK,,Appears relevant
volleyball camp,CM - Nonbranded - Geo Priorities (MxCx),Volleyball Camps,Exact match,Added,2,32,5.30,0.00,OK,,Appears relevant
summer camp long island 2026,CM - Nonbranded - Geo Priorities (MxCx),Summer Camps,Phrase match,None,0,3,0.00,0.00,OK,,Appears relevant
summer camp for 5 year olds,CM - Nonbranded - Geo Priorities (MxCx),Summer Camps,Phrase match (close variant),None,0,2,0.00,0.00,OK,,Appears relevant
youth baseball camps 2026,CM - Nonbranded - Geo Priorities (MxCx),Summer Camps,Phrase match (close variant),None,1,3,3.16,0.00,OK,,Appears relevant
teen cheer camp,CM - Nonbranded - Geo Priorities (MxCx),Summer Camps,Phrase match (close variant),None,1,3,1.30,0.00,OK,,Appears relevant
dance school summer programs,CM - Nonbranded - Geo Priorities (MxCx),Dance Camps,Exact match (close variant),None,0,3,0.00,0.00,OK,,Appears relevant
summer camp for high school students,CM - Nonbranded - Geo Priorities (MxCx),Summer Camps,Phrase match,None,0,3,0.00,0.00,OK,,Appears relevant
dna summer camp,CM - Nonbranded - Geo Priorities (MxCx),Summer Camps,Phrase match,None,0,1,0.00,0.00,OK,,Appears relevant
new hyde park summer camp,CM - Nonbranded - Geo Priorities (MxCx),Summer Camps,Phrase match,None,0,6,0.00,0.00,OK,,Appears relevant
sports camp,CM - Nonbranded - Geo Priorities (MxCx),Sports Camps,Exact match,Added,0,7,0.00,0.00,OK,,Appears relevant
basketball camp,CM - Nonbranded - Other Geos (MxConv),Basketball Camp,Exact match (close variant),Added,0,1,0.00,0.00,OK,,Appears relevant
summer track and field,CM - pMax - Portland (MxConv),--,Performance Max,None,0,1,0.00,0.00,OK,,Appears relevant for Portland market
volleyball clinics near me,CM - pMax - Portland (MxConv),--,Performance Max,None,0,1,0.00,0.00,OK,,Appears relevant for Portland market
future stars promo code,CM - Branded (Mx.Clicks),Future Stars Camp Brand,Phrase match,None,0,6,0.00,0.00,OK,,Brand term matched: 'future stars'
day camps children,CM - Nonbranded - Geo Priorities (MxCx),Summer Camps,Exact match (close variant),None,0,2,0.00,0.00,OK,,Appears relevant
baseball summer camp kids,CM - Nonbranded - Geo Priorities (MxCx),Summer Camps,Phrase match,None,0,3,0.00,0.00,OK,,Appears relevant
summit summer camp,CM - Nonbranded - Geo Priorities (MxCx),Summer Camps,Phrase match,None,0,1,0.00,0.00,OK,,Appears relevant
id tech summer camp,CM - Nonbranded - Geo Priorities (MxCx),Summer Camps,Phrase match,None,0,3,0.00,0.00,OK,,Appears relevant
summer basketball camps,CM - Nonbranded - Geo Priorities (MxCx),Basketball Camp,Exact match (close variant),Added,1,12,3.33,0.00,OK,,Appears relevant
art camp westchester ny,CM - Nonbranded - Geo Priorities (MxCx),Summer Camps,Phrase match (close variant),None,0,1,0.00,0.00,OK,,Appears relevant
football camps with nfl players,CM - Nonbranded - Geo Priorities (MxCx),Football Camps,Phrase match,None,0,1,0.00,0.00,OK,,Appears relevant
sachem east football camp,CM - Nonbranded - Geo Priorities (MxCx),Football Camps,Phrase match,None,0,1,0.00,0.00,OK,,Appears relevant
westchester county basketball camp,CM - Nonbranded - Geo Priorities (MxCx),Basketball Camp,Phrase match,None,1,3,2.76,0.00,OK,,Appears relevant
cheer camps near me summer 2026,CM - Nonbranded - Geo Priorities (MxCx),Sports Camps,Phrase match (close variant),None,0,3,0.00,0.00,OK,,Appears relevant
summer camp 6th grade,CM - Nonbranded - Geo Priorities (MxCx),Soccer Camps,Phrase match (close variant),None,0,1,0.00,0.00,OK,,Appears relevant
summer baseball camps long island,CM - Nonbranded - Geo Priorities (MxCx),Summer Camps,Phrase match,None,0,2,0.00,0.00,OK,,Appears relevant
good basketball camps,CM - Nonbranded - Geo Priorities (MxCx),Basketball Camp,Exact match (close variant),None,0,2,0.00,0.00,OK,,Appears relevant
camps for 6 year olds near me,CM - Nonbranded - Geo Priorities (MxCx),Summer Camps,Phrase match (close variant),None,0,3,0.00,0.00,OK,,Appears relevant
nfl kids camp,CM - Nonbranded - Geo Priorities (MxCx),Football Camps,Phrase match (close variant),None,0,1,0.00,0.00,OK,,Appears relevant
summer camp programs,CM - Nonbranded - Geo Priorities (MxCx),Summer Camps,Exact match (close variant),Added,0,2,0.00,0.00,OK,,Appears relevant
crestwood day camp melville,CM - Nonbranded - Geo Priorities (MxCx),Summer Camps,Phrase match (close variant),None,0,1,0.00,0.00,OK,,Appears relevant
speedy claxton basketball camp,CM - Nonbranded - Geo Priorities (MxCx),Basketball Camp,Phrase match,None,0,1,0.00,0.00,OK,,Appears relevant
camp poko maccready,CM - Nonbranded - Geo Priorities (MxCx),Summer Camps,Phrase match (close variant),None,0,2,0.00,0.00,OK,,Appears relevant
summer camp 4 year old,CM - Nonbranded - Other Geos (MxConv),Tennis Camps,Broad match,None,0,3,0.00,0.00,OK,,Appears relevant
westchester day camp,CM - Nonbranded - Other Geos (MxConv),Tennis Camps,Broad match,None,0,5,0.00,0.00,OK,,Appears relevant
basketball summer camps,CM - Nonbranded - Other Geos (MxConv),Basketball Camp,Exact match (close variant),Added,0,1,0.00,0.00,OK,,Appears relevant
kid size soccer ball,CM - pMax - Portland (MxConv),--,Performance Max,None,1,2,0.03,0.00,OK,,Appears relevant for Portland market
basketball summer camp 5 year old,CM - Nonbranded - Geo Priorities (MxCx),Summer Camps,Phrase match (close variant),None,0,1,0.00,0.00,OK,,Appears relevant
kids summer soccer near me,CM - Nonbranded - Geo Priorities (MxCx),Soccer Camps,Phrase match (close variant),None,0,4,0.00,0.00,OK,,Appears relevant
kenmont camp cost,CM - Nonbranded - Geo Priorities (MxCx),Summer Camps,Phrase match (close variant),None,0,2,0.00,0.00,OK,,Appears relevant
camp nooteeming,CM - Nonbranded - Geo Priorities (MxCx),Summer Camps,Phrase match (close variant),None,0,2,0.00,0.00,OK,,Appears relevant
long island summer programs,CM - Nonbranded - Geo Priorities (MxCx),Summer Camps,Exact match (close variant),None,0,4,0.00,0.00,OK,,Appears relevant
camp firefly 2026,CM - Nonbranded - Geo Priorities (MxCx),Summer Camps,Phrase match (close variant),None,0,1,0.00,0.00,OK,,Appears relevant
cunningham tennis summer camp,CM - Nonbranded - Geo Priorities (MxCx),Summer Camps,Phrase match,None,0,1,0.00,0.00,OK,,Appears relevant
all day camp,CM - Nonbranded - Geo Priorities (MxCx),Summer Camps,Phrase match (close variant),None,0,3,0.00,0.00,OK,,Appears relevant
softball camps,CM - Nonbranded - Geo Priorities (MxCx),Softball Camps,Exact match (close variant),Added,0,1,0.00,0.00,OK,,Appears relevant
summer camp lindenhurst ny,CM - Nonbranded - Geo Priorities (MxCx),Summer Camps,Phrase match,None,1,5,2.78,0.00,OK,,Appears relevant
gymnastic camps,CM - Nonbranded - Geo Priorities (MxCx),Summer Camps,Phrase match (close variant),None,0,1,0.00,0.00,OK,,Appears relevant
girls summer lacrosse camps near me,CM - Nonbranded - Geo Priorities (MxCx),Summer Camps,Phrase match,None,0,3,0.00,0.00,OK,,Appears relevant
st francis prep basketball camp 2026,CM - Nonbranded - Geo Priorities (MxCx),Basketball Camp,Phrase match,None,0,2,0.00,0.00,OK,,Appears relevant
one river summer camp,CM - Nonbranded - Geo Priorities (MxCx),Summer Camps,Phrase match (close variant),None,0,1,0.00,0.00,OK,,Appears relevant
summer soccer camps near me,CM - Nonbranded - Geo Priorities (MxCx),Soccer Camps,Phrase match,None,0,1,0.00,0.00,OK,,Appears relevant
soccer summer camps,CM - Nonbranded - Geo Priorities (MxCx),Soccer Camps,Exact match,Added,1,12,2.79,0.00,OK,,Appears relevant
youth summer programs near me,CM - Nonbranded - Geo Priorities (MxCx),Summer Camps,Exact match (close variant),None,0,1,0.00,0.00,OK,,Appears relevant
westchester county center summer camp,CM - Nonbranded - Geo Priorities (MxCx),Summer Camps,Phrase match,None,0,1,0.00,0.00,OK,,Appears relevant
volleyball camps summer 2026,CM - Nonbranded - Geo Priorities (MxCx),Volleyball Camps,Phrase match,None,2,6,5.63,0.00,OK,,Appears relevant
sports arena camp,CM - Nonbranded - Geo Priorities (MxCx),Sports Camps,Phrase match,None,0,1,0.00,0.00,OK,,Appears relevant
centereach summer camp,CM - Nonbranded - Geo Priorities (MxCx),Summer Camps,Phrase match,None,0,1,0.00,0.00,OK,,Appears relevant
basketball camp girls near me,CM - Nonbranded - Geo Priorities (MxCx),Basketball Camp,Phrase match,None,1,3,2.77,0.00,OK,,Appears relevant
champions basketball camp,CM - Nonbranded - Other Geos (MxConv),Basketball Camp,Phrase match,None,0,2,0.00,0.00,OK,,Appears relevant
girls softball camp,CM - Nonbranded - Other Geos (MxConv),Softball Camps,Phrase match,None,1,2,16.43,0.00,OK,,Appears relevant
tia tennis new rochelle,CM - Nonbranded - Other Geos (MxConv),Tennis Camps,Broad match,None,0,1,0.00,0.00,OK,,Appears relevant
hoop camp casco maine,CM - pMax - Portland (MxConv),--,Performance Max,None,0,2,0.00,0.00,OK,,Appears relevant for Portland market
summer camps in garden city ny,CM - Nonbranded - Geo Priorities (MxCx),Summer Camps,Phrase match,None,0,2,0.00,0.00,OK,,Appears relevant
soccer camp for 2 year olds,CM - Nonbranded - Geo Priorities (MxCx),Soccer Camps,Phrase match (close variant),None,0,2,0.00,0.00,OK,,Appears relevant
volleyball camp near me,CM - Nonbranded - Geo Priorities (MxCx),Volleyball Camps,Exact match,Added,0,9,0.00,0.00,OK,,Appears relevant
camp chipinaw dates,CM - Nonbranded - Geo Priorities (MxCx),Summer Camps,Phrase match (close variant),None,0,1,0.00,0.00,OK,,Appears relevant
long island science camp,CM - Nonbranded - Geo Priorities (MxCx),Summer Camps,Phrase match (close variant),None,0,2,0.00,0.00,OK,,Appears relevant
amityville summer camp,CM - Nonbranded - Geo Priorities (MxCx),Summer Camps,Phrase match (close variant),None,0,2,0.00,0.00,OK,,Appears relevant
st peter's prep basketball camp,CM - Nonbranded - Geo Priorities (MxCx),Basketball Camp,Phrase match,None,0,2,0.00,0.00,OK,,Appears relevant
lacrosse programs near me,CM - Nonbranded - Geo Priorities (MxCx),Lacrosse Camps,Exact match (close variant),None,1,3,0.25,0.00,OK,,Appears relevant
tyler hill camp cost,CM - Nonbranded - Geo Priorities (MxCx),Summer Camps,Phrase match (close variant),None,0,2,0.00,0.00,OK,,Appears relevant
north shore day camp tuition,CM - Nonbranded - Geo Priorities (MxCx),Summer Camps,Phrase match (close variant),None,0,1,0.00,0.00,OK,,Appears relevant
summer dance intensive near me,CM - Nonbranded - Geo Priorities (MxCx),Dance Camps,Phrase match (close variant),None,1,2,2.71,0.00,OK,,Appears relevant
summer camp merrick ny,CM - Nonbranded - Geo Priorities (MxCx),Summer Camps,Phrase match,None,0,4,0.00,0.00,OK,,Appears relevant
levittown summer camps,CM - Nonbranded - Geo Priorities (MxCx),Summer Camps,Phrase match,None,0,2,0.00,0.00,OK,,Appears relevant
southampton basketball camp,CM - Nonbranded - Other Geos (MxConv),Basketball Camp,Phrase match,None,1,1,0.90,0.00,OK,,Appears relevant
summer camps,CM - Nonbranded - Other Geos (MxConv),Tennis Camps,Broad match,None,0,8,0.00,0.00,OK,,Appears relevant
shibley day camp,CM - Competitors - OldW - (Mx.Clicks),Competitors,Exact match,Added,2,84,8.19,0.00,OK,,Competitor matched: 'shibley'
summercamp near me,CM - pMax - Portland (MxConv),--,Performance Max,None,0,1,0.00,0.00,OK,,Appears relevant for Portland market
future stars summer camp,CM - Branded (Mx.Clicks),Future Stars Camp Brand,Exact match (close variant),Added,65,137,98.08,2.50,OK,,Brand term matched: 'future stars'
summer camps all day,CM - Nonbranded - Geo Priorities (MxCx),Summer Camps,Phrase match,None,0,2,0.00,0.00,OK,,Appears relevant
fall camps,CM - Nonbranded - Geo Priorities (MxCx),Summer Camps,Phrase match (close variant),None,0,1,0.00,0.00,OK,,Appears relevant
st francis prep summer camp,CM - Nonbranded - Geo Priorities (MxCx),Summer Camps,Phrase match,None,0,2,0.00,0.00,OK,,Appears relevant
summer camp for 10 year old boy,CM - Nonbranded - Geo Priorities (MxCx),Summer Camps,Phrase match,None,0,1,0.00,0.00,OK,,Appears relevant
lynbrook summer playground 2026,CM - Nonbranded - Geo Priorities (MxCx),Summer Camps,Phrase match (close variant),None,1,2,2.80,0.00,OK,,Appears relevant
kings park summer camp,CM - Nonbranded - Geo Priorities (MxCx),Summer Camps,Phrase match,None,1,4,2.85,0.00,OK,,Appears relevant
summer camp programs,CM - Nonbranded - Geo Priorities (MxCx),Soccer Camps,Exact match (close variant),None,0,1,0.00,0.00,OK,,Appears relevant
basketball camp in long island,CM - Nonbranded - Geo Priorities (MxCx),Basketball Camp,Exact match (close variant),None,1,5,3.22,0.00,OK,,Appears relevant
summer camps for 16 year olds,CM - Nonbranded - Geo Priorities (MxCx),Soccer Camps,Exact match (close variant),None,0,1,0.00,0.00,OK,,Appears relevant
kids summer golf programs near me,CM - Nonbranded - Geo Priorities (MxCx),Summer Camps,Phrase match (close variant),None,0,2,0.00,0.00,OK,,Appears relevant
full day camp near me,CM - Nonbranded - Geo Priorities (MxCx),Summer Camps,Exact match (close variant),None,0,1,0.00,0.00,OK,,Appears relevant
melville summer camp,CM - Nonbranded - Geo Priorities (MxCx),Summer Camps,Phrase match,None,0,3,0.00,0.00,OK,,Appears relevant
basketball summer camps near me,CM - Nonbranded - Geo Priorities (MxCx),Basketball Camp,Exact match (close variant),Added,1,4,2.70,0.00,OK,,Appears relevant
smithtown recreation summer 2026,CM - Nonbranded - Geo Priorities (MxCx),Summer Camps,Phrase match (close variant),None,0,1,0.00,0.00,OK,,Appears relevant
boys and girls club summer camp,CM - Nonbranded - Geo Priorities (MxCx),Soccer Camps,Phrase match (close variant),None,0,1,0.00,0.00,OK,,Appears relevant
youth basketball camps,CM - Nonbranded - Other Geos (MxConv),Basketball Camp,Exact match (close variant),None,0,3,0.00,0.00,OK,,Appears relevant
summer lacrosse camps for girls near me,CM - pMax - Portland (MxConv),--,Performance Max,None,0,1,0.00,0.00,OK,,Appears relevant for Portland market
usm summer sports camps,CM - pMax - Portland (MxConv),--,Performance Max,None,0,1,0.00,0.00,OK,,Appears relevant for Portland market
camp kerith,CM - pMax - Portland (MxConv),--,Performance Max,None,0,2,0.00,0.00,OK,,Appears relevant for Portland market
maine celtics basketball camp,CM - pMax - Portland (MxConv),--,Performance Max,None,0,1,0.00,0.00,OK,,Appears relevant for Portland market
football camp,CM - Nonbranded - Geo Priorities (MxCx),Football Camps,Exact match (close variant),Added,0,2,0.00,0.00,OK,,Appears relevant
lego camps near me,CM - Nonbranded - Geo Priorities (MxCx),Summer Camps,Phrase match (close variant),None,0,2,0.00,0.00,OK,,Appears relevant
youth soccer camps summer 2026,CM - Nonbranded - Geo Priorities (MxCx),Soccer Camps,Phrase match,None,0,1,0.00,0.00,OK,,Appears relevant
kids camps near me 2026,CM - Nonbranded - Geo Priorities (MxCx),Summer Camps,Phrase match (close variant),None,0,1,0.00,0.00,OK,,Appears relevant
scout summer camps,CM - Nonbranded - Geo Priorities (MxCx),Summer Camps,Phrase match,None,0,5,0.00,0.00,OK,,Appears relevant
glen cove summer camp,CM - Nonbranded - Geo Priorities (MxCx),Summer Camps,Phrase match,None,0,3,0.00,0.00,OK,,Appears relevant
summer camp for 5 year olds,CM - Nonbranded - Geo Priorities (MxCx),Summer Camps,Phrase match,None,1,2,2.71,0.00,OK,,Appears relevant
goalie soccer camp,CM - Nonbranded - Geo Priorities (MxCx),Soccer Camps,Phrase match,None,1,3,2.80,0.00,OK,,Appears relevant
riverhead aquarium camp,CM - Nonbranded - Geo Priorities (MxCx),Summer Camps,Phrase match (close variant),None,0,2,0.00,0.00,OK,,Appears relevant
space camp for kids,CM - Nonbranded - Geo Priorities (MxCx),Summer Camps,Phrase match,None,0,2,0.00,0.00,OK,,Appears relevant
college camps football,CM - Nonbranded - Geo Priorities (MxCx),Football Camps,Phrase match,None,0,2,0.00,0.00,OK,,Appears relevant
day camps near me,CM - Nonbranded - Geo Priorities (MxCx),Soccer Camps,Phrase match (close variant),None,3,26,8.90,0.00,OK,,Appears relevant
bentley baseball prospect camp,CM - Nonbranded - Other Geos (MxConv),Baseball Camps,Phrase match (close variant),None,0,2,0.00,0.00,OK,,Appears relevant
high rise basketball camp,CM - Nonbranded - Other Geos (MxConv),Basketball Camp,Phrase match,None,0,5,0.00,0.00,OK,,Appears relevant
maine volleyball,CM - pMax - Portland (MxConv),--,Performance Max,None,0,1,0.00,0.00,OK,,Appears relevant for Portland market
all girls summer camp near me,CM - Nonbranded - Geo Priorities (MxCx),Summer Camps,Phrase match (close variant),None,0,1,0.00,0.00,OK,,Appears relevant
dance camps near me summer 2026,CM - Nonbranded - Geo Priorities (MxCx),Dance Camps,Phrase match,None,0,3,0.00,0.00,OK,,Appears relevant
cheer camp,CM - Nonbranded - Geo Priorities (MxCx),Summer Camps,Phrase match (close variant),None,0,4,0.00,0.00,OK,,Appears relevant
walden summer camp,CM - Nonbranded - Geo Priorities (MxCx),Summer Camps,Phrase match (close variant),None,0,1,0.00,0.00,OK,,Appears relevant
summer camp bay shore ny,CM - Nonbranded - Geo Priorities (MxCx),Summer Camps,Phrase match,None,0,1,0.00,0.00,OK,,Appears relevant
island park summer camp,CM - Nonbranded - Geo Priorities (MxCx),Summer Camps,Phrase match,None,0,2,0.00,0.00,OK,,Appears relevant
ny edge summer camp,CM - Nonbranded - Geo Priorities (MxCx),Summer Camps,Phrase match,None,0,2,0.00,0.00,OK,,Appears relevant
multisports camp near me,CM - Nonbranded - Geo Priorities (MxCx),Sports Camps,Phrase match (close variant),None,0,2,0.00,0.00,OK,,Appears relevant
nassau county camp,CM - Nonbranded - Geo Priorities (MxCx),Summer Camps,Phrase match (close variant),None,0,4,0.00,0.00,OK,,Appears relevant
youth golf camp,CM - Nonbranded - Geo Priorities (MxCx),Summer Camps,Phrase match (close variant),None,0,2,0.00,0.00,OK,,Appears relevant
revolution volleyball camps,CM - Nonbranded - Geo Priorities (MxCx),Volleyball Camps,Phrase match,None,0,1,0.00,0.00,OK,,Appears relevant
robotic camps for kids near me,CM - Nonbranded - Geo Priorities (MxCx),Summer Camps,Phrase match (close variant),None,0,1,0.00,0.00,OK,,Appears relevant
mega camps football 2026,CM - Nonbranded - Geo Priorities (MxCx),Football Camps,Phrase match,None,0,1,0.00,0.00,OK,,Appears relevant
basketball camps,CM - Nonbranded - Geo Priorities (MxCx),Basketball Camp,Exact match (close variant),Added,3,25,8.31,0.00,OK,,Appears relevant
rockland summer camp,CM - Nonbranded - Geo Priorities (MxCx),Summer Camps,Phrase match,None,0,1,0.00,0.00,OK,,Appears relevant
camp mesorah location,CM - Nonbranded - Geo Priorities (MxCx),Summer Camps,Phrase match (close variant),None,0,2,0.00,0.00,OK,,Appears relevant
summer dance intensives,CM - Nonbranded - Geo Priorities (MxCx),Dance Camps,Phrase match (close variant),None,0,2,0.00,0.00,OK,,Appears relevant
summer volleyball camps for beginners,CM - Nonbranded - Geo Priorities (MxCx),Volleyball Camps,Phrase match,None,1,5,0.23,0.00,OK,,Appears relevant
prodigy summer camp,CM - Nonbranded - Geo Priorities (MxCx),Summer Camps,Phrase match (close variant),None,0,1,0.00,0.00,OK,,Appears relevant
summer rec camp,CM - Nonbranded - Geo Priorities (MxCx),Summer Camps,Phrase match (close variant),None,0,2,0.00,0.00,OK,,Appears relevant
summer camps for 14 year olds,CM - Nonbranded - Geo Priorities (MxCx),Summer Camps,Phrase match (close variant),None,0,1,0.00,0.00,OK,,Appears relevant
south shore day camps,CM - Nonbranded - Geo Priorities (MxCx),Summer Camps,Phrase match (close variant),None,0,1,0.00,0.00,OK,,Appears relevant
south shore day camp,CM - Nonbranded - Geo Priorities (MxCx),Summer Camps,Phrase match (close variant),None,0,26,0.00,0.00,OK,,Appears relevant
johnson basketball camp,CM - Nonbranded - Other Geos (MxConv),Basketball Camp,Phrase match,None,0,1,0.00,0.00,OK,,Appears relevant
basketball camp westchester ny,CM - Nonbranded - Other Geos (MxConv),Basketball Camp,Phrase match,Added,2,12,10.45,1.00,OK,,Appears relevant
agassiz village,CM - pMax - Portland (MxConv),--,Performance Max,None,0,2,0.00,0.00,OK,,Appears relevant for Portland market
center day camp schedule,CM - pMax - Portland (MxConv),--,Performance Max,None,0,1,0.00,0.00,OK,,Appears relevant for Portland market
cstl camp,CM - Nonbranded - Geo Priorities (MxCx),Summer Camps,Phrase match (close variant),None,0,1,0.00,0.00,OK,,Appears relevant
summer camps in wantagh ny,CM - Nonbranded - Geo Priorities (MxCx),Summer Camps,Phrase match,None,0,1,0.00,0.00,OK,,Appears relevant
baseball camps near me,CM - Nonbranded - Geo Priorities (MxCx),Summer Camps,Phrase match (close variant),None,1,13,2.87,0.00,OK,,Appears relevant
summer camp day care,CM - Nonbranded - Geo Priorities (MxCx),Summer Camps,Phrase match,None,0,1,0.00,0.00,OK,,Appears relevant
vogelsinger soccer camp,CM - Nonbranded - Geo Priorities (MxCx),Soccer Camps,Phrase match,None,0,1,0.00,0.00,OK,,Appears relevant
west islip camps,CM - Nonbranded - Geo Priorities (MxCx),Summer Camps,Phrase match (close variant),None,0,1,0.00,0.00,OK,,Appears relevant
marks jch summer camp,CM - Nonbranded - Geo Priorities (MxCx),Summer Camps,Phrase match,None,0,1,0.00,0.00,OK,,Appears relevant
sayville summer camps,CM - Nonbranded - Geo Priorities (MxCx),Summer Camps,Phrase match,None,0,1,0.00,0.00,OK,,Appears relevant
pre k summer camp,CM - Nonbranded - Geo Priorities (MxCx),Summer Camps,Phrase match (close variant),None,0,1,0.00,0.00,OK,,Appears relevant
tennis summer camp,CM - Nonbranded - Geo Priorities (MxCx),Summer Camps,Phrase match,None,0,4,0.00,0.00,OK,,Appears relevant
valley stream summer camp,CM - Nonbranded - Geo Priorities (MxCx),Summer Camps,Phrase match (close variant),None,0,1,0.00,0.00,OK,,Appears relevant
pocantico hills summer camp,CM - Nonbranded - Geo Priorities (MxCx),Summer Camps,Phrase match (close variant),None,0,1,0.00,0.00,OK,,Appears relevant
half day basketball camp near me,CM - Nonbranded - Other Geos (MxConv),Basketball Camp,Phrase match,None,0,2,0.00,0.00,OK,,Appears relevant
football camp for 13 year olds,CM - Nonbranded - Other Geos (MxConv),Football Camps,Phrase match,None,0,2,0.00,0.00,OK,,Appears relevant
summer youth lacrosse,CM - Nonbranded - Other Geos (MxConv),Lacrosse Camps,Exact match (close variant),None,0,4,0.00,0.00,OK,,Appears relevant
summer camp for kids,CM - Nonbranded - Geo Priorities (MxCx),Soccer Camps,Exact match (close variant),None,0,1,0.00,0.00,OK,,Appears relevant
boys volleyball camps summer 2026,CM - Nonbranded - Geo Priorities (MxCx),Volleyball Camps,Phrase match,None,0,2,0.00,0.00,OK,,Appears relevant
long island day camp,CM - Nonbranded - Geo Priorities (MxCx),Summer Camps,Exact match,Added,1,9,2.71,0.00,OK,,Appears relevant
summer learning programs near me,CM - Nonbranded - Geo Priorities (MxCx),Summer Camps,Phrase match (close variant),None,0,1,0.00,0.00,OK,,Appears relevant
summer camp for 4 year olds near me,CM - Nonbranded - Geo Priorities (MxCx),Summer Camps,Phrase match (close variant),None,0,1,0.00,0.00,OK,,Appears relevant
swimming summer camp,CM - Nonbranded - Geo Priorities (MxCx),Summer Camps,Phrase match (close variant),None,0,1,0.00,0.00,OK,,Appears relevant
st pats summer camp 2026,CM - Nonbranded - Geo Priorities (MxCx),Summer Camps,Phrase match,None,0,4,0.00,0.00,OK,,Appears relevant
campus camps holbrook,CM - Nonbranded - Geo Priorities (MxCx),Summer Camps,Phrase match (close variant),None,1,5,2.88,0.00,OK,,Appears relevant
science camps for kids near me,CM - Nonbranded - Geo Priorities (MxCx),Summer Camps,Phrase match,None,0,1,0.00,0.00,OK,,Appears relevant
longwood booster summer camp,CM - Nonbranded - Geo Priorities (MxCx),Summer Camps,Phrase match,None,0,1,0.00,0.00,OK,,Appears relevant
long island summer soccer camps,CM - Nonbranded - Geo Priorities (MxCx),Soccer Camps,Phrase match,None,0,3,0.00,0.00,OK,,Appears relevant
soccer summer camps near me 2026,CM - Nonbranded - Geo Priorities (MxCx),Soccer Camps,Phrase match,None,0,2,0.00,0.00,OK,,Appears relevant
teens summer programs,CM - Nonbranded - Geo Priorities (MxCx),Summer Camps,Phrase match (close variant),None,1,8,2.82,0.00,OK,,Appears relevant
hope lutheran summer camp,CM - Nonbranded - Geo Priorities (MxCx),Summer Camps,Phrase match (close variant),None,0,1,0.00,0.00,OK,,Appears relevant
summer camps that accept subsidy,CM - Nonbranded - Geo Priorities (MxCx),Summer Camps,Phrase match,None,0,1,0.00,0.00,OK,,Appears relevant
hard 60 softball camps,CM - Nonbranded - Geo Priorities (MxCx),Softball Camps,Phrase match,None,0,1,0.00,0.00,OK,,Appears relevant
unique summer camps for kids,CM - Nonbranded - Geo Priorities (MxCx),Summer Camps,Phrase match,None,0,3,0.00,0.00,OK,,Appears relevant
volleyball camps on long island,CM - Nonbranded - Geo Priorities (MxCx),Summer Camps,Phrase match (close variant),None,0,4,0.00,0.00,OK,,Appears relevant
saint leo camps,CM - Nonbranded - Geo Priorities (MxCx),Sports Camps,Phrase match (close variant),None,0,1,0.00,0.00,OK,,Appears relevant
top golf kids summer,CM - Nonbranded - Geo Priorities (MxCx),Summer Camps,Phrase match (close variant),None,0,1,0.00,0.00,OK,,Appears relevant
camp ketcha summer camp,CM - pMax - Portland (MxConv),--,Performance Max,None,0,3,0.00,0.00,OK,,Appears relevant for Portland market
bowdoin baseball camp,CM - Nonbranded - Other Geos (MxConv),Baseball Camps,Phrase match (close variant),None,0,2,0.00,0.00,OK,,Appears relevant
basketball camp westchester,CM - Nonbranded - Other Geos (MxConv),Basketball Camp,Phrase match,None,1,5,14.64,0.00,OK,,Appears relevant
youth lacrosse camps summer 2026,CM - pMax - Portland (MxConv),--,Performance Max,None,0,3,0.00,0.00,OK,,Appears relevant for Portland market
circus camp,CM - pMax - Portland (MxConv),--,Performance Max,None,0,1,0.00,0.00,OK,,Appears relevant for Portland market
college cheerleading,CM - pMax - Portland (MxConv),--,Performance Max,None,0,1,0.00,0.00,OK,,Appears relevant for Portland market
umaine football camps,CM - pMax - Portland (MxConv),--,Performance Max,None,0,1,0.00,0.00,OK,,Appears relevant for Portland market
camps near me for teens,CM - pMax - Portland (MxConv),--,Performance Max,None,0,1,0.00,0.00,OK,,Appears relevant for Portland market
lacrosse summer camps 2026 near me,CM - Nonbranded - Geo Priorities (MxCx),Lacrosse Camps,Phrase match (close variant),None,0,4,0.00,0.00,OK,,Appears relevant
basketball camp near me for kids,CM - Nonbranded - Geo Priorities (MxCx),Basketball Camp,Phrase match,None,0,3,0.00,0.00,OK,,Appears relevant
pga camps,CM - Nonbranded - Geo Priorities (MxCx),Sports Camps,Phrase match (close variant),None,0,2,0.00,0.00,OK,,Appears relevant
kids summer camp near me,CM - Nonbranded - Geo Priorities (MxCx),Summer Camps,Exact match (close variant),None,0,2,0.00,0.00,OK,,Appears relevant
blue heat basketball camp,CM - Nonbranded - Geo Priorities (MxCx),Basketball Camp,Phrase match,None,0,1,0.00,0.00,OK,,Appears relevant
summer programs for 5 year olds,CM - Nonbranded - Geo Priorities (MxCx),Soccer Camps,Phrase match (close variant),None,0,2,0.00,0.00,OK,,Appears relevant
kid strong summer camp,CM - Nonbranded - Geo Priorities (MxCx),Soccer Camps,Phrase match (close variant),None,0,1,0.00,0.00,OK,,Appears relevant
sachem summer camps,CM - Nonbranded - Geo Priorities (MxCx),Summer Camps,Phrase match,None,0,3,0.00,0.00,OK,,Appears relevant
boces summer camp 2026,CM - Nonbranded - Geo Priorities (MxCx),Summer Camps,Phrase match,None,0,3,0.00,0.00,OK,,Appears relevant
summer volleyball programs near me,CM - Nonbranded - Geo Priorities (MxCx),Volleyball Camps,Exact match (close variant),None,1,2,0.66,0.00,OK,,Appears relevant
summerfield summer camp,CM - Nonbranded - Geo Priorities (MxCx),Summer Camps,Phrase match (close variant),None,0,1,0.00,0.00,OK,,Appears relevant
liu summer camp,CM - Nonbranded - Geo Priorities (MxCx),Summer Camps,Phrase match,None,0,3,0.00,0.00,OK,,Appears relevant
north babylon youth center summer camp,CM - Nonbranded - Geo Priorities (MxCx),Summer Camps,Phrase match,None,0,1,0.00,0.00,OK,,Appears relevant
camp for the summer,CM - Nonbranded - Geo Priorities (MxCx),Summer Camps,Phrase match (close variant),None,0,1,0.00,0.00,OK,,Appears relevant
oceanside ny summer camp,CM - Nonbranded - Geo Priorities (MxCx),Soccer Camps,Phrase match (close variant),None,0,1,0.00,0.00,OK,,Appears relevant
summer camp for little kids,CM - Nonbranded - Geo Priorities (MxCx),Summer Camps,Exact match (close variant),None,1,1,2.74,0.00,OK,,Appears relevant
melville camp,CM - Nonbranded - Geo Priorities (MxCx),Summer Camps,Phrase match (close variant),None,0,2,0.00,0.00,OK,,Appears relevant
best summer camps in america,CM - Nonbranded - Geo Priorities (MxCx),Summer Camps,Phrase match,None,0,1,0.00,0.00,OK,,Appears relevant
summer camp pierce college,CM - Nonbranded - Geo Priorities (MxCx),Summer Camps,Phrase match,None,0,1,0.00,0.00,OK,,Appears relevant
the keeper institute summer camp,CM - Nonbranded - Geo Priorities (MxCx),Soccer Camps,Phrase match (close variant),None,0,2,0.00,0.00,OK,,Appears relevant
crestwood day camp near me,CM - Nonbranded - Geo Priorities (MxCx),Summer Camps,Phrase match,None,0,1,0.00,0.00,OK,,Appears relevant
tufts soccer id camp 2026,CM - Nonbranded - Geo Priorities (MxCx),Soccer Camps,Phrase match,None,0,1,0.00,0.00,OK,,Appears relevant
sports camps near me,CM - Nonbranded - Other Geos (MxConv),Tennis Camps,Broad match,None,0,3,0.00,0.00,OK,,Appears relevant
red hots lacrosse camp,CM - Nonbranded - Other Geos (MxConv),Lacrosse Camps,Phrase match (close variant),None,0,1,0.00,0.00,OK,,Appears relevant
kids tennis summer camp near me,CM - Nonbranded - Other Geos (MxConv),Tennis Camps,Phrase match,None,0,1,0.00,0.00,OK,,Appears relevant
basketball summer camp,CM - Nonbranded - Other Geos (MxConv),Basketball Camp,Exact match,Added,1,1,5.92,0.00,OK,,Appears relevant
future stars tennis academy,CM - Branded (Mx.Clicks),Future Stars Camp Brand,Phrase match,None,1,4,1.93,0.00,OK,,Brand term matched: 'future stars'
usm swish camp,CM - pMax - Portland (MxConv),--,Performance Max,None,2,6,7.28,0.00,OK,,Appears relevant for Portland market
ymca camp of maine,CM - pMax - Portland (MxConv),--,Performance Max,None,0,8,0.00,0.00,OK,,Appears relevant for Portland market
east islip summer camp,CM - Nonbranded - Geo Priorities (MxCx),Summer Camps,Phrase match (close variant),None,0,2,0.00,0.00,OK,,Appears relevant
flag football clinic near me,CM - Nonbranded - Geo Priorities (MxCx),Football Camps,Phrase match (close variant),None,0,1,0.00,0.00,OK,,Appears relevant
teen summer camps,CM - Nonbranded - Geo Priorities (MxCx),Summer Camps,Phrase match,None,1,2,2.80,0.00,OK,,Appears relevant
soccer camp long island,CM - Nonbranded - Geo Priorities (MxCx),Summer Camps,Phrase match (close variant),None,0,3,0.00,0.00,OK,,Appears relevant
day camp kids,CM - Nonbranded - Geo Priorities (MxCx),Summer Camps,Phrase match (close variant),None,0,1,0.00,0.00,OK,,Appears relevant
camp pals,CM - Nonbranded - Geo Priorities (MxCx),Summer Camps,Phrase match (close variant),None,0,2,0.00,0.00,OK,,Appears relevant
day camp for 4 year olds,CM - Nonbranded - Geo Priorities (MxCx),Summer Camps,Phrase match (close variant),None,1,6,2.46,0.00,OK,,Appears relevant
camp cody,CM - Nonbranded - Geo Priorities (MxCx),Summer Camps,Phrase match (close variant),None,1,4,2.85,0.00,OK,,Appears relevant
miss sue's day camp,CM - Nonbranded - Geo Priorities (MxCx),Summer Camps,Phrase match (close variant),None,0,2,0.00,0.00,OK,,Appears relevant
camp summer fun,CM - Nonbranded - Geo Priorities (MxCx),Summer Camps,Phrase match (close variant),None,0,1,0.00,0.00,OK,,Appears relevant
soccer camps summer 2026,CM - Nonbranded - Geo Priorities (MxCx),Soccer Camps,Phrase match,None,1,6,2.76,0.00,OK,,Appears relevant
jrotc summer camp near me,CM - Nonbranded - Geo Priorities (MxCx),Summer Camps,Phrase match,None,0,2,0.00,0.00,OK,,Appears relevant
fabio buttitta day camp,CM - Nonbranded - Geo Priorities (MxCx),Summer Camps,Phrase match (close variant),None,0,1,0.00,0.00,OK,,Appears relevant
summer camp 2026,CM - Nonbranded - Geo Priorities (MxCx),Summer Camps,Phrase match,None,0,5,0.00,0.00,OK,,Appears relevant
art summer camps near me,CM - Nonbranded - Geo Priorities (MxCx),Summer Camps,Phrase match (close variant),None,0,1,0.00,0.00,OK,,Appears relevant
farmingdale summer camp,CM - Nonbranded - Geo Priorities (MxCx),Summer Camps,Phrase match (close variant),Added,0,2,0.00,0.00,OK,,Appears relevant
basketball clinic,CM - Nonbranded - Geo Priorities (MxCx),Basketball Camp,Phrase match (close variant),None,0,2,0.00,0.00,OK,,Appears relevant
coleman camp merrick,CM - Nonbranded - Geo Priorities (MxCx),Summer Camps,Phrase match (close variant),None,0,2,0.00,0.00,OK,,Appears relevant
camp invention near me,CM - Nonbranded - Geo Priorities (MxCx),Summer Camps,Phrase match (close variant),None,0,2,0.00,0.00,OK,,Appears relevant
gymnastics day camp,CM - Nonbranded - Geo Priorities (MxCx),Summer Camps,Phrase match (close variant),None,0,2,0.00,0.00,OK,,Appears relevant
pierce camp roslyn,CM - Nonbranded - Geo Priorities (MxCx),Summer Camps,Phrase match (close variant),None,0,3,0.00,0.00,OK,,Appears relevant
activity camp for kids,CM - Nonbranded - Geo Priorities (MxCx),Summer Camps,Exact match (close variant),None,0,2,0.00,0.00,OK,,Appears relevant
volleyball camps in long island,CM - Nonbranded - Geo Priorities (MxCx),Summer Camps,Phrase match (close variant),None,0,5,0.00,0.00,OK,,Appears relevant
all girls camp near me,CM - Nonbranded - Geo Priorities (MxCx),Summer Camps,Phrase match (close variant),None,2,7,5.72,0.00,OK,,Appears relevant
softball summer camp,CM - Nonbranded - Other Geos (MxConv),Softball Camps,Exact match (close variant),None,0,1,0.00,0.00,OK,,Appears relevant
summer camps 2026,CM - Nonbranded - Other Geos (MxConv),Tennis Camps,Broad match,None,0,1,0.00,0.00,OK,,Appears relevant
day camp westchester ny,CM - Nonbranded - Other Geos (MxConv),Tennis Camps,Broad match,None,0,1,0.00,0.00,OK,,Appears relevant
flag football camp,CM - Nonbranded - Other Geos (MxConv),Football Camps,Phrase match,None,0,2,0.00,0.00,OK,,Appears relevant
camps in southern maine,CM - pMax - Portland (MxConv),--,Performance Max,None,0,2,0.00,0.00,OK,,Appears relevant for Portland market
usm soccer camp,CM - pMax - Portland (MxConv),--,Performance Max,None,0,2,0.00,0.00,OK,,Appears relevant for Portland market
cheerleader,CM - pMax - Portland (MxConv),--,Performance Max,None,0,1,0.00,0.00,OK,,Appears relevant for Portland market
summer camp near me 5 year old,CM - Nonbranded - Geo Priorities (MxCx),Summer Camps,Phrase match (close variant),None,0,3,0.00,0.00,OK,,Appears relevant
summer camp organizer near me,CM - Nonbranded - Geo Priorities (MxCx),Summer Camps,Phrase match,None,0,3,0.00,0.00,OK,,Appears relevant
liu football camp,CM - Nonbranded - Geo Priorities (MxCx),Summer Camps,Phrase match (close variant),None,0,1,0.00,0.00,OK,,Appears relevant
camps for 2 year olds near me,CM - Nonbranded - Geo Priorities (MxCx),Summer Camps,Phrase match (close variant),None,0,4,0.00,0.00,OK,,Appears relevant
camp winokee,CM - Nonbranded - Geo Priorities (MxCx),Summer Camps,Phrase match (close variant),None,0,1,0.00,0.00,OK,,Appears relevant
kings kids summer camp,CM - Nonbranded - Geo Priorities (MxCx),Summer Camps,Phrase match,None,0,1,0.00,0.00,OK,,Appears relevant
horseback riding summer camp for kids,CM - Nonbranded - Geo Priorities (MxCx),Horseback Riding,Exact match (close variant),None,0,1,0.00,0.00,OK,,Appears relevant
kid strong summer camp,CM - Nonbranded - Geo Priorities (MxCx),Sports Camps,Phrase match (close variant),None,0,2,0.00,0.00,OK,,Appears relevant
golf camps kids,CM - Nonbranded - Geo Priorities (MxCx),Summer Camps,Phrase match,None,0,3,0.00,0.00,OK,,Appears relevant
basketball camps near me for 13 year olds,CM - Nonbranded - Geo Priorities (MxCx),Basketball Camp,Phrase match,None,0,2,0.00,0.00,OK,,Appears relevant
central islip summer camp,CM - Nonbranded - Geo Priorities (MxCx),Summer Camps,Phrase match,None,0,4,0.00,0.00,OK,,Appears relevant
camps kids,CM - Nonbranded - Geo Priorities (MxCx),Summer Camps,Exact match (close variant),None,0,3,0.00,0.00,OK,,Appears relevant
weston basketball camp,CM - Nonbranded - Geo Priorities (MxCx),Basketball Camp,Phrase match,None,1,1,2.84,0.00,OK,,Appears relevant
programs for the summer for kids,CM - Nonbranded - Geo Priorities (MxCx),Summer Camps,Phrase match (close variant),None,0,2,0.00,0.00,OK,,Appears relevant
cats kids rvc,CM - Nonbranded - Geo Priorities (MxCx),Sports Camps,Phrase match (close variant),None,0,1,0.00,0.00,OK,,Appears relevant
cheer camps summer 2026,CM - Nonbranded - Geo Priorities (MxCx),Summer Camps,Phrase match,None,0,3,0.00,0.00,OK,,Appears relevant
padel tennis,CM - Nonbranded - Other Geos (MxConv),Tennis Camps,Broad match,None,0,1,0.00,0.00,OK,,Appears relevant
summer camps for high school students,CM - Nonbranded - Other Geos (MxConv),Tennis Camps,Broad match,None,0,2,0.00,0.00,OK,,Appears relevant
maine football camp,CM - pMax - Portland (MxConv),--,Performance Max,None,0,1,0.00,0.00,OK,,Appears relevant for Portland market
sports camps in maine,CM - pMax - Portland (MxConv),--,Performance Max,None,1,2,1.80,0.00,OK,,Appears relevant for Portland market
how should a baseball glove fit,CM - pMax - Portland (MxConv),--,Performance Max,None,0,1,0.00,0.00,OK,,Appears relevant for Portland market
franklin square summer camp,CM - Nonbranded - Geo Priorities (MxCx),Summer Camps,Phrase match,None,0,1,0.00,0.00,OK,,Appears relevant
art camps near me,CM - Nonbranded - Geo Priorities (MxCx),Summer Camps,Phrase match (close variant),None,0,21,0.00,0.00,OK,,Appears relevant
westchester county summer camps,CM - Nonbranded - Geo Priorities (MxCx),Summer Camps,Phrase match (close variant),None,0,1,0.00,0.00,OK,,Appears relevant
summer camps lacrosse,CM - Nonbranded - Geo Priorities (MxCx),Lacrosse Camps,Exact match (close variant),None,0,2,0.00,0.00,OK,,Appears relevant
summer camps for pre teens near me,CM - Nonbranded - Geo Priorities (MxCx),Soccer Camps,Phrase match (close variant),None,0,1,0.00,0.00,OK,,Appears relevant
lamonica sports,CM - Nonbranded - Geo Priorities (MxCx),Sports Camps,Phrase match (close variant),None,1,2,3.30,0.00,OK,,Appears relevant
south shore day camp tuition,CM - Nonbranded - Geo Priorities (MxCx),Summer Camps,Phrase match (close variant),None,0,1,0.00,0.00,OK,,Appears relevant
girls basketball camps near me,CM - Nonbranded - Geo Priorities (MxCx),Basketball Camp,Phrase match,None,2,4,5.52,0.00,OK,,Appears relevant
hockey camps near me,CM - Nonbranded - Geo Priorities (MxCx),Sports Camps,Phrase match (close variant),None,1,3,2.74,0.00,OK,,Appears relevant
jalen brunson basketball camp,CM - Nonbranded - Geo Priorities (MxCx),Basketball Camp,Phrase match,None,0,3,0.00,0.00,OK,,Appears relevant
carle place summer camp,CM - Nonbranded - Geo Priorities (MxCx),Summer Camps,Phrase match,None,0,1,0.00,0.00,OK,,Appears relevant
huntington summer camp,CM - Nonbranded - Geo Priorities (MxCx),Summer Camps,Phrase match,None,0,1,0.00,0.00,OK,,Appears relevant
arsenal soccer camp,CM - Nonbranded - Geo Priorities (MxCx),Soccer Camps,Phrase match,None,0,1,0.00,0.00,OK,,Appears relevant
music camp for kids near me,CM - Nonbranded - Geo Priorities (MxCx),Summer Camps,Phrase match (close variant),None,0,4,0.00,0.00,OK,,Appears relevant
summer camp long island,CM - Nonbranded - Geo Priorities (MxCx),Summer Camps,Phrase match,None,0,2,0.00,0.00,OK,,Appears relevant
day camps for 4 year olds,CM - Nonbranded - Geo Priorities (MxCx),Summer Camps,Phrase match (close variant),None,0,1,0.00,0.00,OK,,Appears relevant
club scikidz central long island,CM - Nonbranded - Geo Priorities (MxCx),Summer Camps,Phrase match (close variant),None,0,3,0.00,0.00,OK,,Appears relevant
bjj summer camp,CM - Nonbranded - Geo Priorities (MxCx),Sports Camps,Phrase match (close variant),None,0,1,0.00,0.00,OK,,Appears relevant
camp r us near me,CM - Competitors - OldW - (Mx.Clicks),Competitors,Exact match (close variant),None,0,3,0.00,0.00,OK,,Competitor matched: 'camp r us'
hofstra university summer camps,CM - Competitors - OldW - (Mx.Clicks),Competitors,Exact match (close variant),None,2,8,7.44,0.00,OK,,Competitor matched: 'hofstra'
future star camp,CM - Branded (Mx.Clicks),Future Stars Camp Brand,Exact match (close variant),Added,0,1,0.00,0.00,OK,,Brand term matched: 'future star'
summer camp portland,CM - pMax - Portland (MxConv),--,Performance Max,None,0,1,0.00,0.00,OK,,Appears relevant for Portland market
soccer camps in maine,CM - pMax - Portland (MxConv),--,Performance Max,None,1,3,1.38,0.00,OK,,Appears relevant for Portland market
art camp near me,CM - pMax - Portland (MxConv),--,Performance Max,None,0,1,0.00,0.00,OK,,Appears relevant for Portland market
oyster bay summer camp,CM - Nonbranded - Geo Priorities (MxCx),Summer Camps,Phrase match (close variant),None,0,2,0.00,0.00,OK,,Appears relevant
basketball summer camps in long island,CM - Nonbranded - Geo Priorities (MxCx),Basketball Camp,Phrase match,None,0,1,0.00,0.00,OK,,Appears relevant
summer camp forest hills,CM - Nonbranded - Geo Priorities (MxCx),Soccer Camps,Phrase match (close variant),None,0,1,0.00,0.00,OK,,Appears relevant
nassau county day camps,CM - Nonbranded - Geo Priorities (MxCx),Summer Camps,Phrase match (close variant),None,0,8,0.00,0.00,OK,,Appears relevant
greenwood trails camp,CM - Nonbranded - Geo Priorities (MxCx),Summer Camps,Phrase match (close variant),None,0,1,0.00,0.00,OK,,Appears relevant
kids science camp near me,CM - Nonbranded - Geo Priorities (MxCx),Summer Camps,Phrase match,None,0,1,0.00,0.00,OK,,Appears relevant
summer camps in long island,CM - Nonbranded - Geo Priorities (MxCx),Summer Camps,Exact match (close variant),None,0,2,0.00,0.00,OK,,Appears relevant
sayville athletic camps,CM - Nonbranded - Geo Priorities (MxCx),Sports Camps,Phrase match (close variant),None,0,2,0.00,0.00,OK,,Appears relevant
plainview summer camp,CM - Nonbranded - Geo Priorities (MxCx),Summer Camps,Phrase match,None,0,2,0.00,0.00,OK,,Appears relevant
true lacrosse summer camp,CM - Nonbranded - Geo Priorities (MxCx),Lacrosse Camps,Phrase match,None,0,1,0.00,0.00,OK,,Appears relevant
soccer clinic,CM - Nonbranded - Geo Priorities (MxCx),Soccer Camps,Phrase match (close variant),None,0,9,0.00,0.00,OK,,Appears relevant
maplewood day camp wantagh,CM - Nonbranded - Geo Priorities (MxCx),Summer Camps,Phrase match (close variant),None,1,13,2.71,0.00,OK,,Appears relevant
suffolk county summer camps,CM - Nonbranded - Geo Priorities (MxCx),Summer Camps,Phrase match,None,9,22,24.54,0.00,OK,,Appears relevant
nova southeastern softball camp,CM - Nonbranded - Geo Priorities (MxCx),Softball Camps,Phrase match,None,1,2,2.84,0.00,OK,,Appears relevant
deer park summer camp,CM - Nonbranded - Geo Priorities (MxCx),Soccer Camps,Phrase match (close variant),None,0,1,0.00,0.00,OK,,Appears relevant
camps rus,CM - Competitors - OldW - (Mx.Clicks),Competitors,Exact match (close variant),None,0,1,0.00,0.00,OK,,Competitor matched: 'camps rus'
soccer camp near me,CM - Nonbranded - Other Geos (MxConv),Football Camps,Phrase match (close variant),None,1,3,32.64,0.00,OK,,Appears relevant
ridge hill tennis,CM - Nonbranded - Other Geos (MxConv),Tennis Camps,Broad match,None,0,2,0.00,0.00,OK,,Appears relevant
future stars flag football camp,CM - Branded (Mx.Clicks),Future Stars Camp Brand,Phrase match,None,1,2,3.32,0.00,OK,,Brand term matched: 'future stars'
fca sports camp,CM - pMax - Portland (MxConv),--,Performance Max,None,0,1,0.00,0.00,OK,,Appears relevant for Portland market
summer sports for kids near me,CM - pMax - Portland (MxConv),--,Performance Max,None,0,1,0.00,0.00,OK,,Appears relevant for Portland market
kieve camp maine,CM - pMax - Portland (MxConv),--,Performance Max,None,0,2,0.00,0.00,OK,,Appears relevant for Portland market
camp for kids,CM - pMax - Portland (MxConv),--,Performance Max,None,0,1,0.00,0.00,OK,,Appears relevant for Portland market
affordable camps for kids,CM - pMax - Portland (MxConv),--,Performance Max,None,0,1,0.00,0.00,OK,,Appears relevant for Portland market
art camp near me summer 2026,CM - pMax - Portland (MxConv),--,Performance Max,None,0,1,0.00,0.00,OK,,Appears relevant for Portland market
teen summer programs near me,CM - Nonbranded - Geo Priorities (MxCx),Summer Camps,Phrase match (close variant),None,0,1,0.00,0.00,OK,,Appears relevant
lacrosse camp new york,CM - Nonbranded - Geo Priorities (MxCx),Lacrosse Camps,Exact match (close variant),None,0,1,0.00,0.00,OK,,Appears relevant
plainview summer camp,CM - Nonbranded - Geo Priorities (MxCx),Summer Camps,Phrase match (close variant),None,0,2,0.00,0.00,OK,,Appears relevant
camp iroquois springs,CM - Nonbranded - Geo Priorities (MxCx),Summer Camps,Phrase match (close variant),None,0,2,0.00,0.00,OK,,Appears relevant
youth flag football camps near me,CM - Nonbranded - Geo Priorities (MxCx),Football Camps,Exact match (close variant),None,0,1,0.00,0.00,OK,,Appears relevant
horseback riding camp for kids near me,CM - Nonbranded - Geo Priorities (MxCx),Horseback Riding,Phrase match,None,1,3,2.44,0.00,OK,,Appears relevant
camp crunchlabs com,CM - Nonbranded - Geo Priorities (MxCx),Summer Camps,Phrase match (close variant),None,0,1,0.00,0.00,OK,,Appears relevant
ballet summer camp,CM - Nonbranded - Geo Priorities (MxCx),Dance Camps,Phrase match (close variant),None,0,3,0.00,0.00,OK,,Appears relevant
dance school summer,CM - Nonbranded - Geo Priorities (MxCx),Dance Camps,Exact match (close variant),None,0,3,0.00,0.00,OK,,Appears relevant
ypdc camp,CM - Nonbranded - Geo Priorities (MxCx),Summer Camps,Phrase match (close variant),None,0,3,0.00,0.00,OK,,Appears relevant
mid island day camp calendar 2026,CM - Nonbranded - Geo Priorities (MxCx),Summer Camps,Phrase match (close variant),None,0,2,0.00,0.00,OK,,Appears relevant
tumbling summer camp,CM - Nonbranded - Geo Priorities (MxCx),Summer Camps,Phrase match,None,1,3,2.64,0.00,OK,,Appears relevant
basketball camp for 4 year olds,CM - Nonbranded - Geo Priorities (MxCx),Basketball Camp,Phrase match,None,1,2,2.73,0.00,OK,,Appears relevant
space summer camp near me,CM - Nonbranded - Geo Priorities (MxCx),Summer Camps,Phrase match,None,0,1,0.00,0.00,OK,,Appears relevant
volleyball for 5 year olds near me,CM - Nonbranded - Geo Priorities (MxCx),Volleyball Camps,Phrase match (close variant),None,1,4,2.63,0.00,OK,,Appears relevant
bright horizon summer camp,CM - Nonbranded - Geo Priorities (MxCx),Summer Camps,Phrase match,None,0,1,0.00,0.00,OK,,Appears relevant
checkmate lacrosse camp,CM - Nonbranded - Geo Priorities (MxCx),Lacrosse Camps,Phrase match (close variant),None,0,3,0.00,0.00,OK,,Appears relevant
art camp for kids near me,CM - Nonbranded - Geo Priorities (MxCx),Summer Camps,Phrase match (close variant),None,0,1,0.00,0.00,OK,,Appears relevant
kids summer camps,CM - pMax - Portland (MxConv),--,Performance Max,None,0,1,0.00,0.00,OK,,Appears relevant for Portland market
science camps for kids,CM - pMax - Portland (MxConv),--,Performance Max,None,0,2,0.00,0.00,OK,,Appears relevant for Portland market
camp cheverus,CM - pMax - Portland (MxConv),--,Performance Max,None,0,4,0.00,0.00,OK,,Appears relevant for Portland market
summer day camp maine,CM - pMax - Portland (MxConv),--,Performance Max,None,0,1,0.00,0.00,OK,,Appears relevant for Portland market
jackson dart football camp,CM - Nonbranded - Geo Priorities (MxCx),Football Camps,Phrase match,None,0,4,0.00,0.00,OK,,Appears relevant
summer camp for black kids,CM - Nonbranded - Geo Priorities (MxCx),Summer Camps,Phrase match,None,0,1,0.00,0.00,OK,,Appears relevant
big chief camp east meadow,CM - Nonbranded - Geo Priorities (MxCx),Summer Camps,Phrase match (close variant),None,1,4,2.50,0.00,OK,,Appears relevant
summer camp age 12,CM - Nonbranded - Geo Priorities (MxCx),Summer Camps,Phrase match,None,0,1,0.00,0.00,OK,,Appears relevant
patriots basketball camp,CM - Nonbranded - Geo Priorities (MxCx),Basketball Camp,Phrase match,None,0,1,0.00,0.00,OK,,Appears relevant
island kids summer camp,CM - Nonbranded - Geo Priorities (MxCx),Summer Camps,Phrase match,None,0,1,0.00,0.00,OK,,Appears relevant
port jefferson summer camp,CM - Nonbranded - Geo Priorities (MxCx),Summer Camps,Phrase match (close variant),None,0,3,0.00,0.00,OK,,Appears relevant
sports camps nassau county,CM - Nonbranded - Geo Priorities (MxCx),Sports Camps,Phrase match (close variant),None,0,2,0.00,0.00,OK,,Appears relevant
lifetime summer camp 2026,CM - Nonbranded - Geo Priorities (MxCx),Summer Camps,Phrase match,None,0,1,0.00,0.00,OK,,Appears relevant
long island summer camp,CM - Nonbranded - Geo Priorities (MxCx),Summer Camps,Exact match,Added,3,25,8.32,0.00,OK,,Appears relevant
jesters lacrosse camp,CM - Nonbranded - Geo Priorities (MxCx),Lacrosse Camps,Phrase match (close variant),None,0,3,0.00,0.00,OK,,Appears relevant
white plains camp,CM - Nonbranded - Geo Priorities (MxCx),Summer Camps,Phrase match (close variant),None,0,1,0.00,0.00,OK,,Appears relevant
little gym summer camp,CM - Nonbranded - Geo Priorities (MxCx),Sports Camps,Phrase match (close variant),None,0,2,0.00,0.00,OK,,Appears relevant
pre k summer camp near me,CM - Nonbranded - Geo Priorities (MxCx),Summer Camps,Phrase match,None,0,1,0.00,0.00,OK,,Appears relevant
camp harbor st james,CM - Nonbranded - Geo Priorities (MxCx),Summer Camps,Phrase match (close variant),None,0,8,0.00,0.00,OK,,Appears relevant
summer day care,CM - Nonbranded - Geo Priorities (MxCx),Summer Camps,Phrase match (close variant),None,0,1,0.00,0.00,OK,,Appears relevant
freeport rec center summer camp,CM - Nonbranded - Geo Priorities (MxCx),Summer Camps,Phrase match,None,0,2,0.00,0.00,OK,,Appears relevant
lifetime fitness summer camp for kids,CM - Nonbranded - Geo Priorities (MxCx),Summer Camps,Phrase match,None,0,1,0.00,0.00,OK,,Appears relevant
ultimate enrichment summer camp,CM - Nonbranded - Geo Priorities (MxCx),Summer Camps,Phrase match,None,0,1,0.00,0.00,OK,,Appears relevant
basketball camp near me,CM - Nonbranded - Other Geos (MxConv),Basketball Camp,Exact match (close variant),Added,0,1,0.00,0.00,OK,,Appears relevant
greenburgh tennis camp,CM - Nonbranded - Other Geos (MxConv),Tennis Camps,Phrase match,None,0,2,0.00,0.00,OK,,Appears relevant
soccer summer camps,CM - pMax - Portland (MxConv),--,Performance Max,None,0,2,0.00,0.00,OK,,Appears relevant for Portland market
ccsc softball camps,CM - Nonbranded - Geo Priorities (MxCx),Softball Camps,Phrase match,None,0,1,0.00,0.00,OK,,Appears relevant
soccer camp in long island,CM - Nonbranded - Geo Priorities (MxCx),Summer Camps,Phrase match (close variant),None,0,1,0.00,0.00,OK,,Appears relevant
babylon summer camps,CM - Nonbranded - Geo Priorities (MxCx),Summer Camps,Phrase match (close variant),None,0,2,0.00,0.00,OK,,Appears relevant
softball camp for girls,CM - Nonbranded - Geo Priorities (MxCx),Softball Camps,Phrase match,None,1,3,2.77,0.00,OK,,Appears relevant
summer camp art,CM - Nonbranded - Geo Priorities (MxCx),Summer Camps,Phrase match (close variant),None,0,2,0.00,0.00,OK,,Appears relevant
kindergarten prep summer camp near me,CM - Nonbranded - Geo Priorities (MxCx),Summer Camps,Phrase match,None,0,1,0.00,0.00,OK,,Appears relevant
summer camp nassau county,CM - Nonbranded - Geo Priorities (MxCx),Summer Camps,Phrase match,None,0,7,0.00,0.00,OK,,Appears relevant
yoga summer camp,CM - Nonbranded - Geo Priorities (MxCx),Summer Camps,Phrase match,None,0,2,0.00,0.00,OK,,Appears relevant
rec camp,CM - Nonbranded - Geo Priorities (MxCx),Summer Camps,Phrase match (close variant),None,0,3,0.00,0.00,OK,,Appears relevant
basketball camps near me,CM - Nonbranded - Geo Priorities (MxCx),Basketball Camp,Exact match,Added,5,42,13.00,0.00,OK,,Appears relevant
three village theater camp,CM - Nonbranded - Geo Priorities (MxCx),Summer Camps,Phrase match (close variant),None,0,1,0.00,0.00,OK,,Appears relevant
basketball camps westchester,CM - Nonbranded - Other Geos (MxConv),Basketball Camp,Phrase match,None,0,3,0.00,0.00,OK,,Appears relevant
southampton tennis,CM - Nonbranded - Other Geos (MxConv),Tennis Camps,Broad match,None,0,5,0.00,0.00,OK,,Appears relevant
fiddlehead summer camp,CM - pMax - Portland (MxConv),--,Performance Max,None,1,2,1.41,0.00,OK,,Appears relevant for Portland market
maine summer camps,CM - pMax - Portland (MxConv),--,Performance Max,None,1,3,1.32,0.00,OK,,Appears relevant for Portland market
nassau county lacrosse camps,CM - Nonbranded - Geo Priorities (MxCx),Lacrosse Camps,Phrase match (close variant),None,0,2,0.00,0.00,OK,,Appears relevant
summer camps for 13 year old boys,CM - Nonbranded - Geo Priorities (MxCx),Summer Camps,Phrase match,None,2,1,5.52,0.00,OK,,Appears relevant
long island health and racquet summer camp,CM - Nonbranded - Geo Priorities (MxCx),Summer Camps,Phrase match (close variant),None,0,1,0.00,0.00,OK,,Appears relevant
summer camp 12 year old boy,CM - Nonbranded - Geo Priorities (MxCx),Summer Camps,Phrase match (close variant),None,0,1,0.00,0.00,OK,,Appears relevant
cap summer camp,CM - Nonbranded - Geo Priorities (MxCx),Summer Camps,Phrase match,None,0,4,0.00,0.00,OK,,Appears relevant
summer camp 3 years old near me,CM - Nonbranded - Geo Priorities (MxCx),Summer Camps,Phrase match (close variant),None,0,1,0.00,0.00,OK,,Appears relevant
horizon summer camp near me,CM - Nonbranded - Geo Priorities (MxCx),Summer Camps,Phrase match,None,0,3,0.00,0.00,OK,,Appears relevant
hofstra volleyball camp,CM - Nonbranded - Geo Priorities (MxCx),Volleyball Camps,Phrase match,None,1,9,2.70,0.00,OK,,Appears relevant
summer camp smithtown,CM - Nonbranded - Geo Priorities (MxCx),Summer Camps,Phrase match,None,1,5,2.98,0.00,OK,,Appears relevant
long island health and racquet summer camp,CM - Nonbranded - Geo Priorities (MxCx),Sports Camps,Phrase match (close variant),None,0,3,0.00,0.00,OK,,Appears relevant
summer camp public speaking,CM - Nonbranded - Geo Priorities (MxCx),Summer Camps,Phrase match,None,0,3,0.00,0.00,OK,,Appears relevant
summer programs for kids near me,CM - Nonbranded - Geo Priorities (MxCx),Soccer Camps,Phrase match (close variant),None,0,2,0.00,0.00,OK,,Appears relevant
nasa camp for kids,CM - Nonbranded - Geo Priorities (MxCx),Summer Camps,Phrase match,None,0,1,0.00,0.00,OK,,Appears relevant
laconda camp,CM - Nonbranded - Geo Priorities (MxCx),Summer Camps,Phrase match (close variant),None,1,2,2.84,0.00,OK,,Appears relevant
summer basketball for boys,CM - Nonbranded - Geo Priorities (MxCx),Basketball Camp,Phrase match (close variant),None,0,3,0.00,0.00,OK,,Appears relevant
holtsville ecology center camp,CM - Nonbranded - Geo Priorities (MxCx),Summer Camps,Phrase match (close variant),None,0,1,0.00,0.00,OK,,Appears relevant
summer camps for kids,CM - Nonbranded - Geo Priorities (MxCx),Summer Camps,Exact match (close variant),Added,1,7,2.83,0.00,OK,,Appears relevant
best summer soccer camps,CM - Nonbranded - Geo Priorities (MxCx),Soccer Camps,Exact match (close variant),None,0,1,0.00,0.00,OK,,Appears relevant
basketball camp,CM - Nonbranded - Geo Priorities (MxCx),Basketball Camp,Exact match,Added,8,72,22.25,0.00,OK,,Appears relevant
tennis camp near me,CM - Nonbranded - Other Geos (MxConv),Tennis Camps,Exact match (close variant),None,1,4,0.42,0.00,OK,,Appears relevant
westhampton tennis and sport,CM - Nonbranded - Other Geos (MxConv),Tennis Camps,Broad match,None,1,5,10.44,0.00,OK,,Appears relevant
camp venture portland maine,CM - pMax - Portland (MxConv),--,Performance Max,None,0,2,0.00,0.00,OK,,Appears relevant for Portland market
summer camp deer park,CM - Nonbranded - Geo Priorities (MxCx),Summer Camps,Phrase match,None,0,5,0.00,0.00,OK,,Appears relevant
summer camp 5th grade,CM - Nonbranded - Geo Priorities (MxCx),Summer Camps,Phrase match,None,0,1,0.00,0.00,OK,,Appears relevant
youth summer programs near me,CM - Nonbranded - Geo Priorities (MxCx),Soccer Camps,Exact match (close variant),None,0,1,0.00,0.00,OK,,Appears relevant
summer camps for teens near me,CM - Nonbranded - Geo Priorities (MxCx),Summer Camps,Phrase match,None,0,1,0.00,0.00,OK,,Appears relevant
hauppauge soccer camp,CM - Nonbranded - Geo Priorities (MxCx),Soccer Camps,Phrase match,None,0,1,0.00,0.00,OK,,Appears relevant
baseball summer camp,CM - Nonbranded - Geo Priorities (MxCx),Summer Camps,Phrase match,None,0,3,0.00,0.00,OK,,Appears relevant
serious fun children's network camps,CM - Nonbranded - Geo Priorities (MxCx),Summer Camps,Phrase match (close variant),None,0,1,0.00,0.00,OK,,Appears relevant
e12 lacrosse camps,CM - Nonbranded - Geo Priorities (MxCx),Lacrosse Camps,Phrase match (close variant),None,0,1,0.00,0.00,OK,,Appears relevant
one river summer camp,CM - Nonbranded - Geo Priorities (MxCx),Summer Camps,Phrase match,None,0,2,0.00,0.00,OK,,Appears relevant
hampton university football prospect camp,CM - Nonbranded - Geo Priorities (MxCx),Football Camps,Phrase match,None,0,1,0.00,0.00,OK,,Appears relevant
summer camps for 16 year olds,CM - Nonbranded - Geo Priorities (MxCx),Summer Camps,Phrase match (close variant),None,0,2,0.00,0.00,OK,,Appears relevant
gymnastics summer camp,CM - Nonbranded - Geo Priorities (MxCx),Summer Camps,Phrase match,None,0,2,0.00,0.00,OK,,Appears relevant
gymnastic camps summer 2026,CM - Nonbranded - Geo Priorities (MxCx),Summer Camps,Phrase match,None,0,1,0.00,0.00,OK,,Appears relevant
camp huntington high falls ny,CM - Nonbranded - Geo Priorities (MxCx),Summer Camps,Phrase match (close variant),None,0,2,0.00,0.00,OK,,Appears relevant
lacrosse camps long island,CM - Nonbranded - Geo Priorities (MxCx),Summer Camps,Phrase match (close variant),None,0,16,0.00,0.00,OK,,Appears relevant
fastbreak summer camp,CM - Nonbranded - Other Geos (MxConv),Basketball Camp,Phrase match (close variant),None,0,1,0.00,0.00,OK,,Appears relevant
shibley summer camp,CM - Competitors - OldW - (Mx.Clicks),Competitors,Exact match,Added,0,2,0.00,0.00,OK,,Competitor matched: 'shibley'
future stars,CM - Branded (Mx.Clicks),Future Stars Camp Brand,Exact match,Added,90,237,117.69,5.57,OK,,Brand term matched: 'future stars'
chess camp near me,CM - pMax - Portland (MxConv),--,Performance Max,None,0,1,0.00,0.00,OK,,Appears relevant for Portland market
y camp of maine,CM - pMax - Portland (MxConv),--,Performance Max,None,0,3,0.00,0.00,OK,,Appears relevant for Portland market
first tee golf camp,CM - pMax - Portland (MxConv),--,Performance Max,None,0,1,0.00,0.00,OK,,Appears relevant for Portland market
summer rec,CM - Nonbranded - Geo Priorities (MxCx),Summer Camps,Phrase match (close variant),None,0,2,0.00,0.00,OK,,Appears relevant
westchester day camps,CM - Nonbranded - Geo Priorities (MxCx),Summer Camps,Phrase match (close variant),None,0,4,0.00,0.00,OK,,Appears relevant
camp echo lake ny,CM - Nonbranded - Geo Priorities (MxCx),Summer Camps,Phrase match (close variant),None,0,1,0.00,0.00,OK,,Appears relevant
summer language camps for kids,CM - Nonbranded - Geo Priorities (MxCx),Summer Camps,Phrase match,None,0,2,0.00,0.00,OK,,Appears relevant
gymnastic camps near me,CM - Nonbranded - Geo Priorities (MxCx),Sports Camps,Phrase match (close variant),None,0,2,0.00,0.00,OK,,Appears relevant
nyu volleyball camp,CM - Nonbranded - Geo Priorities (MxCx),Volleyball Camps,Phrase match,None,0,2,0.00,0.00,OK,,Appears relevant
garden city camps,CM - Nonbranded - Geo Priorities (MxCx),Summer Camps,Phrase match (close variant),None,0,3,0.00,0.00,OK,,Appears relevant
summer camp advantages,CM - Nonbranded - Geo Priorities (MxCx),Summer Camps,Phrase match,None,0,2,0.00,0.00,OK,,Appears relevant
long island summer camps 2026,CM - Nonbranded - Geo Priorities (MxCx),Summer Camps,Phrase match (close variant),None,0,2,0.00,0.00,OK,,Appears relevant
science summer camp near me,CM - Nonbranded - Geo Priorities (MxCx),Summer Camps,Phrase match (close variant),None,0,2,0.00,0.00,OK,,Appears relevant
camp usdan,CM - Nonbranded - Geo Priorities (MxCx),Summer Camps,Phrase match (close variant),None,0,1,0.00,0.00,OK,,Appears relevant
girls volleyball summer camps near me,CM - Nonbranded - Geo Priorities (MxCx),Volleyball Camps,Phrase match,None,0,9,0.00,0.00,OK,,Appears relevant
hofstra dance camp,CM - Nonbranded - Geo Priorities (MxCx),Dance Camps,Phrase match,None,0,3,0.00,0.00,OK,,Appears relevant
summer recreation programs,CM - Nonbranded - Geo Priorities (MxCx),Summer Camps,Phrase match (close variant),None,0,1,0.00,0.00,OK,,Appears relevant
cheer camps summer 2026,CM - Nonbranded - Geo Priorities (MxCx),Sports Camps,Phrase match (close variant),None,0,2,0.00,0.00,OK,,Appears relevant
acro summer camp near me,CM - Nonbranded - Geo Priorities (MxCx),Dance Camps,Phrase match (close variant),None,0,2,0.00,0.00,OK,,Appears relevant
camps in long island,CM - Nonbranded - Geo Priorities (MxCx),Summer Camps,Exact match (close variant),None,2,7,5.47,0.00,OK,,Appears relevant
tennis camps for girls,CM - Nonbranded - Other Geos (MxConv),Tennis Camps,Phrase match,None,1,3,3.71,0.00,OK,,Appears relevant
smcc basketball camp,CM - Nonbranded - Other Geos (MxConv),Basketball Camp,Phrase match,None,1,1,4.03,0.00,OK,,Appears relevant
usm volleyball camp 2026,CM - pMax - Portland (MxConv),--,Performance Max,None,0,1,0.00,0.00,OK,,Appears relevant for Portland market
basketball summer camp 5 year old,CM - Nonbranded - Geo Priorities (MxCx),Basketball Camp,Phrase match,None,0,6,0.00,0.00,OK,,Appears relevant
piers summer camp,CM - Nonbranded - Geo Priorities (MxCx),Summer Camps,Phrase match,None,0,2,0.00,0.00,OK,,Appears relevant
summer camp long island,CM - Nonbranded - Geo Priorities (MxCx),Summer Camps,Phrase match (close variant),None,0,3,0.00,0.00,OK,,Appears relevant
wiffle ball camp,CM - Nonbranded - Geo Priorities (MxCx),Sports Camps,Phrase match (close variant),None,0,2,0.00,0.00,OK,,Appears relevant
greenwich warriors lacrosse camp,CM - Nonbranded - Geo Priorities (MxCx),Lacrosse Camps,Phrase match (close variant),None,1,2,3.22,0.00,OK,,Appears relevant
summer camps on li,CM - Nonbranded - Geo Priorities (MxCx),Summer Camps,Exact match (close variant),None,0,3,0.00,0.00,OK,,Appears relevant
william floyd summer camp,CM - Nonbranded - Geo Priorities (MxCx),Sports Camps,Phrase match (close variant),None,0,1,0.00,0.00,OK,,Appears relevant
soccer camp near me for kids,CM - Nonbranded - Geo Priorities (MxCx),Soccer Camps,Phrase match,None,0,2,0.00,0.00,OK,,Appears relevant
winnie summer camp,CM - Nonbranded - Geo Priorities (MxCx),Summer Camps,Phrase match,None,0,1,0.00,0.00,OK,,Appears relevant
baseball summer camps,CM - Nonbranded - Geo Priorities (MxCx),Summer Camps,Phrase match (close variant),None,0,1,0.00,0.00,OK,,Appears relevant
summer camp for 10 year olds,CM - Nonbranded - Geo Priorities (MxCx),Soccer Camps,Phrase match (close variant),None,0,1,0.00,0.00,OK,,Appears relevant
camp adventure long island,CM - Nonbranded - Geo Priorities (MxCx),Summer Camps,Phrase match (close variant),None,0,2,0.00,0.00,OK,,Appears relevant
rising star summer camp,CM - Nonbranded - Geo Priorities (MxCx),Summer Camps,Phrase match,None,0,1,0.00,0.00,OK,,Appears relevant
summer camps 2026 near me,CM - Nonbranded - Geo Priorities (MxCx),Soccer Camps,Phrase match (close variant),None,0,1,0.00,0.00,OK,,Appears relevant
boys summer camp,CM - Nonbranded - Geo Priorities (MxCx),Summer Camps,Phrase match,None,0,2,0.00,0.00,OK,,Appears relevant
summer youth programs,CM - Nonbranded - Geo Priorities (MxCx),Summer Camps,Phrase match (close variant),None,0,6,0.00,0.00,OK,,Appears relevant
girls scouts summer camp 2026,CM - Nonbranded - Geo Priorities (MxCx),Summer Camps,Phrase match,None,0,2,0.00,0.00,OK,,Appears relevant
parkour summer camp,CM - Nonbranded - Geo Priorities (MxCx),Soccer Camps,Phrase match (close variant),None,0,1,0.00,0.00,OK,,Appears relevant
summer camps on li,CM - Nonbranded - Geo Priorities (MxCx),Summer Camps,Phrase match (close variant),None,0,1,0.00,0.00,OK,,Appears relevant
sports camp in westchester,CM - Nonbranded - Other Geos (MxConv),Tennis Camps,Broad match,None,0,1,0.00,0.00,OK,,Appears relevant
fscamps old westbury,CM - Branded (Mx.Clicks),Future Stars Camp Brand,Phrase match (close variant),None,0,2,0.00,0.00,OK,,Brand term matched: 'fscamps'
future stars near me,CM - Branded (Mx.Clicks),Future Stars Camp Brand,Exact match (close variant),None,32,98,7.63,1.00,OK,,Brand term matched: 'future stars'
summer basketball camps,CM - pMax - Portland (MxConv),--,Performance Max,None,0,2,0.00,0.00,OK,,Appears relevant for Portland market
club scikidz,CM - pMax - Portland (MxConv),--,Performance Max,None,0,1,0.00,0.00,OK,,Appears relevant for Portland market
age for size 5 soccer ball,CM - pMax - Portland (MxConv),--,Performance Max,None,0,1,0.00,0.00,OK,,Appears relevant for Portland market
gymnastics summer camp near me,CM - Nonbranded - Geo Priorities (MxCx),Summer Camps,Phrase match,None,1,4,2.86,0.00,OK,,Appears relevant
counselor in training summer camp near me,CM - Nonbranded - Geo Priorities (MxCx),Summer Camps,Phrase match,None,0,1,0.00,0.00,OK,,Appears relevant
camp long island ny,CM - Nonbranded - Geo Priorities (MxCx),Summer Camps,Exact match (close variant),None,1,2,2.97,0.00,OK,,Appears relevant
basketball summer camp near me,CM - Nonbranded - Geo Priorities (MxCx),Basketball Camp,Exact match (close variant),None,0,10,0.00,0.00,OK,,Appears relevant
deer park summer camp,CM - Nonbranded - Geo Priorities (MxCx),Summer Camps,Phrase match,None,0,2,0.00,0.00,OK,,Appears relevant
summer volleyball camps on long island,CM - Nonbranded - Geo Priorities (MxCx),Summer Camps,Phrase match,None,1,1,2.71,0.00,OK,,Appears relevant
walt whitman summer camp,CM - Nonbranded - Geo Priorities (MxCx),Summer Camps,Phrase match,None,0,1,0.00,0.00,OK,,Appears relevant
islip town camps,CM - Nonbranded - Geo Priorities (MxCx),Summer Camps,Phrase match (close variant),None,0,2,0.00,0.00,OK,,Appears relevant
kids sports camp summer 2026,CM - Nonbranded - Geo Priorities (MxCx),Sports Camps,Phrase match,None,0,2,0.00,0.00,OK,,Appears relevant
football camp near me,CM - Nonbranded - Geo Priorities (MxCx),Football Camps,Exact match (close variant),None,1,3,2.62,0.00,OK,,Appears relevant
kindergarten camp,CM - Nonbranded - Geo Priorities (MxCx),Summer Camps,Phrase match (close variant),None,0,4,0.00,0.00,OK,,Appears relevant
longwood school district summer camp,CM - Nonbranded - Geo Priorities (MxCx),Summer Camps,Phrase match,None,0,1,0.00,0.00,OK,,Appears relevant
kid strong summer camp,CM - Nonbranded - Geo Priorities (MxCx),Summer Camps,Phrase match,None,0,1,0.00,0.00,OK,,Appears relevant
summer school programs near me,CM - Nonbranded - Geo Priorities (MxCx),Summer Camps,Phrase match (close variant),None,1,2,2.68,0.00,OK,,Appears relevant
orchestra summer camps near me,CM - Nonbranded - Geo Priorities (MxCx),Summer Camps,Phrase match,None,0,3,0.00,0.00,OK,,Appears relevant
for kids summer camp,CM - Nonbranded - Geo Priorities (MxCx),Summer Camps,Exact match (close variant),None,0,2,0.00,0.00,OK,,Appears relevant
young people's day camp hicksville,CM - Nonbranded - Geo Priorities (MxCx),Summer Camps,Phrase match (close variant),None,0,3,0.00,0.00,OK,,Appears relevant
summer camps for 5 year old near me,CM - Nonbranded - Geo Priorities (MxCx),Summer Camps,Phrase match,None,0,1,0.00,0.00,OK,,Appears relevant
baldwin summer camp,CM - Nonbranded - Geo Priorities (MxCx),Summer Camps,Phrase match,None,0,3,0.00,0.00,OK,,Appears relevant
summer camp for infants,CM - Nonbranded - Geo Priorities (MxCx),Summer Camps,Phrase match,None,0,1,0.00,0.00,OK,,Appears relevant
baseball camps for kids near me,CM - Nonbranded - Other Geos (MxConv),Baseball Camps,Exact match (close variant),None,0,1,0.00,0.00,OK,,Appears relevant
tennis summer camp near me,CM - Nonbranded - Other Geos (MxConv),Tennis Camps,Exact match (close variant),None,0,1,0.00,0.00,OK,,Appears relevant
all day camp,CM - Nonbranded - Other Geos (MxConv),Tennis Camps,Broad match,None,0,2,0.00,0.00,OK,,Appears relevant
hamptons tennis,CM - Nonbranded - Other Geos (MxConv),Tennis Camps,Broad match,None,0,3,0.00,0.00,OK,,Appears relevant
soccer camp near me,CM - Nonbranded - Geo Priorities (MxCx),Soccer Camps,Exact match (close variant),None,5,17,13.93,0.00,OK,,Appears relevant
pre k summer camp near me,CM - Nonbranded - Geo Priorities (MxCx),Summer Camps,Phrase match (close variant),None,0,2,0.00,0.00,OK,,Appears relevant
pickleball summer camp for kids,CM - Nonbranded - Geo Priorities (MxCx),Summer Camps,Phrase match,None,1,1,3.16,0.00,OK,,Appears relevant
camps near me for kids near me,CM - Nonbranded - Geo Priorities (MxCx),Summer Camps,Exact match (close variant),None,0,1,0.00,0.00,OK,,Appears relevant
farmingdale summer rec,CM - Nonbranded - Geo Priorities (MxCx),Summer Camps,Phrase match (close variant),None,0,2,0.00,0.00,OK,,Appears relevant
camp for teens,CM - Nonbranded - Geo Priorities (MxCx),Summer Camps,Phrase match (close variant),None,0,1,0.00,0.00,OK,,Appears relevant
wayne summer camp 2026,CM - Nonbranded - Geo Priorities (MxCx),Summer Camps,Phrase match (close variant),None,0,2,0.00,0.00,OK,,Appears relevant
upenn volleyball camp,CM - Nonbranded - Geo Priorities (MxCx),Volleyball Camps,Phrase match,None,0,1,0.00,0.00,OK,,Appears relevant
volleyball today near me,CM - Nonbranded - Geo Priorities (MxCx),Volleyball Camps,Phrase match (close variant),None,0,2,0.00,0.00,OK,,Appears relevant
construction summer camps,CM - Nonbranded - Geo Priorities (MxCx),Summer Camps,Phrase match (close variant),None,0,3,0.00,0.00,OK,,Appears relevant
volleyball summer camp long island,CM - Nonbranded - Geo Priorities (MxCx),Summer Camps,Phrase match,None,0,5,0.00,0.00,OK,,Appears relevant
westchester basketball camp,CM - Nonbranded - Geo Priorities (MxCx),Basketball Camp,Phrase match,None,1,4,2.76,0.00,OK,,Appears relevant
summer camp for 10 year olds near me,CM - Nonbranded - Geo Priorities (MxCx),Summer Camps,Phrase match,None,0,2,0.00,0.00,OK,,Appears relevant
all girls summer camp,CM - Nonbranded - Geo Priorities (MxCx),Soccer Camps,Phrase match (close variant),None,0,2,0.00,0.00,OK,,Appears relevant
camp garden city,CM - Nonbranded - Geo Priorities (MxCx),Summer Camps,Phrase match (close variant),None,0,2,0.00,0.00,OK,,Appears relevant
badger day camp larchmont,CM - Nonbranded - Geo Priorities (MxCx),Sports Camps,Phrase match (close variant),None,0,1,0.00,0.00,OK,,Appears relevant
scarborough rec summer camp,CM - pMax - Portland (MxConv),--,Performance Max,None,0,1,0.00,0.00,OK,,Appears relevant for Portland market
ripple effect maine,CM - pMax - Portland (MxConv),--,Performance Max,None,0,1,0.00,0.00,OK,,Appears relevant for Portland market
summer camp lunch ideas,CM - pMax - Portland (MxConv),--,Performance Max,None,0,1,0.00,0.00,OK,,Appears relevant for Portland market
football training camp,CM - Nonbranded - Other Geos (MxConv),Football Camps,Exact match (close variant),None,0,2,0.00,0.00,OK,,Appears relevant
mcenroe tennis center,CM - Nonbranded - Other Geos (MxConv),Tennis Camps,Broad match,None,0,1,0.00,0.00,OK,,Appears relevant
camp activities,CM - pMax - Portland (MxConv),--,Performance Max,None,0,1,0.00,0.00,OK,,Appears relevant for Portland market
summer camps,CM - pMax - Portland (MxConv),--,Performance Max,None,0,1,0.00,0.00,OK,,Appears relevant for Portland market
biddeford summer camp,CM - pMax - Portland (MxConv),--,Performance Max,None,0,1,0.00,0.00,OK,,Appears relevant for Portland market
basketball,CM - pMax - Portland (MxConv),--,Performance Max,None,0,1,0.00,0.00,OK,,Appears relevant for Portland market
3d printer,CM - pMax - Portland (MxConv),--,Performance Max,None,0,1,0.00,0.00,OK,,Appears relevant for Portland market
art camps long island,CM - Nonbranded - Geo Priorities (MxCx),Summer Camps,Phrase match (close variant),None,1,10,2.84,0.00,OK,,Appears relevant
camp summer,CM - Nonbranded - Geo Priorities (MxCx),Summer Camps,Exact match (close variant),None,0,1,0.00,0.00,OK,,Appears relevant
bethpage summer camps,CM - Nonbranded - Geo Priorities (MxCx),Summer Camps,Phrase match,None,0,1,0.00,0.00,OK,,Appears relevant
hofstra summer baseball camp,CM - Nonbranded - Geo Priorities (MxCx),Summer Camps,Phrase match,None,0,2,0.00,0.00,OK,,Appears relevant
summer programs for kids,CM - Nonbranded - Geo Priorities (MxCx),Summer Camps,Exact match (close variant),Added,0,7,0.00,0.00,OK,,Appears relevant
summer camp for 3 year olds,CM - Nonbranded - Geo Priorities (MxCx),Summer Camps,Phrase match (close variant),None,0,1,0.00,0.00,OK,,Appears relevant
gzf summer camp,CM - Nonbranded - Geo Priorities (MxCx),Summer Camps,Phrase match,None,0,2,0.00,0.00,OK,,Appears relevant
beast summer camp,CM - Nonbranded - Geo Priorities (MxCx),Soccer Camps,Phrase match (close variant),None,0,1,0.00,0.00,OK,,Appears relevant
westchester day camp,CM - Nonbranded - Geo Priorities (MxCx),Summer Camps,Phrase match (close variant),None,0,3,0.00,0.00,OK,,Appears relevant
summer camp melville ny,CM - Nonbranded - Geo Priorities (MxCx),Summer Camps,Phrase match (close variant),None,0,6,0.00,0.00,OK,,Appears relevant
summer soccer camps,CM - Nonbranded - Geo Priorities (MxCx),Soccer Camps,Exact match (close variant),None,2,17,5.38,0.00,OK,,Appears relevant
eaglets day camp,CM - Nonbranded - Geo Priorities (MxCx),Summer Camps,Phrase match (close variant),None,1,2,2.94,0.00,OK,,Appears relevant
old westbury summer camp,CM - Nonbranded - Geo Priorities (MxCx),Summer Camps,Exact match,Added,3,25,8.11,0.00,OK,,Appears relevant
comedy summer camp,CM - Nonbranded - Geo Priorities (MxCx),Summer Camps,Phrase match (close variant),None,0,2,0.00,0.00,OK,,Appears relevant
scouting america camps,CM - Nonbranded - Geo Priorities (MxCx),Summer Camps,Phrase match (close variant),None,0,2,0.00,0.00,OK,,Appears relevant
football camps near me,CM - Nonbranded - Geo Priorities (MxCx),Football Camps,Exact match (close variant),Added,0,4,0.00,0.00,OK,,Appears relevant
basketball summer camp,CM - Nonbranded - Geo Priorities (MxCx),Basketball Camp,Exact match,Added,2,15,5.57,0.00,OK,,Appears relevant
summercamp,CM - Nonbranded - Geo Priorities (MxCx),Summer Camps,Exact match (close variant),None,0,3,0.00,0.00,OK,,Appears relevant
basketball training center near me,CM - Nonbranded - Geo Priorities (MxCx),Basketball Camp,Exact match (close variant),None,0,2,0.00,0.00,OK,,Appears relevant
camp roosevelt ny,CM - Nonbranded - Geo Priorities (MxCx),Summer Camps,Phrase match (close variant),None,0,2,0.00,0.00,OK,,Appears relevant
basketball camps near me,CM - Nonbranded - Other Geos (MxConv),Basketball Camp,Exact match,Added,0,3,0.00,0.00,OK,,Appears relevant
summer day camps for kids near me,CM - pMax - Portland (MxConv),--,Performance Max,None,2,4,1.18,0.00,OK,,Appears relevant for Portland market
volleyball day camp,CM - pMax - Portland (MxConv),--,Performance Max,None,0,1,0.00,0.00,OK,,Appears relevant for Portland market
camp integrity at redwood,CM - Nonbranded - Geo Priorities (MxCx),Summer Camps,Phrase match (close variant),None,0,2,0.00,0.00,OK,,Appears relevant
summer camps near me,CM - Nonbranded - Geo Priorities (MxCx),Summer Camps,Exact match (close variant),Added,26,237,72.05,0.00,OK,,Appears relevant
lacrosse summer camps near me,CM - Nonbranded - Geo Priorities (MxCx),Lacrosse Camps,Exact match (close variant),None,0,1,0.00,0.00,OK,,Appears relevant
patchogue summer camp,CM - Nonbranded - Geo Priorities (MxCx),Summer Camps,Phrase match,None,1,5,2.79,0.00,OK,,Appears relevant
summer camps long island,CM - Nonbranded - Geo Priorities (MxCx),Summer Camps,Exact match (close variant),None,2,47,5.55,0.00,OK,,Appears relevant
iroquois springs camp cost,CM - Nonbranded - Geo Priorities (MxCx),Summer Camps,Phrase match (close variant),None,1,2,2.75,0.00,OK,,Appears relevant
multi sport camp near me,CM - Nonbranded - Geo Priorities (MxCx),Sports Camps,Phrase match,None,2,1,5.60,0.00,OK,,Appears relevant
lacrosse summer camps long island,CM - Nonbranded - Geo Priorities (MxCx),Summer Camps,Phrase match (close variant),None,0,2,0.00,0.00,OK,,Appears relevant
soccer camps near me summer,CM - Nonbranded - Geo Priorities (MxCx),Soccer Camps,Phrase match,None,0,2,0.00,0.00,OK,,Appears relevant
lifetime summer camp 2026,CM - Nonbranded - Geo Priorities (MxCx),Sports Camps,Phrase match (close variant),None,0,1,0.00,0.00,OK,,Appears relevant
summer dance programs near me,CM - Nonbranded - Geo Priorities (MxCx),Dance Camps,Exact match (close variant),None,0,2,0.00,0.00,OK,,Appears relevant
soccer camps summer 2026 near me,CM - Nonbranded - Geo Priorities (MxCx),Soccer Camps,Phrase match,None,1,7,2.68,0.00,OK,,Appears relevant
top guns lacrosse camp,CM - Nonbranded - Geo Priorities (MxCx),Lacrosse Camps,Phrase match (close variant),None,0,2,0.00,0.00,OK,,Appears relevant
diamond in the pines summer camp,CM - Nonbranded - Geo Priorities (MxCx),Summer Camps,Phrase match,None,0,1,0.00,0.00,OK,,Appears relevant
camp edey summer camp,CM - Nonbranded - Geo Priorities (MxCx),Sports Camps,Phrase match (close variant),None,0,1,0.00,0.00,OK,,Appears relevant
summer camp for 10th graders,CM - Nonbranded - Geo Priorities (MxCx),Summer Camps,Phrase match,None,0,2,0.00,0.00,OK,,Appears relevant
bellmore merrick summer camp,CM - Nonbranded - Geo Priorities (MxCx),Summer Camps,Phrase match (close variant),None,0,2,0.00,0.00,OK,,Appears relevant
camp sports kollel,CM - Nonbranded - Geo Priorities (MxCx),Sports Camps,Phrase match,None,0,1,0.00,0.00,OK,,Appears relevant
flag football camp,CM - Nonbranded - Geo Priorities (MxCx),Football Camps,Exact match (close variant),None,0,4,0.00,0.00,OK,,Appears relevant
scout camps near me,CM - Nonbranded - Geo Priorities (MxCx),Summer Camps,Phrase match (close variant),None,0,4,0.00,0.00,OK,,Appears relevant
kids camps near me 2026,CM - Nonbranded - Geo Priorities (MxCx),Summer Camps,Phrase match,None,0,3,0.00,0.00,OK,,Appears relevant
summer swim camps,CM - Nonbranded - Geo Priorities (MxCx),Summer Camps,Phrase match (close variant),None,0,1,0.00,0.00,OK,,Appears relevant
gardner webb volleyball camp,CM - Nonbranded - Geo Priorities (MxCx),Volleyball Camps,Phrase match,None,0,2,0.00,0.00,OK,,Appears relevant
fun summer camps,CM - Nonbranded - Geo Priorities (MxCx),Summer Camps,Exact match (close variant),None,0,3,0.00,0.00,OK,,Appears relevant
libero camp near me,CM - Nonbranded - Geo Priorities (MxCx),Volleyball Camps,Phrase match (close variant),None,0,4,0.00,0.00,OK,,Appears relevant
field hockey camps summer 2026,CM - Nonbranded - Geo Priorities (MxCx),Sports Camps,Phrase match (close variant),None,0,5,0.00,0.00,OK,,Appears relevant
bnl summer camp,CM - Nonbranded - Geo Priorities (MxCx),Summer Camps,Phrase match,None,0,2,0.00,0.00,OK,,Appears relevant
hawthorne summer camp,CM - Nonbranded - Geo Priorities (MxCx),Soccer Camps,Phrase match (close variant),None,0,1,0.00,0.00,OK,,Appears relevant
summer camp in long island ny,CM - Nonbranded - Geo Priorities (MxCx),Summer Camps,Exact match (close variant),None,0,2,0.00,0.00,OK,,Appears relevant
kids camp near me,CM - Nonbranded - Geo Priorities (MxCx),Summer Camps,Exact match (close variant),None,0,10,0.00,0.00,OK,,Appears relevant
three village camp,CM - Nonbranded - Geo Priorities (MxCx),Summer Camps,Phrase match (close variant),None,0,2,0.00,0.00,OK,,Appears relevant
st annes summer camp,CM - Nonbranded - Geo Priorities (MxCx),Summer Camps,Phrase match,None,0,1,0.00,0.00,OK,,Appears relevant
summer soccer camp kids,CM - Nonbranded - Geo Priorities (MxCx),Soccer Camps,Phrase match,None,0,1,0.00,0.00,OK,,Appears relevant
riverside park tennis camp,CM - Nonbranded - Other Geos (MxConv),Tennis Camps,Phrase match,None,0,1,0.00,0.00,OK,,Appears relevant
kids soccer camps near me,CM - Nonbranded - Other Geos (MxConv),Football Camps,Phrase match (close variant),None,1,2,5.20,0.00,OK,,Appears relevant
summer camp near by,CM - Nonbranded - Geo Priorities (MxCx),Summer Camps,Exact match (close variant),None,0,4,0.00,0.00,OK,,Appears relevant
nature camps for kids near me,CM - Nonbranded - Geo Priorities (MxCx),Summer Camps,Phrase match,None,0,2,0.00,0.00,OK,,Appears relevant
summer camp applications,CM - Nonbranded - Geo Priorities (MxCx),Summer Camps,Phrase match,None,0,1,0.00,0.00,OK,,Appears relevant
camp walt whitman,CM - Nonbranded - Geo Priorities (MxCx),Summer Camps,Phrase match (close variant),None,0,1,0.00,0.00,OK,,Appears relevant
football camp,CM - Nonbranded - Geo Priorities (MxCx),Football Camps,Exact match,Added,0,20,0.00,0.00,OK,,Appears relevant
gymnastics and dance summer camps,CM - Nonbranded - Geo Priorities (MxCx),Dance Camps,Phrase match,None,1,2,2.75,0.00,OK,,Appears relevant
camps near me near me,CM - Nonbranded - Geo Priorities (MxCx),Summer Camps,Exact match (close variant),None,0,3,0.00,0.00,OK,,Appears relevant
volleyball camp westchester ny,CM - Nonbranded - Geo Priorities (MxCx),Volleyball Camps,Phrase match,None,0,2,0.00,0.00,OK,,Appears relevant
bright horizons summer camp,CM - Nonbranded - Geo Priorities (MxCx),Summer Camps,Phrase match,None,0,1,0.00,0.00,OK,,Appears relevant
town of islip basketball camp,CM - Nonbranded - Geo Priorities (MxCx),Basketball Camp,Phrase match,None,0,2,0.00,0.00,OK,,Appears relevant
science summer camp,CM - Nonbranded - Geo Priorities (MxCx),Summer Camps,Phrase match (close variant),None,0,3,0.00,0.00,OK,,Appears relevant
future stars basketball,CM - Branded (Mx.Clicks),Future Stars Camp Brand,Phrase match,None,2,7,3.40,0.00,OK,,Brand term matched: 'future stars'
future stars field hockey camp,CM - Branded (Mx.Clicks),Future Stars Camp Brand,Phrase match,None,2,2,8.06,0.00,OK,,Brand term matched: 'future stars'
inside things to do near me for adults,CM - pMax - Portland (MxConv),--,Performance Max,None,0,1,0.00,0.00,OK,,Appears relevant for Portland market
drop in day camps near me,CM - pMax - Portland (MxConv),--,Performance Max,None,0,2,0.00,0.00,OK,,Appears relevant for Portland market
usm baseball camp,CM - pMax - Portland (MxConv),--,Performance Max,None,0,2,0.00,0.00,OK,,Appears relevant for Portland market
nya summer camps 2026,CM - pMax - Portland (MxConv),--,Performance Max,None,0,1,0.00,0.00,OK,,Appears relevant for Portland market
rising stars,CM - pMax - Portland (MxConv),--,Performance Max,None,0,1,0.00,0.00,OK,,Appears relevant for Portland market
the summer camp maine,CM - pMax - Portland (MxConv),--,Performance Max,None,0,2,0.00,0.00,OK,,Appears relevant for Portland market
summer camp east hampton,CM - Nonbranded - Other Geos (MxConv),Tennis Camps,Broad match,None,0,4,0.00,0.00,OK,,Appears relevant
sandy gordon basketball camp,CM - Nonbranded - Other Geos (MxConv),Basketball Camp,Phrase match,None,0,1,0.00,0.00,OK,,Appears relevant
red robin westbury,CM - Nonbranded - Geo Priorities (MxCx),Summer Camps,Phrase match (close variant),None,0,1,0.00,0.00,OK,,Appears relevant
soccer camp for girls,CM - Nonbranded - Geo Priorities (MxCx),Soccer Camps,Phrase match,None,0,3,0.00,0.00,OK,,Appears relevant
island quest,CM - Nonbranded - Geo Priorities (MxCx),Summer Camps,Phrase match (close variant),None,1,5,2.92,0.00,OK,,Appears relevant
exact sports camps,CM - Nonbranded - Geo Priorities (MxCx),Sports Camps,Phrase match,None,0,1,0.00,0.00,OK,,Appears relevant
kids camp,CM - Nonbranded - Geo Priorities (MxCx),Summer Camps,Exact match (close variant),None,1,11,2.80,0.00,OK,,Appears relevant
summer day camp near me,CM - Nonbranded - Geo Priorities (MxCx),Summer Camps,Exact match (close variant),None,0,9,0.00,0.00,OK,,Appears relevant
camp echo bay new rochelle,CM - Nonbranded - Geo Priorities (MxCx),Summer Camps,Phrase match (close variant),None,0,1,0.00,0.00,OK,,Appears relevant
harbor country day school summer camp,CM - Nonbranded - Geo Priorities (MxCx),Summer Camps,Phrase match,None,0,2,0.00,0.00,OK,,Appears relevant
o d football camp,CM - Nonbranded - Geo Priorities (MxCx),Football Camps,Phrase match,None,0,2,0.00,0.00,OK,,Appears relevant
teen camps near me,CM - Nonbranded - Geo Priorities (MxCx),Summer Camps,Phrase match (close variant),None,0,5,0.00,0.00,OK,,Appears relevant
kids strong camp,CM - Nonbranded - Geo Priorities (MxCx),Summer Camps,Phrase match,None,0,5,0.00,0.00,OK,,Appears relevant
nassau county summer camps,CM - Nonbranded - Geo Priorities (MxCx),Summer Camps,Phrase match (close variant),None,0,4,0.00,0.00,OK,,Appears relevant
life time camp,CM - Nonbranded - Geo Priorities (MxCx),Sports Camps,Phrase match (close variant),None,0,1,0.00,0.00,OK,,Appears relevant
basketball camps for teens near me,CM - Nonbranded - Geo Priorities (MxCx),Basketball Camp,Phrase match,None,1,3,2.84,0.00,OK,,Appears relevant
jaxson dart football camp 2026,CM - Nonbranded - Geo Priorities (MxCx),Football Camps,Phrase match (close variant),None,0,1,0.00,0.00,OK,,Appears relevant
indoor basketball summer camp,CM - Nonbranded - Geo Priorities (MxCx),Basketball Camp,Phrase match,None,0,2,0.00,0.00,OK,,Appears relevant
luhi basketball,CM - Nonbranded - Geo Priorities (MxCx),Basketball Camp,Phrase match (close variant),None,1,1,2.80,0.00,OK,,Appears relevant
yes summer camp,CM - Nonbranded - Geo Priorities (MxCx),Summer Camps,Phrase match,None,0,4,0.00,0.00,OK,,Appears relevant
rye nature center summer camp,CM - Nonbranded - Geo Priorities (MxCx),Summer Camps,Phrase match,None,0,1,0.00,0.00,OK,,Appears relevant
usm volleyball camp,CM - pMax - Portland (MxConv),--,Performance Max,None,1,1,1.76,0.00,OK,,Appears relevant for Portland market
volleyball camp near me,CM - pMax - Portland (MxConv),--,Performance Max,None,1,2,0.90,0.00,OK,,Appears relevant for Portland market
nfl alumni youth football camp,CM - Nonbranded - Other Geos (MxConv),Football Camps,Phrase match,None,0,2,0.00,0.00,OK,,Appears relevant
tga tennis camp,CM - Nonbranded - Other Geos (MxConv),Tennis Camps,Phrase match,None,0,1,0.00,0.00,OK,,Appears relevant
summer programs long island,CM - Nonbranded - Geo Priorities (MxCx),Summer Camps,Phrase match (close variant),None,0,1,0.00,0.00,OK,,Appears relevant
camps kids near me,CM - Nonbranded - Geo Priorities (MxCx),Summer Camps,Exact match (close variant),None,0,1,0.00,0.00,OK,,Appears relevant
fresh air fun,CM - Nonbranded - Geo Priorities (MxCx),Summer Camps,Phrase match (close variant),None,0,1,0.00,0.00,OK,,Appears relevant
rising stars basketball long island,CM - Nonbranded - Geo Priorities (MxCx),Basketball Camp,Phrase match (close variant),None,0,3,0.00,0.00,OK,,Appears relevant
camp sunshine,CM - Nonbranded - Geo Priorities (MxCx),Summer Camps,Phrase match (close variant),None,0,2,0.00,0.00,OK,,Appears relevant
pitt football camp,CM - Nonbranded - Geo Priorities (MxCx),Football Camps,Phrase match,None,0,1,0.00,0.00,OK,,Appears relevant
summer programs for preschoolers,CM - Nonbranded - Geo Priorities (MxCx),Summer Camps,Phrase match (close variant),None,0,2,0.00,0.00,OK,,Appears relevant
cheer camp long island,CM - Nonbranded - Geo Priorities (MxCx),Sports Camps,Phrase match (close variant),None,0,4,0.00,0.00,OK,,Appears relevant
art summer camp,CM - Nonbranded - Geo Priorities (MxCx),Summer Camps,Phrase match,None,1,10,2.81,0.00,OK,,Appears relevant
chipinaw camp ny,CM - Nonbranded - Geo Priorities (MxCx),Summer Camps,Phrase match (close variant),None,0,1,0.00,0.00,OK,,Appears relevant
volleyball summer camp long island,CM - Nonbranded - Geo Priorities (MxCx),Summer Camps,Phrase match (close variant),None,0,1,0.00,0.00,OK,,Appears relevant
summer camp near me,CM - Nonbranded - Geo Priorities (MxCx),Summer Camps,Exact match,Added,14,121,35.08,0.00,OK,,Appears relevant
bethpage summer camp,CM - Nonbranded - Geo Priorities (MxCx),Summer Camps,Phrase match (close variant),None,0,1,0.00,0.00,OK,,Appears relevant
kids summer camp,CM - Nonbranded - Geo Priorities (MxCx),Summer Camps,Exact match (close variant),Added,0,2,0.00,0.00,OK,,Appears relevant
camps for 14 year old,CM - Nonbranded - Geo Priorities (MxCx),Summer Camps,Phrase match (close variant),None,0,1,0.00,0.00,OK,,Appears relevant
dance summer camps near me,CM - Nonbranded - Geo Priorities (MxCx),Dance Camps,Exact match (close variant),None,0,4,0.00,0.00,OK,,Appears relevant
our lady of grace summer camp,CM - Nonbranded - Geo Priorities (MxCx),Summer Camps,Phrase match,None,0,1,0.00,0.00,OK,,Appears relevant
future stars camp near me,CM - Branded (Mx.Clicks),Future Stars Camp Brand,Exact match (close variant),None,1,2,0.34,0.00,OK,,Brand term matched: 'future stars'
toddler size soccer ball,CM - pMax - Portland (MxConv),--,Performance Max,None,1,4,0.80,0.00,OK,,Appears relevant for Portland market
drake maye football camp,CM - pMax - Portland (MxConv),--,Performance Max,None,0,1,0.00,0.00,OK,,Appears relevant for Portland market
summer programs for kids near me,CM - pMax - Portland (MxConv),--,Performance Max,None,1,2,0.81,0.00,OK,,Appears relevant for Portland market
buckley summer camp,CM - Competitors - OldW - (Mx.Clicks),Competitors,Exact match (close variant),None,0,6,0.00,0.00,OK,,Competitor matched: 'buckley'
east islip summer camp,CM - Nonbranded - Geo Priorities (MxCx),Summer Camps,Phrase match,None,0,4,0.00,0.00,OK,,Appears relevant
great neck summer camp 2026,CM - Nonbranded - Geo Priorities (MxCx),Summer Camps,Phrase match,None,0,4,0.00,0.00,OK,,Appears relevant
horseback riding camp near me,CM - Nonbranded - Geo Priorities (MxCx),Horseback Riding,Exact match (close variant),None,1,12,1.23,0.00,OK,,Appears relevant
jaxson dart youth football camp,CM - Nonbranded - Geo Priorities (MxCx),Football Camps,Phrase match,None,2,8,5.46,0.00,OK,,Appears relevant
summer school for 13 year olds,CM - Nonbranded - Geo Priorities (MxCx),Summer Camps,Phrase match (close variant),None,0,2,0.00,0.00,OK,,Appears relevant
kids golf camp near me,CM - Nonbranded - Geo Priorities (MxCx),Summer Camps,Phrase match,None,0,4,0.00,0.00,OK,,Appears relevant
summer camp for kids 5 years old,CM - Nonbranded - Geo Priorities (MxCx),Summer Camps,Phrase match,None,0,2,0.00,0.00,OK,,Appears relevant
kids summer art camp near me,CM - Nonbranded - Geo Priorities (MxCx),Summer Camps,Phrase match,None,0,4,0.00,0.00,OK,,Appears relevant
camps for 3 year old near me,CM - Nonbranded - Geo Priorities (MxCx),Summer Camps,Phrase match (close variant),None,0,1,0.00,0.00,OK,,Appears relevant
summer camp for 10 year olds,CM - Nonbranded - Geo Priorities (MxCx),Summer Camps,Phrase match (close variant),None,0,1,0.00,0.00,OK,,Appears relevant
basketball camp kindergarten,CM - Nonbranded - Geo Priorities (MxCx),Basketball Camp,Phrase match,None,1,2,2.76,0.00,OK,,Appears relevant
basketball camps summer 2026,CM - Nonbranded - Geo Priorities (MxCx),Basketball Camp,Phrase match,None,0,7,0.00,0.00,OK,,Appears relevant
summer flag football camps near me,CM - Nonbranded - Geo Priorities (MxCx),Football Camps,Exact match (close variant),None,0,1,0.00,0.00,OK,,Appears relevant
sports camps for teens,CM - Nonbranded - Geo Priorities (MxCx),Sports Camps,Phrase match,None,0,3,0.00,0.00,OK,,Appears relevant
baseball clinics for kids near me,CM - pMax - Portland (MxConv),--,Performance Max,None,0,2,0.00,0.00,OK,,Appears relevant for Portland market
ll bean summer camp,CM - pMax - Portland (MxConv),--,Performance Max,None,0,2,0.00,0.00,OK,,Appears relevant for Portland market
dribbl summer camp,CM - Nonbranded - Other Geos (MxConv),Basketball Camp,Phrase match (close variant),None,0,1,0.00,0.00,OK,,Appears relevant
tight end football camps,CM - Nonbranded - Other Geos (MxConv),Football Camps,Phrase match,None,0,1,0.00,0.00,OK,,Appears relevant
middle school summer camp,CM - Nonbranded - Geo Priorities (MxCx),Summer Camps,Phrase match (close variant),None,0,1,0.00,0.00,OK,,Appears relevant
summer camps for 12 year olds near me,CM - Nonbranded - Geo Priorities (MxCx),Summer Camps,Phrase match,None,0,1,0.00,0.00,OK,,Appears relevant
lagrange basketball camp,CM - Nonbranded - Geo Priorities (MxCx),Basketball Camp,Phrase match,None,0,2,0.00,0.00,OK,,Appears relevant
field hockey camps long island,CM - Nonbranded - Geo Priorities (MxCx),Sports Camps,Phrase match (close variant),None,0,1,0.00,0.00,OK,,Appears relevant
football camps on long island,CM - Nonbranded - Geo Priorities (MxCx),Summer Camps,Phrase match (close variant),None,1,4,2.71,0.00,OK,,Appears relevant
volleyball 6th grade near me,CM - Nonbranded - Geo Priorities (MxCx),Volleyball Camps,Phrase match (close variant),None,2,2,5.66,0.00,OK,,Appears relevant
lynbrook summer camp,CM - Nonbranded - Geo Priorities (MxCx),Summer Camps,Phrase match,None,0,2,0.00,0.00,OK,,Appears relevant
smithtown summer camp,CM - Nonbranded - Geo Priorities (MxCx),Summer Camps,Phrase match,None,0,9,0.00,0.00,OK,,Appears relevant
camp for 12 year old girls,CM - Nonbranded - Geo Priorities (MxCx),Summer Camps,Phrase match (close variant),None,0,1,0.00,0.00,OK,,Appears relevant
day camp long island,CM - Nonbranded - Geo Priorities (MxCx),Summer Camps,Exact match (close variant),None,2,6,6.08,0.00,OK,,Appears relevant
softball clinic,CM - Nonbranded - Geo Priorities (MxCx),Softball Camps,Exact match (close variant),None,0,3,0.00,0.00,OK,,Appears relevant
scikidz summer camp,CM - Nonbranded - Geo Priorities (MxCx),Summer Camps,Phrase match (close variant),None,0,1,0.00,0.00,OK,,Appears relevant
football camps for kids,CM - Nonbranded - Geo Priorities (MxCx),Football Camps,Exact match (close variant),None,1,11,2.90,0.00,OK,,Appears relevant
saltaire day camp,CM - Nonbranded - Geo Priorities (MxCx),Summer Camps,Phrase match (close variant),None,0,3,0.00,0.00,OK,,Appears relevant
basketball clinic for kids,CM - Nonbranded - Geo Priorities (MxCx),Basketball Camp,Phrase match (close variant),None,0,3,0.00,0.00,OK,,Appears relevant
ninja warrior camp,CM - Nonbranded - Geo Priorities (MxCx),Summer Camps,Phrase match (close variant),None,1,2,2.93,0.00,OK,,Appears relevant
aic football camp,CM - Nonbranded - Geo Priorities (MxCx),Football Camps,Phrase match (close variant),None,0,1,0.00,0.00,OK,,Appears relevant
create and explore summer camp,CM - Nonbranded - Geo Priorities (MxCx),Summer Camps,Phrase match,None,0,1,0.00,0.00,OK,,Appears relevant
town of huntington summer camp,CM - Nonbranded - Geo Priorities (MxCx),Soccer Camps,Phrase match (close variant),None,0,3,0.00,0.00,OK,,Appears relevant
waynflete summer camp 2026,CM - pMax - Portland (MxConv),--,Performance Max,None,1,3,2.70,0.00,OK,,Appears relevant for Portland market
hofstra edu camp,CM - Competitors - OldW - (Mx.Clicks),Competitors,Exact match (close variant),None,0,2,0.00,0.00,OK,,Competitor matched: 'hofstra'
white plains basketball camp,CM - Nonbranded - Other Geos (MxConv),Basketball Camp,Phrase match,None,1,2,3.09,0.00,OK,,Appears relevant
crestwood country day camp and school melville,CM - Nonbranded - Geo Priorities (MxCx),Summer Camps,Phrase match (close variant),None,0,5,0.00,0.00,OK,,Appears relevant
west islip football camp,CM - Nonbranded - Geo Priorities (MxCx),Football Camps,Phrase match,None,0,1,0.00,0.00,OK,,Appears relevant
teen cheer camp,CM - Nonbranded - Geo Priorities (MxCx),Sports Camps,Phrase match (close variant),None,0,3,0.00,0.00,OK,,Appears relevant
summer camps near me for 12 year old boy,CM - Nonbranded - Geo Priorities (MxCx),Soccer Camps,Phrase match (close variant),None,0,1,0.00,0.00,OK,,Appears relevant
jay wright basketball camp,CM - Nonbranded - Geo Priorities (MxCx),Basketball Camp,Phrase match,None,0,2,0.00,0.00,OK,,Appears relevant
day camp long island,CM - Nonbranded - Geo Priorities (MxCx),Summer Camps,Phrase match (close variant),None,0,3,0.00,0.00,OK,,Appears relevant
summer camp for 2nd graders,CM - Nonbranded - Geo Priorities (MxCx),Summer Camps,Phrase match,None,0,2,0.00,0.00,OK,,Appears relevant
summer camps near me 2026,CM - Nonbranded - Geo Priorities (MxCx),Soccer Camps,Phrase match (close variant),None,0,2,0.00,0.00,OK,,Appears relevant
bethpage summer camp,CM - Nonbranded - Geo Priorities (MxCx),Sports Camps,Phrase match (close variant),None,1,1,2.90,0.00,OK,,Appears relevant
dss summer camp,CM - Nonbranded - Geo Priorities (MxCx),Summer Camps,Phrase match,None,0,6,0.00,0.00,OK,,Appears relevant
gym summer camp,CM - Nonbranded - Geo Priorities (MxCx),Summer Camps,Phrase match,None,0,3,0.00,0.00,OK,,Appears relevant
apple summer camp for kids,CM - Nonbranded - Geo Priorities (MxCx),Summer Camps,Phrase match,None,0,1,0.00,0.00,OK,,Appears relevant
pleasantville day camp,CM - Nonbranded - Geo Priorities (MxCx),Summer Camps,Phrase match (close variant),None,0,2,0.00,0.00,OK,,Appears relevant
boces camp,CM - Nonbranded - Geo Priorities (MxCx),Summer Camps,Phrase match (close variant),None,0,9,0.00,0.00,OK,,Appears relevant
kiddie junction summer camp,CM - Nonbranded - Geo Priorities (MxCx),Summer Camps,Phrase match,None,0,2,0.00,0.00,OK,,Appears relevant
youth basketball camp,CM - Nonbranded - Geo Priorities (MxCx),Basketball Camp,Exact match (close variant),None,0,4,0.00,0.00,OK,,Appears relevant
valley stream summer camp,CM - Nonbranded - Geo Priorities (MxCx),Summer Camps,Phrase match,None,0,1,0.00,0.00,OK,,Appears relevant
nassau camps,CM - Nonbranded - Geo Priorities (MxCx),Summer Camps,Phrase match (close variant),None,0,1,0.00,0.00,OK,,Appears relevant
long island girls lacrosse camp,CM - Nonbranded - Geo Priorities (MxCx),Summer Camps,Phrase match (close variant),None,1,2,2.88,0.00,OK,,Appears relevant
kids summer camp,CM - Nonbranded - Geo Priorities (MxCx),Soccer Camps,Exact match (close variant),None,0,1,0.00,0.00,OK,,Appears relevant
track and field camps near me,CM - pMax - Portland (MxConv),--,Performance Max,None,1,2,1.53,0.00,OK,,Appears relevant for Portland market
science camps near me,CM - pMax - Portland (MxConv),--,Performance Max,None,0,2,0.00,0.00,OK,,Appears relevant for Portland market
full contact football camps,CM - pMax - Portland (MxConv),--,Performance Max,None,0,1,0.00,0.00,OK,,Appears relevant for Portland market
basketball camp near me summer 2026,CM - Nonbranded - Other Geos (MxConv),Basketball Camp,Phrase match,None,0,3,0.00,0.00,OK,,Appears relevant
summer camps white plains ny,CM - Nonbranded - Other Geos (MxConv),Tennis Camps,Broad match,None,0,1,0.00,0.00,OK,,Appears relevant
family camp near me,CM - Nonbranded - Geo Priorities (MxCx),Summer Camps,Phrase match (close variant),None,0,2,0.00,0.00,OK,,Appears relevant
kids camps,CM - Nonbranded - Geo Priorities (MxCx),Summer Camps,Phrase match (close variant),Added,0,1,0.00,0.00,OK,,Appears relevant
harbor day camp,CM - Nonbranded - Geo Priorities (MxCx),Summer Camps,Phrase match (close variant),None,1,4,2.94,0.00,OK,,Appears relevant
horseback camp,CM - Nonbranded - Geo Priorities (MxCx),Horseback Riding,Exact match (close variant),None,0,3,0.00,0.00,OK,,Appears relevant
delbarton football camp,CM - Nonbranded - Geo Priorities (MxCx),Football Camps,Phrase match,None,0,3,0.00,0.00,OK,,Appears relevant
day camps near me summer 2026,CM - Nonbranded - Geo Priorities (MxCx),Summer Camps,Phrase match (close variant),None,0,1,0.00,0.00,OK,,Appears relevant
holtsville ecology site summer camp,CM - Nonbranded - Geo Priorities (MxCx),Summer Camps,Phrase match,None,0,1,0.00,0.00,OK,,Appears relevant
summer camp nassau county,CM - Nonbranded - Geo Priorities (MxCx),Summer Camps,Phrase match (close variant),None,0,6,0.00,0.00,OK,,Appears relevant
video game camp near me,CM - Nonbranded - Geo Priorities (MxCx),Summer Camps,Phrase match (close variant),None,1,2,2.72,0.00,OK,,Appears relevant
music summer camps near me,CM - Nonbranded - Geo Priorities (MxCx),Summer Camps,Phrase match,None,0,1,0.00,0.00,OK,,Appears relevant
summer camp for 2 year olds near me,CM - Nonbranded - Geo Priorities (MxCx),Summer Camps,Phrase match,None,0,1,0.00,0.00,OK,,Appears relevant
day camps nassau county ny,CM - Nonbranded - Geo Priorities (MxCx),Summer Camps,Phrase match (close variant),None,0,4,0.00,0.00,OK,,Appears relevant
public summer camps near me,CM - Nonbranded - Geo Priorities (MxCx),Summer Camps,Phrase match,None,0,1,0.00,0.00,OK,,Appears relevant
avnet day camp,CM - Nonbranded - Geo Priorities (MxCx),Summer Camps,Phrase match (close variant),None,0,3,0.00,0.00,OK,,Appears relevant
camp wild,CM - Nonbranded - Geo Priorities (MxCx),Summer Camps,Phrase match (close variant),None,0,2,0.00,0.00,OK,,Appears relevant
science camp long island,CM - Nonbranded - Geo Priorities (MxCx),Summer Camps,Phrase match (close variant),None,0,3,0.00,0.00,OK,,Appears relevant
crunchlabs summer camp,CM - Nonbranded - Geo Priorities (MxCx),Summer Camps,Phrase match,None,0,1,0.00,0.00,OK,,Appears relevant
swim camp near me,CM - Nonbranded - Geo Priorities (MxCx),Summer Camps,Phrase match (close variant),None,0,2,0.00,0.00,OK,,Appears relevant
youth bat size chart,CM - pMax - Portland (MxConv),--,Performance Max,None,0,1,0.00,0.00,OK,,Appears relevant for Portland market
maine audubon camp,CM - pMax - Portland (MxConv),--,Performance Max,None,1,2,2.32,0.00,OK,,Appears relevant for Portland market
summer camps for kids in maine,CM - pMax - Portland (MxConv),--,Performance Max,None,0,3,0.00,0.00,OK,,Appears relevant for Portland market
riverhead summer camps,CM - Nonbranded - Other Geos (MxConv),Tennis Camps,Broad match,None,0,3,0.00,0.00,OK,,Appears relevant
liu lacrosse camp,CM - Nonbranded - Geo Priorities (MxCx),Lacrosse Camps,Phrase match (close variant),None,0,2,0.00,0.00,OK,,Appears relevant
east meadow summer programs,CM - Nonbranded - Geo Priorities (MxCx),Summer Camps,Phrase match (close variant),None,0,3,0.00,0.00,OK,,Appears relevant
horseback riding camp,CM - Nonbranded - Geo Priorities (MxCx),Horseback Riding,Exact match (close variant),None,1,6,2.73,0.00,OK,,Appears relevant
greenwoods camp for boys,CM - Nonbranded - Geo Priorities (MxCx),Summer Camps,Phrase match (close variant),None,0,1,0.00,0.00,OK,,Appears relevant
harbor country day school camp,CM - Nonbranded - Geo Priorities (MxCx),Summer Camps,Phrase match (close variant),None,0,4,0.00,0.00,OK,,Appears relevant
hofstra kids summer camp,CM - Nonbranded - Geo Priorities (MxCx),Summer Camps,Phrase match,None,2,2,5.58,0.00,OK,,Appears relevant
all stars camp,CM - Nonbranded - Geo Priorities (MxCx),Summer Camps,Phrase match (close variant),None,0,1,0.00,0.00,OK,,Appears relevant
glen cove golf course summer camp,CM - Nonbranded - Geo Priorities (MxCx),Summer Camps,Phrase match,None,0,2,0.00,0.00,OK,,Appears relevant
candy summer camp,CM - Nonbranded - Geo Priorities (MxCx),Summer Camps,Phrase match (close variant),None,0,1,0.00,0.00,OK,,Appears relevant
baseball camps in nassau county,CM - Nonbranded - Geo Priorities (MxCx),Summer Camps,Phrase match (close variant),None,0,2,0.00,0.00,OK,,Appears relevant
all net basketball camp,CM - Nonbranded - Geo Priorities (MxCx),Basketball Camp,Phrase match,None,0,2,0.00,0.00,OK,,Appears relevant
summer programs for high school students near me,CM - Nonbranded - Geo Priorities (MxCx),Summer Camps,Phrase match (close variant),None,0,1,0.00,0.00,OK,,Appears relevant
gymnastics camp summer 2026,CM - Nonbranded - Geo Priorities (MxCx),Sports Camps,Phrase match (close variant),None,0,4,0.00,0.00,OK,,Appears relevant
future star,CM - Branded (Mx.Clicks),Future Stars Camp Brand,Phrase match,None,6,20,13.29,0.00,OK,,Brand term matched: 'future star'
future stars camp locations,CM - Branded (Mx.Clicks),Future Stars Camp Brand,Exact match (close variant),None,2,5,6.78,0.00,OK,,Brand term matched: 'future stars'
soccer camp for kids,CM - Nonbranded - Geo Priorities (MxCx),Soccer Camps,Exact match (close variant),Added,0,4,0.00,0.00,OK,,Appears relevant
youth volleyball camp,CM - Nonbranded - Geo Priorities (MxCx),Volleyball Camps,Exact match (close variant),None,1,2,2.49,0.00,OK,,Appears relevant
summer adventure day camp,CM - Nonbranded - Geo Priorities (MxCx),Soccer Camps,Phrase match (close variant),None,0,3,0.00,0.00,OK,,Appears relevant
summer camp for 12 year old girls,CM - Nonbranded - Geo Priorities (MxCx),Soccer Camps,Phrase match (close variant),None,0,1,0.00,0.00,OK,,Appears relevant
lifetime camp kids,CM - Nonbranded - Geo Priorities (MxCx),Sports Camps,Phrase match (close variant),None,0,1,0.00,0.00,OK,,Appears relevant
summer horseback riding camp near me,CM - Nonbranded - Geo Priorities (MxCx),Horseback Riding,Exact match (close variant),None,0,3,0.00,0.00,OK,,Appears relevant
summer camps for 3 year olds near me,CM - Nonbranded - Geo Priorities (MxCx),Summer Camps,Phrase match (close variant),None,0,1,0.00,0.00,OK,,Appears relevant
softball camp near me,CM - Nonbranded - Geo Priorities (MxCx),Sports Camps,Phrase match (close variant),None,0,1,0.00,0.00,OK,,Appears relevant
summer school near me,CM - Nonbranded - Geo Priorities (MxCx),Summer Camps,Phrase match (close variant),None,0,7,0.00,0.00,OK,,Appears relevant
sports summer camps near me,CM - Nonbranded - Geo Priorities (MxCx),Sports Camps,Exact match (close variant),Added,2,9,5.56,0.00,OK,,Appears relevant
camps in new york,CM - Nonbranded - Geo Priorities (MxCx),Summer Camps,Phrase match (close variant),None,0,1,0.00,0.00,OK,,Appears relevant
summer camp long island 2026,CM - Nonbranded - Geo Priorities (MxCx),Summer Camps,Phrase match (close variant),None,0,1,0.00,0.00,OK,,Appears relevant
town camp,CM - Nonbranded - Geo Priorities (MxCx),Summer Camps,Phrase match (close variant),None,0,1,0.00,0.00,OK,,Appears relevant
scouts bsa summer camps,CM - Nonbranded - Geo Priorities (MxCx),Summer Camps,Phrase match,None,0,1,0.00,0.00,OK,,Appears relevant
all american gymnastics summer camp,CM - Nonbranded - Geo Priorities (MxCx),Sports Camps,Phrase match (close variant),None,0,1,0.00,0.00,OK,,Appears relevant
flag football camps near me,CM - Nonbranded - Geo Priorities (MxCx),Football Camps,Phrase match (close variant),None,0,1,0.00,0.00,OK,,Appears relevant
fdu basketball camp,CM - Nonbranded - Geo Priorities (MxCx),Basketball Camp,Phrase match,None,0,2,0.00,0.00,OK,,Appears relevant
mcclancy volleyball camp,CM - Nonbranded - Geo Priorities (MxCx),Volleyball Camps,Phrase match,None,0,2,0.00,0.00,OK,,Appears relevant
summer sports for kids near me,CM - Nonbranded - Geo Priorities (MxCx),Sports Camps,Phrase match (close variant),None,2,11,5.46,0.00,OK,,Appears relevant
future stars volleyball camp,CM - Branded (Mx.Clicks),Future Stars Camp Brand,Phrase match,None,4,9,4.37,0.00,OK,,Brand term matched: 'future stars'
future stars patchogue,CM - Branded (Mx.Clicks),Future Stars Camp Brand,Phrase match (close variant),None,7,9,1.12,0.00,OK,,Brand term matched: 'future stars'
maine soccer camp,CM - pMax - Portland (MxConv),--,Performance Max,None,0,1,0.00,0.00,OK,,Appears relevant for Portland market
volleyball camp,CM - pMax - Portland (MxConv),--,Performance Max,None,0,1,0.00,0.00,OK,,Appears relevant for Portland market
driftwood day camp,CM - Competitors - OldW - (Mx.Clicks),Competitors,Exact match,Added,11,197,46.81,0.00,OK,,Competitor matched: 'driftwood'
summer camp for teens,CM - Nonbranded - Geo Priorities (MxCx),Soccer Camps,Exact match (close variant),None,0,1,0.00,0.00,OK,,Appears relevant
camps on long island,CM - Nonbranded - Geo Priorities (MxCx),Summer Camps,Exact match (close variant),None,1,20,2.84,0.00,OK,,Appears relevant
summer camp swimming near me,CM - Nonbranded - Geo Priorities (MxCx),Sports Camps,Phrase match (close variant),None,1,1,2.76,0.00,OK,,Appears relevant
summer sports for 10 year olds,CM - Nonbranded - Geo Priorities (MxCx),Sports Camps,Phrase match (close variant),None,0,2,0.00,0.00,OK,,Appears relevant
usdan summer camp cost,CM - Nonbranded - Geo Priorities (MxCx),Summer Camps,Phrase match,None,2,3,5.40,0.00,OK,,Appears relevant
gold fish summer camp,CM - Nonbranded - Geo Priorities (MxCx),Summer Camps,Phrase match,None,0,1,0.00,0.00,OK,,Appears relevant
ny summer camp,CM - Nonbranded - Geo Priorities (MxCx),Summer Camps,Phrase match,None,0,8,0.00,0.00,OK,,Appears relevant
blaze volleyball camp,CM - Nonbranded - Geo Priorities (MxCx),Volleyball Camps,Phrase match,None,2,1,5.42,0.00,OK,,Appears relevant
craft camp near me,CM - Nonbranded - Geo Priorities (MxCx),Summer Camps,Phrase match (close variant),None,0,3,0.00,0.00,OK,,Appears relevant
full day camps near me,CM - Nonbranded - Geo Priorities (MxCx),Summer Camps,Exact match (close variant),None,0,2,0.00,0.00,OK,,Appears relevant
art summer camp long island,CM - Nonbranded - Geo Priorities (MxCx),Summer Camps,Phrase match,None,0,2,0.00,0.00,OK,,Appears relevant
badger day camp,CM - Nonbranded - Geo Priorities (MxCx),Summer Camps,Phrase match (close variant),None,0,1,0.00,0.00,OK,,Appears relevant
longwood booster summer camp,CM - Nonbranded - Geo Priorities (MxCx),Soccer Camps,Phrase match (close variant),None,0,1,0.00,0.00,OK,,Appears relevant
gym summer camp,CM - Nonbranded - Geo Priorities (MxCx),Sports Camps,Phrase match (close variant),None,0,1,0.00,0.00,OK,,Appears relevant
pierce roslyn,CM - Nonbranded - Geo Priorities (MxCx),Summer Camps,Phrase match (close variant),None,0,2,0.00,0.00,OK,,Appears relevant
teen summer camps,CM - Nonbranded - Geo Priorities (MxCx),Summer Camps,Phrase match (close variant),None,0,1,0.00,0.00,OK,,Appears relevant
suffolk y camp,CM - Nonbranded - Geo Priorities (MxCx),Summer Camps,Phrase match (close variant),None,0,2,0.00,0.00,OK,,Appears relevant
summer camp for 12 year old girls,CM - Nonbranded - Geo Priorities (MxCx),Summer Camps,Phrase match (close variant),None,0,1,0.00,0.00,OK,,Appears relevant
hearts of pine soccer camp,CM - pMax - Portland (MxConv),--,Performance Max,None,0,2,0.00,0.00,OK,,Appears relevant for Portland market
summer camp for 8 year olds,CM - pMax - Portland (MxConv),--,Performance Max,None,0,1,0.00,0.00,OK,,Appears relevant for Portland market
flag football kids,CM - pMax - Portland (MxConv),--,Performance Max,None,0,1,0.00,0.00,OK,,Appears relevant for Portland market
summer camp white plains,CM - Nonbranded - Other Geos (MxConv),Tennis Camps,Broad match,None,0,3,0.00,0.00,OK,,Appears relevant
esf summer camp,CM - Nonbranded - Other Geos (MxConv),Tennis Camps,Broad match,None,0,2,0.00,0.00,OK,,Appears relevant
summer camps suffolk county,CM - Nonbranded - Geo Priorities (MxCx),Summer Camps,Phrase match (close variant),None,0,1,0.00,0.00,OK,,Appears relevant
summer cheer camp near me,CM - Nonbranded - Geo Priorities (MxCx),Summer Camps,Phrase match,None,0,1,0.00,0.00,OK,,Appears relevant
kids pickleball camp,CM - Nonbranded - Geo Priorities (MxCx),Sports Camps,Phrase match (close variant),None,0,2,0.00,0.00,OK,,Appears relevant
just kids summer camp,CM - Nonbranded - Geo Priorities (MxCx),Summer Camps,Phrase match,None,1,2,2.84,0.00,OK,,Appears relevant
soccer camps long island ny,CM - Nonbranded - Geo Priorities (MxCx),Soccer Camps,Phrase match,None,0,2,0.00,0.00,OK,,Appears relevant
football camp for high school players,CM - Nonbranded - Geo Priorities (MxCx),Football Camps,Phrase match,None,1,2,2.95,0.00,OK,,Appears relevant
football camp long island,CM - Nonbranded - Geo Priorities (MxCx),Summer Camps,Phrase match (close variant),None,0,2,0.00,0.00,OK,,Appears relevant
oyster bay camp,CM - Nonbranded - Geo Priorities (MxCx),Summer Camps,Phrase match (close variant),None,0,3,0.00,0.00,OK,,Appears relevant
softball camps near me,CM - Nonbranded - Geo Priorities (MxCx),Softball Camps,Exact match (close variant),None,1,9,2.96,0.00,OK,,Appears relevant
lego camp near me,CM - Nonbranded - Geo Priorities (MxCx),Summer Camps,Phrase match (close variant),None,0,3,0.00,0.00,OK,,Appears relevant
summer camp near me for 4 year olds,CM - Nonbranded - Geo Priorities (MxCx),Summer Camps,Phrase match,None,0,2,0.00,0.00,OK,,Appears relevant
afternoon camp,CM - Nonbranded - Geo Priorities (MxCx),Summer Camps,Phrase match (close variant),None,0,2,0.00,0.00,OK,,Appears relevant
summer schools on long island,CM - Nonbranded - Geo Priorities (MxCx),Summer Camps,Exact match (close variant),None,0,2,0.00,0.00,OK,,Appears relevant
summer camp long island,CM - Nonbranded - Geo Priorities (MxCx),Summer Camps,Exact match (close variant),None,3,32,8.15,0.00,OK,,Appears relevant
rocky point summer camp,CM - Nonbranded - Geo Priorities (MxCx),Summer Camps,Phrase match,None,0,2,0.00,0.00,OK,,Appears relevant
uniondale summer camps,CM - Nonbranded - Geo Priorities (MxCx),Summer Camps,Phrase match,None,0,6,0.00,0.00,OK,,Appears relevant
skills,CM - pMax - Portland (MxConv),--,Performance Max,None,0,1,0.00,0.00,OK,,Appears relevant for Portland market
camp galileo,CM - pMax - Portland (MxConv),--,Performance Max,None,0,1,0.00,0.00,OK,,Appears relevant for Portland market
basketball games for kids,CM - pMax - Portland (MxConv),--,Performance Max,None,0,1,0.00,0.00,OK,,Appears relevant for Portland market
bethpage summer camp,CM - Nonbranded - Geo Priorities (MxCx),Summer Camps,Phrase match,None,1,6,2.76,0.00,OK,,Appears relevant
summer camps nassau county ny,CM - Nonbranded - Geo Priorities (MxCx),Summer Camps,Phrase match (close variant),None,0,5,0.00,0.00,OK,,Appears relevant
horse riding camps,CM - Nonbranded - Geo Priorities (MxCx),Horseback Riding,Exact match,Added,1,2,2.14,0.00,OK,,Appears relevant
soccer camps in long island,CM - Nonbranded - Geo Priorities (MxCx),Soccer Camps,Phrase match,None,1,2,2.73,0.00,OK,,Appears relevant
boys lacrosse summer camp near me,CM - Nonbranded - Geo Priorities (MxCx),Lacrosse Camps,Phrase match (close variant),None,0,1,0.00,0.00,OK,,Appears relevant
volleyball camps,CM - Nonbranded - Geo Priorities (MxCx),Volleyball Camps,Exact match,Added,8,24,22.40,0.00,OK,,Appears relevant
summer programs for high school students,CM - Nonbranded - Geo Priorities (MxCx),Summer Camps,Phrase match (close variant),None,0,5,0.00,0.00,OK,,Appears relevant
equestrian summer camp near me,CM - Nonbranded - Geo Priorities (MxCx),Horseback Riding,Exact match (close variant),None,0,2,0.00,0.00,OK,,Appears relevant
camp near me summer,CM - Nonbranded - Geo Priorities (MxCx),Summer Camps,Exact match (close variant),None,1,13,2.70,0.00,OK,,Appears relevant
fall basketball camps near me,CM - Nonbranded - Geo Priorities (MxCx),Basketball Camp,Phrase match,None,0,4,0.00,0.00,OK,,Appears relevant
smithtown playground camp,CM - Nonbranded - Geo Priorities (MxCx),Summer Camps,Phrase match (close variant),None,0,1,0.00,0.00,OK,,Appears relevant
babylon summer camps,CM - Nonbranded - Geo Priorities (MxCx),Summer Camps,Phrase match,None,1,2,2.83,0.00,OK,,Appears relevant
summer camp for 4 year olds,CM - Nonbranded - Geo Priorities (MxCx),Summer Camps,Phrase match (close variant),None,0,1,0.00,0.00,OK,,Appears relevant
hillel day camp,CM - Nonbranded - Geo Priorities (MxCx),Summer Camps,Phrase match (close variant),None,0,5,0.00,0.00,OK,,Appears relevant
soccer shots summer,CM - Nonbranded - Geo Priorities (MxCx),Soccer Camps,Phrase match (close variant),None,0,1,0.00,0.00,OK,,Appears relevant
jaxson dart football camp 2026,CM - Nonbranded - Geo Priorities (MxCx),Football Camps,Phrase match,None,3,4,8.97,0.00,OK,,Appears relevant
baseball camps on long island,CM - Nonbranded - Geo Priorities (MxCx),Summer Camps,Phrase match (close variant),None,0,3,0.00,0.00,OK,,Appears relevant
summer camp in,CM - Nonbranded - Geo Priorities (MxCx),Summer Camps,Exact match (close variant),None,0,1,0.00,0.00,OK,,Appears relevant
camp on long island,CM - Nonbranded - Geo Priorities (MxCx),Summer Camps,Phrase match (close variant),None,0,4,0.00,0.00,OK,,Appears relevant
elwood booster club summer camp,CM - Nonbranded - Geo Priorities (MxCx),Sports Camps,Phrase match (close variant),None,0,1,0.00,0.00,OK,,Appears relevant
hofstra soccer id camp,CM - Nonbranded - Geo Priorities (MxCx),Soccer Camps,Phrase match,None,0,1,0.00,0.00,OK,,Appears relevant
summer camp garden city,CM - Nonbranded - Geo Priorities (MxCx),Summer Camps,Phrase match (close variant),None,0,3,0.00,0.00,OK,,Appears relevant
horse riding camps near me,CM - Nonbranded - Geo Priorities (MxCx),Horseback Riding,Exact match (close variant),None,0,1,0.00,0.00,OK,,Appears relevant
wee friends camp,CM - Nonbranded - Geo Priorities (MxCx),Summer Camps,Phrase match (close variant),None,0,1,0.00,0.00,OK,,Appears relevant
life time summer camp for kids,CM - Nonbranded - Geo Priorities (MxCx),Sports Camps,Phrase match (close variant),None,0,1,0.00,0.00,OK,,Appears relevant
ny summer camp carle place,CM - Nonbranded - Geo Priorities (MxCx),Summer Camps,Phrase match,None,0,3,0.00,0.00,OK,,Appears relevant
camp basketball near me,CM - Nonbranded - Geo Priorities (MxCx),Basketball Camp,Exact match (close variant),None,0,5,0.00,0.00,OK,,Appears relevant
lacrosse summer camps long island,CM - Nonbranded - Geo Priorities (MxCx),Summer Camps,Phrase match,None,0,2,0.00,0.00,OK,,Appears relevant
portland maine summer camps,CM - pMax - Portland (MxConv),--,Performance Max,None,0,2,0.00,0.00,OK,,Appears relevant for Portland market
buckley day camp,CM - Competitors - OldW - (Mx.Clicks),Competitors,Exact match (close variant),None,7,55,29.90,0.00,OK,,Competitor matched: 'buckley'
cheverus basketball camp,CM - Nonbranded - Other Geos (MxConv),Basketball Camp,Phrase match,None,1,4,5.68,0.00,OK,,Appears relevant
swimming camp,CM - Nonbranded - Geo Priorities (MxCx),Summer Camps,Phrase match (close variant),None,0,5,0.00,0.00,OK,,Appears relevant
kids summer camp near me near me,CM - Nonbranded - Geo Priorities (MxCx),Summer Camps,Exact match (close variant),None,0,1,0.00,0.00,OK,,Appears relevant
tarrytown music hall summer camp,CM - Nonbranded - Geo Priorities (MxCx),Summer Camps,Phrase match (close variant),None,0,1,0.00,0.00,OK,,Appears relevant
maplewood camp wantagh,CM - Nonbranded - Geo Priorities (MxCx),Summer Camps,Phrase match (close variant),None,0,3,0.00,0.00,OK,,Appears relevant
summer camp for kids long island,CM - Nonbranded - Geo Priorities (MxCx),Summer Camps,Phrase match,None,0,1,0.00,0.00,OK,,Appears relevant
summer music camp for kids,CM - Nonbranded - Geo Priorities (MxCx),Summer Camps,Phrase match,None,0,2,0.00,0.00,OK,,Appears relevant
theatre camp near me,CM - Nonbranded - Geo Priorities (MxCx),Summer Camps,Phrase match (close variant),None,0,3,0.00,0.00,OK,,Appears relevant
summer day camps for kids near me,CM - Nonbranded - Geo Priorities (MxCx),Summer Camps,Exact match (close variant),None,0,1,0.00,0.00,OK,,Appears relevant
comedy summer camp,CM - Nonbranded - Geo Priorities (MxCx),Summer Camps,Phrase match,None,0,1,0.00,0.00,OK,,Appears relevant
jackson dart football camp,CM - Nonbranded - Geo Priorities (MxCx),Football Camps,Phrase match (close variant),None,0,1,0.00,0.00,OK,,Appears relevant
teen camps long island,CM - Nonbranded - Geo Priorities (MxCx),Summer Camps,Exact match (close variant),None,0,7,0.00,0.00,OK,,Appears relevant
deer foot camp,CM - Nonbranded - Geo Priorities (MxCx),Summer Camps,Phrase match (close variant),None,0,2,0.00,0.00,OK,,Appears relevant
summer girls basketball camps,CM - Nonbranded - Geo Priorities (MxCx),Basketball Camp,Phrase match,None,1,2,2.75,0.00,OK,,Appears relevant
hofstra dance camp,CM - Nonbranded - Geo Priorities (MxCx),Dance Camps,Phrase match (close variant),None,0,1,0.00,0.00,OK,,Appears relevant
soccer camp in los angeles,CM - Nonbranded - Geo Priorities (MxCx),Soccer Camps,Phrase match,None,0,1,0.00,0.00,OK,,Appears relevant
summer athletic camps near me,CM - Nonbranded - Geo Priorities (MxCx),Soccer Camps,Phrase match (close variant),None,0,1,0.00,0.00,OK,,Appears relevant
tennis camp maine,CM - pMax - Portland (MxConv),--,Performance Max,None,1,4,2.32,0.00,OK,,Appears relevant for Portland market
summer day camps,CM - pMax - Portland (MxConv),--,Performance Max,None,0,1,0.00,0.00,OK,,Appears relevant for Portland market
things to do when raining near me,CM - pMax - Portland (MxConv),--,Performance Max,None,0,1,0.00,0.00,OK,,Appears relevant for Portland market
swimming camp,CM - pMax - Portland (MxConv),--,Performance Max,None,0,1,0.00,0.00,OK,,Appears relevant for Portland market
luhi day camp,CM - Competitors - OldW - (Mx.Clicks),Competitors,Exact match (close variant),None,1,5,4.18,0.00,OK,,Competitor matched: 'luhi'
hofstra camp,CM - Competitors - OldW - (Mx.Clicks),Competitors,Exact match,Added,0,14,0.00,0.00,OK,,Competitor matched: 'hofstra'
camp long island,CM - Nonbranded - Geo Priorities (MxCx),Summer Camps,Exact match (close variant),None,0,10,0.00,0.00,OK,,Appears relevant
islip town summer camp,CM - Nonbranded - Geo Priorities (MxCx),Summer Camps,Phrase match,None,0,2,0.00,0.00,OK,,Appears relevant
childrens camp near me,CM - Nonbranded - Geo Priorities (MxCx),Summer Camps,Exact match (close variant),None,0,2,0.00,0.00,OK,,Appears relevant
softball pitching clinic,CM - Nonbranded - Geo Priorities (MxCx),Softball Camps,Phrase match,None,1,2,2.75,0.00,OK,,Appears relevant
fun things for summer camp,CM - Nonbranded - Geo Priorities (MxCx),Summer Camps,Phrase match,None,0,2,0.00,0.00,OK,,Appears relevant
summer soccer for 3 year olds,CM - Nonbranded - Geo Priorities (MxCx),Soccer Camps,Phrase match (close variant),None,1,4,2.69,0.00,OK,,Appears relevant
bellmore summer camp,CM - Nonbranded - Geo Priorities (MxCx),Summer Camps,Phrase match,None,0,2,0.00,0.00,OK,,Appears relevant
levittown school district summer camp,CM - Nonbranded - Geo Priorities (MxCx),Summer Camps,Phrase match,None,0,2,0.00,0.00,OK,,Appears relevant
teen summer day camps,CM - Nonbranded - Geo Priorities (MxCx),Summer Camps,Phrase match,None,0,1,0.00,0.00,OK,,Appears relevant
summer programs for kids in long island,CM - Nonbranded - Geo Priorities (MxCx),Summer Camps,Phrase match (close variant),None,0,1,0.00,0.00,OK,,Appears relevant
westchester summer camps 2026,CM - Nonbranded - Geo Priorities (MxCx),Summer Camps,Phrase match,None,0,1,0.00,0.00,OK,,Appears relevant
new hyde park summer camp,CM - Nonbranded - Geo Priorities (MxCx),Summer Camps,Phrase match (close variant),None,0,4,0.00,0.00,OK,,Appears relevant
summer basketball near me,CM - Nonbranded - Geo Priorities (MxCx),Basketball Camp,Phrase match (close variant),None,0,2,0.00,0.00,OK,,Appears relevant
summer camps near west hempstead ny,CM - Nonbranded - Geo Priorities (MxCx),Summer Camps,Phrase match (close variant),None,0,1,0.00,0.00,OK,,Appears relevant
summer camp organizer near me,CM - Nonbranded - Geo Priorities (MxCx),Summer Camps,Phrase match (close variant),None,0,1,0.00,0.00,OK,,Appears relevant
soccer summer programs near me,CM - Nonbranded - Geo Priorities (MxCx),Soccer Camps,Exact match (close variant),None,0,3,0.00,0.00,OK,,Appears relevant
cheer camps,CM - Nonbranded - Geo Priorities (MxCx),Sports Camps,Phrase match (close variant),None,0,3,0.00,0.00,OK,,Appears relevant
malverne summer rec,CM - Nonbranded - Geo Priorities (MxCx),Summer Camps,Phrase match (close variant),None,0,2,0.00,0.00,OK,,Appears relevant
cheer camps near me,CM - Nonbranded - Geo Priorities (MxCx),Summer Camps,Phrase match (close variant),None,2,3,5.26,0.45,OK,,Appears relevant
future stars softball camp,CM - Branded (Mx.Clicks),Future Stars Camp Brand,Phrase match,None,2,3,4.19,0.53,OK,,Brand term matched: 'future stars'
kingsley pines,CM - pMax - Portland (MxConv),--,Performance Max,None,0,1,0.00,0.00,OK,,Appears relevant for Portland market
camp kenwal,CM - Competitors - OldW - (Mx.Clicks),Competitors,Exact match (close variant),None,1,6,4.70,0.00,OK,,Competitor matched: 'kenwal'
night tennis,CM - Nonbranded - Other Geos (MxConv),Tennis Camps,Broad match,None,0,1,0.00,0.00,OK,,Appears relevant
soccer camp nassau county,CM - Nonbranded - Geo Priorities (MxCx),Soccer Camps,Phrase match,None,0,3,0.00,0.00,OK,,Appears relevant
residential summer programs for high school students,CM - Nonbranded - Geo Priorities (MxCx),Summer Camps,Phrase match (close variant),None,0,1,0.00,0.00,OK,,Appears relevant
space summer camp,CM - Nonbranded - Geo Priorities (MxCx),Summer Camps,Phrase match,None,0,2,0.00,0.00,OK,,Appears relevant
basketball summer programs near me,CM - Nonbranded - Geo Priorities (MxCx),Basketball Camp,Exact match (close variant),None,0,2,0.00,0.00,OK,,Appears relevant
pirates basketball camp,CM - Nonbranded - Geo Priorities (MxCx),Basketball Camp,Phrase match,None,0,1,0.00,0.00,OK,,Appears relevant
summer camp near me for 5 year olds,CM - Nonbranded - Geo Priorities (MxCx),Summer Camps,Phrase match (close variant),None,0,1,0.00,0.00,OK,,Appears relevant
summer soccer programs for kids,CM - Nonbranded - Geo Priorities (MxCx),Soccer Camps,Phrase match (close variant),None,0,2,0.00,0.00,OK,,Appears relevant
camp ramapo for children,CM - Nonbranded - Geo Priorities (MxCx),Summer Camps,Phrase match (close variant),None,0,1,0.00,0.00,OK,,Appears relevant
baseball camp for 6 year olds,CM - Nonbranded - Geo Priorities (MxCx),Summer Camps,Phrase match (close variant),None,0,5,0.00,0.00,OK,,Appears relevant
lego summer camp 2026,CM - Nonbranded - Geo Priorities (MxCx),Summer Camps,Phrase match,None,0,1,0.00,0.00,OK,,Appears relevant
future stars summer camps old westbury,CM - Branded (Mx.Clicks),Future Stars Camp Brand,Phrase match,None,0,1,0.00,0.00,OK,,Brand term matched: 'future stars'
center day camp,CM - pMax - Portland (MxConv),--,Performance Max,None,0,6,0.00,0.00,OK,,Appears relevant for Portland market
summer camp volleyball,CM - pMax - Portland (MxConv),--,Performance Max,None,1,2,3.17,0.00,OK,,Appears relevant for Portland market
wildcats camp,CM - pMax - Portland (MxConv),--,Performance Max,None,0,1,0.00,0.00,OK,,Appears relevant for Portland market
lacrosse camp westchester ny,CM - Nonbranded - Other Geos (MxConv),Lacrosse Camps,Phrase match (close variant),None,1,2,12.52,0.00,OK,,Appears relevant
summer camps near me,CM - Nonbranded - Other Geos (MxConv),Tennis Camps,Broad match,None,0,1,0.00,0.00,OK,,Appears relevant
tennis westhampton,CM - Nonbranded - Other Geos (MxConv),Tennis Camps,Broad match,None,0,1,0.00,0.00,OK,,Appears relevant
tennis in the hamptons,CM - Nonbranded - Other Geos (MxConv),Tennis Camps,Broad match,None,0,1,0.00,0.00,OK,,Appears relevant
hofstra field hockey camp,CM - Nonbranded - Geo Priorities (MxCx),Summer Camps,Phrase match (close variant),None,0,1,0.00,0.00,OK,,Appears relevant
summer camp baldwin ny,CM - Nonbranded - Geo Priorities (MxCx),Summer Camps,Phrase match,None,0,3,0.00,0.00,OK,,Appears relevant
children's camp near me,CM - Nonbranded - Geo Priorities (MxCx),Summer Camps,Exact match (close variant),None,0,1,0.00,0.00,OK,,Appears relevant
summer camp for kids,CM - Nonbranded - Geo Priorities (MxCx),Summer Camps,Exact match (close variant),Added,1,12,2.95,0.00,OK,,Appears relevant
summer camps in hicksville ny,CM - Nonbranded - Geo Priorities (MxCx),Summer Camps,Phrase match (close variant),None,1,1,2.64,0.00,OK,,Appears relevant
camps for 10 year olds,CM - Nonbranded - Geo Priorities (MxCx),Summer Camps,Phrase match (close variant),None,1,2,2.91,0.00,OK,,Appears relevant
coleman country day camp freeport,CM - Nonbranded - Geo Priorities (MxCx),Summer Camps,Phrase match (close variant),None,0,1,0.00,0.00,OK,,Appears relevant
park camp,CM - Nonbranded - Geo Priorities (MxCx),Summer Camps,Phrase match (close variant),None,0,3,0.00,0.00,OK,,Appears relevant
summer camp suffolk county,CM - Nonbranded - Geo Priorities (MxCx),Summer Camps,Phrase match (close variant),None,0,1,0.00,0.00,OK,,Appears relevant
summer athletic camps near me,CM - Nonbranded - Geo Priorities (MxCx),Sports Camps,Phrase match (close variant),None,0,2,0.00,0.00,OK,,Appears relevant
day campos,CM - Nonbranded - Geo Priorities (MxCx),Summer Camps,Exact match (close variant),None,0,2,0.00,0.00,OK,,Appears relevant
pierce camp long island,CM - Nonbranded - Geo Priorities (MxCx),Summer Camps,Phrase match (close variant),None,0,2,0.00,0.00,OK,,Appears relevant
summer camp fresh meadows ny,CM - Nonbranded - Geo Priorities (MxCx),Summer Camps,Phrase match (close variant),None,0,2,0.00,0.00,OK,,Appears relevant
merrick woods summer camp,CM - Nonbranded - Geo Priorities (MxCx),Summer Camps,Phrase match (close variant),None,0,1,0.00,0.00,OK,,Appears relevant
art camp for kids near me,CM - Nonbranded - Geo Priorities (MxCx),Summer Camps,Phrase match,None,1,7,2.90,0.00,OK,,Appears relevant
drama summer camp near me,CM - Nonbranded - Geo Priorities (MxCx),Summer Camps,Phrase match,None,0,4,0.00,0.00,OK,,Appears relevant
camps near me for summer near me,CM - Nonbranded - Geo Priorities (MxCx),Summer Camps,Exact match (close variant),None,0,1,0.00,0.00,OK,,Appears relevant
berkshire soccer camp for girls,CM - Nonbranded - Geo Priorities (MxCx),Soccer Camps,Phrase match,None,0,1,0.00,0.00,OK,,Appears relevant
summer sports camps for kids,CM - Nonbranded - Geo Priorities (MxCx),Sports Camps,Phrase match,None,0,1,0.00,0.00,OK,,Appears relevant
gold medal gymnastics camp,CM - Nonbranded - Geo Priorities (MxCx),Summer Camps,Phrase match (close variant),None,0,1,0.00,0.00,OK,,Appears relevant
kidstrong camp cost,CM - Nonbranded - Geo Priorities (MxCx),Sports Camps,Phrase match (close variant),None,0,2,0.00,0.00,OK,,Appears relevant
all american summer camp,CM - Nonbranded - Geo Priorities (MxCx),Summer Camps,Phrase match,None,0,2,0.00,0.00,OK,,Appears relevant
theater camp kids,CM - Nonbranded - Geo Priorities (MxCx),Summer Camps,Phrase match,None,1,3,2.78,0.00,OK,,Appears relevant
camp sunshine,CM - pMax - Portland (MxConv),--,Performance Max,None,0,1,0.00,0.00,OK,,Appears relevant for Portland market
purchase summer camps,CM - Nonbranded - Other Geos (MxConv),Tennis Camps,Broad match,None,0,2,0.00,0.00,OK,,Appears relevant
summer camp for 3 year olds near me,CM - Nonbranded - Geo Priorities (MxCx),Summer Camps,Phrase match,None,0,4,0.00,0.00,OK,,Appears relevant
game seven basketball,CM - Nonbranded - Geo Priorities (MxCx),Basketball Camp,Phrase match (close variant),None,0,1,0.00,0.00,OK,,Appears relevant
basketball camp august,CM - Nonbranded - Geo Priorities (MxCx),Basketball Camp,Phrase match,None,0,2,0.00,0.00,OK,,Appears relevant
st francis prep summer camp 2026,CM - Nonbranded - Geo Priorities (MxCx),Summer Camps,Phrase match,None,1,5,2.74,0.00,OK,,Appears relevant
basketball camps near me for kids,CM - Nonbranded - Geo Priorities (MxCx),Basketball Camp,Exact match (close variant),None,1,2,2.73,0.00,OK,,Appears relevant
lifetime kids summer camp,CM - Nonbranded - Geo Priorities (MxCx),Sports Camps,Phrase match (close variant),None,0,1,0.00,0.00,OK,,Appears relevant
ron cooper football camps,CM - Nonbranded - Geo Priorities (MxCx),Football Camps,Phrase match,None,0,1,0.00,0.00,OK,,Appears relevant
summer camps for swimming,CM - Nonbranded - Geo Priorities (MxCx),Summer Camps,Phrase match,None,1,2,2.93,0.00,OK,,Appears relevant
memorial park summer camp,CM - Nonbranded - Geo Priorities (MxCx),Summer Camps,Phrase match,None,0,2,0.00,0.00,OK,,Appears relevant
summer camps for 9 year olds near me,CM - Nonbranded - Geo Priorities (MxCx),Summer Camps,Phrase match,None,1,1,2.69,0.42,OK,,Appears relevant
basketball camp for kids near me,CM - Nonbranded - Geo Priorities (MxCx),Basketball Camp,Exact match (close variant),None,1,4,2.73,0.00,OK,,Appears relevant
summer football camps 2026,CM - Nonbranded - Geo Priorities (MxCx),Football Camps,Phrase match,None,1,2,2.78,0.00,OK,,Appears relevant
long island basketball camp,CM - Nonbranded - Geo Priorities (MxCx),Basketball Camp,Exact match (close variant),None,0,2,0.00,0.00,OK,,Appears relevant
hofstra university summer camp,CM - Nonbranded - Geo Priorities (MxCx),Summer Camps,Phrase match,None,0,2,0.00,0.00,OK,,Appears relevant
timber lake camp tuition,CM - Nonbranded - Geo Priorities (MxCx),Summer Camps,Phrase match (close variant),None,0,1,0.00,0.00,OK,,Appears relevant
summer camps near freeport ny,CM - Nonbranded - Geo Priorities (MxCx),Summer Camps,Phrase match (close variant),None,0,1,0.00,0.00,OK,,Appears relevant
nassau county summer camp cantiague park,CM - Nonbranded - Geo Priorities (MxCx),Summer Camps,Phrase match,None,0,3,0.00,0.00,OK,,Appears relevant
coach for tennis,CM - Nonbranded - Other Geos (MxConv),Tennis Camps,Broad match,None,0,2,0.00,0.00,OK,,Appears relevant
tennis coach for beginners,CM - Nonbranded - Other Geos (MxConv),Tennis Camps,Broad match,None,0,1,0.00,0.00,OK,,Appears relevant
westhampton tennis,CM - Nonbranded - Other Geos (MxConv),Tennis Camps,Broad match,None,1,6,2.55,0.00,OK,,Appears relevant
basketball camps near me for kids,CM - Nonbranded - Geo Priorities (MxCx),Basketball Camp,Phrase match,None,1,1,2.67,0.00,OK,,Appears relevant
summer gymnastics,CM - Nonbranded - Geo Priorities (MxCx),Summer Camps,Phrase match (close variant),None,0,2,0.00,0.00,OK,,Appears relevant
summer camp freeport ny,CM - Nonbranded - Geo Priorities (MxCx),Summer Camps,Phrase match (close variant),None,0,5,0.00,0.00,OK,,Appears relevant
soccer summer camp near me,CM - Nonbranded - Geo Priorities (MxCx),Soccer Camps,Phrase match,None,0,1,0.00,0.00,OK,,Appears relevant
camp kenwal rates,CM - Nonbranded - Geo Priorities (MxCx),Summer Camps,Phrase match (close variant),None,1,2,2.76,0.00,OK,,Appears relevant
st francis summer camp 2026,CM - Nonbranded - Geo Priorities (MxCx),Summer Camps,Phrase match,None,0,1,0.00,0.00,OK,,Appears relevant
malibu day camp,CM - Nonbranded - Geo Priorities (MxCx),Summer Camps,Phrase match (close variant),None,0,1,0.00,0.00,OK,,Appears relevant
long island summer camp,CM - Nonbranded - Geo Priorities (MxCx),Summer Camps,Phrase match,Added,0,5,0.00,0.00,OK,,Appears relevant
summer camps valley stream,CM - Nonbranded - Geo Priorities (MxCx),Summer Camps,Phrase match,None,0,5,0.00,0.00,OK,,Appears relevant
manhasset crew summer camp,CM - Nonbranded - Geo Priorities (MxCx),Sports Camps,Phrase match (close variant),None,0,1,0.00,0.00,OK,,Appears relevant
swimming summer camp,CM - Nonbranded - Geo Priorities (MxCx),Summer Camps,Phrase match,None,1,2,2.85,0.00,OK,,Appears relevant
westchester summer camp,CM - Nonbranded - Geo Priorities (MxCx),Summer Camps,Phrase match,None,0,1,0.00,0.00,OK,,Appears relevant
kid lunch ideas,CM - pMax - Portland (MxConv),--,Performance Max,None,1,1,0.71,0.00,OK,,Appears relevant for Portland market
camp flagship 2026,CM - pMax - Portland (MxConv),--,Performance Max,None,0,1,0.00,0.00,OK,,Appears relevant for Portland market
fernwood cove,CM - pMax - Portland (MxConv),--,Performance Max,None,0,1,0.00,0.00,OK,,Appears relevant for Portland market
girls basketball camps in maine,CM - pMax - Portland (MxConv),--,Performance Max,None,0,1,0.00,0.00,OK,,Appears relevant for Portland market
st joes volleyball camp,CM - pMax - Portland (MxConv),--,Performance Max,None,0,3,0.00,0.00,OK,,Appears relevant for Portland market
pine tree 2 basketball camp,CM - Nonbranded - Other Geos (MxConv),Basketball Camp,Phrase match,None,0,1,0.00,0.00,OK,,Appears relevant
kids summer camps near me,CM - Nonbranded - Other Geos (MxConv),Tennis Camps,Broad match,None,0,3,0.00,0.00,OK,,Appears relevant
maine summer day camps for kids,CM - pMax - Portland (MxConv),--,Performance Max,None,0,2,0.00,0.00,OK,,Appears relevant for Portland market
tennis racket size 4 1 4,CM - pMax - Portland (MxConv),--,Performance Max,None,0,1,0.00,0.00,OK,,Appears relevant for Portland market
softball catcher clinics near me,CM - pMax - Portland (MxConv),--,Performance Max,None,0,1,0.00,0.00,OK,,Appears relevant for Portland market
nautical terms,CM - pMax - Portland (MxConv),--,Performance Max,None,1,1,1.44,0.00,OK,,Appears relevant for Portland market
when do kids switch to size 5 soccer ball,CM - pMax - Portland (MxConv),--,Performance Max,None,0,1,0.00,0.00,OK,,Appears relevant for Portland market
summer fun camp 2026,CM - Nonbranded - Geo Priorities (MxCx),Summer Camps,Phrase match (close variant),None,0,1,0.00,0.00,OK,,Appears relevant
summer camp levittown ny,CM - Nonbranded - Geo Priorities (MxCx),Summer Camps,Phrase match (close variant),None,0,6,0.00,0.00,OK,,Appears relevant
camps for underprivileged youth,CM - Nonbranded - Geo Priorities (MxCx),Summer Camps,Phrase match (close variant),None,0,3,0.00,0.00,OK,,Appears relevant
boys and girls summer camp 2026,CM - Nonbranded - Geo Priorities (MxCx),Summer Camps,Phrase match,None,0,1,0.00,0.00,OK,,Appears relevant
town summer camp,CM - Nonbranded - Geo Priorities (MxCx),Summer Camps,Phrase match,None,0,1,0.00,0.00,OK,,Appears relevant
soccer camp for 5 year olds near me,CM - Nonbranded - Geo Priorities (MxCx),Soccer Camps,Phrase match,None,1,2,2.80,0.00,OK,,Appears relevant
day camp,CM - Nonbranded - Geo Priorities (MxCx),Summer Camps,Phrase match (close variant),None,0,5,0.00,0.00,OK,,Appears relevant
armonk swim and tennis camp,CM - Nonbranded - Geo Priorities (MxCx),Summer Camps,Phrase match (close variant),None,0,2,0.00,0.00,OK,,Appears relevant
summer camp for kids on spectrum,CM - Nonbranded - Geo Priorities (MxCx),Summer Camps,Phrase match,None,0,1,0.00,0.00,OK,,Appears relevant
nabby day camp,CM - Nonbranded - Geo Priorities (MxCx),Summer Camps,Phrase match (close variant),None,0,2,0.00,0.00,OK,,Appears relevant
kids camp near me,CM - Nonbranded - Geo Priorities (MxCx),Summer Camps,Phrase match (close variant),None,0,1,0.00,0.00,OK,,Appears relevant
theater camps,CM - Nonbranded - Geo Priorities (MxCx),Summer Camps,Phrase match (close variant),None,0,1,0.00,0.00,OK,,Appears relevant
golf camp for kids near me,CM - Nonbranded - Geo Priorities (MxCx),Summer Camps,Phrase match,None,0,3,0.00,0.00,OK,,Appears relevant
summer lacrosse camp,CM - Nonbranded - Geo Priorities (MxCx),Lacrosse Camps,Exact match (close variant),None,0,3,0.00,0.00,OK,,Appears relevant
greenwich summer camp,CM - Nonbranded - Geo Priorities (MxCx),Summer Camps,Phrase match (close variant),None,0,1,0.00,0.00,OK,,Appears relevant
id camps soccer,CM - Nonbranded - Geo Priorities (MxCx),Soccer Camps,Phrase match,None,0,2,0.00,0.00,OK,,Appears relevant
local camps for kids,CM - Nonbranded - Geo Priorities (MxCx),Summer Camps,Exact match (close variant),None,0,2,0.00,0.00,OK,,Appears relevant
summer camp long island ny,CM - Nonbranded - Geo Priorities (MxCx),Summer Camps,Exact match (close variant),None,0,3,0.00,0.00,OK,,Appears relevant
syosset summer camp,CM - Nonbranded - Geo Priorities (MxCx),Summer Camps,Phrase match (close variant),None,0,1,0.00,0.00,OK,,Appears relevant
harrison summer camps 2026,CM - Nonbranded - Geo Priorities (MxCx),Summer Camps,Phrase match,None,0,1,0.00,0.00,OK,,Appears relevant
seagull camp near me,CM - Nonbranded - Geo Priorities (MxCx),Summer Camps,Phrase match (close variant),None,1,3,2.90,0.00,OK,,Appears relevant
summer rec programs near me,CM - Nonbranded - Geo Priorities (MxCx),Summer Camps,Exact match (close variant),None,0,1,0.00,0.00,OK,,Appears relevant
summer camps nassau county,CM - Nonbranded - Geo Priorities (MxCx),Summer Camps,Phrase match (close variant),None,1,6,2.74,0.00,OK,,Appears relevant
musical theater camp for kids,CM - Nonbranded - Geo Priorities (MxCx),Summer Camps,Phrase match,None,0,3,0.00,0.00,OK,,Appears relevant
big chief school and camp,CM - Nonbranded - Geo Priorities (MxCx),Summer Camps,Phrase match (close variant),None,0,2,0.00,0.00,OK,,Appears relevant
future stars golf camp,CM - Branded (Mx.Clicks),Future Stars Camp Brand,Phrase match,None,0,1,0.00,0.00,OK,,Brand term matched: 'future stars'
future stars tennis camp east hampton,CM - Branded (Mx.Clicks),Future Stars Camp Brand,Phrase match,None,1,1,0.93,0.00,OK,,Brand term matched: 'future stars'
swimming summer camp,CM - pMax - Portland (MxConv),--,Performance Max,None,0,1,0.00,0.00,OK,,Appears relevant for Portland market
buckley camp,CM - Competitors - OldW - (Mx.Clicks),Competitors,Exact match,Added,0,6,0.00,0.00,OK,,Competitor matched: 'buckley'
summer theatre camps near me,CM - Nonbranded - Geo Priorities (MxCx),Summer Camps,Phrase match,None,0,4,0.00,0.00,OK,,Appears relevant
spartans basketball camp,CM - Nonbranded - Geo Priorities (MxCx),Basketball Camp,Phrase match,None,0,3,0.00,0.00,OK,,Appears relevant
pierce summer day camp,CM - Nonbranded - Geo Priorities (MxCx),Summer Camps,Phrase match,None,0,1,0.00,0.00,OK,,Appears relevant
camp summit,CM - Nonbranded - Geo Priorities (MxCx),Summer Camps,Phrase match (close variant),None,0,5,0.00,0.00,OK,,Appears relevant
sports camps nassau county,CM - Nonbranded - Geo Priorities (MxCx),Sports Camps,Phrase match,None,0,1,0.00,0.00,OK,,Appears relevant
kids pickleball camp,CM - Nonbranded - Geo Priorities (MxCx),Summer Camps,Phrase match,None,0,1,0.00,0.00,OK,,Appears relevant
how much does summer camp usually cost,CM - Nonbranded - Geo Priorities (MxCx),Summer Camps,Phrase match,None,0,1,0.00,0.00,OK,,Appears relevant
mega camps football,CM - Nonbranded - Geo Priorities (MxCx),Football Camps,Phrase match,None,0,1,0.00,0.00,OK,,Appears relevant
weekly camps near me,CM - Nonbranded - Geo Priorities (MxCx),Summer Camps,Phrase match (close variant),None,0,2,0.00,0.00,OK,,Appears relevant
basketball camps for summer,CM - Nonbranded - Geo Priorities (MxCx),Basketball Camp,Exact match (close variant),None,0,3,0.00,0.00,OK,,Appears relevant
discover camp schedule,CM - Nonbranded - Geo Priorities (MxCx),Summer Camps,Phrase match (close variant),None,0,2,0.00,0.00,OK,,Appears relevant
what do you do at summer camp,CM - Nonbranded - Geo Priorities (MxCx),Summer Camps,Phrase match,None,0,1,0.00,0.00,OK,,Appears relevant
lacrosse camp summer,CM - Nonbranded - Geo Priorities (MxCx),Lacrosse Camps,Exact match (close variant),None,0,1,0.00,0.00,OK,,Appears relevant
children of america summer camp,CM - Nonbranded - Geo Priorities (MxCx),Summer Camps,Phrase match,None,0,1,0.00,0.00,OK,,Appears relevant
babylon summer camp,CM - Nonbranded - Geo Priorities (MxCx),Summer Camps,Phrase match (close variant),None,0,4,0.00,0.00,OK,,Appears relevant
kidscamp,CM - Nonbranded - Geo Priorities (MxCx),Summer Camps,Phrase match (close variant),None,0,1,0.00,0.00,OK,,Appears relevant
summer camp for 10 year olds,CM - Nonbranded - Geo Priorities (MxCx),Summer Camps,Phrase match,None,0,2,0.00,0.00,OK,,Appears relevant
summer camps for high school students near me,CM - Nonbranded - Geo Priorities (MxCx),Summer Camps,Phrase match,None,0,3,0.00,0.00,OK,,Appears relevant
summer camps for 14 year olds,CM - Nonbranded - Geo Priorities (MxCx),Summer Camps,Phrase match,None,0,3,0.00,0.00,OK,,Appears relevant
summer gymnastics camp,CM - Nonbranded - Geo Priorities (MxCx),Summer Camps,Phrase match (close variant),None,0,1,0.00,0.00,OK,,Appears relevant
long island summer baseball camps,CM - Nonbranded - Geo Priorities (MxCx),Summer Camps,Phrase match,None,0,1,0.00,0.00,OK,,Appears relevant
basketball camps near me,CM - pMax - Portland (MxConv),--,Performance Max,None,1,3,1.74,0.00,OK,,Appears relevant for Portland market
summer volleyball clinics,CM - pMax - Portland (MxConv),--,Performance Max,None,0,1,0.00,0.00,OK,,Appears relevant for Portland market
cooper and ace flagg basketball camp,CM - pMax - Portland (MxConv),--,Performance Max,None,1,2,3.19,0.00,OK,,Appears relevant for Portland market
pierce camps,CM - Competitors - OldW - (Mx.Clicks),Competitors,Exact match (close variant),None,0,2,0.00,0.00,OK,,Competitor matched: 'pierce'
college softball camps near me 2026,CM - Nonbranded - Other Geos (MxConv),Softball Camps,Phrase match,None,0,2,0.00,0.00,OK,,Appears relevant
rye tennis,CM - Nonbranded - Other Geos (MxConv),Tennis Camps,Broad match,None,0,1,0.00,0.00,OK,,Appears relevant
tennis clubs southampton,CM - Nonbranded - Other Geos (MxConv),Tennis Camps,Broad match,None,0,1,0.00,0.00,OK,,Appears relevant
sunny days camp,CM - Nonbranded - Geo Priorities (MxCx),Summer Camps,Phrase match (close variant),None,0,3,0.00,0.00,OK,,Appears relevant
summer programs for 2nd graders near me,CM - Nonbranded - Geo Priorities (MxCx),Summer Camps,Phrase match (close variant),None,0,1,0.00,0.00,OK,,Appears relevant
kindercamp,CM - Nonbranded - Geo Priorities (MxCx),Summer Camps,Phrase match (close variant),None,0,1,0.00,0.00,OK,,Appears relevant
aldersgate camp,CM - Nonbranded - Geo Priorities (MxCx),Summer Camps,Phrase match (close variant),None,0,2,0.00,0.00,OK,,Appears relevant
summer soccer programs near me,CM - Nonbranded - Geo Priorities (MxCx),Soccer Camps,Exact match (close variant),None,0,3,0.00,0.00,OK,,Appears relevant
flex sports camps,CM - Nonbranded - Geo Priorities (MxCx),Sports Camps,Phrase match,None,0,3,0.00,0.00,OK,,Appears relevant
summer basketball camp near me,CM - Nonbranded - Geo Priorities (MxCx),Basketball Camp,Phrase match,None,0,6,0.00,0.00,OK,,Appears relevant
nassau county camps summer,CM - Nonbranded - Geo Priorities (MxCx),Summer Camps,Phrase match (close variant),None,0,5,0.00,0.00,OK,,Appears relevant
dance camp long island,CM - Nonbranded - Geo Priorities (MxCx),Dance Camps,Exact match,Added,1,2,2.67,0.00,OK,,Appears relevant
suffolk county summer camps,CM - Nonbranded - Geo Priorities (MxCx),Summer Camps,Phrase match (close variant),None,0,3,0.00,0.00,OK,,Appears relevant
usssa softball camp,CM - Nonbranded - Geo Priorities (MxCx),Softball Camps,Phrase match,None,0,1,0.00,0.00,OK,,Appears relevant
video gaming camp,CM - Nonbranded - Geo Priorities (MxCx),Summer Camps,Phrase match (close variant),None,0,1,0.00,0.00,OK,,Appears relevant
lindenhurst summer camp 2026,CM - Nonbranded - Geo Priorities (MxCx),Summer Camps,Phrase match,None,0,4,0.00,0.00,OK,,Appears relevant
do summer camps still exist,CM - Nonbranded - Geo Priorities (MxCx),Summer Camps,Phrase match,None,0,1,0.00,0.00,OK,,Appears relevant
half day art camp,CM - Nonbranded - Geo Priorities (MxCx),Summer Camps,Phrase match (close variant),None,0,1,0.00,0.00,OK,,Appears relevant
mtc summer camp 2026,CM - Nonbranded - Geo Priorities (MxCx),Summer Camps,Phrase match,None,0,2,0.00,0.00,OK,,Appears relevant
gle performance lacrosse,CM - Nonbranded - Geo Priorities (MxCx),Lacrosse Camps,Phrase match (close variant),None,0,1,0.00,0.00,OK,,Appears relevant
tyler hill summer camp,CM - Nonbranded - Geo Priorities (MxCx),Summer Camps,Phrase match,None,0,1,0.00,0.00,OK,,Appears relevant
swish camp usm,CM - pMax - Portland (MxConv),--,Performance Max,None,0,2,0.00,0.00,OK,,Appears relevant for Portland market
hoops camp,CM - pMax - Portland (MxConv),--,Performance Max,None,1,1,3.58,0.00,OK,,Appears relevant for Portland market
through the trees summer camp,CM - pMax - Portland (MxConv),--,Performance Max,None,0,1,0.00,0.00,OK,,Appears relevant for Portland market
scarsdale tennis,CM - Nonbranded - Other Geos (MxConv),Tennis Camps,Broad match,None,0,1,0.00,0.00,OK,,Appears relevant
summer camps white plains,CM - Nonbranded - Other Geos (MxConv),Tennis Camps,Broad match,None,0,4,0.00,0.00,OK,,Appears relevant
i9 football camp,CM - Nonbranded - Other Geos (MxConv),Football Camps,Phrase match,None,0,2,0.00,0.00,OK,,Appears relevant
future stars syosset,CM - Branded (Mx.Clicks),Future Stars Camp Brand,Phrase match,None,1,4,4.01,0.00,OK,,Brand term matched: 'future stars'
soccer camps around me,CM - Nonbranded - Geo Priorities (MxCx),Soccer Camps,Exact match (close variant),None,0,2,0.00,0.00,OK,,Appears relevant
summer flag football camps near me,CM - Nonbranded - Geo Priorities (MxCx),Football Camps,Phrase match (close variant),None,0,1,0.00,0.00,OK,,Appears relevant
summer rowing camps 2026,CM - Nonbranded - Geo Priorities (MxCx),Summer Camps,Phrase match,None,0,1,0.00,0.00,OK,,Appears relevant
holiday camp,CM - Nonbranded - Geo Priorities (MxCx),Summer Camps,Phrase match (close variant),None,0,1,0.00,0.00,OK,,Appears relevant
history camp for kids,CM - Nonbranded - Geo Priorities (MxCx),Summer Camps,Phrase match,None,0,3,0.00,0.00,OK,,Appears relevant
schiff camp long island,CM - Nonbranded - Geo Priorities (MxCx),Summer Camps,Phrase match (close variant),None,0,1,0.00,0.00,OK,,Appears relevant
central islip summer programs,CM - Nonbranded - Geo Priorities (MxCx),Summer Camps,Phrase match (close variant),None,0,3,0.00,0.00,OK,,Appears relevant
summer camp in long island,CM - Nonbranded - Geo Priorities (MxCx),Summer Camps,Exact match (close variant),None,1,6,3.35,0.00,OK,,Appears relevant
summer camp lacrosse,CM - Nonbranded - Geo Priorities (MxCx),Lacrosse Camps,Exact match (close variant),None,0,3,0.00,0.00,OK,,Appears relevant
half day camps near me,CM - Nonbranded - Geo Priorities (MxCx),Summer Camps,Phrase match (close variant),None,0,1,0.00,0.00,OK,,Appears relevant
camp timberlake ny,CM - Nonbranded - Geo Priorities (MxCx),Summer Camps,Phrase match (close variant),None,0,1,0.00,0.00,OK,,Appears relevant
summer camp for kids near me,CM - Nonbranded - Geo Priorities (MxCx),Summer Camps,Exact match (close variant),None,1,7,2.69,0.00,OK,,Appears relevant
basketball camp,CM - Nonbranded - Geo Priorities (MxCx),Basketball Camp,Exact match (close variant),Added,0,4,0.00,0.00,OK,,Appears relevant
day camp,CM - Nonbranded - Geo Priorities (MxCx),Summer Camps,Exact match (close variant),None,0,5,0.00,0.00,OK,,Appears relevant
hicksville summer camp,CM - Nonbranded - Geo Priorities (MxCx),Summer Camps,Phrase match,None,0,9,0.00,0.00,OK,,Appears relevant
camp for boys,CM - Nonbranded - Geo Priorities (MxCx),Summer Camps,Phrase match (close variant),None,0,2,0.00,0.00,OK,,Appears relevant
summer camp basketball near me,CM - Nonbranded - Geo Priorities (MxCx),Basketball Camp,Exact match (close variant),None,0,3,0.00,0.00,OK,,Appears relevant
summer camp near me,CM - Nonbranded - Geo Priorities (MxCx),Summer Camps,Exact match (close variant),Added,0,13,0.00,0.00,OK,,Appears relevant
hillside summer camp,CM - Nonbranded - Geo Priorities (MxCx),Soccer Camps,Phrase match (close variant),None,0,1,0.00,0.00,OK,,Appears relevant
rye rec camp,CM - Nonbranded - Geo Priorities (MxCx),Summer Camps,Phrase match (close variant),None,0,2,0.00,0.00,OK,,Appears relevant
lacrosse camp near me,CM - Nonbranded - Geo Priorities (MxCx),Lacrosse Camps,Exact match (close variant),None,1,3,2.87,0.00,OK,,Appears relevant
our savior basketball camp,CM - Nonbranded - Geo Priorities (MxCx),Basketball Camp,Phrase match (close variant),None,0,1,0.00,0.00,OK,,Appears relevant
tlc family of camps,CM - Nonbranded - Geo Priorities (MxCx),Summer Camps,Phrase match (close variant),None,0,1,0.00,0.00,OK,,Appears relevant
vbs near me summer 2026,CM - Nonbranded - Geo Priorities (MxCx),Summer Camps,Phrase match (close variant),None,0,1,0.00,0.00,OK,,Appears relevant
preds lacrosse camp,CM - Nonbranded - Other Geos (MxConv),Lacrosse Camps,Phrase match (close variant),None,0,1,0.00,0.00,OK,,Appears relevant
summer soccer long island,CM - Nonbranded - Geo Priorities (MxCx),Summer Camps,Phrase match (close variant),None,1,2,3.16,0.00,OK,,Appears relevant
mineola summer camp,CM - Nonbranded - Geo Priorities (MxCx),Soccer Camps,Phrase match (close variant),None,0,2,0.00,0.00,OK,,Appears relevant
gymnastics near me summer camp,CM - Nonbranded - Geo Priorities (MxCx),Summer Camps,Phrase match (close variant),None,0,2,0.00,0.00,OK,,Appears relevant
day camps for teens,CM - Nonbranded - Geo Priorities (MxCx),Summer Camps,Phrase match (close variant),None,0,4,0.00,0.00,OK,,Appears relevant
camp tennis near me,CM - Nonbranded - Geo Priorities (MxCx),Summer Camps,Phrase match (close variant),None,1,2,2.72,0.00,OK,,Appears relevant
pickleball summer camp for kids,CM - Nonbranded - Geo Priorities (MxCx),Sports Camps,Phrase match (close variant),None,0,1,0.00,0.00,OK,,Appears relevant
basketball camps westchester ny,CM - Nonbranded - Geo Priorities (MxCx),Basketball Camp,Phrase match,None,2,2,5.50,0.00,OK,,Appears relevant
diamond in the pines summer camp,CM - Nonbranded - Geo Priorities (MxCx),Summer Camps,Phrase match (close variant),None,0,1,0.00,0.00,OK,,Appears relevant
providence soccer id camp,CM - Nonbranded - Geo Priorities (MxCx),Soccer Camps,Phrase match,None,0,1,0.00,0.00,OK,,Appears relevant
kid strong camp,CM - Nonbranded - Geo Priorities (MxCx),Sports Camps,Phrase match (close variant),None,0,4,0.00,0.00,OK,,Appears relevant
carousel summer camp,CM - Nonbranded - Geo Priorities (MxCx),Summer Camps,Phrase match,None,1,4,2.84,0.00,OK,,Appears relevant
roslyn day camp,CM - Nonbranded - Geo Priorities (MxCx),Summer Camps,Phrase match (close variant),None,0,1,0.00,0.00,OK,,Appears relevant
day camp near me,CM - Nonbranded - Geo Priorities (MxCx),Summer Camps,Exact match,Added,1,26,2.89,0.00,OK,,Appears relevant
3d prints,CM - pMax - Portland (MxConv),--,Performance Max,None,0,1,0.00,0.00,OK,,Appears relevant for Portland market
stars freeport maine,CM - pMax - Portland (MxConv),--,Performance Max,None,0,1,0.00,0.00,OK,,Appears relevant for Portland market
softball summer camp,CM - pMax - Portland (MxConv),--,Performance Max,None,0,1,0.00,0.00,OK,,Appears relevant for Portland market
luhi camp,CM - Competitors - OldW - (Mx.Clicks),Competitors,Exact match,Added,2,28,8.97,0.00,OK,,Competitor matched: 'luhi'
tia tennis white plains,CM - Nonbranded - Other Geos (MxConv),Tennis Camps,Broad match,None,0,1,0.00,0.00,OK,,Appears relevant
southampton tennis camp,CM - Nonbranded - Other Geos (MxConv),Tennis Camps,Phrase match,None,0,2,0.00,0.00,OK,,Appears relevant
smithtown summer camp,CM - Nonbranded - Geo Priorities (MxCx),Summer Camps,Phrase match (close variant),None,0,3,0.00,0.00,OK,,Appears relevant
hofstra basketball camp,CM - Nonbranded - Geo Priorities (MxCx),Summer Camps,Phrase match (close variant),None,0,4,0.00,0.00,OK,,Appears relevant
luhi volleyball camp,CM - Nonbranded - Geo Priorities (MxCx),Volleyball Camps,Phrase match,None,0,1,0.00,0.00,OK,,Appears relevant
art camp near me,CM - Nonbranded - Geo Priorities (MxCx),Summer Camps,Phrase match (close variant),None,2,13,5.84,0.00,OK,,Appears relevant
summer volleyball programs,CM - Nonbranded - Geo Priorities (MxCx),Volleyball Camps,Exact match (close variant),None,1,5,2.76,0.00,OK,,Appears relevant
camp in long island,CM - Nonbranded - Geo Priorities (MxCx),Summer Camps,Exact match (close variant),None,1,3,2.85,0.00,OK,,Appears relevant
summer teen programs near me,CM - Nonbranded - Geo Priorities (MxCx),Summer Camps,Phrase match (close variant),None,1,4,2.90,0.00,OK,,Appears relevant
camp near me summer,CM - Nonbranded - Geo Priorities (MxCx),Summer Camps,Phrase match (close variant),None,0,1,0.00,0.00,OK,,Appears relevant
riverhead aquarium summer camp,CM - Nonbranded - Geo Priorities (MxCx),Summer Camps,Phrase match (close variant),None,0,4,0.00,0.00,OK,,Appears relevant
summer camps garden city,CM - Nonbranded - Geo Priorities (MxCx),Soccer Camps,Phrase match (close variant),None,0,2,0.00,0.00,OK,,Appears relevant
soccer camp near me,CM - Nonbranded - Geo Priorities (MxCx),Soccer Camps,Phrase match (close variant),None,0,3,0.00,0.00,OK,,Appears relevant
tennis camps long island,CM - Nonbranded - Geo Priorities (MxCx),Summer Camps,Phrase match (close variant),None,3,2,8.47,0.00,OK,,Appears relevant
ellenville summer camp,CM - Nonbranded - Geo Priorities (MxCx),Summer Camps,Phrase match,None,0,1,0.00,0.00,OK,,Appears relevant
girls lacrosse camp long island,CM - Nonbranded - Geo Priorities (MxCx),Summer Camps,Phrase match (close variant),None,0,2,0.00,0.00,OK,,Appears relevant
middle school summer camp,CM - Nonbranded - Geo Priorities (MxCx),Summer Camps,Phrase match,None,0,4,0.00,0.00,OK,,Appears relevant
merrick day camps,CM - Nonbranded - Geo Priorities (MxCx),Summer Camps,Phrase match (close variant),None,0,2,0.00,0.00,OK,,Appears relevant
summer camps near by,CM - Nonbranded - Geo Priorities (MxCx),Summer Camps,Exact match (close variant),None,0,6,0.00,0.00,OK,,Appears relevant
summer volleyball camps near me,CM - Nonbranded - Geo Priorities (MxCx),Volleyball Camps,Exact match (close variant),None,3,8,7.73,0.00,OK,,Appears relevant
camp parkwood,CM - Nonbranded - Geo Priorities (MxCx),Summer Camps,Phrase match (close variant),None,0,2,0.00,0.00,OK,,Appears relevant
children summer camp,CM - Nonbranded - Geo Priorities (MxCx),Summer Camps,Exact match (close variant),None,0,1,0.00,0.00,OK,,Appears relevant
kids lunch ideas for picky eaters,CM - pMax - Portland (MxConv),--,Performance Max,None,1,1,1.70,0.00,OK,,Appears relevant for Portland market
maine outdoor kids camp,CM - pMax - Portland (MxConv),--,Performance Max,None,1,1,4.82,0.00,OK,,Appears relevant for Portland market
summer day camps southern maine,CM - pMax - Portland (MxConv),--,Performance Max,None,0,2,0.00,0.00,OK,,Appears relevant for Portland market
friends camp maine,CM - pMax - Portland (MxConv),--,Performance Max,None,0,2,0.00,0.00,OK,,Appears relevant for Portland market
summer camps near me,CM - pMax - Portland (MxConv),--,Performance Max,None,1,5,0.90,0.00,OK,,Appears relevant for Portland market
y camp maine,CM - pMax - Portland (MxConv),--,Performance Max,None,0,2,0.00,0.00,OK,,Appears relevant for Portland market
tennis camp southampton,CM - Nonbranded - Other Geos (MxConv),Tennis Camps,Phrase match,None,0,3,0.00,0.00,OK,,Appears relevant
softball summer camps near me,CM - Nonbranded - Other Geos (MxConv),Softball Camps,Exact match (close variant),None,1,6,1.00,0.00,OK,,Appears relevant
summer camps 10 year olds,CM - Nonbranded - Geo Priorities (MxCx),Summer Camps,Phrase match,None,0,1,0.00,0.00,OK,,Appears relevant
camps new york,CM - Nonbranded - Geo Priorities (MxCx),Summer Camps,Phrase match (close variant),None,0,2,0.00,0.00,OK,,Appears relevant
summer camps in nassau county,CM - Nonbranded - Geo Priorities (MxCx),Summer Camps,Phrase match (close variant),None,0,7,0.00,0.00,OK,,Appears relevant
football training camp,CM - Nonbranded - Geo Priorities (MxCx),Football Camps,Exact match (close variant),None,0,3,0.00,0.00,OK,,Appears relevant
summer school in long island,CM - Nonbranded - Geo Priorities (MxCx),Summer Camps,Exact match (close variant),None,0,1,0.00,0.00,OK,,Appears relevant
cheer camp,CM - Nonbranded - Geo Priorities (MxCx),Sports Camps,Phrase match (close variant),None,3,11,8.21,0.00,OK,,Appears relevant
hofstra lacrosse camp,CM - Nonbranded - Geo Priorities (MxCx),Lacrosse Camps,Phrase match (close variant),None,0,2,0.00,0.00,OK,,Appears relevant
iroquois summer camp,CM - Nonbranded - Geo Priorities (MxCx),Summer Camps,Phrase match,None,0,1,0.00,0.00,OK,,Appears relevant
long island sports camps,CM - Nonbranded - Geo Priorities (MxCx),Sports Camps,Phrase match,None,0,2,0.00,0.00,OK,,Appears relevant
lake success summer camp,CM - Nonbranded - Geo Priorities (MxCx),Summer Camps,Phrase match,None,0,1,0.00,0.00,OK,,Appears relevant
cheer camp long island,CM - Nonbranded - Geo Priorities (MxCx),Summer Camps,Phrase match (close variant),None,0,2,0.00,0.00,OK,,Appears relevant
summer dance camp,CM - Nonbranded - Geo Priorities (MxCx),Dance Camps,Exact match (close variant),None,0,3,0.00,0.00,OK,,Appears relevant
summer camp for children near me,CM - Nonbranded - Geo Priorities (MxCx),Summer Camps,Exact match (close variant),None,0,1,0.00,0.00,OK,,Appears relevant
spellman summer camp,CM - Nonbranded - Geo Priorities (MxCx),Summer Camps,Phrase match,None,0,2,0.00,0.00,OK,,Appears relevant
best summer camps in america,CM - Nonbranded - Geo Priorities (MxCx),Summer Camps,Phrase match (close variant),None,0,1,0.00,0.00,OK,,Appears relevant
pickleball summer camp for kids,CM - Nonbranded - Geo Priorities (MxCx),Soccer Camps,Phrase match (close variant),None,0,1,0.00,0.00,OK,,Appears relevant
nassau county summer camps,CM - Nonbranded - Geo Priorities (MxCx),Summer Camps,Phrase match,None,0,8,0.00,0.00,OK,,Appears relevant
future star summer camp,CM - Branded (Mx.Clicks),Future Stars Camp Brand,Exact match (close variant),None,3,5,1.14,0.00,OK,,Brand term matched: 'future star'
gold rush basketball camp,CM - pMax - Portland (MxConv),--,Performance Max,None,0,1,0.00,0.00,OK,,Appears relevant for Portland market
indoor tennis long island,CM - Nonbranded - Other Geos (MxConv),Tennis Camps,Broad match,None,0,1,0.00,0.00,OK,,Appears relevant
basketball camp long island,CM - Nonbranded - Geo Priorities (MxCx),Summer Camps,Phrase match (close variant),None,0,3,0.00,0.00,OK,,Appears relevant
gymnastic camps,CM - Nonbranded - Geo Priorities (MxCx),Sports Camps,Phrase match (close variant),None,1,1,2.10,0.00,OK,,Appears relevant
hempstead summer camp,CM - Nonbranded - Geo Priorities (MxCx),Summer Camps,Phrase match,None,1,6,3.25,0.00,OK,,Appears relevant
strive summer camp,CM - Nonbranded - Geo Priorities (MxCx),Sports Camps,Phrase match (close variant),None,0,1,0.00,0.00,OK,,Appears relevant
camp for 6 year olds near me,CM - Nonbranded - Geo Priorities (MxCx),Summer Camps,Phrase match (close variant),None,0,1,0.00,0.00,OK,,Appears relevant
volleyball camp summer 2026,CM - Nonbranded - Geo Priorities (MxCx),Volleyball Camps,Phrase match,None,0,6,0.00,0.00,OK,,Appears relevant
gold medal gymnastics camp,CM - Nonbranded - Geo Priorities (MxCx),Sports Camps,Phrase match (close variant),None,0,1,0.00,0.00,OK,,Appears relevant
boy scouts camp,CM - Nonbranded - Geo Priorities (MxCx),Summer Camps,Phrase match (close variant),None,0,2,0.00,0.00,OK,,Appears relevant
girls basketball camp,CM - Nonbranded - Geo Priorities (MxCx),Basketball Camp,Phrase match (close variant),None,0,1,0.00,0.00,OK,,Appears relevant
mega sports camp 2026,CM - Nonbranded - Geo Priorities (MxCx),Sports Camps,Phrase match,None,0,3,0.00,0.00,OK,,Appears relevant
high school summer camp,CM - Nonbranded - Geo Priorities (MxCx),Summer Camps,Phrase match (close variant),None,0,1,0.00,0.00,OK,,Appears relevant
horseback riding camps near me,CM - Nonbranded - Geo Priorities (MxCx),Horseback Riding,Exact match (close variant),None,1,2,3.26,0.00,OK,,Appears relevant
long island camps for kids,CM - Nonbranded - Geo Priorities (MxCx),Summer Camps,Exact match (close variant),None,1,4,2.58,0.00,OK,,Appears relevant
badger sports club,CM - Nonbranded - Geo Priorities (MxCx),Sports Camps,Phrase match (close variant),None,0,2,0.00,0.00,OK,,Appears relevant
summer camp forest hills,CM - Nonbranded - Geo Priorities (MxCx),Summer Camps,Phrase match,None,0,1,0.00,0.00,OK,,Appears relevant
swimming camps near me,CM - Nonbranded - Geo Priorities (MxCx),Summer Camps,Phrase match (close variant),None,1,2,2.68,0.00,OK,,Appears relevant
summer camp near me near me,CM - Nonbranded - Geo Priorities (MxCx),Summer Camps,Exact match (close variant),None,0,2,0.00,0.00,OK,,Appears relevant
luhi summer basketball camp,CM - Nonbranded - Geo Priorities (MxCx),Basketball Camp,Phrase match,None,0,2,0.00,0.00,OK,,Appears relevant
badger camp larchmont,CM - Nonbranded - Geo Priorities (MxCx),Sports Camps,Phrase match (close variant),None,1,2,2.77,0.00,OK,,Appears relevant
camp for 14 year old girl,CM - Nonbranded - Geo Priorities (MxCx),Summer Camps,Phrase match (close variant),None,0,1,0.00,0.00,OK,,Appears relevant
future stars camp patchogue,CM - Branded (Mx.Clicks),Future Stars Camp Brand,Phrase match,None,3,8,0.80,0.00,OK,,Brand term matched: 'future stars'
volleyball camps summer 2026 near me,CM - pMax - Portland (MxConv),--,Performance Max,None,1,4,2.00,0.00,OK,,Appears relevant for Portland market
robin hood camp maine,CM - pMax - Portland (MxConv),--,Performance Max,None,0,1,0.00,0.00,OK,,Appears relevant for Portland market
tennis racket sizes,CM - pMax - Portland (MxConv),--,Performance Max,None,0,1,0.00,0.00,OK,,Appears relevant for Portland market
day camps in westchester ny,CM - Nonbranded - Other Geos (MxConv),Tennis Camps,Broad match,None,0,2,0.00,0.00,OK,,Appears relevant
summer camps for kids long island,CM - Nonbranded - Geo Priorities (MxCx),Summer Camps,Exact match (close variant),None,1,2,2.82,0.00,OK,,Appears relevant
girls volleyball camp,CM - Nonbranded - Geo Priorities (MxCx),Volleyball Camps,Phrase match,None,0,1,0.00,0.00,OK,,Appears relevant
harbor summer camp,CM - Nonbranded - Geo Priorities (MxCx),Summer Camps,Phrase match,None,0,2,0.00,0.00,OK,,Appears relevant
prospect softball camps,CM - Nonbranded - Geo Priorities (MxCx),Softball Camps,Phrase match,None,0,2,0.00,0.00,OK,,Appears relevant
5 year old summer camp,CM - Nonbranded - Geo Priorities (MxCx),Summer Camps,Phrase match (close variant),None,0,1,0.00,0.00,OK,,Appears relevant
rising stars summer camp 2026,CM - Nonbranded - Geo Priorities (MxCx),Sports Camps,Phrase match (close variant),None,0,1,0.00,0.00,OK,,Appears relevant
gymnastics summer camp,CM - Nonbranded - Geo Priorities (MxCx),Sports Camps,Phrase match (close variant),None,0,1,0.00,0.00,OK,,Appears relevant
tennis summer camp long island,CM - Nonbranded - Geo Priorities (MxCx),Summer Camps,Phrase match,None,0,2,0.00,0.00,OK,,Appears relevant
lake grove summer camp,CM - Nonbranded - Geo Priorities (MxCx),Summer Camps,Phrase match,None,0,4,0.00,0.00,OK,,Appears relevant
volleyball for kids near me,CM - Nonbranded - Geo Priorities (MxCx),Volleyball Camps,Phrase match (close variant),None,0,3,0.00,0.00,OK,,Appears relevant
summer camp 6th grade,CM - Nonbranded - Geo Priorities (MxCx),Summer Camps,Phrase match,None,0,1,0.00,0.00,OK,,Appears relevant
springfield college football camp,CM - Nonbranded - Geo Priorities (MxCx),Football Camps,Phrase match,None,0,1,0.00,0.00,OK,,Appears relevant
summer camps for 2 year olds,CM - Nonbranded - Geo Priorities (MxCx),Summer Camps,Phrase match,None,1,2,2.88,0.00,OK,,Appears relevant
phelps lane camp,CM - Nonbranded - Geo Priorities (MxCx),Summer Camps,Phrase match (close variant),None,0,2,0.00,0.00,OK,,Appears relevant
summer camps for 6 year olds near me,CM - Nonbranded - Geo Priorities (MxCx),Summer Camps,Phrase match,None,0,1,0.00,0.00,OK,,Appears relevant
kids strong summer camp,CM - Nonbranded - Geo Priorities (MxCx),Summer Camps,Phrase match (close variant),None,0,1,0.00,0.00,OK,,Appears relevant
swim camps summer 2026,CM - Nonbranded - Geo Priorities (MxCx),Summer Camps,Phrase match,None,0,1,0.00,0.00,OK,,Appears relevant
overnight girls basketball camps,CM - pMax - Portland (MxConv),--,Performance Max,None,0,1,0.00,0.00,OK,,Appears relevant for Portland market
st joseph's volleyball camp,CM - pMax - Portland (MxConv),--,Performance Max,None,2,5,7.80,0.00,OK,,Appears relevant for Portland market
day camp,CM - Nonbranded - Other Geos (MxConv),Tennis Camps,Broad match,None,0,2,0.00,0.00,OK,,Appears relevant
summer camp for kids,CM - Nonbranded - Other Geos (MxConv),Tennis Camps,Broad match,None,0,1,0.00,0.00,OK,,Appears relevant
tennis courta near me,CM - Nonbranded - Other Geos (MxConv),Tennis Camps,Broad match,None,0,2,0.00,0.00,OK,,Appears relevant
basketball camp for kids,CM - Nonbranded - Other Geos (MxConv),Basketball Camp,Exact match (close variant),None,0,2,0.00,0.00,OK,,Appears relevant
oasis summer camp,CM - Competitors - OldW - (Mx.Clicks),Competitors,Exact match,Added,0,2,0.00,0.00,OK,,Competitor matched: 'oasis'
ninja summer camp,CM - Nonbranded - Geo Priorities (MxCx),Sports Camps,Phrase match (close variant),None,0,3,0.00,0.00,OK,,Appears relevant
st patrick's basketball camp,CM - Nonbranded - Geo Priorities (MxCx),Basketball Camp,Phrase match,None,0,2,0.00,0.00,OK,,Appears relevant
lavner education summer camp,CM - Nonbranded - Geo Priorities (MxCx),Summer Camps,Phrase match,None,0,1,0.00,0.00,OK,,Appears relevant
baldwin ny summer camp,CM - Nonbranded - Geo Priorities (MxCx),Summer Camps,Phrase match,None,1,1,2.80,0.50,OK,,Appears relevant
camps in nassau county,CM - Nonbranded - Geo Priorities (MxCx),Summer Camps,Phrase match (close variant),None,0,7,0.00,0.00,OK,,Appears relevant
hawthorne summer camp,CM - Nonbranded - Geo Priorities (MxCx),Summer Camps,Phrase match,None,0,1,0.00,0.00,OK,,Appears relevant
laurel hill summer camp,CM - Nonbranded - Geo Priorities (MxCx),Summer Camps,Phrase match (close variant),None,0,1,0.00,0.00,OK,,Appears relevant
theater camp kids,CM - Nonbranded - Geo Priorities (MxCx),Summer Camps,Phrase match (close variant),None,0,1,0.00,0.00,OK,,Appears relevant
baldwin summer camp 2026,CM - Nonbranded - Geo Priorities (MxCx),Summer Camps,Phrase match,None,0,2,0.00,0.00,OK,,Appears relevant
camp parkwood great neck,CM - Nonbranded - Geo Priorities (MxCx),Summer Camps,Phrase match (close variant),None,0,1,0.00,0.00,OK,,Appears relevant
summer camps 2026,CM - Nonbranded - Geo Priorities (MxCx),Summer Camps,Phrase match (close variant),None,0,1,0.00,0.00,OK,,Appears relevant
summer camps on long island,CM - Nonbranded - Geo Priorities (MxCx),Summer Camps,Exact match (close variant),None,1,8,2.89,0.00,OK,,Appears relevant
crestwood day camp cost,CM - Nonbranded - Geo Priorities (MxCx),Summer Camps,Phrase match (close variant),None,0,2,0.00,0.00,OK,,Appears relevant
sachem cys summer camp,CM - Nonbranded - Geo Priorities (MxCx),Summer Camps,Phrase match,None,0,2,0.00,0.00,OK,,Appears relevant
william floyd summer sports camp,CM - Nonbranded - Geo Priorities (MxCx),Sports Camps,Phrase match,None,0,1,0.00,0.00,OK,,Appears relevant
gymnastic camp near me,CM - Nonbranded - Geo Priorities (MxCx),Sports Camps,Phrase match (close variant),None,1,2,2.90,0.00,OK,,Appears relevant
volleyball summer camps,CM - Nonbranded - Geo Priorities (MxCx),Volleyball Camps,Exact match (close variant),None,1,4,2.67,0.00,OK,,Appears relevant
school camp,CM - Nonbranded - Geo Priorities (MxCx),Summer Camps,Phrase match (close variant),None,0,5,0.00,0.00,OK,,Appears relevant
hofstra summer programs for kids,CM - Nonbranded - Geo Priorities (MxCx),Summer Camps,Phrase match (close variant),None,1,2,2.67,0.00,OK,,Appears relevant
youth summer programs,CM - Nonbranded - Geo Priorities (MxCx),Soccer Camps,Exact match (close variant),None,0,3,0.00,0.00,OK,,Appears relevant
softball clinic near me,CM - pMax - Portland (MxConv),--,Performance Max,None,0,1,0.00,0.00,OK,,Appears relevant for Portland market
summer camp dancing,CM - Nonbranded - Other Geos (MxConv),Dance Camps,Exact match (close variant),None,0,3,0.00,0.00,OK,,Appears relevant
kids summer art camp near me,CM - Nonbranded - Geo Priorities (MxCx),Summer Camps,Phrase match (close variant),None,0,1,0.00,0.00,OK,,Appears relevant
summer camp smithtown ny,CM - Nonbranded - Geo Priorities (MxCx),Summer Camps,Phrase match,None,0,1,0.00,0.00,OK,,Appears relevant
mamaroneck camp,CM - Nonbranded - Geo Priorities (MxCx),Summer Camps,Phrase match (close variant),None,0,2,0.00,0.00,OK,,Appears relevant
tiger basketball camp,CM - Nonbranded - Geo Priorities (MxCx),Basketball Camp,Phrase match,None,0,3,0.00,0.00,OK,,Appears relevant
day camps on long island,CM - Nonbranded - Geo Priorities (MxCx),Summer Camps,Exact match (close variant),None,2,4,5.60,0.00,OK,,Appears relevant
football camps 2026,CM - Nonbranded - Geo Priorities (MxCx),Football Camps,Phrase match,None,0,2,0.00,0.00,OK,,Appears relevant
smithtown summer recreation 2026,CM - Nonbranded - Geo Priorities (MxCx),Summer Camps,Phrase match (close variant),None,0,1,0.00,0.00,OK,,Appears relevant
longwood summer camp,CM - Nonbranded - Geo Priorities (MxCx),Summer Camps,Phrase match,None,0,3,0.00,0.00,OK,,Appears relevant
harbor day school summer camp,CM - Nonbranded - Geo Priorities (MxCx),Summer Camps,Phrase match,None,0,2,0.00,0.00,OK,,Appears relevant
volleyball summer near me,CM - Nonbranded - Geo Priorities (MxCx),Volleyball Camps,Exact match (close variant),None,0,3,0.00,0.00,OK,,Appears relevant
westchester summer camps 2026,CM - Nonbranded - Geo Priorities (MxCx),Summer Camps,Phrase match (close variant),None,0,1,0.00,0.00,OK,,Appears relevant
soccer camp,CM - Nonbranded - Geo Priorities (MxCx),Soccer Camps,Exact match (close variant),None,5,43,13.69,0.00,OK,,Appears relevant
teen volleyball summer camp,CM - Nonbranded - Geo Priorities (MxCx),Volleyball Camps,Exact match (close variant),None,0,3,0.00,0.00,OK,,Appears relevant
kids summer camps long island,CM - Nonbranded - Geo Priorities (MxCx),Summer Camps,Exact match (close variant),None,0,2,0.00,0.00,OK,,Appears relevant
east woods camp,CM - Nonbranded - Geo Priorities (MxCx),Summer Camps,Phrase match (close variant),None,1,2,2.80,0.00,OK,,Appears relevant
summer day camp for kids near me,CM - Nonbranded - Geo Priorities (MxCx),Summer Camps,Exact match (close variant),None,0,1,0.00,0.00,OK,,Appears relevant
frenchwoods,CM - Nonbranded - Geo Priorities (MxCx),Summer Camps,Phrase match (close variant),None,0,1,0.00,0.00,OK,,Appears relevant
summer soccer near me,CM - Nonbranded - Geo Priorities (MxCx),Soccer Camps,Exact match (close variant),None,0,2,0.00,0.00,OK,,Appears relevant
summer programs for teens,CM - Nonbranded - Geo Priorities (MxCx),Soccer Camps,Exact match (close variant),None,0,4,0.00,0.00,OK,,Appears relevant
inexpensive summer camps,CM - Nonbranded - Geo Priorities (MxCx),Summer Camps,Phrase match,None,0,2,0.00,0.00,OK,,Appears relevant
echo lake camp new york,CM - Nonbranded - Geo Priorities (MxCx),Summer Camps,Phrase match (close variant),None,0,1,0.00,0.00,OK,,Appears relevant
future stars brentwood,CM - Branded (Mx.Clicks),Future Stars Camp Brand,Phrase match,None,5,22,5.85,0.00,OK,,Brand term matched: 'future stars'
adventure camp near me,CM - Nonbranded - Other Geos (MxConv),Tennis Camps,Broad match,None,0,1,0.00,0.00,OK,,Appears relevant
tennis camp 5 year old,CM - Nonbranded - Other Geos (MxConv),Tennis Camps,Phrase match,None,0,3,0.00,0.00,OK,,Appears relevant
basketball summer camps in long island,CM - Nonbranded - Geo Priorities (MxCx),Basketball Camp,Exact match (close variant),None,0,1,0.00,0.00,OK,,Appears relevant
summer camp hempstead ny,CM - Nonbranded - Geo Priorities (MxCx),Summer Camps,Phrase match (close variant),None,1,10,2.79,0.00,OK,,Appears relevant
lynbrook summer programs,CM - Nonbranded - Geo Priorities (MxCx),Summer Camps,Phrase match (close variant),None,0,1,0.00,0.00,OK,,Appears relevant
youth sports camp near me,CM - Nonbranded - Geo Priorities (MxCx),Sports Camps,Phrase match (close variant),None,0,1,0.00,0.00,OK,,Appears relevant
booster camp,CM - Nonbranded - Geo Priorities (MxCx),Sports Camps,Phrase match (close variant),None,0,1,0.00,0.00,OK,,Appears relevant
volleyball camp long island,CM - Nonbranded - Geo Priorities (MxCx),Summer Camps,Phrase match (close variant),None,1,17,2.66,0.00,OK,,Appears relevant
mitchell pehlke lacrosse camp,CM - Nonbranded - Geo Priorities (MxCx),Lacrosse Camps,Phrase match (close variant),None,0,4,0.00,0.00,OK,,Appears relevant
laurel hill camp setauket,CM - Nonbranded - Geo Priorities (MxCx),Summer Camps,Phrase match (close variant),None,0,1,0.00,0.00,OK,,Appears relevant
summer programs teens,CM - Nonbranded - Geo Priorities (MxCx),Summer Camps,Phrase match (close variant),None,0,2,0.00,0.00,OK,,Appears relevant
hampstead summer camp,CM - Nonbranded - Geo Priorities (MxCx),Summer Camps,Phrase match,None,0,1,0.00,0.00,OK,,Appears relevant
port jefferson summer camp,CM - Nonbranded - Geo Priorities (MxCx),Summer Camps,Phrase match,None,0,5,0.00,0.00,OK,,Appears relevant
cooper flagg pro camp,CM - pMax - Portland (MxConv),--,Performance Max,None,1,1,3.09,0.00,OK,,Appears relevant for Portland market
ta basketball camp,CM - pMax - Portland (MxConv),--,Performance Max,None,0,2,0.00,0.00,OK,,Appears relevant for Portland market
camp ketcha maine,CM - pMax - Portland (MxConv),--,Performance Max,None,1,7,3.18,0.00,OK,,Appears relevant for Portland market
fc stars soccer camp,CM - pMax - Portland (MxConv),--,Performance Max,None,1,1,3.91,0.00,OK,,Appears relevant for Portland market
apex tennis camp,CM - Nonbranded - Other Geos (MxConv),Tennis Camps,Phrase match,None,0,2,0.00,0.00,OK,,Appears relevant
levittown summer camp,CM - Nonbranded - Geo Priorities (MxCx),Summer Camps,Phrase match,None,0,1,0.00,0.00,OK,,Appears relevant
st james summer camp 2026,CM - Nonbranded - Geo Priorities (MxCx),Summer Camps,Phrase match,None,0,1,0.00,0.00,OK,,Appears relevant
cheerleading camps for beginners near me,CM - Nonbranded - Geo Priorities (MxCx),Summer Camps,Phrase match (close variant),None,1,2,2.68,0.00,OK,,Appears relevant
skating camps near me,CM - Nonbranded - Geo Priorities (MxCx),Sports Camps,Phrase match (close variant),None,0,1,0.00,0.00,OK,,Appears relevant
summer day camps in long island,CM - Nonbranded - Geo Priorities (MxCx),Summer Camps,Exact match (close variant),None,0,1,0.00,0.00,OK,,Appears relevant
music camp for kids near me,CM - Nonbranded - Geo Priorities (MxCx),Summer Camps,Phrase match,None,0,1,0.00,0.00,OK,,Appears relevant
camp alvernia centerport ny,CM - Nonbranded - Geo Priorities (MxCx),Sports Camps,Phrase match (close variant),None,1,1,2.90,0.00,OK,,Appears relevant
cheapest summer camp,CM - Nonbranded - Geo Priorities (MxCx),Summer Camps,Phrase match,None,1,1,2.85,0.00,OK,,Appears relevant
summer sports camps near me,CM - Nonbranded - Geo Priorities (MxCx),Sports Camps,Exact match (close variant),None,2,3,5.68,0.00,OK,,Appears relevant
summer youth camp,CM - Nonbranded - Geo Priorities (MxCx),Summer Camps,Phrase match (close variant),None,0,1,0.00,0.00,OK,,Appears relevant
football camps near me,CM - Nonbranded - Geo Priorities (MxCx),Football Camps,Exact match,Added,2,13,5.52,0.00,OK,,Appears relevant
st francis prep volleyball camp 2026,CM - Nonbranded - Geo Priorities (MxCx),Volleyball Camps,Phrase match,None,0,2,0.00,0.00,OK,,Appears relevant
teens summer programs,CM - Nonbranded - Geo Priorities (MxCx),Soccer Camps,Exact match (close variant),None,0,2,0.00,0.00,OK,,Appears relevant
summer camp silver lake,CM - Nonbranded - Geo Priorities (MxCx),Summer Camps,Phrase match,None,0,1,0.00,0.00,OK,,Appears relevant
ybl summer camp,CM - Nonbranded - Geo Priorities (MxCx),Basketball Camp,Phrase match (close variant),None,1,1,2.71,0.00,OK,,Appears relevant
summer camp ages,CM - Nonbranded - Geo Priorities (MxCx),Summer Camps,Phrase match,None,0,2,0.00,0.00,OK,,Appears relevant
beaver lake day camp,CM - Nonbranded - Geo Priorities (MxCx),Summer Camps,Phrase match (close variant),None,0,1,0.00,0.00,OK,,Appears relevant
specialty camps near me,CM - Nonbranded - Geo Priorities (MxCx),Summer Camps,Phrase match (close variant),None,0,1,0.00,0.00,OK,,Appears relevant
math summer camp elementary,CM - Nonbranded - Geo Priorities (MxCx),Summer Camps,Phrase match,None,1,1,3.06,0.00,OK,,Appears relevant
soccer camp summer,CM - Nonbranded - Geo Priorities (MxCx),Soccer Camps,Exact match (close variant),None,0,2,0.00,0.00,OK,,Appears relevant
basketball summer camps,CM - Nonbranded - Geo Priorities (MxCx),Basketball Camp,Exact match (close variant),Added,1,5,3.09,0.00,OK,,Appears relevant
vbs kids camp,CM - Nonbranded - Geo Priorities (MxCx),Summer Camps,Phrase match,None,0,1,0.00,0.00,OK,,Appears relevant
softball clinic,CM - Nonbranded - Geo Priorities (MxCx),Softball Camps,Phrase match (close variant),None,0,1,0.00,0.00,OK,,Appears relevant
youth sports camp near me,CM - Nonbranded - Geo Priorities (MxCx),Sports Camps,Phrase match,None,0,3,0.00,0.00,OK,,Appears relevant
soccer camps,CM - Nonbranded - Geo Priorities (MxCx),Soccer Camps,Exact match,Added,2,7,5.47,0.00,OK,,Appears relevant
cheverus camp,CM - pMax - Portland (MxConv),--,Performance Max,None,0,4,0.00,0.00,OK,,Appears relevant for Portland market
summer camp near me for 9 year olds,CM - pMax - Portland (MxConv),--,Performance Max,None,0,2,0.00,0.00,OK,,Appears relevant for Portland market
summer sports for teens near me,CM - pMax - Portland (MxConv),--,Performance Max,None,0,1,0.00,0.00,OK,,Appears relevant for Portland market
une basketball camp,CM - pMax - Portland (MxConv),--,Performance Max,None,0,6,0.00,0.00,OK,,Appears relevant for Portland market
sua sponte lacrosse camp,CM - pMax - Portland (MxConv),--,Performance Max,None,0,3,0.00,0.00,OK,,Appears relevant for Portland market
paddle tennis,CM - Nonbranded - Other Geos (MxConv),Tennis Camps,Broad match,None,0,1,0.00,0.00,OK,,Appears relevant
oasis day camp,CM - Competitors - OldW - (Mx.Clicks),Competitors,Exact match,Added,1,32,5.31,0.00,OK,,Competitor matched: 'oasis'
pierce country day camp roslyn,CM - Competitors - OldW - (Mx.Clicks),Competitors,Exact match (close variant),None,0,2,0.00,0.00,OK,,Competitor matched: 'pierce'
summer camp hicksville,CM - Nonbranded - Geo Priorities (MxCx),Summer Camps,Phrase match (close variant),None,0,1,0.00,0.00,OK,,Appears relevant
summer camps for 10 year olds,CM - Nonbranded - Geo Priorities (MxCx),Soccer Camps,Phrase match (close variant),None,0,4,0.00,0.00,OK,,Appears relevant
beginners basketball camp near me,CM - Nonbranded - Geo Priorities (MxCx),Basketball Camp,Phrase match,None,1,2,2.77,0.00,OK,,Appears relevant
art camp long island,CM - Nonbranded - Geo Priorities (MxCx),Summer Camps,Phrase match (close variant),None,0,4,0.00,0.00,OK,,Appears relevant
all girls summer camp near me,CM - Nonbranded - Geo Priorities (MxCx),Summer Camps,Phrase match,None,1,4,2.80,0.00,OK,,Appears relevant
sports camp near me,CM - Nonbranded - Geo Priorities (MxCx),Sports Camps,Phrase match (close variant),None,0,1,0.00,0.00,OK,,Appears relevant
soccer academies near me,CM - Nonbranded - Geo Priorities (MxCx),Soccer Camps,Exact match (close variant),None,1,3,2.78,1.00,OK,,Appears relevant
summer explorers camp,CM - Nonbranded - Geo Priorities (MxCx),Summer Camps,Phrase match,None,0,2,0.00,0.00,OK,,Appears relevant
baseball camp near me summer 2026,CM - Nonbranded - Geo Priorities (MxCx),Summer Camps,Phrase match,None,0,3,0.00,0.00,OK,,Appears relevant
tyler kolek basketball camp,CM - Nonbranded - Geo Priorities (MxCx),Basketball Camp,Phrase match,None,0,3,0.00,0.00,OK,,Appears relevant
ymca summer camp maine,CM - pMax - Portland (MxConv),--,Performance Max,None,0,2,0.00,0.00,OK,,Appears relevant for Portland market
cheerleaders,CM - pMax - Portland (MxConv),--,Performance Max,None,0,1,0.00,0.00,OK,,Appears relevant for Portland market
sailing terms,CM - pMax - Portland (MxConv),--,Performance Max,None,0,1,0.00,0.00,OK,,Appears relevant for Portland market
pierce camp roslyn,CM - Competitors - OldW - (Mx.Clicks),Competitors,Exact match (close variant),None,1,17,4.69,0.00,OK,,Competitor matched: 'pierce'
8th grade summer camp,CM - Nonbranded - Other Geos (MxConv),Tennis Camps,Broad match,None,0,1,0.00,0.00,OK,,Appears relevant
summer camp westchester,CM - Nonbranded - Other Geos (MxConv),Tennis Camps,Broad match,None,1,5,7.26,0.00,OK,,Appears relevant
red storm volleyball camp,CM - Nonbranded - Geo Priorities (MxCx),Volleyball Camps,Phrase match,None,0,1,0.00,0.00,OK,,Appears relevant
kuei luck summer camp,CM - Nonbranded - Geo Priorities (MxCx),Summer Camps,Phrase match,None,0,3,0.00,0.00,OK,,Appears relevant
suffolk summer camps 2026,CM - Nonbranded - Geo Priorities (MxCx),Summer Camps,Phrase match,None,1,1,2.71,0.00,OK,,Appears relevant
camp jericho,CM - Nonbranded - Geo Priorities (MxCx),Summer Camps,Phrase match (close variant),None,0,2,0.00,0.00,OK,,Appears relevant
summer camp cit programs near me,CM - Nonbranded - Geo Priorities (MxCx),Summer Camps,Phrase match,None,0,5,0.00,0.00,OK,,Appears relevant
summer camp 2 days a week,CM - Nonbranded - Geo Priorities (MxCx),Summer Camps,Phrase match,None,0,1,0.00,0.00,OK,,Appears relevant
garden city pool camp,CM - Nonbranded - Geo Priorities (MxCx),Summer Camps,Phrase match (close variant),None,0,2,0.00,0.00,OK,,Appears relevant
summer camp babylon,CM - Nonbranded - Geo Priorities (MxCx),Summer Camps,Phrase match,None,0,2,0.00,0.00,OK,,Appears relevant
kindergarten camps near me,CM - Nonbranded - Geo Priorities (MxCx),Summer Camps,Phrase match (close variant),None,0,2,0.00,0.00,OK,,Appears relevant
camp evolutionary,CM - Nonbranded - Geo Priorities (MxCx),Summer Camps,Phrase match (close variant),None,0,2,0.00,0.00,OK,,Appears relevant
friends summer camp,CM - Nonbranded - Geo Priorities (MxCx),Summer Camps,Phrase match,None,0,3,0.00,0.00,OK,,Appears relevant
old westbury camp,CM - Nonbranded - Geo Priorities (MxCx),Summer Camps,Exact match (close variant),Added,0,8,0.00,0.00,OK,,Appears relevant
westchester county camps,CM - Nonbranded - Geo Priorities (MxCx),Summer Camps,Phrase match (close variant),None,0,1,0.00,0.00,OK,,Appears relevant
4 year old camps near me,CM - Nonbranded - Geo Priorities (MxCx),Summer Camps,Phrase match (close variant),None,0,1,0.00,0.00,OK,,Appears relevant
summer at the j,CM - Nonbranded - Geo Priorities (MxCx),Summer Camps,Phrase match (close variant),None,0,1,0.00,0.00,OK,,Appears relevant
stagedoor manor summer camp,CM - Nonbranded - Geo Priorities (MxCx),Summer Camps,Phrase match (close variant),None,0,1,0.00,0.00,OK,,Appears relevant
girls basketball camps,CM - Nonbranded - Geo Priorities (MxCx),Basketball Camp,Phrase match,None,1,3,2.76,0.00,OK,,Appears relevant
syag summer camp,CM - Nonbranded - Geo Priorities (MxCx),Sports Camps,Phrase match (close variant),None,0,2,0.00,0.00,OK,,Appears relevant
merrick woods day camp,CM - Nonbranded - Geo Priorities (MxCx),Summer Camps,Phrase match (close variant),None,0,3,0.00,0.00,OK,,Appears relevant
camp takajo maine,CM - pMax - Portland (MxConv),--,Performance Max,None,0,2,0.00,0.00,OK,,Appears relevant for Portland market
3d printing camp,CM - pMax - Portland (MxConv),--,Performance Max,None,0,1,0.00,0.00,OK,,Appears relevant for Portland market
lacrosse camps,CM - pMax - Portland (MxConv),--,Performance Max,None,0,2,0.00,0.00,OK,,Appears relevant for Portland market
heat baseball camp,CM - Nonbranded - Other Geos (MxConv),Baseball Camps,Phrase match (close variant),None,1,2,8.95,0.00,OK,,Appears relevant
summer camp open,CM - Nonbranded - Other Geos (MxConv),Tennis Camps,Broad match,None,0,1,0.00,0.00,OK,,Appears relevant
saugerties ny tennis camp,CM - Nonbranded - Other Geos (MxConv),Tennis Camps,Phrase match,None,0,1,0.00,0.00,OK,,Appears relevant
soccer summer camps 2026,CM - Nonbranded - Geo Priorities (MxCx),Soccer Camps,Phrase match,None,0,2,0.00,0.00,OK,,Appears relevant
basketball camps for high schoolers,CM - Nonbranded - Geo Priorities (MxCx),Basketball Camp,Phrase match,None,0,1,0.00,0.00,OK,,Appears relevant
volleyball summer camps near me,CM - Nonbranded - Geo Priorities (MxCx),Volleyball Camps,Exact match (close variant),None,1,2,2.78,0.00,OK,,Appears relevant
camp nesher 2026,CM - Nonbranded - Geo Priorities (MxCx),Summer Camps,Phrase match (close variant),None,0,1,0.00,0.00,OK,,Appears relevant
robin hood country day school,CM - Nonbranded - Geo Priorities (MxCx),Summer Camps,Phrase match (close variant),None,0,1,0.00,0.00,OK,,Appears relevant
summer camp 11 year old boy,CM - Nonbranded - Geo Priorities (MxCx),Summer Camps,Phrase match (close variant),None,0,1,0.00,0.00,OK,,Appears relevant
summer youth basketball,CM - Nonbranded - Geo Priorities (MxCx),Basketball Camp,Phrase match (close variant),None,0,2,0.00,0.00,OK,,Appears relevant
kids summer football camps near me,CM - Nonbranded - Geo Priorities (MxCx),Football Camps,Phrase match,None,0,1,0.00,0.00,OK,,Appears relevant
camp loyaltown 2026,CM - Nonbranded - Geo Priorities (MxCx),Summer Camps,Phrase match (close variant),None,0,1,0.00,0.00,OK,,Appears relevant
hidden pond park summer camp,CM - Nonbranded - Geo Priorities (MxCx),Summer Camps,Phrase match (close variant),None,0,1,0.00,0.00,OK,,Appears relevant
youth lacrosse camps long island,CM - Nonbranded - Geo Priorities (MxCx),Summer Camps,Phrase match (close variant),None,0,2,0.00,0.00,OK,,Appears relevant
hofstra soccer camp,CM - Nonbranded - Geo Priorities (MxCx),Soccer Camps,Phrase match (close variant),None,0,2,0.00,0.00,OK,,Appears relevant
bergen county day camps,CM - Nonbranded - Geo Priorities (MxCx),Summer Camps,Phrase match (close variant),None,0,3,0.00,0.00,OK,,Appears relevant
volleyball youth near me,CM - Nonbranded - Geo Priorities (MxCx),Volleyball Camps,Exact match (close variant),None,0,2,0.00,0.00,OK,,Appears relevant
volleyball camps long island,CM - Nonbranded - Geo Priorities (MxCx),Summer Camps,Phrase match (close variant),None,0,8,0.00,0.00,OK,,Appears relevant
hollingworth science camp,CM - Nonbranded - Geo Priorities (MxCx),Summer Camps,Phrase match (close variant),None,0,1,0.00,0.00,OK,,Appears relevant
gorham arts alliance summer camp,CM - pMax - Portland (MxConv),--,Performance Max,None,0,1,0.00,0.00,OK,,Appears relevant for Portland market
future stars volleyball,CM - Branded (Mx.Clicks),Future Stars Camp Brand,Phrase match,None,1,8,3.43,0.00,OK,,Brand term matched: 'future stars'
future stars camp,CM - Branded (Mx.Clicks),Future Stars Camp Brand,Exact match,Added,115,229,177.43,12.97,OK,,Brand term matched: 'future stars'
camp for 13 year olds near me,CM - Nonbranded - Geo Priorities (MxCx),Summer Camps,Phrase match (close variant),None,0,9,0.00,0.00,OK,,Appears relevant
camp kids,CM - Nonbranded - Geo Priorities (MxCx),Summer Camps,Exact match (close variant),None,0,1,0.00,0.00,OK,,Appears relevant
lake champion glen spey ny,CM - Nonbranded - Geo Priorities (MxCx),Summer Camps,Phrase match (close variant),None,0,2,0.00,0.00,OK,,Appears relevant
kings lacrosse camp,CM - Nonbranded - Geo Priorities (MxCx),Lacrosse Camps,Phrase match (close variant),None,1,1,2.74,0.00,OK,,Appears relevant
boys and girls club summer,CM - Nonbranded - Geo Priorities (MxCx),Summer Camps,Phrase match (close variant),None,0,1,0.00,0.00,OK,,Appears relevant
young people's day camp long island,CM - Nonbranded - Geo Priorities (MxCx),Summer Camps,Phrase match,None,0,1,0.00,0.00,OK,,Appears relevant
summer programs for 8 year olds near me,CM - Nonbranded - Geo Priorities (MxCx),Soccer Camps,Phrase match (close variant),None,0,1,0.00,0.00,OK,,Appears relevant
july football camps,CM - Nonbranded - Geo Priorities (MxCx),Football Camps,Phrase match,None,0,1,0.00,0.00,OK,,Appears relevant
summer camp for 13 year old boys,CM - Nonbranded - Geo Priorities (MxCx),Summer Camps,Phrase match (close variant),None,0,2,0.00,0.00,OK,,Appears relevant
teen music camp,CM - Nonbranded - Geo Priorities (MxCx),Summer Camps,Phrase match (close variant),None,0,1,0.00,0.00,OK,,Appears relevant
softball camps in ny,CM - Nonbranded - Geo Priorities (MxCx),Softball Camps,Phrase match (close variant),None,0,1,0.00,0.00,OK,,Appears relevant
st aidans summer camp,CM - Nonbranded - Geo Priorities (MxCx),Summer Camps,Phrase match,None,0,1,0.00,0.00,OK,,Appears relevant
notre dame girls soccer camp,CM - Nonbranded - Geo Priorities (MxCx),Soccer Camps,Phrase match,None,0,1,0.00,0.00,OK,,Appears relevant
brentwood summer programs,CM - Nonbranded - Geo Priorities (MxCx),Summer Camps,Phrase match (close variant),None,1,7,2.87,0.00,OK,,Appears relevant
flag football camps near me,CM - Nonbranded - Geo Priorities (MxCx),Football Camps,Exact match (close variant),None,1,3,2.91,0.00,OK,,Appears relevant
hope lutheran summer camp,CM - Nonbranded - Geo Priorities (MxCx),Summer Camps,Phrase match,None,1,1,2.93,0.00,OK,,Appears relevant
ll bean camp,CM - pMax - Portland (MxConv),--,Performance Max,None,0,2,0.00,0.00,OK,,Appears relevant for Portland market
tennis racket youth size,CM - pMax - Portland (MxConv),--,Performance Max,None,1,2,1.13,0.00,OK,,Appears relevant for Portland market
university of southern maine baseball camp,CM - pMax - Portland (MxConv),--,Performance Max,None,1,2,4.46,0.00,OK,,Appears relevant for Portland market
summer activities for teens near me,CM - pMax - Portland (MxConv),--,Performance Max,None,0,1,0.00,0.00,OK,,Appears relevant for Portland market
jalen brunson basketball camp,CM - Nonbranded - Other Geos (MxConv),Basketball Camp,Phrase match,None,0,2,0.00,0.00,OK,,Appears relevant
dance camp westchester ny,CM - Nonbranded - Other Geos (MxConv),Dance Camps,Phrase match,None,0,1,0.00,0.00,OK,,Appears relevant
riverhead summer camp,CM - Nonbranded - Other Geos (MxConv),Tennis Camps,Broad match,None,0,6,0.00,0.00,OK,,Appears relevant
scarsdale summer camp,CM - Nonbranded - Other Geos (MxConv),Tennis Camps,Broad match,None,0,2,0.00,0.00,OK,,Appears relevant
jaxson dart football camp,CM - Nonbranded - Other Geos (MxConv),Football Camps,Phrase match,None,0,7,0.00,0.00,OK,,Appears relevant
dance camp near me,CM - Nonbranded - Other Geos (MxConv),Dance Camps,Exact match (close variant),None,0,1,0.00,0.00,OK,,Appears relevant
hofstra kids camp,CM - Competitors - OldW - (Mx.Clicks),Competitors,Exact match (close variant),None,0,2,0.00,0.00,OK,,Competitor matched: 'hofstra'
tiger football camp,CM - Nonbranded - Geo Priorities (MxCx),Football Camps,Phrase match,None,0,2,0.00,0.00,OK,,Appears relevant
suffolk summer camps 2026,CM - Nonbranded - Geo Priorities (MxCx),Summer Camps,Phrase match (close variant),None,0,2,0.00,0.00,OK,,Appears relevant
high school summer science programs,CM - Nonbranded - Geo Priorities (MxCx),Summer Camps,Phrase match (close variant),None,0,1,0.00,0.00,OK,,Appears relevant
summer programs for teens 2026,CM - Nonbranded - Geo Priorities (MxCx),Summer Camps,Phrase match (close variant),None,0,2,0.00,0.00,OK,,Appears relevant
dobbins softball camp,CM - Nonbranded - Geo Priorities (MxCx),Softball Camps,Phrase match,None,0,1,0.00,0.00,OK,,Appears relevant
soccer camp kids,CM - Nonbranded - Geo Priorities (MxCx),Soccer Camps,Exact match (close variant),None,0,3,0.00,0.00,OK,,Appears relevant
summer camp programs near me,CM - Nonbranded - Geo Priorities (MxCx),Summer Camps,Exact match (close variant),None,0,2,0.00,0.00,OK,,Appears relevant
walden summer camp,CM - Nonbranded - Geo Priorities (MxCx),Summer Camps,Phrase match,None,0,2,0.00,0.00,OK,,Appears relevant
tumbling summer camp,CM - Nonbranded - Geo Priorities (MxCx),Sports Camps,Phrase match (close variant),None,0,3,0.00,0.00,OK,,Appears relevant
basketball camp in long island,CM - Nonbranded - Geo Priorities (MxCx),Summer Camps,Phrase match (close variant),None,0,1,0.00,0.00,OK,,Appears relevant
lindenhurst camp,CM - Nonbranded - Geo Priorities (MxCx),Summer Camps,Phrase match (close variant),None,0,1,0.00,0.00,OK,,Appears relevant
summer basketball camps long island,CM - Nonbranded - Geo Priorities (MxCx),Basketball Camp,Exact match (close variant),None,0,1,0.00,0.00,OK,,Appears relevant
theater camp near me,CM - Nonbranded - Geo Priorities (MxCx),Summer Camps,Phrase match (close variant),None,0,3,0.00,0.00,OK,,Appears relevant
sensational kids summer camp,CM - Nonbranded - Geo Priorities (MxCx),Summer Camps,Phrase match,None,0,1,0.00,0.00,OK,,Appears relevant
psg soccer camp,CM - Nonbranded - Geo Priorities (MxCx),Soccer Camps,Phrase match,None,0,1,0.00,0.00,OK,,Appears relevant
local summer day camps,CM - Nonbranded - Geo Priorities (MxCx),Summer Camps,Exact match (close variant),None,0,1,0.00,0.00,OK,,Appears relevant
merrick woods camp,CM - Nonbranded - Geo Priorities (MxCx),Summer Camps,Phrase match (close variant),None,0,19,0.00,0.00,OK,,Appears relevant
libero camp near me,CM - Nonbranded - Geo Priorities (MxCx),Sports Camps,Phrase match (close variant),None,0,1,0.00,0.00,OK,,Appears relevant
summer sports youth,CM - Nonbranded - Geo Priorities (MxCx),Sports Camps,Phrase match (close variant),None,0,2,0.00,0.00,OK,,Appears relevant
nichols day camp,CM - pMax - Portland (MxConv),--,Performance Max,None,0,1,0.00,0.00,OK,,Appears relevant for Portland market
one day camp near me,CM - pMax - Portland (MxConv),--,Performance Max,None,0,1,0.00,0.00,OK,,Appears relevant for Portland market
usm summer camps,CM - pMax - Portland (MxConv),--,Performance Max,None,0,6,0.00,0.00,OK,,Appears relevant for Portland market
lacrosse goalie clinics near me,CM - pMax - Portland (MxConv),--,Performance Max,None,0,1,0.00,0.00,OK,,Appears relevant for Portland market
football camp for teens near me,CM - Nonbranded - Other Geos (MxConv),Football Camps,Exact match (close variant),None,0,2,0.00,0.00,OK,,Appears relevant
basketball day camps new york,CM - Nonbranded - Other Geos (MxConv),Basketball Camp,Phrase match,None,0,3,0.00,0.00,OK,,Appears relevant
camp luhi,CM - Competitors - OldW - (Mx.Clicks),Competitors,Exact match (close variant),None,0,1,0.00,0.00,OK,,Competitor matched: 'luhi'
summer camp pierce,CM - Competitors - OldW - (Mx.Clicks),Competitors,Exact match (close variant),None,0,2,0.00,0.00,OK,,Competitor matched: 'pierce'
kids summer football camps near me,CM - Nonbranded - Geo Priorities (MxCx),Football Camps,Exact match (close variant),None,0,3,0.00,0.00,OK,,Appears relevant
summer camps 10 year olds,CM - Nonbranded - Geo Priorities (MxCx),Summer Camps,Phrase match (close variant),None,0,1,0.00,0.00,OK,,Appears relevant
hustle and heart basketball camp,CM - Nonbranded - Geo Priorities (MxCx),Basketball Camp,Phrase match,None,0,1,0.00,0.00,OK,,Appears relevant
middle school summer camp,CM - Nonbranded - Geo Priorities (MxCx),Soccer Camps,Phrase match (close variant),None,0,2,0.00,0.00,OK,,Appears relevant
camp echo bay,CM - Nonbranded - Geo Priorities (MxCx),Summer Camps,Phrase match (close variant),None,0,2,0.00,0.00,OK,,Appears relevant
camp barrett valley stream,CM - Nonbranded - Geo Priorities (MxCx),Summer Camps,Phrase match (close variant),None,0,3,0.00,0.00,OK,,Appears relevant
hofstra university volleyball camp,CM - Nonbranded - Geo Priorities (MxCx),Volleyball Camps,Phrase match,None,0,2,0.00,0.00,OK,,Appears relevant
summer camps near me for 13 year olds,CM - Nonbranded - Geo Priorities (MxCx),Soccer Camps,Phrase match (close variant),None,0,1,0.00,0.00,OK,,Appears relevant
town of hempstead summer camp 2026,CM - Nonbranded - Geo Priorities (MxCx),Soccer Camps,Phrase match (close variant),None,0,10,0.00,0.00,OK,,Appears relevant
level up summer camp,CM - Nonbranded - Geo Priorities (MxCx),Summer Camps,Phrase match,None,0,3,0.00,0.00,OK,,Appears relevant
softball camp,CM - Nonbranded - Geo Priorities (MxCx),Softball Camps,Exact match (close variant),None,2,9,4.95,0.00,OK,,Appears relevant
soccer camp long island,CM - Nonbranded - Geo Priorities (MxCx),Soccer Camps,Phrase match,None,3,13,8.25,0.00,OK,,Appears relevant
gardening camp for kids,CM - Nonbranded - Geo Priorities (MxCx),Summer Camps,Phrase match (close variant),None,0,1,0.00,0.00,OK,,Appears relevant
summer fun camp,CM - Nonbranded - Geo Priorities (MxCx),Summer Camps,Phrase match (close variant),None,0,1,0.00,0.00,OK,,Appears relevant
basketball clinic for kids near me,CM - Nonbranded - Geo Priorities (MxCx),Basketball Camp,Phrase match (close variant),None,0,6,0.00,0.00,OK,,Appears relevant
isf summer camp,CM - Nonbranded - Geo Priorities (MxCx),Summer Camps,Phrase match,None,0,1,0.00,0.00,OK,,Appears relevant
baseball camps long island,CM - Nonbranded - Geo Priorities (MxCx),Summer Camps,Phrase match (close variant),None,0,3,0.00,0.00,OK,,Appears relevant
park summer camp near me,CM - Nonbranded - Geo Priorities (MxCx),Summer Camps,Phrase match,None,0,2,0.00,0.00,OK,,Appears relevant
pelham art center summer camp,CM - Nonbranded - Geo Priorities (MxCx),Summer Camps,Phrase match,None,0,1,0.00,0.00,OK,,Appears relevant
apex summer camp,CM - pMax - Portland (MxConv),--,Performance Max,None,0,1,0.00,0.00,OK,,Appears relevant for Portland market
youth football camps 2026,CM - Nonbranded - Other Geos (MxConv),Football Camps,Phrase match,None,0,2,0.00,0.00,OK,,Appears relevant
summer day camps long island,CM - Nonbranded - Geo Priorities (MxCx),Summer Camps,Exact match (close variant),None,0,2,0.00,0.00,OK,,Appears relevant
rugby camps near me,CM - Nonbranded - Geo Priorities (MxCx),Summer Camps,Phrase match (close variant),None,0,1,0.00,0.00,OK,,Appears relevant
volleyball camps summer 2026 near me,CM - Nonbranded - Geo Priorities (MxCx),Volleyball Camps,Phrase match,None,0,3,0.00,0.00,OK,,Appears relevant
theater summer camp,CM - Nonbranded - Geo Priorities (MxCx),Summer Camps,Phrase match,None,0,5,0.00,0.00,OK,,Appears relevant
town of islip summer camps,CM - Nonbranded - Geo Priorities (MxCx),Soccer Camps,Phrase match (close variant),None,0,1,0.00,0.00,OK,,Appears relevant
long island camps,CM - Nonbranded - Geo Priorities (MxCx),Summer Camps,Exact match (close variant),None,0,12,0.00,0.00,OK,,Appears relevant
art summer camp long island,CM - Nonbranded - Geo Priorities (MxCx),Summer Camps,Phrase match (close variant),None,0,1,0.00,0.00,OK,,Appears relevant
melville summer camps,CM - Nonbranded - Geo Priorities (MxCx),Summer Camps,Phrase match,None,0,10,0.00,0.00,OK,,Appears relevant
treehouse summer camp,CM - Nonbranded - Geo Priorities (MxCx),Summer Camps,Phrase match (close variant),None,0,1,0.00,0.00,OK,,Appears relevant
high school football camps,CM - Nonbranded - Geo Priorities (MxCx),Football Camps,Phrase match,None,0,2,0.00,0.00,OK,,Appears relevant
college football camps,CM - Nonbranded - Geo Priorities (MxCx),Football Camps,Phrase match,None,0,2,0.00,0.00,OK,,Appears relevant
summer rec camp,CM - Nonbranded - Geo Priorities (MxCx),Summer Camps,Exact match (close variant),None,0,2,0.00,0.00,OK,,Appears relevant
pierce summer day camp,CM - Nonbranded - Geo Priorities (MxCx),Summer Camps,Phrase match (close variant),None,0,1,0.00,0.00,OK,,Appears relevant
top 40 basketball camp,CM - Nonbranded - Geo Priorities (MxCx),Basketball Camp,Phrase match,None,0,1,0.00,0.00,OK,,Appears relevant
5 star basketball camp,CM - pMax - Portland (MxConv),--,Performance Max,None,0,1,0.00,0.00,OK,,Appears relevant for Portland market
suny purchase summer camps,CM - Nonbranded - Other Geos (MxConv),Tennis Camps,Broad match,None,1,2,18.07,0.00,OK,,Appears relevant
arts and crafts summer camp near me,CM - Nonbranded - Geo Priorities (MxCx),Summer Camps,Phrase match,None,0,2,0.00,0.00,OK,,Appears relevant
summer sports camps near me,CM - Nonbranded - Geo Priorities (MxCx),Sports Camps,Phrase match (close variant),None,0,1,0.00,0.00,OK,,Appears relevant
hoops 101,CM - Nonbranded - Geo Priorities (MxCx),Basketball Camp,Phrase match (close variant),None,0,3,0.00,0.00,OK,,Appears relevant
horse camp near me,CM - Nonbranded - Geo Priorities (MxCx),Horseback Riding,Exact match (close variant),None,0,2,0.00,0.00,OK,,Appears relevant
patchogue village summer camp,CM - Nonbranded - Geo Priorities (MxCx),Summer Camps,Phrase match,None,0,2,0.00,0.00,OK,,Appears relevant
softball camps in ny,CM - Nonbranded - Geo Priorities (MxCx),Softball Camps,Exact match (close variant),None,0,1,0.00,0.00,OK,,Appears relevant
swim camp summer,CM - Nonbranded - Geo Priorities (MxCx),Summer Camps,Phrase match,None,0,4,0.00,0.00,OK,,Appears relevant
golf camps for kids near me,CM - Nonbranded - Geo Priorities (MxCx),Summer Camps,Phrase match,None,0,2,0.00,0.00,OK,,Appears relevant
iroquois springs camp,CM - Nonbranded - Geo Priorities (MxCx),Summer Camps,Phrase match (close variant),None,0,1,0.00,0.00,OK,,Appears relevant
gymnastics near me summer camp,CM - Nonbranded - Geo Priorities (MxCx),Summer Camps,Phrase match,None,0,1,0.00,0.00,OK,,Appears relevant
volleyball trainers near me,CM - Nonbranded - Geo Priorities (MxCx),Volleyball Camps,Phrase match (close variant),None,0,3,0.00,0.00,OK,,Appears relevant
centereach pool summer camp,CM - Nonbranded - Geo Priorities (MxCx),Summer Camps,Phrase match,None,1,3,2.84,0.00,OK,,Appears relevant
ryzer softball,CM - Nonbranded - Geo Priorities (MxCx),Softball Camps,Phrase match (close variant),None,0,1,0.00,0.00,OK,,Appears relevant
kids soccer camps,CM - Nonbranded - Geo Priorities (MxCx),Soccer Camps,Exact match (close variant),Added,1,3,2.77,0.00,OK,,Appears relevant
ossining summer camp 2026,CM - Nonbranded - Geo Priorities (MxCx),Summer Camps,Phrase match,None,0,1,0.00,0.00,OK,,Appears relevant
tarrytown arts camp,CM - Nonbranded - Geo Priorities (MxCx),Summer Camps,Phrase match (close variant),None,0,1,0.00,0.00,OK,,Appears relevant
west islip summer camp 2026,CM - Nonbranded - Geo Priorities (MxCx),Summer Camps,Phrase match,None,0,2,0.00,0.00,OK,,Appears relevant
science camp for kids near me,CM - Nonbranded - Geo Priorities (MxCx),Summer Camps,Phrase match (close variant),None,0,1,0.00,0.00,OK,,Appears relevant
island park summer camp,CM - Nonbranded - Geo Priorities (MxCx),Summer Camps,Phrase match (close variant),None,0,1,0.00,0.00,OK,,Appears relevant
three village rec camp,CM - Nonbranded - Geo Priorities (MxCx),Summer Camps,Phrase match (close variant),None,1,2,2.83,0.00,OK,,Appears relevant
st joes lacrosse camp,CM - pMax - Portland (MxConv),--,Performance Max,None,0,1,0.00,0.00,OK,,Appears relevant for Portland market
maine volleyball academy,CM - pMax - Portland (MxConv),--,Performance Max,None,1,2,6.52,0.00,OK,,Appears relevant for Portland market
hit and run baseball camp white plains,CM - Nonbranded - Other Geos (MxConv),Baseball Camps,Phrase match (close variant),None,1,2,3.27,0.00,OK,,Appears relevant
pierce day camp roslyn,CM - Competitors - OldW - (Mx.Clicks),Competitors,Exact match (close variant),None,0,2,0.00,0.00,OK,,Competitor matched: 'pierce'
future stars camp suffolk community college,CM - Branded (Mx.Clicks),Future Stars Camp Brand,Phrase match,None,1,2,0.01,0.00,OK,,Brand term matched: 'future stars'
bowling camp for kids,CM - Nonbranded - Geo Priorities (MxCx),Sports Camps,Phrase match (close variant),None,0,2,0.00,0.00,OK,,Appears relevant
soccer camp in long island,CM - Nonbranded - Geo Priorities (MxCx),Soccer Camps,Phrase match,None,0,1,0.00,0.00,OK,,Appears relevant
soccer camp near me summer 2026,CM - Nonbranded - Geo Priorities (MxCx),Soccer Camps,Phrase match,None,1,2,2.80,0.00,OK,,Appears relevant
forest school summer camp near me,CM - Nonbranded - Geo Priorities (MxCx),Summer Camps,Phrase match (close variant),None,0,1,0.00,0.00,OK,,Appears relevant
st brigid westbury summer camp,CM - Nonbranded - Geo Priorities (MxCx),Summer Camps,Phrase match,None,0,2,0.00,0.00,OK,,Appears relevant
half day camp near me,CM - Nonbranded - Geo Priorities (MxCx),Summer Camps,Phrase match,Added,0,5,0.00,0.00,OK,,Appears relevant
summer camp for high school students near me,CM - Nonbranded - Geo Priorities (MxCx),Summer Camps,Phrase match,None,0,1,0.00,0.00,OK,,Appears relevant
west islip summer camps,CM - Nonbranded - Geo Priorities (MxCx),Summer Camps,Phrase match (close variant),None,0,4,0.00,0.00,OK,,Appears relevant
basketball training long island,CM - Nonbranded - Geo Priorities (MxCx),Basketball Camp,Exact match (close variant),None,0,4,0.00,0.00,OK,,Appears relevant
liu football camps,CM - Nonbranded - Geo Priorities (MxCx),Football Camps,Phrase match,None,1,12,2.70,0.00,OK,,Appears relevant
camp for 16 year old,CM - Nonbranded - Geo Priorities (MxCx),Summer Camps,Phrase match (close variant),None,0,1,0.00,0.00,OK,,Appears relevant
summer camps suffolk county ny,CM - Nonbranded - Geo Priorities (MxCx),Summer Camps,Phrase match (close variant),None,0,3,0.00,0.00,OK,,Appears relevant
summer camp for 12 year old boy,CM - Nonbranded - Geo Priorities (MxCx),Summer Camps,Phrase match,None,0,1,0.00,0.00,OK,,Appears relevant
basketball camps summer 2026,CM - Nonbranded - Other Geos (MxConv),Basketball Camp,Phrase match,None,0,1,0.00,0.00,OK,,Appears relevant
heat baseball summer camp,CM - Nonbranded - Other Geos (MxConv),Baseball Camps,Phrase match (close variant),None,0,2,0.00,0.00,OK,,Appears relevant
tennis camps westchester ny,CM - Nonbranded - Other Geos (MxConv),Tennis Camps,Phrase match,None,1,2,4.34,0.00,OK,,Appears relevant
camprus,CM - Competitors - OldW - (Mx.Clicks),Competitors,Exact match (close variant),None,0,14,0.00,0.00,OK,,Competitor matched: 'camprus'
basketball camp for kids near me,CM - Nonbranded - Geo Priorities (MxCx),Basketball Camp,Phrase match,None,0,3,0.00,0.00,OK,,Appears relevant
summer camp empire,CM - Nonbranded - Geo Priorities (MxCx),Summer Camps,Phrase match (close variant),None,0,2,0.00,0.00,OK,,Appears relevant
stanford volleyball camp,CM - Nonbranded - Geo Priorities (MxCx),Volleyball Camps,Phrase match,None,0,2,0.00,0.00,OK,,Appears relevant
tennis camp for kids near me,CM - Nonbranded - Geo Priorities (MxCx),Summer Camps,Phrase match,None,0,2,0.00,0.00,OK,,Appears relevant
roosevelt summer camp,CM - Nonbranded - Geo Priorities (MxCx),Summer Camps,Phrase match,None,2,2,5.56,0.00,OK,,Appears relevant
summer camp smithtown,CM - Nonbranded - Geo Priorities (MxCx),Summer Camps,Phrase match (close variant),None,1,6,2.66,0.00,OK,,Appears relevant
summer camp deer park,CM - Nonbranded - Geo Priorities (MxCx),Soccer Camps,Phrase match (close variant),None,0,1,0.00,0.00,OK,,Appears relevant
farmingdale summer camp,CM - Nonbranded - Geo Priorities (MxCx),Summer Camps,Phrase match,Added,7,23,18.99,0.00,OK,,Appears relevant
centereach pool camp,CM - Nonbranded - Geo Priorities (MxCx),Sports Camps,Phrase match (close variant),None,0,1,0.00,0.00,OK,,Appears relevant
summer camp hicksville,CM - Nonbranded - Geo Priorities (MxCx),Summer Camps,Phrase match,None,0,6,0.00,0.00,OK,,Appears relevant
basketball summer camp,CM - Nonbranded - Geo Priorities (MxCx),Basketball Camp,Exact match (close variant),Added,0,1,0.00,0.00,OK,,Appears relevant
summer camp garden city,CM - Nonbranded - Geo Priorities (MxCx),Summer Camps,Phrase match,None,0,7,0.00,0.00,OK,,Appears relevant
size 5 soccer ball,CM - pMax - Portland (MxConv),--,Performance Max,None,0,1,0.00,0.00,OK,,Appears relevant for Portland market
camp arcadia casco maine,CM - pMax - Portland (MxConv),--,Performance Max,None,0,1,0.00,0.00,OK,,Appears relevant for Portland market
summer camp maine,CM - pMax - Portland (MxConv),--,Performance Max,None,1,4,2.77,0.00,OK,,Appears relevant for Portland market
tennis summer camp 2026 near me,CM - Nonbranded - Other Geos (MxConv),Tennis Camps,Phrase match,None,0,3,0.00,0.00,OK,,Appears relevant
donovan mitchell summer camp,CM - Nonbranded - Other Geos (MxConv),Basketball Camp,Phrase match (close variant),None,0,3,0.00,0.00,OK,,Appears relevant
track summer programs near me,CM - Nonbranded - Geo Priorities (MxCx),Sports Camps,Phrase match (close variant),None,0,2,0.00,0.00,OK,,Appears relevant
camp wahnee dates and rates,CM - Nonbranded - Geo Priorities (MxCx),Summer Camps,Phrase match (close variant),None,0,1,0.00,0.00,OK,,Appears relevant
camps near me for kids,CM - Nonbranded - Geo Priorities (MxCx),Summer Camps,Exact match (close variant),None,0,4,0.00,0.00,OK,,Appears relevant
summer dance camps near me,CM - Nonbranded - Geo Priorities (MxCx),Summer Camps,Phrase match,None,0,1,0.00,0.00,OK,,Appears relevant
camp carousel hicksville,CM - Nonbranded - Geo Priorities (MxCx),Summer Camps,Phrase match (close variant),None,0,3,0.00,0.00,OK,,Appears relevant
long island volleyball camps,CM - Nonbranded - Geo Priorities (MxCx),Summer Camps,Phrase match (close variant),None,0,1,0.00,0.00,OK,,Appears relevant
cheer camps near me summer 2026,CM - Nonbranded - Geo Priorities (MxCx),Summer Camps,Phrase match,None,0,1,0.00,0.00,OK,,Appears relevant
summer hockey,CM - Nonbranded - Geo Priorities (MxCx),Sports Camps,Phrase match (close variant),None,0,3,0.00,0.00,OK,,Appears relevant
interlochen summer camp,CM - Nonbranded - Geo Priorities (MxCx),Summer Camps,Phrase match,None,0,1,0.00,0.00,OK,,Appears relevant
kidstrong camp cost,CM - Nonbranded - Geo Priorities (MxCx),Summer Camps,Phrase match (close variant),None,0,1,0.00,0.00,OK,,Appears relevant
nyabc camp,CM - Nonbranded - Geo Priorities (MxCx),Sports Camps,Phrase match (close variant),None,0,1,0.00,0.00,OK,,Appears relevant
commack summer camp,CM - Nonbranded - Geo Priorities (MxCx),Summer Camps,Phrase match,None,0,1,0.00,0.00,OK,,Appears relevant
forest hills summer camp,CM - Nonbranded - Geo Priorities (MxCx),Summer Camps,Phrase match,None,0,2,0.00,0.00,OK,,Appears relevant
tnt softball camp,CM - Nonbranded - Geo Priorities (MxCx),Softball Camps,Phrase match,None,0,2,0.00,0.00,OK,,Appears relevant
blackrock summer camp,CM - Nonbranded - Geo Priorities (MxCx),Summer Camps,Phrase match,None,0,1,0.00,0.00,OK,,Appears relevant
music camps for kids near me,CM - Nonbranded - Geo Priorities (MxCx),Summer Camps,Phrase match (close variant),None,0,1,0.00,0.00,OK,,Appears relevant
mineola summer camp,CM - Nonbranded - Geo Priorities (MxCx),Summer Camps,Phrase match,None,0,2,0.00,0.00,OK,,Appears relevant
rolling hills day camp long island,CM - Nonbranded - Geo Priorities (MxCx),Summer Camps,Phrase match (close variant),None,0,1,0.00,0.00,OK,,Appears relevant
coleman country day camp tuition,CM - Nonbranded - Geo Priorities (MxCx),Summer Camps,Phrase match (close variant),None,1,2,2.83,0.00,OK,,Appears relevant
camp kiwi carmel ny,CM - Nonbranded - Geo Priorities (MxCx),Summer Camps,Phrase match (close variant),None,0,1,0.00,0.00,OK,,Appears relevant
smcc basketball camp,CM - pMax - Portland (MxConv),--,Performance Max,None,0,1,0.00,0.00,OK,,Appears relevant for Portland market
sua sponte lacrosse camp,CM - Nonbranded - Other Geos (MxConv),Lacrosse Camps,Phrase match (close variant),None,0,2,0.00,0.00,OK,,Appears relevant
tennis clubs around me,CM - Nonbranded - Other Geos (MxConv),Tennis Camps,Broad match,None,0,2,0.00,0.00,OK,,Appears relevant
lacrosse camp near me,CM - Nonbranded - Other Geos (MxConv),Lacrosse Camps,Exact match (close variant),None,1,7,1.88,0.00,OK,,Appears relevant
summer schools on long island,CM - Nonbranded - Geo Priorities (MxCx),Summer Camps,Phrase match (close variant),None,0,1,0.00,0.00,OK,,Appears relevant
summer camp near me 5 year old,CM - Nonbranded - Geo Priorities (MxCx),Summer Camps,Phrase match,None,0,1,0.00,0.00,OK,,Appears relevant
summer camp oceanside ny,CM - Nonbranded - Geo Priorities (MxCx),Summer Camps,Phrase match,None,0,2,0.00,0.00,OK,,Appears relevant
summer camp basketball for kids,CM - Nonbranded - Geo Priorities (MxCx),Basketball Camp,Exact match (close variant),None,2,1,6.70,0.00,OK,,Appears relevant
baseball camp summer 2026,CM - Nonbranded - Geo Priorities (MxCx),Summer Camps,Phrase match,None,0,2,0.00,0.00,OK,,Appears relevant
toh lacrosse camp,CM - Nonbranded - Geo Priorities (MxCx),Lacrosse Camps,Phrase match (close variant),None,0,3,0.00,0.00,OK,,Appears relevant
tennis summer camp,CM - Nonbranded - Geo Priorities (MxCx),Summer Camps,Phrase match (close variant),None,1,5,2.69,0.00,OK,,Appears relevant
summer camps for high school students,CM - Nonbranded - Geo Priorities (MxCx),Summer Camps,Phrase match,None,0,1,0.00,0.00,OK,,Appears relevant
summer baseball camps near me,CM - Nonbranded - Geo Priorities (MxCx),Summer Camps,Phrase match (close variant),None,0,2,0.00,0.00,OK,,Appears relevant
camp robin hood dates,CM - Nonbranded - Geo Priorities (MxCx),Summer Camps,Phrase match (close variant),None,0,1,0.00,0.00,OK,,Appears relevant
summer camp near by,CM - Nonbranded - Geo Priorities (MxCx),Summer Camps,Phrase match (close variant),None,0,2,0.00,0.00,OK,,Appears relevant
three village summer camp 2026,CM - Nonbranded - Geo Priorities (MxCx),Summer Camps,Phrase match,None,0,4,0.00,0.00,OK,,Appears relevant
saint john's basketball camp,CM - Nonbranded - Geo Priorities (MxCx),Basketball Camp,Phrase match,None,0,2,0.00,0.00,OK,,Appears relevant
softball camp near me,CM - Nonbranded - Geo Priorities (MxCx),Softball Camps,Exact match (close variant),None,1,5,2.67,0.00,OK,,Appears relevant
holtsville day camp,CM - Nonbranded - Geo Priorities (MxCx),Summer Camps,Phrase match (close variant),None,0,1,0.00,0.00,OK,,Appears relevant
summer academic camp,CM - Nonbranded - Geo Priorities (MxCx),Summer Camps,Phrase match,None,0,1,0.00,0.00,OK,,Appears relevant
camp edey bayport,CM - Nonbranded - Geo Priorities (MxCx),Summer Camps,Phrase match (close variant),None,0,1,0.00,0.00,OK,,Appears relevant
camp north star,CM - pMax - Portland (MxConv),--,Performance Max,None,0,1,0.00,0.00,OK,,Appears relevant for Portland market
boys basketball camps,CM - pMax - Portland (MxConv),--,Performance Max,None,0,2,0.00,0.00,OK,,Appears relevant for Portland market
summer camp near me,CM - pMax - Portland (MxConv),--,Performance Max,None,0,1,0.00,0.00,OK,,Appears relevant for Portland market
half day summer camps near me,CM - pMax - Portland (MxConv),--,Performance Max,None,1,2,3.00,0.00,OK,,Appears relevant for Portland market
camp rus,CM - Competitors - OldW - (Mx.Clicks),Competitors,Exact match (close variant),None,0,2,0.00,0.00,OK,,Competitor matched: 'camp rus'
mott leeney baseball camp,CM - Nonbranded - Other Geos (MxConv),Baseball Camps,Phrase match (close variant),None,0,1,0.00,0.00,OK,,Appears relevant
tennis racket for 8 year old,CM - pMax - Portland (MxConv),--,Performance Max,None,0,1,0.00,0.00,OK,,Appears relevant for Portland market
waynflete summer camp,CM - pMax - Portland (MxConv),--,Performance Max,None,0,8,0.00,0.00,OK,,Appears relevant for Portland market
baseball strategy for kids,CM - pMax - Portland (MxConv),--,Performance Max,None,0,1,0.00,0.00,OK,,Appears relevant for Portland market
great neck summer camp,CM - Nonbranded - Geo Priorities (MxCx),Summer Camps,Phrase match (close variant),None,0,1,0.00,0.00,OK,,Appears relevant
west islip summer camps,CM - Nonbranded - Geo Priorities (MxCx),Summer Camps,Phrase match,None,0,2,0.00,0.00,OK,,Appears relevant
soccer camps near me,CM - Nonbranded - Geo Priorities (MxCx),Soccer Camps,Phrase match (close variant),Added,0,1,0.00,0.00,OK,,Appears relevant
green chimney summer camp,CM - Nonbranded - Geo Priorities (MxCx),Summer Camps,Phrase match,None,0,1,0.00,0.00,OK,,Appears relevant
elmsford day camp,CM - Nonbranded - Geo Priorities (MxCx),Summer Camps,Phrase match (close variant),None,0,1,0.00,0.00,OK,,Appears relevant
ny summer camp,CM - Nonbranded - Geo Priorities (MxCx),Soccer Camps,Phrase match (close variant),None,0,4,0.00,0.00,OK,,Appears relevant
volleyball summer camp 2026,CM - Nonbranded - Geo Priorities (MxCx),Volleyball Camps,Phrase match,None,2,13,5.45,0.00,OK,,Appears relevant
central islip summer camp,CM - Nonbranded - Geo Priorities (MxCx),Summer Camps,Phrase match (close variant),None,0,1,0.00,0.00,OK,,Appears relevant
summer camp college,CM - Nonbranded - Geo Priorities (MxCx),Summer Camps,Phrase match,None,0,1,0.00,0.00,OK,,Appears relevant
summer camp for 2 year olds,CM - Nonbranded - Geo Priorities (MxCx),Summer Camps,Phrase match,None,0,2,0.00,0.00,OK,,Appears relevant
huntington day camp,CM - Nonbranded - Geo Priorities (MxCx),Summer Camps,Phrase match (close variant),None,0,5,0.00,0.00,OK,,Appears relevant
girls soccer camp near me,CM - Nonbranded - Geo Priorities (MxCx),Soccer Camps,Phrase match,None,1,3,1.74,0.00,OK,,Appears relevant
teen summer camps near me,CM - Nonbranded - Geo Priorities (MxCx),Summer Camps,Phrase match,None,1,3,2.58,0.00,OK,,Appears relevant
flexwork sports camp,CM - Nonbranded - Geo Priorities (MxCx),Sports Camps,Phrase match,None,0,5,0.00,0.00,OK,,Appears relevant
bellmore merrick summer camp,CM - Nonbranded - Geo Priorities (MxCx),Summer Camps,Phrase match,None,0,2,0.00,0.00,OK,,Appears relevant
indoor basketball camp near me,CM - Nonbranded - Geo Priorities (MxCx),Basketball Camp,Phrase match,None,0,3,0.00,0.00,OK,,Appears relevant
dance camps,CM - Nonbranded - Geo Priorities (MxCx),Dance Camps,Exact match,Added,0,5,0.00,0.00,OK,,Appears relevant
camp walden dates,CM - Nonbranded - Geo Priorities (MxCx),Summer Camps,Phrase match (close variant),None,0,1,0.00,0.00,OK,,Appears relevant
nassau county summer camp cantiague park,CM - Nonbranded - Geo Priorities (MxCx),Summer Camps,Phrase match (close variant),None,0,2,0.00,0.00,OK,,Appears relevant
saint mary's summer camps,CM - Nonbranded - Geo Priorities (MxCx),Summer Camps,Phrase match (close variant),None,0,1,0.00,0.00,OK,,Appears relevant
