Search term,Campaign,Ad group,Match type,Added/Excluded,Clicks,Impr.,Cost,Conversions,RECOMMENDATION,NEG LEVEL,REASON
swim techniques,CM - Non Brand - PMax,--,Performance Max,None,0,2,0.00,0.00,ADD NEGATIVE,ACCOUNT,Wrong intent signal: 'technique'
lugares para visitar en long island gratis,CM - Non Brand - PMax,--,Performance Max,None,0,1,0.00,0.00,ADD NEGATIVE,CAMPAIGN,NY/LI geography in Portland campaign: 'long island'
water activities long island,CM - Non Brand - PMax,--,Performance Max,None,0,1,0.00,0.00,ADD NEGATIVE,CAMPAIGN,NY/LI geography in Portland campaign: 'long island'
how to measure tennis racket size,CM - Non Brand - PMax,--,Performance Max,None,0,2,0.00,0.00,ADD NEGATIVE,ACCOUNT,Wrong intent signal: 'how to'
horseback riding long island,CM - pMax - Portland (MxConv),--,Performance Max,None,0,0,0.00,0.00,ADD NEGATIVE,CAMPAIGN,NY/LI geography in Portland campaign: 'long island'
long island soccer academy,CM - Non Brand - PMax,--,Performance Max,None,0,3,0.00,0.00,ADD NEGATIVE,CAMPAIGN,NY/LI geography in Portland campaign: 'long island'
long island travel lacrosse teams,CM - Non Brand - PMax,--,Performance Max,None,0,2,0.00,0.00,ADD NEGATIVE,CAMPAIGN,NY/LI geography in Portland campaign: 'long island'
farms on long island for kids,CM - Non Brand - PMax,--,Performance Max,None,0,1,0.00,0.00,ADD NEGATIVE,CAMPAIGN,NY/LI geography in Portland campaign: 'long island'
soccer ball size,CM - pMax - Portland (MxConv),--,Performance Max,None,0,1,0.00,0.00,ADD NEGATIVE,ACCOUNT,Wrong intent signal: 'ball size'
future star academy,CM - pMax - Portland (MxConv),--,Performance Max,None,0,0,0.00,0.00,ADD NEGATIVE,CAMPAIGN,Brand term in pMax - should go to branded campaign
nassau community college swimming classes,CM - pMax - Portland (MxConv),--,Performance Max,None,0,0,0.00,0.00,ADD NEGATIVE,CAMPAIGN,NY/LI geography in Portland campaign: 'nassau'
future stars suffolk,CM - pMax - Portland (MxConv),--,Performance Max,None,0,0,0.00,0.00,ADD NEGATIVE,CAMPAIGN,NY/LI geography in Portland campaign: 'suffolk'
girls lacrosse camp long island,CM - pMax - Portland (MxConv),--,Performance Max,None,0,0,0.00,0.00,ADD NEGATIVE,CAMPAIGN,NY/LI geography in Portland campaign: 'long island'
what size soccer ball for age 5,CM - Non Brand - PMax,--,Performance Max,None,0,1,0.00,0.00,ADD NEGATIVE,ACCOUNT,Wrong intent signal: 'what size'
basketball camp nassau county,CM - Non Brand - PMax,--,Performance Max,None,1,3,2.06,0.00,ADD NEGATIVE,CAMPAIGN,NY/LI geography in Portland campaign: 'nassau'
long island ny,CM - pMax - Portland (MxConv),--,Performance Max,None,0,1,0.00,0.00,ADD NEGATIVE,CAMPAIGN,NY/LI geography in Portland campaign: 'long island'
drills to improve ball handling,CM - pMax - Portland (MxConv),--,Performance Max,None,0,0,0.00,0.00,ADD NEGATIVE,ACCOUNT,Wrong intent signal: 'drills'
camps r us,CM - pMax - Portland (MxConv),--,Performance Max,None,0,0,0.00,0.00,ADD NEGATIVE,CAMPAIGN,Competitor term: 'camps r us'
how to play tennis left handed,CM - pMax - Portland (MxConv),--,Performance Max,None,0,0,0.00,0.00,ADD NEGATIVE,ACCOUNT,Wrong intent signal: 'how to'
kids workout videos,CM - pMax - Portland (MxConv),--,Performance Max,None,0,0,0.00,0.00,ADD NEGATIVE,ACCOUNT,Wrong intent signal: 'workout'
8 year old baseball drills,CM - pMax - Portland (MxConv),--,Performance Max,None,0,0,0.00,0.00,ADD NEGATIVE,ACCOUNT,Wrong intent signal: 'drills'
best playground on long island,CM - Non Brand - PMax,--,Performance Max,None,0,2,0.00,0.00,ADD NEGATIVE,CAMPAIGN,NY/LI geography in Portland campaign: 'long island'
future stars flag football,CM - pMax - Portland (MxConv),--,Performance Max,None,0,0,0.00,0.00,ADD NEGATIVE,CAMPAIGN,Brand term in pMax - should go to branded campaign
camps r us williston park,CM - pMax - Portland (MxConv),--,Performance Max,None,0,0,0.00,0.00,ADD NEGATIVE,CAMPAIGN,Competitor term: 'camps r us'
free family things to do on long island this weekend,CM - pMax - Portland (MxConv),--,Performance Max,None,0,0,0.00,0.00,ADD NEGATIVE,CAMPAIGN,NY/LI geography in Portland campaign: 'long island'
sports camps westchester ny,CM - pMax - Portland (MxConv),--,Performance Max,None,0,0,0.00,0.00,ADD NEGATIVE,CAMPAIGN,NY/LI geography in Portland campaign: ' ny'
ymca summer camp queens ny,CM - pMax - Portland (MxConv),--,Performance Max,None,0,0,0.00,0.00,ADD NEGATIVE,CAMPAIGN,NY/LI geography in Portland campaign: ' ny'
kenwal day camp long island day camp,CM - pMax - Portland (MxConv),--,Performance Max,None,0,0,0.00,0.00,ADD NEGATIVE,CAMPAIGN,NY/LI geography in Portland campaign: 'long island'
camp melville,CM - pMax - Portland (MxConv),--,Performance Max,None,0,0,0.00,0.00,ADD NEGATIVE,CAMPAIGN,NY/LI geography in Portland campaign: 'melville'
long island football camps,CM - pMax - Portland (MxConv),--,Performance Max,None,0,0,0.00,0.00,ADD NEGATIVE,CAMPAIGN,NY/LI geography in Portland campaign: 'long island'
things to do with toddlers long island,CM - Non Brand - PMax,--,Performance Max,None,0,1,0.00,0.00,ADD NEGATIVE,CAMPAIGN,NY/LI geography in Portland campaign: 'long island'
what size soccer ball u8,CM - Non Brand - PMax,--,Performance Max,None,0,1,0.00,0.00,ADD NEGATIVE,ACCOUNT,Wrong intent signal: 'what size'
what size soccer net for 12 year old,CM - pMax - Portland (MxConv),--,Performance Max,None,0,1,0.00,0.00,ADD NEGATIVE,ACCOUNT,Wrong intent signal: 'what size'
softball clinics long island,CM - pMax - Portland (MxConv),--,Performance Max,None,0,0,0.00,0.00,ADD NEGATIVE,CAMPAIGN,NY/LI geography in Portland campaign: 'long island'
best tee drills for baseball,CM - pMax - Portland (MxConv),--,Performance Max,None,0,0,0.00,0.00,ADD NEGATIVE,ACCOUNT,Wrong intent signal: 'drills'
how to improve kids confidence,CM - pMax - Portland (MxConv),--,Performance Max,None,0,1,0.00,0.00,ADD NEGATIVE,ACCOUNT,Wrong intent signal: 'how to'
future stars st joseph's,CM - pMax - Portland (MxConv),--,Performance Max,None,0,0,0.00,0.00,ADD NEGATIVE,CAMPAIGN,Brand term in pMax - should go to branded campaign
youth camp counselor jobs,CM - pMax - Portland (MxConv),--,Performance Max,None,0,0,0.00,0.00,ADD NEGATIVE,ACCOUNT,Wrong intent signal: 'jobs'
football camp long island,CM - pMax - Portland (MxConv),--,Performance Max,None,0,0,0.00,0.00,ADD NEGATIVE,CAMPAIGN,NY/LI geography in Portland campaign: 'long island'
new york sports academy,CM - Non Brand - PMax,--,Performance Max,None,0,1,0.00,0.00,ADD NEGATIVE,CAMPAIGN,NY/LI geography in Portland campaign: 'new york'
suny old westbury campus tour,CM - pMax - Portland (MxConv),--,Performance Max,None,0,0,0.00,0.00,ADD NEGATIVE,CAMPAIGN,NY/LI geography in Portland campaign: 'westbury'
how to control your dribble in basketball,CM - pMax - Portland (MxConv),--,Performance Max,None,0,0,0.00,0.00,ADD NEGATIVE,ACCOUNT,Wrong intent signal: 'how to'
future stars swim camp,CM - pMax - Portland (MxConv),--,Performance Max,None,0,0,0.00,0.00,ADD NEGATIVE,CAMPAIGN,Brand term in pMax - should go to branded campaign
swim lessons nassau county,CM - Non Brand - PMax,--,Performance Max,None,0,2,0.00,0.00,ADD NEGATIVE,CAMPAIGN,NY/LI geography in Portland campaign: 'nassau'
summer camps jobs near me,CM - pMax - Portland (MxConv),--,Performance Max,None,0,0,0.00,0.00,ADD NEGATIVE,ACCOUNT,Wrong intent signal: 'jobs'
long island basketball camps,CM - pMax - Portland (MxConv),--,Performance Max,None,0,0,0.00,0.00,ADD NEGATIVE,CAMPAIGN,NY/LI geography in Portland campaign: 'long island'
volleyball camps long island,CM - pMax - Portland (MxConv),--,Performance Max,None,0,0,0.00,0.00,ADD NEGATIVE,CAMPAIGN,NY/LI geography in Portland campaign: 'long island'
how to dribble in rocket league,CM - pMax - Portland (MxConv),--,Performance Max,None,0,0,0.00,0.00,ADD NEGATIVE,ACCOUNT,Wrong intent signal: 'how to'
kids camp jobs near me,CM - pMax - Portland (MxConv),--,Performance Max,None,0,0,0.00,0.00,ADD NEGATIVE,ACCOUNT,Wrong intent signal: 'jobs'
what size soccer ball for an 11 year old boy,CM - pMax - Portland (MxConv),--,Performance Max,None,0,0,0.00,0.00,ADD NEGATIVE,ACCOUNT,Wrong intent signal: 'what size'
oasis day camp,CM - pMax - Portland (MxConv),--,Performance Max,None,0,0,0.00,0.00,ADD NEGATIVE,CAMPAIGN,Competitor term: 'oasis day camp'
summer camp near me hiring,CM - pMax - Portland (MxConv),--,Performance Max,None,0,0,0.00,0.00,ADD NEGATIVE,ACCOUNT,Wrong intent signal: 'hiring'
syosset swim,CM - Non Brand - PMax,--,Performance Max,None,0,2,0.00,0.00,ADD NEGATIVE,CAMPAIGN,NY/LI geography in Portland campaign: 'syosset'
kenwal camp,CM - Non Brand - PMax,--,Performance Max,None,0,1,0.00,0.00,ADD NEGATIVE,CAMPAIGN,Competitor term: 'kenwal camp'
horse boarding long island,CM - Non Brand - PMax,--,Performance Max,None,0,1,0.00,0.00,ADD NEGATIVE,CAMPAIGN,NY/LI geography in Portland campaign: 'long island'
soccer camps long island,CM - Non Brand - PMax,--,Performance Max,None,1,3,1.30,0.00,ADD NEGATIVE,CAMPAIGN,NY/LI geography in Portland campaign: 'long island'
camp hiring,CM - pMax - Portland (MxConv),--,Performance Max,None,0,0,0.00,0.00,ADD NEGATIVE,ACCOUNT,Wrong intent signal: 'hiring'
what size tennis racket for 8 year old,CM - pMax - Portland (MxConv),--,Performance Max,None,0,0,0.00,0.00,ADD NEGATIVE,ACCOUNT,Wrong intent signal: 'what size'
what size tennis racquet for a 9 year old,CM - pMax - Portland (MxConv),--,Performance Max,None,0,0,0.00,0.00,ADD NEGATIVE,ACCOUNT,Wrong intent signal: 'what size'
future stars lacrosse,CM - pMax - Portland (MxConv),--,Performance Max,None,0,0,0.00,0.00,ADD NEGATIVE,CAMPAIGN,Brand term in pMax - should go to branded campaign
sleepaway camps,CM - Non Brand - PMax,--,Performance Max,None,0,1,0.00,0.00,ADD NEGATIVE,ACCOUNT,Wrong intent signal: 'sleepaway'
camp sunshine long island,CM - Non Brand - PMax,--,Performance Max,None,0,2,0.00,0.00,ADD NEGATIVE,CAMPAIGN,NY/LI geography in Portland campaign: 'long island'
ivy league camp smithtown,CM - pMax - Portland (MxConv),--,Performance Max,None,0,0,0.00,0.00,ADD NEGATIVE,CAMPAIGN,NY/LI geography in Portland campaign: 'smithtown'
nassau county camp,CM - pMax - Portland (MxConv),--,Performance Max,None,0,0,0.00,0.00,ADD NEGATIVE,CAMPAIGN,NY/LI geography in Portland campaign: 'nassau'
suffolk summer camp,CM - pMax - Portland (MxConv),--,Performance Max,None,0,0,0.00,0.00,ADD NEGATIVE,CAMPAIGN,NY/LI geography in Portland campaign: 'suffolk'
micah lancaster dribbling drills,CM - pMax - Portland (MxConv),--,Performance Max,None,0,0,0.00,0.00,ADD NEGATIVE,ACCOUNT,Wrong intent signal: 'drills'
what are the soccer ball sizes,CM - pMax - Portland (MxConv),--,Performance Max,None,0,0,0.00,0.00,ADD NEGATIVE,ACCOUNT,Wrong intent signal: 'ball size'
future stars day camp,CM - pMax - Portland (MxConv),--,Performance Max,None,0,0,0.00,0.00,ADD NEGATIVE,CAMPAIGN,Brand term in pMax - should go to branded campaign
summertech purchase ny,CM - pMax - Portland (MxConv),--,Performance Max,None,0,0,0.00,0.00,ADD NEGATIVE,CAMPAIGN,NY/LI geography in Portland campaign: ' ny'
how to catch tennis ball with racket,CM - pMax - Portland (MxConv),--,Performance Max,None,0,0,0.00,0.00,ADD NEGATIVE,ACCOUNT,Wrong intent signal: 'how to'
basketball drills to improve dribbling,CM - pMax - Portland (MxConv),--,Performance Max,None,0,0,0.00,0.00,ADD NEGATIVE,ACCOUNT,Wrong intent signal: 'drills'
nassau community college volleyball,CM - pMax - Portland (MxConv),--,Performance Max,None,0,0,0.00,0.00,ADD NEGATIVE,CAMPAIGN,NY/LI geography in Portland campaign: 'nassau'
summer camp farmingdale ny,CM - pMax - Portland (MxConv),--,Performance Max,None,0,0,0.00,0.00,ADD NEGATIVE,CAMPAIGN,NY/LI geography in Portland campaign: ' ny'
what size tennis racket for 8 year old,CM - Non Brand - PMax,--,Performance Max,None,0,1,0.00,0.00,ADD NEGATIVE,ACCOUNT,Wrong intent signal: 'what size'
volleyball leagues long island,CM - Non Brand - PMax,--,Performance Max,None,0,1,0.00,0.00,ADD NEGATIVE,CAMPAIGN,NY/LI geography in Portland campaign: 'long island'
camps r us locations,CM - Non Brand - PMax,--,Performance Max,None,0,1,0.00,0.00,ADD NEGATIVE,CAMPAIGN,Competitor term: 'camps r us'
golf lessons long island,CM - Non Brand - PMax,--,Performance Max,None,0,5,0.00,0.00,ADD NEGATIVE,CAMPAIGN,NY/LI geography in Portland campaign: 'long island'
what size tennis racket for a 5 year old,CM - pMax - Portland (MxConv),--,Performance Max,None,0,0,0.00,0.00,ADD NEGATIVE,ACCOUNT,Wrong intent signal: 'what size'
jobs for kids for the summer,CM - pMax - Portland (MxConv),--,Performance Max,None,0,0,0.00,0.00,ADD NEGATIVE,ACCOUNT,Wrong intent signal: 'jobs'
future stars purchase,CM - pMax - Portland (MxConv),--,Performance Max,None,0,0,0.00,0.00,ADD NEGATIVE,CAMPAIGN,Brand term in pMax - should go to branded campaign
best soccer academy in long island,CM - pMax - Portland (MxConv),--,Performance Max,None,0,0,0.00,0.00,ADD NEGATIVE,CAMPAIGN,NY/LI geography in Portland campaign: 'long island'
soccer camp long island,CM - Non Brand - PMax,--,Performance Max,None,0,3,0.00,0.00,ADD NEGATIVE,CAMPAIGN,NY/LI geography in Portland campaign: 'long island'
sleepaway camp for teens,CM - Non Brand - PMax,--,Performance Max,None,0,4,0.00,0.00,ADD NEGATIVE,ACCOUNT,Wrong intent signal: 'sleepaway'
baseball training long island,CM - Non Brand - PMax,--,Performance Max,None,0,3,0.00,0.00,ADD NEGATIVE,CAMPAIGN,NY/LI geography in Portland campaign: 'long island'
summer camp long island,CM - pMax - Portland (MxConv),--,Performance Max,None,0,0,0.00,0.00,ADD NEGATIVE,CAMPAIGN,NY/LI geography in Portland campaign: 'long island'
volleyball camp westchester ny,CM - pMax - Portland (MxConv),--,Performance Max,None,0,0,0.00,0.00,ADD NEGATIVE,CAMPAIGN,NY/LI geography in Portland campaign: ' ny'
free summer camp yonkers ny,CM - pMax - Portland (MxConv),--,Performance Max,None,0,0,0.00,0.00,ADD NEGATIVE,CAMPAIGN,NY/LI geography in Portland campaign: ' ny'
camp nyc bluey,CM - pMax - Portland (MxConv),--,Performance Max,None,0,0,0.00,0.00,ADD NEGATIVE,CAMPAIGN,NY/LI geography in Portland campaign: ' ny'
best sleepaway camp,CM - Non Brand - PMax,--,Performance Max,None,0,3,0.00,0.00,ADD NEGATIVE,ACCOUNT,Wrong intent signal: 'sleepaway'
nassau county camps,CM - Non Brand - PMax,--,Performance Max,None,0,2,0.00,0.00,ADD NEGATIVE,CAMPAIGN,NY/LI geography in Portland campaign: 'nassau'
long island soccer,CM - Non Brand - PMax,--,Performance Max,None,0,2,0.00,0.00,ADD NEGATIVE,CAMPAIGN,NY/LI geography in Portland campaign: 'long island'
future stars suny purchase,CM - pMax - Portland (MxConv),--,Performance Max,None,0,0,0.00,0.00,ADD NEGATIVE,CAMPAIGN,Brand term in pMax - should go to branded campaign
camps r us farmingdale 50 cherry st farmingdale ny 11735,CM - pMax - Portland (MxConv),--,Performance Max,None,0,0,0.00,0.00,ADD NEGATIVE,CAMPAIGN,NY/LI geography in Portland campaign: ' ny'
camp jericho ny,CM - pMax - Portland (MxConv),--,Performance Max,None,0,0,0.00,0.00,ADD NEGATIVE,CAMPAIGN,NY/LI geography in Portland campaign: ' ny'
volleyball camps on long island,CM - pMax - Portland (MxConv),--,Performance Max,None,0,0,0.00,0.00,ADD NEGATIVE,CAMPAIGN,NY/LI geography in Portland campaign: 'long island'
how to juke in soccer,CM - pMax - Portland (MxConv),--,Performance Max,None,0,0,0.00,0.00,ADD NEGATIVE,ACCOUNT,Wrong intent signal: 'how to'
open play long island,CM - Non Brand - PMax,--,Performance Max,None,0,3,0.00,0.00,ADD NEGATIVE,CAMPAIGN,NY/LI geography in Portland campaign: 'long island'
future stars camp long island,CM - pMax - Portland (MxConv),--,Performance Max,None,0,0,0.00,0.00,ADD NEGATIVE,CAMPAIGN,NY/LI geography in Portland campaign: 'long island'
camps r us bellmore,CM - pMax - Portland (MxConv),--,Performance Max,None,0,0,0.00,0.00,ADD NEGATIVE,CAMPAIGN,Competitor term: 'camps r us'
what size tennis racket for 9 year old boy,CM - pMax - Portland (MxConv),--,Performance Max,None,0,0,0.00,0.00,ADD NEGATIVE,ACCOUNT,Wrong intent signal: 'what size'
summer camp jobs yonkers ny,CM - pMax - Portland (MxConv),--,Performance Max,None,0,0,0.00,0.00,ADD NEGATIVE,CAMPAIGN,NY/LI geography in Portland campaign: ' ny'
sleep away summer camp near me,CM - pMax - Portland (MxConv),--,Performance Max,None,0,0,0.00,0.00,ADD NEGATIVE,ACCOUNT,Wrong intent signal: 'sleep away'
farmingdale state college summer camp,CM - Non Brand - PMax,--,Performance Max,None,0,2,0.00,0.00,ADD NEGATIVE,CAMPAIGN,NY/LI geography in Portland campaign: 'farmingdale'
future stars diving camp,CM - pMax - Portland (MxConv),--,Performance Max,None,0,0,0.00,0.00,ADD NEGATIVE,CAMPAIGN,Brand term in pMax - should go to branded campaign
farmingdale volleyball camp,CM - pMax - Portland (MxConv),--,Performance Max,None,0,0,0.00,0.00,ADD NEGATIVE,CAMPAIGN,NY/LI geography in Portland campaign: 'farmingdale'
fs camps,CM - pMax - Portland (MxConv),--,Performance Max,None,0,0,0.00,0.00,ADD NEGATIVE,CAMPAIGN,Brand term in pMax - should go to branded campaign
nassau county aquatic center,CM - pMax - Portland (MxConv),--,Performance Max,None,0,0,0.00,0.00,ADD NEGATIVE,CAMPAIGN,NY/LI geography in Portland campaign: 'nassau'
what size soccer ball for 7 year old,CM - Non Brand - PMax,--,Performance Max,None,0,2,0.00,0.00,ADD NEGATIVE,ACCOUNT,Wrong intent signal: 'what size'
volleyball camp westchester ny,CM - Non Brand - PMax,--,Performance Max,None,0,2,0.00,0.00,ADD NEGATIVE,CAMPAIGN,NY/LI geography in Portland campaign: ' ny'
oasis camp,CM - pMax - Portland (MxConv),--,Performance Max,None,0,0,0.00,0.00,ADD NEGATIVE,CAMPAIGN,Competitor term: 'oasis camp'
summer camps in nassau county,CM - pMax - Portland (MxConv),--,Performance Max,None,0,0,0.00,0.00,ADD NEGATIVE,CAMPAIGN,NY/LI geography in Portland campaign: 'nassau'
soccer stars long island,CM - pMax - Portland (MxConv),--,Performance Max,None,0,0,0.00,0.00,ADD NEGATIVE,CAMPAIGN,NY/LI geography in Portland campaign: 'long island'
how to play soccer tennis,CM - pMax - Portland (MxConv),--,Performance Max,None,0,0,0.00,0.00,ADD NEGATIVE,ACCOUNT,Wrong intent signal: 'how to'
flag football camp long island,CM - pMax - Portland (MxConv),--,Performance Max,None,0,0,0.00,0.00,ADD NEGATIVE,CAMPAIGN,NY/LI geography in Portland campaign: 'long island'
camp w,CM - Non Brand - PMax,--,Performance Max,None,0,1,0.00,0.00,ADD NEGATIVE,CAMPAIGN,Competitor term: 'camp w'
park in long island,CM - Non Brand - PMax,--,Performance Max,None,0,2,0.00,0.00,ADD NEGATIVE,CAMPAIGN,NY/LI geography in Portland campaign: 'long island'
sleepaway camp jobs,CM - pMax - Portland (MxConv),--,Performance Max,None,0,0,0.00,0.00,ADD NEGATIVE,ACCOUNT,Wrong intent signal: 'sleepaway'
camps r us baldwin,CM - pMax - Portland (MxConv),--,Performance Max,None,0,0,0.00,0.00,ADD NEGATIVE,CAMPAIGN,Competitor term: 'camps r us'
summer camps in white plains ny,CM - pMax - Portland (MxConv),--,Performance Max,None,0,0,0.00,0.00,ADD NEGATIVE,CAMPAIGN,NY/LI geography in Portland campaign: ' ny'
long island splash pad,CM - Non Brand - PMax,--,Performance Max,None,0,2,0.00,0.00,ADD NEGATIVE,CAMPAIGN,NY/LI geography in Portland campaign: 'long island'
fairs in long island,CM - Non Brand - PMax,--,Performance Max,None,0,2,0.00,0.00,ADD NEGATIVE,CAMPAIGN,NY/LI geography in Portland campaign: 'long island'
kenwal day camp cost,CM - Nonbranded - Geo Priorities (MxCx),Summer Camps,Phrase match (close variant),None,0,1,0.00,0.00,ADD NEGATIVE,CAMPAIGN,Competitor term in nonbranded campaign: 'kenwal day camp'
what size soccer ball for 9 year old boy,CM - pMax - Portland (MxConv),--,Performance Max,None,0,0,0.00,0.00,ADD NEGATIVE,ACCOUNT,Wrong intent signal: 'what size'
volleyball camps in long island,CM - pMax - Portland (MxConv),--,Performance Max,None,0,0,0.00,0.00,ADD NEGATIVE,CAMPAIGN,NY/LI geography in Portland campaign: 'long island'
future stars lacrosse camp,CM - pMax - Portland (MxConv),--,Performance Max,None,0,0,0.00,0.00,ADD NEGATIVE,CAMPAIGN,Brand term in pMax - should go to branded campaign
long island cheer,CM - pMax - Portland (MxConv),--,Performance Max,None,0,0,0.00,0.00,ADD NEGATIVE,CAMPAIGN,NY/LI geography in Portland campaign: 'long island'
summer camp jobs for teens,CM - pMax - Portland (MxConv),--,Performance Max,None,0,0,0.00,0.00,ADD NEGATIVE,ACCOUNT,Wrong intent signal: 'jobs'
li surge volleyball,CM - pMax - Portland (MxConv),--,Performance Max,None,0,0,0.00,0.00,ADD NEGATIVE,CAMPAIGN,NY/LI geography in Portland campaign: 'li '
long island baseball leagues,CM - Non Brand - PMax,--,Performance Max,None,0,3,0.00,0.00,ADD NEGATIVE,CAMPAIGN,NY/LI geography in Portland campaign: 'long island'
hockey camp long island,CM - pMax - Portland (MxConv),--,Performance Max,None,0,0,0.00,0.00,ADD NEGATIVE,CAMPAIGN,NY/LI geography in Portland campaign: 'long island'
summer camps hiring,CM - pMax - Portland (MxConv),--,Performance Max,None,0,0,0.00,0.00,ADD NEGATIVE,ACCOUNT,Wrong intent signal: 'hiring'
active kidz long island,CM - pMax - Portland (MxConv),--,Performance Max,None,0,0,0.00,0.00,ADD NEGATIVE,CAMPAIGN,NY/LI geography in Portland campaign: 'long island'
suny farmingdale summer camp,CM - pMax - Portland (MxConv),--,Performance Max,None,0,0,0.00,0.00,ADD NEGATIVE,CAMPAIGN,NY/LI geography in Portland campaign: 'farmingdale'
old westbury summer camp tuition,CM - pMax - Portland (MxConv),--,Performance Max,None,0,0,0.00,0.00,ADD NEGATIVE,CAMPAIGN,NY/LI geography in Portland campaign: 'westbury'
hofstra camp,CM - Non Brand - PMax,--,Performance Max,None,1,4,12.77,0.00,ADD NEGATIVE,CAMPAIGN,Competitor term: 'hofstra camp'
long island lacrosse camp,CM - Non Brand - PMax,--,Performance Max,None,0,1,0.00,0.00,ADD NEGATIVE,CAMPAIGN,NY/LI geography in Portland campaign: 'long island'
rising stars basketball long island,CM - Non Brand - PMax,--,Performance Max,None,0,1,0.00,0.00,ADD NEGATIVE,CAMPAIGN,NY/LI geography in Portland campaign: 'long island'
long island health and racquet summer camp,CM - Non Brand - PMax,--,Performance Max,None,0,1,0.00,0.00,ADD NEGATIVE,CAMPAIGN,NY/LI geography in Portland campaign: 'long island'
susa long island,CM - pMax - Portland (MxConv),--,Performance Max,None,0,0,0.00,0.00,ADD NEGATIVE,CAMPAIGN,NY/LI geography in Portland campaign: 'long island'
lacrosse camp long island,CM - pMax - Portland (MxConv),--,Performance Max,None,0,0,0.00,0.00,ADD NEGATIVE,CAMPAIGN,NY/LI geography in Portland campaign: 'long island'
workout classes sag harbor,CM - Non Brand - PMax,--,Performance Max,None,0,1,0.00,0.00,ADD NEGATIVE,ACCOUNT,Wrong intent signal: 'workout'
golf camps long island,CM - Non Brand - PMax,--,Performance Max,None,0,4,0.00,0.00,ADD NEGATIVE,CAMPAIGN,NY/LI geography in Portland campaign: 'long island'
school syosset,CM - Non Brand - PMax,--,Performance Max,None,0,1,0.00,0.00,ADD NEGATIVE,CAMPAIGN,NY/LI geography in Portland campaign: 'syosset'
li ducks camp,CM - Non Brand - PMax,--,Performance Max,None,0,2,0.00,0.00,ADD NEGATIVE,CAMPAIGN,NY/LI geography in Portland campaign: 'li '
how to dunk,CM - pMax - Portland (MxConv),--,Performance Max,None,0,0,0.00,0.00,ADD NEGATIVE,ACCOUNT,Wrong intent signal: 'how to'
summer camp careers near me,CM - pMax - Portland (MxConv),--,Performance Max,None,0,0,0.00,0.00,ADD NEGATIVE,ACCOUNT,Wrong intent signal: 'career'
future stars baseball camp,CM - pMax - Portland (MxConv),--,Performance Max,None,0,0,0.00,0.00,ADD NEGATIVE,CAMPAIGN,Brand term in pMax - should go to branded campaign
golf camp long island,CM - pMax - Portland (MxConv),--,Performance Max,None,0,0,0.00,0.00,ADD NEGATIVE,CAMPAIGN,NY/LI geography in Portland campaign: 'long island'
basketball drills,CM - pMax - Portland (MxConv),--,Performance Max,None,0,0,0.00,0.00,ADD NEGATIVE,ACCOUNT,Wrong intent signal: 'drills'
children's museum on long island,CM - Non Brand - PMax,--,Performance Max,None,0,1,0.00,0.00,ADD NEGATIVE,CAMPAIGN,NY/LI geography in Portland campaign: 'long island'
farmingdale cheerleading,CM - Non Brand - PMax,--,Performance Max,None,0,1,0.00,0.00,ADD NEGATIVE,CAMPAIGN,NY/LI geography in Portland campaign: 'farmingdale'
luhi summer camp,CM - Non Brand - PMax,--,Performance Max,None,0,2,0.00,0.00,ADD NEGATIVE,CAMPAIGN,Competitor term: 'luhi summer camp'
club volleyball long island,CM - pMax - Portland (MxConv),--,Performance Max,None,0,0,0.00,0.00,ADD NEGATIVE,CAMPAIGN,NY/LI geography in Portland campaign: 'long island'
soccer camp nassau county,CM - pMax - Portland (MxConv),--,Performance Max,None,0,0,0.00,0.00,ADD NEGATIVE,CAMPAIGN,NY/LI geography in Portland campaign: 'nassau'
nassau community college men's volleyball,CM - pMax - Portland (MxConv),--,Performance Max,None,0,0,0.00,0.00,ADD NEGATIVE,CAMPAIGN,NY/LI geography in Portland campaign: 'nassau'
swimming classes long island,CM - pMax - Portland (MxConv),--,Performance Max,None,0,0,0.00,0.00,ADD NEGATIVE,CAMPAIGN,NY/LI geography in Portland campaign: 'long island'
tennis lessons suffolk county long island,CM - Non Brand - PMax,--,Performance Max,None,0,1,0.00,0.00,ADD NEGATIVE,CAMPAIGN,NY/LI geography in Portland campaign: 'long island'
camps in long island ny,CM - Non Brand - PMax,--,Performance Max,None,0,1,0.00,0.00,ADD NEGATIVE,CAMPAIGN,NY/LI geography in Portland campaign: 'long island'
learn how to swim near me,CM - Non Brand - PMax,--,Performance Max,None,0,2,0.00,0.00,ADD NEGATIVE,ACCOUNT,Wrong intent signal: 'how to'
ymca of long island,CM - Non Brand - PMax,--,Performance Max,None,0,3,0.00,0.00,ADD NEGATIVE,CAMPAIGN,NY/LI geography in Portland campaign: 'long island'
what size racket for 7 year old,CM - Non Brand - PMax,--,Performance Max,None,0,1,0.00,0.00,ADD NEGATIVE,ACCOUNT,Wrong intent signal: 'what size'
soccer long island ny,CM - Non Brand - PMax,--,Performance Max,None,0,1,0.00,0.00,ADD NEGATIVE,CAMPAIGN,NY/LI geography in Portland campaign: 'long island'
future stars camp farmingdale,CM - pMax - Portland (MxConv),--,Performance Max,None,0,0,0.00,0.00,ADD NEGATIVE,CAMPAIGN,NY/LI geography in Portland campaign: 'farmingdale'
how to size a tennis racket for kids,CM - pMax - Portland (MxConv),--,Performance Max,None,0,0,0.00,0.00,ADD NEGATIVE,ACCOUNT,Wrong intent signal: 'how to'
camp counselor jobs,CM - pMax - Portland (MxConv),--,Performance Max,None,0,0,0.00,0.00,ADD NEGATIVE,ACCOUNT,Wrong intent signal: 'jobs'
jjv soccer academy ny,CM - pMax - Portland (MxConv),--,Performance Max,None,0,0,0.00,0.00,ADD NEGATIVE,CAMPAIGN,NY/LI geography in Portland campaign: ' ny'
how to get my kids off screens,CM - pMax - Portland (MxConv),--,Performance Max,None,0,1,0.00,0.00,ADD NEGATIVE,ACCOUNT,Wrong intent signal: 'how to'
how to stay afloat,CM - pMax - Portland (MxConv),--,Performance Max,None,0,0,0.00,0.00,ADD NEGATIVE,ACCOUNT,Wrong intent signal: 'how to'
how to coach soccer to 10 year olds,CM - pMax - Portland (MxConv),--,Performance Max,None,0,0,0.00,0.00,ADD NEGATIVE,ACCOUNT,Wrong intent signal: 'how to'
farmingdale sports camp,CM - pMax - Portland (MxConv),--,Performance Max,None,0,0,0.00,0.00,ADD NEGATIVE,CAMPAIGN,NY/LI geography in Portland campaign: 'farmingdale'
summer camp levittown ny,CM - pMax - Portland (MxConv),--,Performance Max,None,0,0,0.00,0.00,ADD NEGATIVE,CAMPAIGN,NY/LI geography in Portland campaign: ' ny'
summer camp farmingdale,CM - Non Brand - PMax,--,Performance Max,None,0,1,0.00,0.00,ADD NEGATIVE,CAMPAIGN,NY/LI geography in Portland campaign: 'farmingdale'
places to go in long island,CM - Non Brand - PMax,--,Performance Max,None,0,1,0.00,0.00,ADD NEGATIVE,CAMPAIGN,NY/LI geography in Portland campaign: 'long island'
how to become good at dribbling in football,CM - pMax - Portland (MxConv),--,Performance Max,None,0,0,0.00,0.00,ADD NEGATIVE,ACCOUNT,Wrong intent signal: 'how to'
club ace long island,CM - pMax - Portland (MxConv),--,Performance Max,None,0,0,0.00,0.00,ADD NEGATIVE,CAMPAIGN,NY/LI geography in Portland campaign: 'long island'
soccer summer camps long island,CM - pMax - Portland (MxConv),--,Performance Max,None,0,0,0.00,0.00,ADD NEGATIVE,CAMPAIGN,NY/LI geography in Portland campaign: 'long island'
soccer camp long island,CM - pMax - Portland (MxConv),--,Performance Max,None,0,0,0.00,0.00,ADD NEGATIVE,CAMPAIGN,NY/LI geography in Portland campaign: 'long island'
summer baseball leagues long island,CM - Non Brand - PMax,--,Performance Max,None,0,2,0.00,0.00,ADD NEGATIVE,CAMPAIGN,NY/LI geography in Portland campaign: 'long island'
horseback riding riverhead ny,CM - Non Brand - PMax,--,Performance Max,None,0,1,0.00,0.00,ADD NEGATIVE,CAMPAIGN,NY/LI geography in Portland campaign: ' ny'
how to dribble in rematch,CM - pMax - Portland (MxConv),--,Performance Max,None,0,0,0.00,0.00,ADD NEGATIVE,ACCOUNT,Wrong intent signal: 'how to'
summer camp bronx ny,CM - pMax - Portland (MxConv),--,Performance Max,None,0,0,0.00,0.00,ADD NEGATIVE,CAMPAIGN,NY/LI geography in Portland campaign: ' ny'
flag football league long island,CM - pMax - Portland (MxConv),--,Performance Max,None,0,0,0.00,0.00,ADD NEGATIVE,CAMPAIGN,NY/LI geography in Portland campaign: 'long island'
chess camp westchester ny,CM - pMax - Portland (MxConv),--,Performance Max,None,0,0,0.00,0.00,ADD NEGATIVE,CAMPAIGN,NY/LI geography in Portland campaign: ' ny'
playa long island,CM - Non Brand - PMax,--,Performance Max,None,0,2,0.00,0.00,ADD NEGATIVE,CAMPAIGN,NY/LI geography in Portland campaign: 'long island'
camp farmingdale,CM - pMax - Portland (MxConv),--,Performance Max,None,0,0,0.00,0.00,ADD NEGATIVE,CAMPAIGN,NY/LI geography in Portland campaign: 'farmingdale'
melville summer camp,CM - pMax - Portland (MxConv),--,Performance Max,None,0,0,0.00,0.00,ADD NEGATIVE,CAMPAIGN,NY/LI geography in Portland campaign: 'melville'
summer camp suffolk county,CM - pMax - Portland (MxConv),--,Performance Max,None,0,0,0.00,0.00,ADD NEGATIVE,CAMPAIGN,NY/LI geography in Portland campaign: 'suffolk'
summer camp nyc free,CM - pMax - Portland (MxConv),--,Performance Max,None,0,0,0.00,0.00,ADD NEGATIVE,CAMPAIGN,NY/LI geography in Portland campaign: ' ny'
what size soccer ball,CM - pMax - Portland (MxConv),--,Performance Max,None,0,0,0.00,0.00,ADD NEGATIVE,ACCOUNT,Wrong intent signal: 'what size'
summer jobs,CM - pMax - Portland (MxConv),--,Performance Max,None,0,0,0.00,0.00,ADD NEGATIVE,ACCOUNT,Wrong intent signal: 'jobs'
pool garden city,CM - Non Brand - PMax,--,Performance Max,None,0,1,0.00,0.00,ADD NEGATIVE,CAMPAIGN,NY/LI geography in Portland campaign: 'garden city'
what size soccer ball for a 4 year old,CM - pMax - Portland (MxConv),--,Performance Max,None,0,0,0.00,0.00,ADD NEGATIVE,ACCOUNT,Wrong intent signal: 'what size'
westchester volleyball ny,CM - pMax - Portland (MxConv),--,Performance Max,None,0,0,0.00,0.00,ADD NEGATIVE,CAMPAIGN,NY/LI geography in Portland campaign: ' ny'
volleyball camp long island,CM - pMax - Portland (MxConv),--,Performance Max,None,0,0,0.00,0.00,ADD NEGATIVE,CAMPAIGN,NY/LI geography in Portland campaign: 'long island'
how to act anxious in a play,CM - pMax - Portland (MxConv),--,Performance Max,None,0,0,0.00,0.00,ADD NEGATIVE,ACCOUNT,Wrong intent signal: 'how to'
future stars baseball tournament,CM - pMax - Portland (MxConv),--,Performance Max,None,0,0,0.00,0.00,ADD NEGATIVE,CAMPAIGN,Brand term in pMax - should go to branded campaign
farmingdale camp,CM - Non Brand - PMax,--,Performance Max,None,0,1,0.00,0.00,ADD NEGATIVE,CAMPAIGN,NY/LI geography in Portland campaign: 'farmingdale'
girls volleyball camps long island,CM - pMax - Portland (MxConv),--,Performance Max,None,0,0,0.00,0.00,ADD NEGATIVE,CAMPAIGN,NY/LI geography in Portland campaign: 'long island'
things to do in long island,CM - pMax - Portland (MxConv),--,Performance Max,None,0,0,0.00,0.00,ADD NEGATIVE,CAMPAIGN,NY/LI geography in Portland campaign: 'long island'
premier basketball ny,CM - Non Brand - PMax,--,Performance Max,None,0,2,0.00,0.00,ADD NEGATIVE,CAMPAIGN,NY/LI geography in Portland campaign: ' ny'
ny state parks long island,CM - Non Brand - PMax,--,Performance Max,None,0,1,0.00,0.00,ADD NEGATIVE,CAMPAIGN,NY/LI geography in Portland campaign: 'long island'
lego camp long island,CM - pMax - Portland (MxConv),--,Performance Max,None,0,0,0.00,0.00,ADD NEGATIVE,CAMPAIGN,NY/LI geography in Portland campaign: 'long island'
future stars volleyball camp,CM - pMax - Portland (MxConv),--,Performance Max,None,0,0,0.00,0.00,ADD NEGATIVE,CAMPAIGN,Brand term in pMax - should go to branded campaign
summer camp dix hills ny,CM - pMax - Portland (MxConv),--,Performance Max,None,0,0,0.00,0.00,ADD NEGATIVE,CAMPAIGN,NY/LI geography in Portland campaign: ' ny'
long island parks,CM - Non Brand - PMax,--,Performance Max,None,0,9,0.00,0.00,ADD NEGATIVE,CAMPAIGN,NY/LI geography in Portland campaign: 'long island'
ymca long island,CM - Non Brand - PMax,--,Performance Max,None,0,6,0.00,0.00,ADD NEGATIVE,CAMPAIGN,NY/LI geography in Portland campaign: 'long island'
dorothy p flint 4 h camp sound avenue riverhead ny,CM - Non Brand - PMax,--,Performance Max,None,0,1,0.00,0.00,ADD NEGATIVE,CAMPAIGN,NY/LI geography in Portland campaign: ' ny'
ymca holtsville ny,CM - pMax - Portland (MxConv),--,Performance Max,None,0,0,0.00,0.00,ADD NEGATIVE,CAMPAIGN,NY/LI geography in Portland campaign: ' ny'
old westbury camp,CM - Non Brand - PMax,--,Performance Max,None,0,2,0.00,0.00,ADD NEGATIVE,CAMPAIGN,NY/LI geography in Portland campaign: 'westbury'
summer camp commack,CM - pMax - Portland (MxConv),--,Performance Max,None,0,0,0.00,0.00,ADD NEGATIVE,CAMPAIGN,NY/LI geography in Portland campaign: 'commack'
camp good times greenburgh ny,CM - pMax - Portland (MxConv),--,Performance Max,None,0,0,0.00,0.00,ADD NEGATIVE,CAMPAIGN,NY/LI geography in Portland campaign: ' ny'
future stars southampton camp,CM - pMax - Portland (MxConv),--,Performance Max,None,0,0,0.00,0.00,ADD NEGATIVE,CAMPAIGN,Brand term in pMax - should go to branded campaign
long island soccer trainers,CM - pMax - Portland (MxConv),--,Performance Max,None,0,0,0.00,0.00,ADD NEGATIVE,CAMPAIGN,NY/LI geography in Portland campaign: 'long island'
old westbury summer camp,CM - pMax - Portland (MxConv),--,Performance Max,None,0,0,0.00,0.00,ADD NEGATIVE,CAMPAIGN,NY/LI geography in Portland campaign: 'westbury'
summer counselor jobs,CM - pMax - Portland (MxConv),--,Performance Max,None,0,0,0.00,0.00,ADD NEGATIVE,ACCOUNT,Wrong intent signal: 'jobs'
old westbury camp,CM - pMax - Portland (MxConv),--,Performance Max,None,0,0,0.00,0.00,ADD NEGATIVE,CAMPAIGN,NY/LI geography in Portland campaign: 'westbury'
how to dribble basketball,CM - pMax - Portland (MxConv),--,Performance Max,None,0,0,0.00,0.00,ADD NEGATIVE,ACCOUNT,Wrong intent signal: 'how to'
summer camp riverhead ny,CM - pMax - Portland (MxConv),--,Performance Max,None,0,0,0.00,0.00,ADD NEGATIVE,CAMPAIGN,NY/LI geography in Portland campaign: ' ny'
jobs at summer camps,CM - pMax - Portland (MxConv),--,Performance Max,None,0,0,0.00,0.00,ADD NEGATIVE,ACCOUNT,Wrong intent signal: 'jobs'
long island swimming school,CM - Non Brand - PMax,--,Performance Max,None,0,4,0.00,0.00,ADD NEGATIVE,CAMPAIGN,NY/LI geography in Portland campaign: 'long island'
garden city soccer,CM - Non Brand - PMax,--,Performance Max,None,0,2,0.00,0.00,ADD NEGATIVE,CAMPAIGN,NY/LI geography in Portland campaign: 'garden city'
goalkeeper training nyc,CM - Non Brand - PMax,--,Performance Max,None,0,1,0.00,0.00,ADD NEGATIVE,CAMPAIGN,NY/LI geography in Portland campaign: ' ny'
soccer ball size for 4 year old,CM - pMax - Portland (MxConv),--,Performance Max,None,0,0,0.00,0.00,ADD NEGATIVE,ACCOUNT,Wrong intent signal: 'ball size'
oasis day camp liu,CM - pMax - Portland (MxConv),--,Performance Max,None,0,0,0.00,0.00,ADD NEGATIVE,CAMPAIGN,Competitor term: 'oasis day camp'
future stars softball camp,CM - pMax - Portland (MxConv),--,Performance Max,None,0,0,0.00,0.00,ADD NEGATIVE,CAMPAIGN,Brand term in pMax - should go to branded campaign
long island express lacrosse,CM - pMax - Portland (MxConv),--,Performance Max,None,0,0,0.00,0.00,ADD NEGATIVE,CAMPAIGN,NY/LI geography in Portland campaign: 'long island'
tennis camp long island,CM - pMax - Portland (MxConv),--,Performance Max,None,0,0,0.00,0.00,ADD NEGATIVE,CAMPAIGN,NY/LI geography in Portland campaign: 'long island'
long island tennis camp,CM - pMax - Portland (MxConv),--,Performance Max,None,0,0,0.00,0.00,ADD NEGATIVE,CAMPAIGN,NY/LI geography in Portland campaign: 'long island'
baseball camp westchester ny,CM - Non Brand - PMax,--,Performance Max,None,0,1,0.00,0.00,ADD NEGATIVE,CAMPAIGN,NY/LI geography in Portland campaign: ' ny'
camps r us,CM - Non Brand - PMax,--,Performance Max,None,0,1,0.00,0.00,ADD NEGATIVE,CAMPAIGN,Competitor term: 'camps r us'
soccer ball size age 12,CM - pMax - Portland (MxConv),--,Performance Max,None,0,0,0.00,0.00,ADD NEGATIVE,ACCOUNT,Wrong intent signal: 'ball size'
soccer camps westchester ny,CM - pMax - Portland (MxConv),--,Performance Max,None,0,0,0.00,0.00,ADD NEGATIVE,CAMPAIGN,NY/LI geography in Portland campaign: ' ny'
swim camp westchester ny,CM - pMax - Portland (MxConv),--,Performance Max,None,0,0,0.00,0.00,ADD NEGATIVE,CAMPAIGN,NY/LI geography in Portland campaign: ' ny'
camp r us farmingdale,CM - pMax - Portland (MxConv),--,Performance Max,None,0,0,0.00,0.00,ADD NEGATIVE,CAMPAIGN,NY/LI geography in Portland campaign: 'farmingdale'
purchase future stars,CM - pMax - Portland (MxConv),--,Performance Max,None,0,0,0.00,0.00,ADD NEGATIVE,CAMPAIGN,Brand term in pMax - should go to branded campaign
long island club lacrosse teams,CM - Non Brand - PMax,--,Performance Max,None,0,2,0.00,0.00,ADD NEGATIVE,CAMPAIGN,NY/LI geography in Portland campaign: 'long island'
private swim lessons long island,CM - Non Brand - PMax,--,Performance Max,None,0,1,0.00,0.00,ADD NEGATIVE,CAMPAIGN,NY/LI geography in Portland campaign: 'long island'
swim clubs long island,CM - Non Brand - PMax,--,Performance Max,None,0,2,0.00,0.00,ADD NEGATIVE,CAMPAIGN,NY/LI geography in Portland campaign: 'long island'
what size tennis racket for 9 year old,CM - pMax - Portland (MxConv),--,Performance Max,None,0,1,0.00,0.00,ADD NEGATIVE,ACCOUNT,Wrong intent signal: 'what size'
long island football,CM - pMax - Portland (MxConv),--,Performance Max,None,0,0,0.00,0.00,ADD NEGATIVE,CAMPAIGN,NY/LI geography in Portland campaign: 'long island'
volleyball long island,CM - Non Brand - PMax,--,Performance Max,None,1,6,1.15,0.00,ADD NEGATIVE,CAMPAIGN,NY/LI geography in Portland campaign: 'long island'
flag football suffolk county ny,CM - pMax - Portland (MxConv),--,Performance Max,None,0,0,0.00,0.00,ADD NEGATIVE,CAMPAIGN,NY/LI geography in Portland campaign: ' ny'
how to choose tennis racket for kids,CM - Non Brand - PMax,--,Performance Max,None,0,2,0.00,0.00,ADD NEGATIVE,ACCOUNT,Wrong intent signal: 'how to'
parques para niños en long island,CM - Non Brand - PMax,--,Performance Max,None,0,1,0.00,0.00,ADD NEGATIVE,CAMPAIGN,NY/LI geography in Portland campaign: 'long island'
future stars camp southampton,CM - pMax - Portland (MxConv),--,Performance Max,None,0,0,0.00,0.00,ADD NEGATIVE,CAMPAIGN,Brand term in pMax - should go to branded campaign
football camps in westchester ny,CM - pMax - Portland (MxConv),--,Performance Max,None,0,0,0.00,0.00,ADD NEGATIVE,CAMPAIGN,NY/LI geography in Portland campaign: ' ny'
summer camp hamptons ny,CM - pMax - Portland (MxConv),--,Performance Max,None,0,0,0.00,0.00,ADD NEGATIVE,CAMPAIGN,NY/LI geography in Portland campaign: ' ny'
hofstra summer camp,CM - pMax - Portland (MxConv),--,Performance Max,None,0,0,0.00,0.00,ADD NEGATIVE,CAMPAIGN,Competitor term: 'hofstra summer camp'
camp w melville ny,CM - Non Brand - PMax,--,Performance Max,None,0,1,0.00,0.00,ADD NEGATIVE,CAMPAIGN,NY/LI geography in Portland campaign: ' ny'
long island horseback riding,CM - Non Brand - PMax,--,Performance Max,None,0,3,0.00,0.00,ADD NEGATIVE,CAMPAIGN,NY/LI geography in Portland campaign: 'long island'
football summer camp nyc,CM - pMax - Portland (MxConv),--,Performance Max,None,0,0,0.00,0.00,ADD NEGATIVE,CAMPAIGN,NY/LI geography in Portland campaign: ' ny'
best soccer ball size for 4 year old,CM - pMax - Portland (MxConv),--,Performance Max,None,0,0,0.00,0.00,ADD NEGATIVE,ACCOUNT,Wrong intent signal: 'ball size'
future stars game,CM - pMax - Portland (MxConv),--,Performance Max,None,0,0,0.00,0.00,ADD NEGATIVE,CAMPAIGN,Brand term in pMax - should go to branded campaign
camps hiring near me,CM - pMax - Portland (MxConv),--,Performance Max,None,0,0,0.00,0.00,ADD NEGATIVE,ACCOUNT,Wrong intent signal: 'hiring'
baseball how to hit better,CM - pMax - Portland (MxConv),--,Performance Max,None,0,0,0.00,0.00,ADD NEGATIVE,ACCOUNT,Wrong intent signal: 'how to'
water park in long island,CM - Non Brand - PMax,--,Performance Max,None,0,2,0.00,0.00,ADD NEGATIVE,CAMPAIGN,NY/LI geography in Portland campaign: 'long island'
future sports stars,CM - Branded (Mx.Clicks),Future Stars Camp Brand,Phrase match,None,1,2,0.05,0.00,ADD NEGATIVE,CAMPAIGN,No brand signal - not relevant for branded campaign
what size soccer ball for u9,CM - pMax - Portland (MxConv),--,Performance Max,None,0,1,0.00,0.00,ADD NEGATIVE,ACCOUNT,Wrong intent signal: 'what size'
5 year old soccer ball size,CM - pMax - Portland (MxConv),--,Performance Max,None,0,0,0.00,0.00,ADD NEGATIVE,ACCOUNT,Wrong intent signal: 'ball size'
what size soccer ball to get,CM - pMax - Portland (MxConv),--,Performance Max,None,0,0,0.00,0.00,ADD NEGATIVE,ACCOUNT,Wrong intent signal: 'what size'
how to cut a softball,CM - pMax - Portland (MxConv),--,Performance Max,None,0,0,0.00,0.00,ADD NEGATIVE,ACCOUNT,Wrong intent signal: 'how to'
hofstra summer camps,CM - pMax - Portland (MxConv),--,Performance Max,None,0,0,0.00,0.00,ADD NEGATIVE,CAMPAIGN,Competitor term: 'hofstra summer camp'
water parks long island,CM - Non Brand - PMax,--,Performance Max,None,0,5,0.00,0.00,ADD NEGATIVE,CAMPAIGN,NY/LI geography in Portland campaign: 'long island'
volleyball camp nyc,CM - Non Brand - PMax,--,Performance Max,None,0,2,0.00,0.00,ADD NEGATIVE,CAMPAIGN,NY/LI geography in Portland campaign: ' ny'
luhi summer camp,CM - pMax - Portland (MxConv),--,Performance Max,None,0,0,0.00,0.00,ADD NEGATIVE,CAMPAIGN,Competitor term: 'luhi summer camp'
future stars camp st joseph college,CM - pMax - Portland (MxConv),--,Performance Max,None,0,0,0.00,0.00,ADD NEGATIVE,CAMPAIGN,Brand term in pMax - should go to branded campaign
future stars farmingdale camp,CM - pMax - Portland (MxConv),--,Performance Max,None,0,0,0.00,0.00,ADD NEGATIVE,CAMPAIGN,NY/LI geography in Portland campaign: 'farmingdale'
hockey camp ny,CM - pMax - Portland (MxConv),--,Performance Max,None,0,0,0.00,0.00,ADD NEGATIVE,CAMPAIGN,NY/LI geography in Portland campaign: ' ny'
future stars basketball academy,CM - pMax - Portland (MxConv),--,Performance Max,None,0,0,0.00,0.00,ADD NEGATIVE,CAMPAIGN,Brand term in pMax - should go to branded campaign
dribble drills,CM - pMax - Portland (MxConv),--,Performance Max,None,0,0,0.00,0.00,ADD NEGATIVE,ACCOUNT,Wrong intent signal: 'drills'
future star,CM - pMax - Portland (MxConv),--,Performance Max,None,0,0,0.00,0.00,ADD NEGATIVE,CAMPAIGN,Brand term in pMax - should go to branded campaign
future stars tennis,CM - pMax - Portland (MxConv),--,Performance Max,None,0,0,0.00,0.00,ADD NEGATIVE,CAMPAIGN,Brand term in pMax - should go to branded campaign
kids fishing long island,CM - pMax - Portland (MxConv),--,Performance Max,None,0,0,0.00,0.00,ADD NEGATIVE,CAMPAIGN,NY/LI geography in Portland campaign: 'long island'
long island adventure park,CM - pMax - Portland (MxConv),--,Performance Max,None,0,0,0.00,0.00,ADD NEGATIVE,CAMPAIGN,NY/LI geography in Portland campaign: 'long island'
future star football academy,CM - pMax - Portland (MxConv),--,Performance Max,None,0,0,0.00,0.00,ADD NEGATIVE,CAMPAIGN,Brand term in pMax - should go to branded campaign
how to play lacrosse for beginners girls,CM - Non Brand - PMax,--,Performance Max,None,0,1,0.00,0.00,ADD NEGATIVE,ACCOUNT,Wrong intent signal: 'how to'
creality print tutorial,CM - Non Brand - PMax,--,Performance Max,None,0,1,0.00,0.00,ADD NEGATIVE,ACCOUNT,Wrong intent signal: 'tutorial'
future stars flag football camp,CM - pMax - Portland (MxConv),--,Performance Max,None,0,0,0.00,0.00,ADD NEGATIVE,CAMPAIGN,Brand term in pMax - should go to branded campaign
acting classes for kids long island,CM - pMax - Portland (MxConv),--,Performance Max,None,0,0,0.00,0.00,ADD NEGATIVE,CAMPAIGN,NY/LI geography in Portland campaign: 'long island'
sleepaway camp counselor jobs near me,CM - pMax - Portland (MxConv),--,Performance Max,None,0,0,0.00,0.00,ADD NEGATIVE,ACCOUNT,Wrong intent signal: 'sleepaway'
soccer ball size for 10 year old,CM - pMax - Portland (MxConv),--,Performance Max,None,0,0,0.00,0.00,ADD NEGATIVE,ACCOUNT,Wrong intent signal: 'ball size'
sunrise day camp long island,CM - pMax - Portland (MxConv),--,Performance Max,None,0,0,0.00,0.00,ADD NEGATIVE,CAMPAIGN,NY/LI geography in Portland campaign: 'long island'
robotics camp long island,CM - pMax - Portland (MxConv),--,Performance Max,None,0,0,0.00,0.00,ADD NEGATIVE,CAMPAIGN,NY/LI geography in Portland campaign: 'long island'
future stars near me,CM - pMax - Portland (MxConv),--,Performance Max,None,0,0,0.00,0.00,ADD NEGATIVE,CAMPAIGN,Brand term in pMax - should go to branded campaign
future stars adventure camp,CM - pMax - Portland (MxConv),--,Performance Max,None,0,0,0.00,0.00,ADD NEGATIVE,CAMPAIGN,Brand term in pMax - should go to branded campaign
future stars st joseph's college,CM - pMax - Portland (MxConv),--,Performance Max,None,0,0,0.00,0.00,ADD NEGATIVE,CAMPAIGN,Brand term in pMax - should go to branded campaign
what size tennis racket for 6 year old,CM - pMax - Portland (MxConv),--,Performance Max,None,0,0,0.00,0.00,ADD NEGATIVE,ACCOUNT,Wrong intent signal: 'what size'
li legends,CM - pMax - Portland (MxConv),--,Performance Max,None,0,0,0.00,0.00,ADD NEGATIVE,CAMPAIGN,NY/LI geography in Portland campaign: 'li '
what size soccer ball for a 6 year old,CM - pMax - Portland (MxConv),--,Performance Max,None,0,0,0.00,0.00,ADD NEGATIVE,ACCOUNT,Wrong intent signal: 'what size'
camps r us locations,CM - pMax - Portland (MxConv),--,Performance Max,None,0,0,0.00,0.00,ADD NEGATIVE,CAMPAIGN,Competitor term: 'camps r us'
acting school long island,CM - pMax - Portland (MxConv),--,Performance Max,None,0,0,0.00,0.00,ADD NEGATIVE,CAMPAIGN,NY/LI geography in Portland campaign: 'long island'
sleep away camp near me,CM - pMax - Portland (MxConv),--,Performance Max,None,0,0,0.00,0.00,ADD NEGATIVE,ACCOUNT,Wrong intent signal: 'sleep away'
how to do over the rainbow soccer,CM - pMax - Portland (MxConv),--,Performance Max,None,0,0,0.00,0.00,ADD NEGATIVE,ACCOUNT,Wrong intent signal: 'how to'
camps long island,CM - Non Brand - PMax,--,Performance Max,None,0,3,0.00,0.00,ADD NEGATIVE,CAMPAIGN,NY/LI geography in Portland campaign: 'long island'
hofstra summer camp for kids,CM - Nonbranded - Geo Priorities (MxCx),Summer Camps,Phrase match,None,0,2,0.00,0.00,ADD NEGATIVE,CAMPAIGN,Competitor term in nonbranded campaign: 'hofstra summer camp'
rematch how to dribble,CM - pMax - Portland (MxConv),--,Performance Max,None,0,0,0.00,0.00,ADD NEGATIVE,ACCOUNT,Wrong intent signal: 'how to'
summer camp counselor jobs teen,CM - pMax - Portland (MxConv),--,Performance Max,None,0,0,0.00,0.00,ADD NEGATIVE,ACCOUNT,Wrong intent signal: 'jobs'
future stars basketball camp,CM - pMax - Portland (MxConv),--,Performance Max,None,0,0,0.00,0.00,ADD NEGATIVE,CAMPAIGN,Brand term in pMax - should go to branded campaign
long island volleyball camp,CM - Non Brand - PMax,--,Performance Max,None,1,5,2.00,0.00,ADD NEGATIVE,CAMPAIGN,NY/LI geography in Portland campaign: 'long island'
splash pads long island,CM - Non Brand - PMax,--,Performance Max,None,0,6,0.00,0.00,ADD NEGATIVE,CAMPAIGN,NY/LI geography in Portland campaign: 'long island'
nassau county volleyball,CM - Non Brand - PMax,--,Performance Max,None,0,2,0.00,0.00,ADD NEGATIVE,CAMPAIGN,NY/LI geography in Portland campaign: 'nassau'
gymnastics medford ny,CM - Non Brand - PMax,--,Performance Max,None,0,1,0.00,0.00,ADD NEGATIVE,CAMPAIGN,NY/LI geography in Portland campaign: ' ny'
farmingdale future stars,CM - pMax - Portland (MxConv),--,Performance Max,None,0,0,0.00,0.00,ADD NEGATIVE,CAMPAIGN,NY/LI geography in Portland campaign: 'farmingdale'
long island summer camps 2025,CM - pMax - Portland (MxConv),--,Performance Max,None,0,0,0.00,0.00,ADD NEGATIVE,CAMPAIGN,NY/LI geography in Portland campaign: 'long island'
what size youth soccer ball,CM - Non Brand - PMax,--,Performance Max,None,0,1,0.00,0.00,ADD NEGATIVE,ACCOUNT,Wrong intent signal: 'what size'
how to get better at dribbling a soccer ball,CM - pMax - Portland (MxConv),--,Performance Max,None,0,0,0.00,0.00,ADD NEGATIVE,ACCOUNT,Wrong intent signal: 'how to'
farmingdale,CM - Non Brand - PMax,--,Performance Max,None,0,1,0.00,0.00,ADD NEGATIVE,CAMPAIGN,NY/LI geography in Portland campaign: 'farmingdale'
long island splash parks,CM - Non Brand - PMax,--,Performance Max,None,0,1,0.00,0.00,ADD NEGATIVE,CAMPAIGN,NY/LI geography in Portland campaign: 'long island'
kenwal day camp,CM - pMax - Portland (MxConv),--,Performance Max,None,0,0,0.00,0.00,ADD NEGATIVE,CAMPAIGN,Competitor term: 'kenwal day camp'
horseback riding long island ny,CM - Non Brand - PMax,--,Performance Max,None,0,2,0.00,0.00,ADD NEGATIVE,CAMPAIGN,NY/LI geography in Portland campaign: 'long island'
long island splash pads,CM - Non Brand - PMax,--,Performance Max,None,0,3,0.00,0.00,ADD NEGATIVE,CAMPAIGN,NY/LI geography in Portland campaign: 'long island'
long island summer camps 2026,CM - Non Brand - PMax,--,Performance Max,None,1,1,1.88,0.00,ADD NEGATIVE,CAMPAIGN,NY/LI geography in Portland campaign: 'long island'
camp mohawk new york,CM - pMax - Portland (MxConv),--,Performance Max,None,0,0,0.00,0.00,ADD NEGATIVE,CAMPAIGN,NY/LI geography in Portland campaign: 'new york'
volleyball camps in new york state,CM - pMax - Portland (MxConv),--,Performance Max,None,0,0,0.00,0.00,ADD NEGATIVE,CAMPAIGN,NY/LI geography in Portland campaign: 'new york'
future stars volleyball,CM - pMax - Portland (MxConv),--,Performance Max,None,0,0,0.00,0.00,ADD NEGATIVE,CAMPAIGN,Brand term in pMax - should go to branded campaign
suffolk county summer camps,CM - pMax - Portland (MxConv),--,Performance Max,None,0,0,0.00,0.00,ADD NEGATIVE,CAMPAIGN,NY/LI geography in Portland campaign: 'suffolk'
horseback riding in ny,CM - Non Brand - PMax,--,Performance Max,None,0,1,0.00,0.00,ADD NEGATIVE,CAMPAIGN,NY/LI geography in Portland campaign: ' ny'
express swimming long island,CM - Non Brand - PMax,--,Performance Max,None,0,1,0.00,0.00,ADD NEGATIVE,CAMPAIGN,NY/LI geography in Portland campaign: 'long island'
individual lacrosse drills,CM - pMax - Portland (MxConv),--,Performance Max,None,0,1,0.00,0.00,ADD NEGATIVE,ACCOUNT,Wrong intent signal: 'drills'
field hockey camp long island,CM - pMax - Portland (MxConv),--,Performance Max,None,0,0,0.00,0.00,ADD NEGATIVE,CAMPAIGN,NY/LI geography in Portland campaign: 'long island'
football camps long island,CM - pMax - Portland (MxConv),--,Performance Max,None,0,0,0.00,0.00,ADD NEGATIVE,CAMPAIGN,NY/LI geography in Portland campaign: 'long island'
free summer camp nyc 2025,CM - pMax - Portland (MxConv),--,Performance Max,None,0,0,0.00,0.00,ADD NEGATIVE,CAMPAIGN,NY/LI geography in Portland campaign: ' ny'
soccer kids nyc,CM - pMax - Portland (MxConv),--,Performance Max,None,0,0,0.00,0.00,ADD NEGATIVE,CAMPAIGN,NY/LI geography in Portland campaign: ' ny'
volleyball camps westchester ny,CM - pMax - Portland (MxConv),--,Performance Max,None,0,0,0.00,0.00,ADD NEGATIVE,CAMPAIGN,NY/LI geography in Portland campaign: ' ny'
future stars camp promo code,CM - pMax - Portland (MxConv),--,Performance Max,None,0,0,0.00,0.00,ADD NEGATIVE,CAMPAIGN,Brand term in pMax - should go to branded campaign
what size soccer ball for 7 year old,CM - pMax - Portland (MxConv),--,Performance Max,None,0,0,0.00,0.00,ADD NEGATIVE,ACCOUNT,Wrong intent signal: 'what size'
long island swim academy,CM - Non Brand - PMax,--,Performance Max,None,0,2,0.00,0.00,ADD NEGATIVE,CAMPAIGN,NY/LI geography in Portland campaign: 'long island'
camps r us farmingdale,CM - Non Brand - PMax,--,Performance Max,None,1,2,0.91,0.00,ADD NEGATIVE,CAMPAIGN,NY/LI geography in Portland campaign: 'farmingdale'
long island,CM - Non Brand - PMax,--,Performance Max,None,0,3,0.00,0.00,ADD NEGATIVE,CAMPAIGN,NY/LI geography in Portland campaign: 'long island'
all long island games lacrosse,CM - pMax - Portland (MxConv),--,Performance Max,None,0,0,0.00,0.00,ADD NEGATIVE,CAMPAIGN,NY/LI geography in Portland campaign: 'long island'
old westbury summer camp,CM - Non Brand - PMax,--,Performance Max,None,0,1,0.00,0.00,ADD NEGATIVE,CAMPAIGN,NY/LI geography in Portland campaign: 'westbury'
horse stables on long island,CM - Non Brand - PMax,--,Performance Max,None,0,1,0.00,0.00,ADD NEGATIVE,CAMPAIGN,NY/LI geography in Portland campaign: 'long island'
long island soccer club,CM - Non Brand - PMax,--,Performance Max,None,0,3,0.00,0.00,ADD NEGATIVE,CAMPAIGN,NY/LI geography in Portland campaign: 'long island'
free summer programs bronx ny,CM - pMax - Portland (MxConv),--,Performance Max,None,0,0,0.00,0.00,ADD NEGATIVE,CAMPAIGN,NY/LI geography in Portland campaign: ' ny'
camp counselor jobs 15 year olds,CM - pMax - Portland (MxConv),--,Performance Max,None,0,0,0.00,0.00,ADD NEGATIVE,ACCOUNT,Wrong intent signal: 'jobs'
fscamps,CM - pMax - Portland (MxConv),--,Performance Max,None,0,0,0.00,0.00,ADD NEGATIVE,CAMPAIGN,Brand term in pMax - should go to branded campaign
summer camp career,CM - pMax - Portland (MxConv),--,Performance Max,None,0,0,0.00,0.00,ADD NEGATIVE,ACCOUNT,Wrong intent signal: 'career'
what size soccer ball for a 10 year old,CM - pMax - Portland (MxConv),--,Performance Max,None,0,0,0.00,0.00,ADD NEGATIVE,ACCOUNT,Wrong intent signal: 'what size'
basketball camps in nyc,CM - Non Brand - PMax,--,Performance Max,None,0,2,0.00,0.00,ADD NEGATIVE,CAMPAIGN,NY/LI geography in Portland campaign: ' ny'
soccer ball size,CM - Non Brand - PMax,--,Performance Max,None,0,1,0.00,0.00,ADD NEGATIVE,ACCOUNT,Wrong intent signal: 'ball size'
future stars westbury,CM - pMax - Portland (MxConv),--,Performance Max,None,0,0,0.00,0.00,ADD NEGATIVE,CAMPAIGN,NY/LI geography in Portland campaign: 'westbury'
new york baseball academy hofstra,CM - pMax - Portland (MxConv),--,Performance Max,None,0,0,0.00,0.00,ADD NEGATIVE,CAMPAIGN,NY/LI geography in Portland campaign: 'new york'
farmingdale college summer camp,CM - Non Brand - PMax,--,Performance Max,None,1,3,3.42,0.00,ADD NEGATIVE,CAMPAIGN,NY/LI geography in Portland campaign: 'farmingdale'
tennis workshops,CM - Nonbranded - Geo Priorities (MxCx),Tennis Camps,Broad match,None,0,0,0.00,0.00,ADD NEGATIVE,ACCOUNT,Wrong intent signal: 'shop'
camp hiring near me,CM - pMax - Portland (MxConv),--,Performance Max,None,0,0,0.00,0.00,ADD NEGATIVE,ACCOUNT,Wrong intent signal: 'hiring'
basketball camp nyc,CM - pMax - Portland (MxConv),--,Performance Max,None,0,0,0.00,0.00,ADD NEGATIVE,CAMPAIGN,NY/LI geography in Portland campaign: ' ny'
camp counselor jobs hiring,CM - pMax - Portland (MxConv),--,Performance Max,None,0,0,0.00,0.00,ADD NEGATIVE,ACCOUNT,Wrong intent signal: 'jobs'
how to do stepovers,CM - pMax - Portland (MxConv),--,Performance Max,None,0,0,0.00,0.00,ADD NEGATIVE,ACCOUNT,Wrong intent signal: 'how to'
basketball drills for beginners,CM - pMax - Portland (MxConv),--,Performance Max,None,0,0,0.00,0.00,ADD NEGATIVE,ACCOUNT,Wrong intent signal: 'drills'
long island equestrian center,CM - Non Brand - PMax,--,Performance Max,None,0,2,0.00,0.00,ADD NEGATIVE,CAMPAIGN,NY/LI geography in Portland campaign: 'long island'
sports camps westchester ny,CM - Non Brand - PMax,--,Performance Max,None,1,1,1.50,0.00,ADD NEGATIVE,CAMPAIGN,NY/LI geography in Portland campaign: ' ny'
summer camp syosset,CM - Non Brand - PMax,--,Performance Max,None,0,2,0.00,0.00,ADD NEGATIVE,CAMPAIGN,NY/LI geography in Portland campaign: 'syosset'
lacrosse camp long island,CM - Non Brand - PMax,--,Performance Max,None,1,3,2.92,0.00,ADD NEGATIVE,CAMPAIGN,NY/LI geography in Portland campaign: 'long island'
youth volleyball long island,CM - Non Brand - PMax,--,Performance Max,None,1,1,0.10,0.00,ADD NEGATIVE,CAMPAIGN,NY/LI geography in Portland campaign: 'long island'
long island new york united states,CM - Non Brand - PMax,--,Performance Max,None,0,2,0.00,0.00,ADD NEGATIVE,CAMPAIGN,NY/LI geography in Portland campaign: 'long island'
how to size a tennis racket for kids,CM - Non Brand - PMax,--,Performance Max,None,0,2,0.00,0.00,ADD NEGATIVE,ACCOUNT,Wrong intent signal: 'how to'
ymca shirley ny,CM - pMax - Portland (MxConv),--,Performance Max,None,0,0,0.00,0.00,ADD NEGATIVE,CAMPAIGN,NY/LI geography in Portland campaign: ' ny'
camps r us kings park,CM - pMax - Portland (MxConv),--,Performance Max,None,0,0,0.00,0.00,ADD NEGATIVE,CAMPAIGN,Competitor term: 'camps r us'
oasis summer camp,CM - pMax - Portland (MxConv),--,Performance Max,None,0,0,0.00,0.00,ADD NEGATIVE,CAMPAIGN,Competitor term: 'oasis summer camp'
softball pitching lessons long island,CM - pMax - Portland (MxConv),--,Performance Max,None,0,0,0.00,0.00,ADD NEGATIVE,CAMPAIGN,NY/LI geography in Portland campaign: 'long island'
lacrosse camps long island,CM - Non Brand - PMax,--,Performance Max,None,1,3,0.70,0.00,ADD NEGATIVE,CAMPAIGN,NY/LI geography in Portland campaign: 'long island'
long island volleyball,CM - Non Brand - PMax,--,Performance Max,None,0,1,0.00,0.00,ADD NEGATIVE,CAMPAIGN,NY/LI geography in Portland campaign: 'long island'
fair in long island,CM - Non Brand - PMax,--,Performance Max,None,0,2,0.00,0.00,ADD NEGATIVE,CAMPAIGN,NY/LI geography in Portland campaign: 'long island'
summer camp white plains ny,CM - pMax - Portland (MxConv),--,Performance Max,None,0,0,0.00,0.00,ADD NEGATIVE,CAMPAIGN,NY/LI geography in Portland campaign: ' ny'
long island football camp,CM - pMax - Portland (MxConv),--,Performance Max,None,0,0,0.00,0.00,ADD NEGATIVE,CAMPAIGN,NY/LI geography in Portland campaign: 'long island'
summer camp westbury,CM - pMax - Portland (MxConv),--,Performance Max,None,0,0,0.00,0.00,ADD NEGATIVE,CAMPAIGN,NY/LI geography in Portland campaign: 'westbury'
free summer camp long island,CM - pMax - Portland (MxConv),--,Performance Max,None,0,0,0.00,0.00,ADD NEGATIVE,CAMPAIGN,NY/LI geography in Portland campaign: 'long island'
art camp long island,CM - pMax - Portland (MxConv),--,Performance Max,None,0,0,0.00,0.00,ADD NEGATIVE,CAMPAIGN,NY/LI geography in Portland campaign: 'long island'
horseback riding camp ny,CM - Non Brand - PMax,--,Performance Max,None,0,1,0.00,0.00,ADD NEGATIVE,CAMPAIGN,NY/LI geography in Portland campaign: ' ny'
state parks in long island,CM - Non Brand - PMax,--,Performance Max,None,0,1,0.00,0.00,ADD NEGATIVE,CAMPAIGN,NY/LI geography in Portland campaign: 'long island'
summer camp for kids long island,CM - pMax - Portland (MxConv),--,Performance Max,None,0,0,0.00,0.00,ADD NEGATIVE,CAMPAIGN,NY/LI geography in Portland campaign: 'long island'
summer camp westbury ny,CM - pMax - Portland (MxConv),--,Performance Max,None,0,0,0.00,0.00,ADD NEGATIVE,CAMPAIGN,NY/LI geography in Portland campaign: ' ny'
how to play field hockey,CM - pMax - Portland (MxConv),--,Performance Max,None,0,0,0.00,0.00,ADD NEGATIVE,ACCOUNT,Wrong intent signal: 'how to'
volleyball long island,CM - pMax - Portland (MxConv),--,Performance Max,None,0,0,0.00,0.00,ADD NEGATIVE,CAMPAIGN,NY/LI geography in Portland campaign: 'long island'
nassau county summer camp 2025,CM - pMax - Portland (MxConv),--,Performance Max,None,0,0,0.00,0.00,ADD NEGATIVE,CAMPAIGN,NY/LI geography in Portland campaign: 'nassau'
camp counselor jobs for teens,CM - pMax - Portland (MxConv),--,Performance Max,None,0,0,0.00,0.00,ADD NEGATIVE,ACCOUNT,Wrong intent signal: 'jobs'
southampton future stars,CM - pMax - Portland (MxConv),--,Performance Max,None,0,0,0.00,0.00,ADD NEGATIVE,CAMPAIGN,Brand term in pMax - should go to branded campaign
future stars southampton tennis,CM - pMax - Portland (MxConv),--,Performance Max,None,0,0,0.00,0.00,ADD NEGATIVE,CAMPAIGN,Brand term in pMax - should go to branded campaign
driftwood camp,CM - pMax - Portland (MxConv),--,Performance Max,None,0,0,0.00,0.00,ADD NEGATIVE,CAMPAIGN,Competitor term: 'driftwood camp'
camp counselor jobs for 16 year olds,CM - pMax - Portland (MxConv),--,Performance Max,None,0,0,0.00,0.00,ADD NEGATIVE,ACCOUNT,Wrong intent signal: 'jobs'
horseback riding lessons long island,CM - pMax - Portland (MxConv),--,Performance Max,None,0,0,0.00,0.00,ADD NEGATIVE,CAMPAIGN,NY/LI geography in Portland campaign: 'long island'
swimming long island,CM - Non Brand - PMax,--,Performance Max,None,0,3,0.00,0.00,ADD NEGATIVE,CAMPAIGN,NY/LI geography in Portland campaign: 'long island'
horseback riding on long island,CM - Non Brand - PMax,--,Performance Max,None,0,4,0.00,0.00,ADD NEGATIVE,CAMPAIGN,NY/LI geography in Portland campaign: 'long island'
summer camp oceanside ny,CM - pMax - Portland (MxConv),--,Performance Max,None,0,0,0.00,0.00,ADD NEGATIVE,CAMPAIGN,NY/LI geography in Portland campaign: ' ny'
flag football drills,CM - pMax - Portland (MxConv),--,Performance Max,None,0,0,0.00,0.00,ADD NEGATIVE,ACCOUNT,Wrong intent signal: 'drills'
dribble tutorial hoops life,CM - pMax - Portland (MxConv),--,Performance Max,None,0,0,0.00,0.00,ADD NEGATIVE,ACCOUNT,Wrong intent signal: 'tutorial'
best summer camps on long island,CM - Non Brand - PMax,--,Performance Max,None,0,1,0.00,0.00,ADD NEGATIVE,CAMPAIGN,NY/LI geography in Portland campaign: 'long island'
kids art classes long island,CM - Non Brand - PMax,--,Performance Max,None,0,1,0.00,0.00,ADD NEGATIVE,CAMPAIGN,NY/LI geography in Portland campaign: 'long island'
what size soccer ball for a three year old,CM - pMax - Portland (MxConv),--,Performance Max,None,0,0,0.00,0.00,ADD NEGATIVE,ACCOUNT,Wrong intent signal: 'what size'
future stars purchase ny,CM - pMax - Portland (MxConv),--,Performance Max,None,0,0,0.00,0.00,ADD NEGATIVE,CAMPAIGN,NY/LI geography in Portland campaign: ' ny'
shibley day camp,CM - pMax - Portland (MxConv),--,Performance Max,None,0,0,0.00,0.00,ADD NEGATIVE,CAMPAIGN,Competitor term: 'shibley day camp'
how to dribble between the legs in basketball,CM - pMax - Portland (MxConv),--,Performance Max,None,0,0,0.00,0.00,ADD NEGATIVE,ACCOUNT,Wrong intent signal: 'how to'
summer camp jobs 16 year olds,CM - pMax - Portland (MxConv),--,Performance Max,None,0,0,0.00,0.00,ADD NEGATIVE,ACCOUNT,Wrong intent signal: 'jobs'
future stars westchester,CM - pMax - Portland (MxConv),--,Performance Max,None,0,0,0.00,0.00,ADD NEGATIVE,CAMPAIGN,Brand term in pMax - should go to branded campaign
tennis long island,CM - Non Brand - PMax,--,Performance Max,None,0,1,0.00,0.00,ADD NEGATIVE,CAMPAIGN,NY/LI geography in Portland campaign: 'long island'
nassau community college summer camp,CM - Non Brand - PMax,--,Performance Max,None,1,2,1.47,0.00,ADD NEGATIVE,CAMPAIGN,NY/LI geography in Portland campaign: 'nassau'
dance camp long island,CM - pMax - Portland (MxConv),--,Performance Max,None,0,0,0.00,0.00,ADD NEGATIVE,CAMPAIGN,NY/LI geography in Portland campaign: 'long island'
cheerleading camps long island,CM - pMax - Portland (MxConv),--,Performance Max,None,0,0,0.00,0.00,ADD NEGATIVE,CAMPAIGN,NY/LI geography in Portland campaign: 'long island'
summer camps in uniondale ny,CM - pMax - Portland (MxConv),--,Performance Max,None,0,0,0.00,0.00,ADD NEGATIVE,CAMPAIGN,NY/LI geography in Portland campaign: ' ny'
future stars series,CM - pMax - Portland (MxConv),--,Performance Max,None,0,0,0.00,0.00,ADD NEGATIVE,CAMPAIGN,Brand term in pMax - should go to branded campaign
long island state parks,CM - Non Brand - PMax,--,Performance Max,None,0,2,0.00,0.00,ADD NEGATIVE,CAMPAIGN,NY/LI geography in Portland campaign: 'long island'
sleep away camps long island,CM - Non Brand - PMax,--,Performance Max,None,0,1,0.00,0.00,ADD NEGATIVE,CAMPAIGN,NY/LI geography in Portland campaign: 'long island'
performing arts summer camp long island,CM - Non Brand - PMax,--,Performance Max,None,0,1,0.00,0.00,ADD NEGATIVE,CAMPAIGN,NY/LI geography in Portland campaign: 'long island'
skateboard camp long island,CM - Non Brand - PMax,--,Performance Max,None,0,1,0.00,0.00,ADD NEGATIVE,CAMPAIGN,NY/LI geography in Portland campaign: 'long island'
lu high camp,CM - Competitors - OldW - (Mx.Clicks),Competitors,Exact match (close variant),None,2,3,6.36,0.00,ADD NEGATIVE,CAMPAIGN,No competitor signal - not relevant for competitors campaign
how to know if your tennis racket is the right size,CM - pMax - Portland (MxConv),--,Performance Max,None,0,1,0.00,0.00,ADD NEGATIVE,ACCOUNT,Wrong intent signal: 'how to'
suffolk county summer classes,CM - pMax - Portland (MxConv),--,Performance Max,None,0,0,0.00,0.00,ADD NEGATIVE,CAMPAIGN,NY/LI geography in Portland campaign: 'suffolk'
how to be shifty in basketball,CM - pMax - Portland (MxConv),--,Performance Max,None,0,0,0.00,0.00,ADD NEGATIVE,ACCOUNT,Wrong intent signal: 'how to'
future stars westhampton riverhead tennis camp,CM - pMax - Portland (MxConv),--,Performance Max,None,0,0,0.00,0.00,ADD NEGATIVE,CAMPAIGN,Brand term in pMax - should go to branded campaign
future stars camp southampton ny,CM - pMax - Portland (MxConv),--,Performance Max,None,0,0,0.00,0.00,ADD NEGATIVE,CAMPAIGN,NY/LI geography in Portland campaign: ' ny'
free summer camp in long island,CM - pMax - Portland (MxConv),--,Performance Max,None,0,0,0.00,0.00,ADD NEGATIVE,CAMPAIGN,NY/LI geography in Portland campaign: 'long island'
summer camp jobs high school students,CM - pMax - Portland (MxConv),--,Performance Max,None,0,0,0.00,0.00,ADD NEGATIVE,ACCOUNT,Wrong intent signal: 'jobs'
equestrian center long island,CM - Non Brand - PMax,--,Performance Max,None,0,4,0.00,0.00,ADD NEGATIVE,CAMPAIGN,NY/LI geography in Portland campaign: 'long island'
science camp long island,CM - pMax - Portland (MxConv),--,Performance Max,None,0,0,0.00,0.00,ADD NEGATIVE,CAMPAIGN,NY/LI geography in Portland campaign: 'long island'
type 1 diabetes workout,CM - pMax - Portland (MxConv),--,Performance Max,None,0,0,0.00,0.00,ADD NEGATIVE,ACCOUNT,Wrong intent signal: 'workout'
driftwood day camp,CM - pMax - Portland (MxConv),--,Performance Max,None,0,0,0.00,0.00,ADD NEGATIVE,CAMPAIGN,Competitor term: 'driftwood day camp'
horseback riding westchester ny,CM - pMax - Portland (MxConv),--,Performance Max,None,0,0,0.00,0.00,ADD NEGATIVE,CAMPAIGN,NY/LI geography in Portland campaign: ' ny'
summer camps brooklyn hiring,CM - pMax - Portland (MxConv),--,Performance Max,None,0,0,0.00,0.00,ADD NEGATIVE,ACCOUNT,Wrong intent signal: 'hiring'
future stars camp old westbury,CM - pMax - Portland (MxConv),--,Performance Max,None,0,0,0.00,0.00,ADD NEGATIVE,CAMPAIGN,NY/LI geography in Portland campaign: 'westbury'
soccer stars long island,CM - Non Brand - PMax,--,Performance Max,None,0,2,0.00,0.00,ADD NEGATIVE,CAMPAIGN,NY/LI geography in Portland campaign: 'long island'
long island day camps,CM - Non Brand - PMax,--,Performance Max,None,0,4,0.00,0.00,ADD NEGATIVE,CAMPAIGN,NY/LI geography in Portland campaign: 'long island'
soccer ball sizes,CM - Non Brand - PMax,--,Performance Max,None,0,4,0.00,0.00,ADD NEGATIVE,ACCOUNT,Wrong intent signal: 'ball size'
active kidz long island inc,CM - pMax - Portland (MxConv),--,Performance Max,None,0,0,0.00,0.00,ADD NEGATIVE,CAMPAIGN,NY/LI geography in Portland campaign: 'long island'
hoop journey dribble tutorial,CM - pMax - Portland (MxConv),--,Performance Max,None,0,0,0.00,0.00,ADD NEGATIVE,ACCOUNT,Wrong intent signal: 'tutorial'
future stars farmingdale,CM - pMax - Portland (MxConv),--,Performance Max,None,0,0,0.00,0.00,ADD NEGATIVE,CAMPAIGN,NY/LI geography in Portland campaign: 'farmingdale'
volleyball camps nyc,CM - pMax - Portland (MxConv),--,Performance Max,None,0,0,0.00,0.00,ADD NEGATIVE,CAMPAIGN,NY/LI geography in Portland campaign: ' ny'
best soccer academy in ny,CM - pMax - Portland (MxConv),--,Performance Max,None,0,0,0.00,0.00,ADD NEGATIVE,CAMPAIGN,NY/LI geography in Portland campaign: ' ny'
summer camps that are hiring,CM - pMax - Portland (MxConv),--,Performance Max,None,0,0,0.00,0.00,ADD NEGATIVE,ACCOUNT,Wrong intent signal: 'hiring'
horse shows long island,CM - Non Brand - PMax,--,Performance Max,None,0,1,0.00,0.00,ADD NEGATIVE,CAMPAIGN,NY/LI geography in Portland campaign: 'long island'
long island golf camps,CM - Non Brand - PMax,--,Performance Max,None,0,3,0.00,0.00,ADD NEGATIVE,CAMPAIGN,NY/LI geography in Portland campaign: 'long island'
indoor activities long island,CM - Non Brand - PMax,--,Performance Max,None,0,1,0.00,0.00,ADD NEGATIVE,CAMPAIGN,NY/LI geography in Portland campaign: 'long island'
long island swim school,CM - pMax - Portland (MxConv),--,Performance Max,None,0,0,0.00,0.00,ADD NEGATIVE,CAMPAIGN,NY/LI geography in Portland campaign: 'long island'
chess camp long island,CM - pMax - Portland (MxConv),--,Performance Max,None,0,0,0.00,0.00,ADD NEGATIVE,CAMPAIGN,NY/LI geography in Portland campaign: 'long island'
garden city camp,CM - pMax - Portland (MxConv),--,Performance Max,None,0,0,0.00,0.00,ADD NEGATIVE,CAMPAIGN,NY/LI geography in Portland campaign: 'garden city'
stanhope stables huntington ny,CM - pMax - Portland (MxConv),--,Performance Max,None,0,0,0.00,0.00,ADD NEGATIVE,CAMPAIGN,NY/LI geography in Portland campaign: ' ny'
how to start cheerleading,CM - pMax - Portland (MxConv),--,Performance Max,None,0,0,0.00,0.00,ADD NEGATIVE,ACCOUNT,Wrong intent signal: 'how to'
long island usa,CM - pMax - Portland (MxConv),--,Performance Max,None,0,0,0.00,0.00,ADD NEGATIVE,CAMPAIGN,NY/LI geography in Portland campaign: 'long island'
future star camp,CM - pMax - Portland (MxConv),--,Performance Max,None,0,0,0.00,0.00,ADD NEGATIVE,CAMPAIGN,Brand term in pMax - should go to branded campaign
sleepaway camp ny,CM - Non Brand - PMax,--,Performance Max,None,0,1,0.00,0.00,ADD NEGATIVE,CAMPAIGN,NY/LI geography in Portland campaign: ' ny'
future stars camp patchogue,CM - pMax - Portland (MxConv),--,Performance Max,None,0,0,0.00,0.00,ADD NEGATIVE,CAMPAIGN,Brand term in pMax - should go to branded campaign
how to get shy kids to open up,CM - pMax - Portland (MxConv),--,Performance Max,None,0,0,0.00,0.00,ADD NEGATIVE,ACCOUNT,Wrong intent signal: 'how to'
long island children's museum,CM - pMax - Portland (MxConv),--,Performance Max,None,0,0,0.00,0.00,ADD NEGATIVE,CAMPAIGN,NY/LI geography in Portland campaign: 'long island'
age 7 soccer ball size,CM - pMax - Portland (MxConv),--,Performance Max,None,0,0,0.00,0.00,ADD NEGATIVE,ACCOUNT,Wrong intent signal: 'ball size'
hofstra camp,CM - pMax - Portland (MxConv),--,Performance Max,None,0,0,0.00,0.00,ADD NEGATIVE,CAMPAIGN,Competitor term: 'hofstra camp'
future stars nassau community college,CM - pMax - Portland (MxConv),--,Performance Max,None,0,0,0.00,0.00,ADD NEGATIVE,CAMPAIGN,NY/LI geography in Portland campaign: 'nassau'
long island day camp,CM - Non Brand - PMax,--,Performance Max,None,0,1,0.00,0.00,ADD NEGATIVE,CAMPAIGN,NY/LI geography in Portland campaign: 'long island'
nassau community college summer camp,CM - pMax - Portland (MxConv),--,Performance Max,None,0,0,0.00,0.00,ADD NEGATIVE,CAMPAIGN,NY/LI geography in Portland campaign: 'nassau'
basketball camps nyc,CM - pMax - Portland (MxConv),--,Performance Max,None,0,0,0.00,0.00,ADD NEGATIVE,CAMPAIGN,NY/LI geography in Portland campaign: ' ny'
how to get over a bad game in soccer,CM - pMax - Portland (MxConv),--,Performance Max,None,0,0,0.00,0.00,ADD NEGATIVE,ACCOUNT,Wrong intent signal: 'how to'
long island camps,CM - Non Brand - PMax,--,Performance Max,None,0,1,0.00,0.00,ADD NEGATIVE,CAMPAIGN,NY/LI geography in Portland campaign: 'long island'
basketball summer camp nyc,CM - pMax - Portland (MxConv),--,Performance Max,None,0,0,0.00,0.00,ADD NEGATIVE,CAMPAIGN,NY/LI geography in Portland campaign: ' ny'
dribbling drills for beginners,CM - pMax - Portland (MxConv),--,Performance Max,None,0,0,0.00,0.00,ADD NEGATIVE,ACCOUNT,Wrong intent signal: 'drills'
swim camp long island,CM - pMax - Portland (MxConv),--,Performance Max,None,0,0,0.00,0.00,ADD NEGATIVE,CAMPAIGN,NY/LI geography in Portland campaign: 'long island'
what size tennis racket,CM - Non Brand - PMax,--,Performance Max,None,0,1,0.00,0.00,ADD NEGATIVE,ACCOUNT,Wrong intent signal: 'what size'
splash parks on long island,CM - Non Brand - PMax,--,Performance Max,None,0,1,0.00,0.00,ADD NEGATIVE,CAMPAIGN,NY/LI geography in Portland campaign: 'long island'
gymnastics syosset,CM - Non Brand - PMax,--,Performance Max,None,0,1,0.00,0.00,ADD NEGATIVE,CAMPAIGN,NY/LI geography in Portland campaign: 'syosset'
ymca white plains ny,CM - pMax - Portland (MxConv),--,Performance Max,None,0,0,0.00,0.00,ADD NEGATIVE,CAMPAIGN,NY/LI geography in Portland campaign: ' ny'
baseball camp long island,CM - pMax - Portland (MxConv),--,Performance Max,None,0,0,0.00,0.00,ADD NEGATIVE,CAMPAIGN,NY/LI geography in Portland campaign: 'long island'
how to kick a soccer ball,CM - pMax - Portland (MxConv),--,Performance Max,None,0,0,0.00,0.00,ADD NEGATIVE,ACCOUNT,Wrong intent signal: 'how to'
future stars camps,CM - pMax - Portland (MxConv),--,Performance Max,None,0,0,0.00,0.00,ADD NEGATIVE,CAMPAIGN,Brand term in pMax - should go to branded campaign
future stars tennis camp southampton,CM - pMax - Portland (MxConv),--,Performance Max,None,0,0,0.00,0.00,ADD NEGATIVE,CAMPAIGN,Brand term in pMax - should go to branded campaign
little athletes long island,CM - Non Brand - PMax,--,Performance Max,None,0,1,0.00,0.00,ADD NEGATIVE,CAMPAIGN,NY/LI geography in Portland campaign: 'long island'
swimming classes white plains ny,CM - Non Brand - PMax,--,Performance Max,None,0,1,0.00,0.00,ADD NEGATIVE,CAMPAIGN,NY/LI geography in Portland campaign: ' ny'
lax camps on long island,CM - pMax - Portland (MxConv),--,Performance Max,None,0,0,0.00,0.00,ADD NEGATIVE,CAMPAIGN,NY/LI geography in Portland campaign: 'long island'
volleyball summer camps nyc,CM - pMax - Portland (MxConv),--,Performance Max,None,0,0,0.00,0.00,ADD NEGATIVE,CAMPAIGN,NY/LI geography in Portland campaign: ' ny'
basketball camp long island,CM - pMax - Portland (MxConv),--,Performance Max,None,0,0,0.00,0.00,ADD NEGATIVE,CAMPAIGN,NY/LI geography in Portland campaign: 'long island'
future camps,CM - Branded (Mx.Clicks),Future Stars Camp Brand,Exact match (close variant),None,0,0,0.00,0.00,ADD NEGATIVE,CAMPAIGN,No brand signal - not relevant for branded campaign
art camp long island,CM - Non Brand - PMax,--,Performance Max,None,0,1,0.00,0.00,ADD NEGATIVE,CAMPAIGN,NY/LI geography in Portland campaign: 'long island'
classes long island,CM - Non Brand - PMax,--,Performance Max,None,0,2,0.00,0.00,ADD NEGATIVE,CAMPAIGN,NY/LI geography in Portland campaign: 'long island'
future stars login,CM - pMax - Portland (MxConv),--,Performance Max,None,0,0,0.00,0.00,ADD NEGATIVE,CAMPAIGN,Brand term in pMax - should go to branded campaign
camps r us farmingdale,CM - pMax - Portland (MxConv),--,Performance Max,None,0,0,0.00,0.00,ADD NEGATIVE,CAMPAIGN,NY/LI geography in Portland campaign: 'farmingdale'
summer camp jobs hiring near me,CM - pMax - Portland (MxConv),--,Performance Max,None,0,0,0.00,0.00,ADD NEGATIVE,ACCOUNT,Wrong intent signal: 'jobs'
horseback riding bronx ny,CM - pMax - Portland (MxConv),--,Performance Max,None,0,0,0.00,0.00,ADD NEGATIVE,CAMPAIGN,NY/LI geography in Portland campaign: ' ny'
future stars parent portal,CM - pMax - Portland (MxConv),--,Performance Max,None,0,0,0.00,0.00,ADD NEGATIVE,CAMPAIGN,Brand term in pMax - should go to branded campaign
free summer camp long island,CM - Non Brand - PMax,--,Performance Max,None,0,1,0.00,0.00,ADD NEGATIVE,CAMPAIGN,NY/LI geography in Portland campaign: 'long island'
what size soccer ball for 6 year old,CM - Non Brand - PMax,--,Performance Max,None,0,3,0.00,0.00,ADD NEGATIVE,ACCOUNT,Wrong intent signal: 'what size'
suffolk jcc camp,CM - Non Brand - PMax,--,Performance Max,None,0,2,0.00,0.00,ADD NEGATIVE,CAMPAIGN,NY/LI geography in Portland campaign: 'suffolk'
long island cheer diamonds 2024,CM - pMax - Portland (MxConv),--,Performance Max,None,0,0,0.00,0.00,ADD NEGATIVE,CAMPAIGN,NY/LI geography in Portland campaign: 'long island'
summer camp farmingdale,CM - pMax - Portland (MxConv),--,Performance Max,None,0,0,0.00,0.00,ADD NEGATIVE,CAMPAIGN,NY/LI geography in Portland campaign: 'farmingdale'
boy scout camp long island,CM - Non Brand - PMax,--,Performance Max,None,0,2,0.00,0.00,ADD NEGATIVE,CAMPAIGN,NY/LI geography in Portland campaign: 'long island'
camp counselor hiring,CM - pMax - Portland (MxConv),--,Performance Max,None,0,0,0.00,0.00,ADD NEGATIVE,ACCOUNT,Wrong intent signal: 'hiring'
summer camp counselor jobs,CM - pMax - Portland (MxConv),--,Performance Max,None,0,0,0.00,0.00,ADD NEGATIVE,ACCOUNT,Wrong intent signal: 'jobs'
future stars old westbury,CM - pMax - Portland (MxConv),--,Performance Max,None,0,0,0.00,0.00,ADD NEGATIVE,CAMPAIGN,NY/LI geography in Portland campaign: 'westbury'
suny old westbury summer camp,CM - pMax - Portland (MxConv),--,Performance Max,None,0,0,0.00,0.00,ADD NEGATIVE,CAMPAIGN,NY/LI geography in Portland campaign: 'westbury'
hofstra camp for kids,CM - Nonbranded - Geo Priorities (MxCx),Summer Camps,Phrase match,None,0,1,0.00,0.00,ADD NEGATIVE,CAMPAIGN,Competitor term in nonbranded campaign: 'hofstra camp'
long island activities,CM - Non Brand - PMax,--,Performance Max,None,0,1,0.00,0.00,ADD NEGATIVE,CAMPAIGN,NY/LI geography in Portland campaign: 'long island'
camp future stars,CM - pMax - Portland (MxConv),--,Performance Max,None,0,0,0.00,0.00,ADD NEGATIVE,CAMPAIGN,Brand term in pMax - should go to branded campaign
future stars camp purchase ny,CM - pMax - Portland (MxConv),--,Performance Max,None,0,0,0.00,0.00,ADD NEGATIVE,CAMPAIGN,NY/LI geography in Portland campaign: ' ny'
future stars purchase new york,CM - pMax - Portland (MxConv),--,Performance Max,None,0,0,0.00,0.00,ADD NEGATIVE,CAMPAIGN,NY/LI geography in Portland campaign: 'new york'
future stars sports academy,CM - pMax - Portland (MxConv),--,Performance Max,None,0,0,0.00,0.00,ADD NEGATIVE,CAMPAIGN,Brand term in pMax - should go to branded campaign
farmingdale camp,CM - pMax - Portland (MxConv),--,Performance Max,None,0,0,0.00,0.00,ADD NEGATIVE,CAMPAIGN,NY/LI geography in Portland campaign: 'farmingdale'
adventure park long island,CM - pMax - Portland (MxConv),--,Performance Max,None,0,0,0.00,0.00,ADD NEGATIVE,CAMPAIGN,NY/LI geography in Portland campaign: 'long island'
soccer ball size by age,CM - Non Brand - PMax,--,Performance Max,None,0,2,0.00,0.00,ADD NEGATIVE,ACCOUNT,Wrong intent signal: 'ball size'
long island youth soccer,CM - Non Brand - PMax,--,Performance Max,None,0,2,0.00,0.00,ADD NEGATIVE,CAMPAIGN,NY/LI geography in Portland campaign: 'long island'
hockey camp long island,CM - Non Brand - PMax,--,Performance Max,None,0,1,0.00,0.00,ADD NEGATIVE,CAMPAIGN,NY/LI geography in Portland campaign: 'long island'
tennis lessons nassau county,CM - Non Brand - PMax,--,Performance Max,None,0,1,0.00,0.00,ADD NEGATIVE,CAMPAIGN,NY/LI geography in Portland campaign: 'nassau'
best shooting drills for basketball,CM - pMax - Portland (MxConv),--,Performance Max,None,0,1,0.00,0.00,ADD NEGATIVE,ACCOUNT,Wrong intent signal: 'drills'
summer camps long island,CM - pMax - Portland (MxConv),--,Performance Max,None,0,0,0.00,0.00,ADD NEGATIVE,CAMPAIGN,NY/LI geography in Portland campaign: 'long island'
left hand basketball drills,CM - pMax - Portland (MxConv),--,Performance Max,None,0,0,0.00,0.00,ADD NEGATIVE,ACCOUNT,Wrong intent signal: 'drills'
summer camps garden city,CM - pMax - Portland (MxConv),--,Performance Max,None,0,0,0.00,0.00,ADD NEGATIVE,CAMPAIGN,NY/LI geography in Portland campaign: 'garden city'
summer camps nassau county,CM - pMax - Portland (MxConv),--,Performance Max,None,0,0,0.00,0.00,ADD NEGATIVE,CAMPAIGN,NY/LI geography in Portland campaign: 'nassau'
sleep away camp near me,CM - Non Brand - PMax,--,Performance Max,None,0,4,0.00,0.00,ADD NEGATIVE,ACCOUNT,Wrong intent signal: 'sleep away'
summer camps southampton ny,CM - Non Brand - PMax,--,Performance Max,None,0,4,0.00,0.00,ADD NEGATIVE,CAMPAIGN,NY/LI geography in Portland campaign: ' ny'
basketball summer camp queens ny,CM - Non Brand - PMax,--,Performance Max,None,0,3,0.00,0.00,ADD NEGATIVE,CAMPAIGN,NY/LI geography in Portland campaign: ' ny'
long island ymca,CM - Non Brand - PMax,--,Performance Max,None,0,4,0.00,0.00,ADD NEGATIVE,CAMPAIGN,NY/LI geography in Portland campaign: 'long island'
swimming classes in nassau county,CM - pMax - Portland (MxConv),--,Performance Max,None,0,0,0.00,0.00,ADD NEGATIVE,CAMPAIGN,NY/LI geography in Portland campaign: 'nassau'
what size racket for 9 year old,CM - pMax - Portland (MxConv),--,Performance Max,None,0,0,0.00,0.00,ADD NEGATIVE,ACCOUNT,Wrong intent signal: 'what size'
long island basketball camp,CM - pMax - Portland (MxConv),--,Performance Max,None,0,0,0.00,0.00,ADD NEGATIVE,CAMPAIGN,NY/LI geography in Portland campaign: 'long island'
soccer stars nyc,CM - pMax - Portland (MxConv),--,Performance Max,None,0,0,0.00,0.00,ADD NEGATIVE,CAMPAIGN,NY/LI geography in Portland campaign: ' ny'
how to get better handles in basketball,CM - pMax - Portland (MxConv),--,Performance Max,None,0,0,0.00,0.00,ADD NEGATIVE,ACCOUNT,Wrong intent signal: 'how to'
fun things to do in long island today,CM - pMax - Portland (MxConv),--,Performance Max,None,0,0,0.00,0.00,ADD NEGATIVE,CAMPAIGN,NY/LI geography in Portland campaign: 'long island'
how to dribble a soccer ball,CM - pMax - Portland (MxConv),--,Performance Max,None,0,0,0.00,0.00,ADD NEGATIVE,ACCOUNT,Wrong intent signal: 'how to'
summer camp nassau county,CM - pMax - Portland (MxConv),--,Performance Max,None,0,0,0.00,0.00,ADD NEGATIVE,CAMPAIGN,NY/LI geography in Portland campaign: 'nassau'
what size tennis racket 5 year old,CM - pMax - Portland (MxConv),--,Performance Max,None,0,0,0.00,0.00,ADD NEGATIVE,ACCOUNT,Wrong intent signal: 'what size'
long island rough riders summer camp,CM - pMax - Portland (MxConv),--,Performance Max,None,0,0,0.00,0.00,ADD NEGATIVE,CAMPAIGN,NY/LI geography in Portland campaign: 'long island'
suny purchase future stars,CM - pMax - Portland (MxConv),--,Performance Max,None,0,0,0.00,0.00,ADD NEGATIVE,CAMPAIGN,Brand term in pMax - should go to branded campaign
lacrosse camps long island,CM - pMax - Portland (MxConv),--,Performance Max,None,0,0,0.00,0.00,ADD NEGATIVE,CAMPAIGN,NY/LI geography in Portland campaign: 'long island'
parks in long island,CM - Non Brand - PMax,--,Performance Max,None,0,1,0.00,0.00,ADD NEGATIVE,CAMPAIGN,NY/LI geography in Portland campaign: 'long island'
youth lacrosse cradling drills,CM - pMax - Portland (MxConv),--,Performance Max,None,0,0,0.00,0.00,ADD NEGATIVE,ACCOUNT,Wrong intent signal: 'drills'
2024 future stars,CM - pMax - Portland (MxConv),--,Performance Max,None,0,0,0.00,0.00,ADD NEGATIVE,CAMPAIGN,Brand term in pMax - should go to branded campaign
fun zone farmingdale,CM - pMax - Portland (MxConv),--,Performance Max,None,0,0,0.00,0.00,ADD NEGATIVE,CAMPAIGN,NY/LI geography in Portland campaign: 'farmingdale'
how to get better at soccer,CM - pMax - Portland (MxConv),--,Performance Max,None,0,0,0.00,0.00,ADD NEGATIVE,ACCOUNT,Wrong intent signal: 'how to'
suffolk community college summer camp,CM - pMax - Portland (MxConv),--,Performance Max,None,0,0,0.00,0.00,ADD NEGATIVE,CAMPAIGN,NY/LI geography in Portland campaign: 'suffolk'
future stars hamptons,CM - pMax - Portland (MxConv),--,Performance Max,None,0,0,0.00,0.00,ADD NEGATIVE,CAMPAIGN,Brand term in pMax - should go to branded campaign
what size soccer ball for 8 year old,CM - Non Brand - PMax,--,Performance Max,None,0,3,0.00,0.00,ADD NEGATIVE,ACCOUNT,Wrong intent signal: 'what size'
long island beach volleyball leagues,CM - Non Brand - PMax,--,Performance Max,None,0,1,0.00,0.00,ADD NEGATIVE,CAMPAIGN,NY/LI geography in Portland campaign: 'long island'
art class westchester ny,CM - Non Brand - PMax,--,Performance Max,None,0,1,0.00,0.00,ADD NEGATIVE,CAMPAIGN,NY/LI geography in Portland campaign: ' ny'
long island baseball camps,CM - pMax - Portland (MxConv),--,Performance Max,None,0,0,0.00,0.00,ADD NEGATIVE,CAMPAIGN,NY/LI geography in Portland campaign: 'long island'
super soccer stars long island,CM - pMax - Portland (MxConv),--,Performance Max,None,0,0,0.00,0.00,ADD NEGATIVE,CAMPAIGN,NY/LI geography in Portland campaign: 'long island'
new york university lacrosse,CM - pMax - Portland (MxConv),--,Performance Max,None,0,0,0.00,0.00,ADD NEGATIVE,CAMPAIGN,NY/LI geography in Portland campaign: 'new york'
special needs camps long island,CM - Non Brand - PMax,--,Performance Max,None,0,4,0.00,0.00,ADD NEGATIVE,CAMPAIGN,NY/LI geography in Portland campaign: 'long island'
anaconda dribble tutorial,CM - pMax - Portland (MxConv),--,Performance Max,None,0,0,0.00,0.00,ADD NEGATIVE,ACCOUNT,Wrong intent signal: 'tutorial'
free summer camps bronx ny,CM - pMax - Portland (MxConv),--,Performance Max,None,0,0,0.00,0.00,ADD NEGATIVE,CAMPAIGN,NY/LI geography in Portland campaign: ' ny'
what size soccer ball for 11 year old,CM - pMax - Portland (MxConv),--,Performance Max,None,0,0,0.00,0.00,ADD NEGATIVE,ACCOUNT,Wrong intent signal: 'what size'
summer camps smithtown,CM - pMax - Portland (MxConv),--,Performance Max,None,0,0,0.00,0.00,ADD NEGATIVE,CAMPAIGN,NY/LI geography in Portland campaign: 'smithtown'
club scikidz long island,CM - pMax - Portland (MxConv),--,Performance Max,None,0,0,0.00,0.00,ADD NEGATIVE,CAMPAIGN,NY/LI geography in Portland campaign: 'long island'
parks long island,CM - Non Brand - PMax,--,Performance Max,None,0,2,0.00,0.00,ADD NEGATIVE,CAMPAIGN,NY/LI geography in Portland campaign: 'long island'
soccer ball size for 7 year old,CM - Non Brand - PMax,--,Performance Max,None,1,1,0.72,0.00,ADD NEGATIVE,ACCOUNT,Wrong intent signal: 'ball size'
horse farm long island,CM - Non Brand - PMax,--,Performance Max,None,0,1,0.00,0.00,ADD NEGATIVE,CAMPAIGN,NY/LI geography in Portland campaign: 'long island'
special needs summer camp long island,CM - pMax - Portland (MxConv),--,Performance Max,None,0,0,0.00,0.00,ADD NEGATIVE,CAMPAIGN,NY/LI geography in Portland campaign: 'long island'
softball clinic drills,CM - Nonbranded - Geo Priorities (MxCx),Softball Camps,Phrase match,None,0,2,0.00,0.00,ADD NEGATIVE,ACCOUNT,Wrong intent signal: 'drills'
tennis camps westchester ny,CM - Non Brand - PMax,--,Performance Max,None,0,2,0.00,0.00,ADD NEGATIVE,CAMPAIGN,NY/LI geography in Portland campaign: ' ny'
hockey camps long island,CM - pMax - Portland (MxConv),--,Performance Max,None,0,0,0.00,0.00,ADD NEGATIVE,CAMPAIGN,NY/LI geography in Portland campaign: 'long island'
swim lessons westchester ny,CM - pMax - Portland (MxConv),--,Performance Max,None,0,0,0.00,0.00,ADD NEGATIVE,CAMPAIGN,NY/LI geography in Portland campaign: ' ny'
express swimming long island,CM - pMax - Portland (MxConv),--,Performance Max,None,0,0,0.00,0.00,ADD NEGATIVE,CAMPAIGN,NY/LI geography in Portland campaign: 'long island'
long island horse riding,CM - Non Brand - PMax,--,Performance Max,None,0,4,0.00,0.00,ADD NEGATIVE,CAMPAIGN,NY/LI geography in Portland campaign: 'long island'
future stars lacrosse camps,CM - pMax - Portland (MxConv),--,Performance Max,None,0,0,0.00,0.00,ADD NEGATIVE,CAMPAIGN,Brand term in pMax - should go to branded campaign
future stars soccer,CM - pMax - Portland (MxConv),--,Performance Max,None,0,0,0.00,0.00,ADD NEGATIVE,CAMPAIGN,Brand term in pMax - should go to branded campaign
ymca summer camp long island,CM - Non Brand - PMax,--,Performance Max,None,0,12,0.00,0.00,ADD NEGATIVE,CAMPAIGN,NY/LI geography in Portland campaign: 'long island'
affordable summer camps in suffolk county ny,CM - Non Brand - PMax,--,Performance Max,None,0,1,0.00,0.00,ADD NEGATIVE,CAMPAIGN,NY/LI geography in Portland campaign: ' ny'
hofstra summer camp,CM - Non Brand - PMax,--,Performance Max,None,0,2,0.00,0.00,ADD NEGATIVE,CAMPAIGN,Competitor term: 'hofstra summer camp'
summer camp deer park ny,CM - pMax - Portland (MxConv),--,Performance Max,None,0,0,0.00,0.00,ADD NEGATIVE,CAMPAIGN,NY/LI geography in Portland campaign: ' ny'
grit camp jersey city,CM - pMax - Portland (MxConv),--,Performance Max,None,0,0,0.00,0.00,ADD NEGATIVE,ACCOUNT,Wrong intent signal: 'jersey'
free summer camps long island,CM - pMax - Portland (MxConv),--,Performance Max,None,0,0,0.00,0.00,ADD NEGATIVE,CAMPAIGN,NY/LI geography in Portland campaign: 'long island'
future stars coupon code,CM - pMax - Portland (MxConv),--,Performance Max,None,0,0,0.00,0.00,ADD NEGATIVE,CAMPAIGN,Brand term in pMax - should go to branded campaign
baseball plus long island,CM - pMax - Portland (MxConv),--,Performance Max,None,0,0,0.00,0.00,ADD NEGATIVE,CAMPAIGN,NY/LI geography in Portland campaign: 'long island'
how to do the glitch shot basketball,CM - pMax - Portland (MxConv),--,Performance Max,None,0,0,0.00,0.00,ADD NEGATIVE,ACCOUNT,Wrong intent signal: 'how to'
golf camp long island,CM - Non Brand - PMax,--,Performance Max,None,0,17,0.00,0.00,ADD NEGATIVE,CAMPAIGN,NY/LI geography in Portland campaign: 'long island'
future stars camp locations,CM - pMax - Portland (MxConv),--,Performance Max,None,0,0,0.00,0.00,ADD NEGATIVE,CAMPAIGN,Brand term in pMax - should go to branded campaign
soccer camps on long island,CM - pMax - Portland (MxConv),--,Performance Max,None,0,0,0.00,0.00,ADD NEGATIVE,CAMPAIGN,NY/LI geography in Portland campaign: 'long island'
future stars tennis camp,CM - pMax - Portland (MxConv),--,Performance Max,None,0,0,0.00,0.00,ADD NEGATIVE,CAMPAIGN,Brand term in pMax - should go to branded campaign
how to improve kids confidence,CM - Non Brand - PMax,--,Performance Max,None,0,1,0.00,0.00,ADD NEGATIVE,ACCOUNT,Wrong intent signal: 'how to'
summer camp jobs,CM - pMax - Portland (MxConv),--,Performance Max,None,0,0,0.00,0.00,ADD NEGATIVE,ACCOUNT,Wrong intent signal: 'jobs'
oasis day camp at liu post,CM - pMax - Portland (MxConv),--,Performance Max,None,0,0,0.00,0.00,ADD NEGATIVE,CAMPAIGN,Competitor term: 'oasis day camp'
sleepaway golf camp,CM - pMax - Portland (MxConv),--,Performance Max,None,0,0,0.00,0.00,ADD NEGATIVE,ACCOUNT,Wrong intent signal: 'sleepaway'
long island swim school,CM - Non Brand - PMax,--,Performance Max,None,0,7,0.00,0.00,ADD NEGATIVE,CAMPAIGN,NY/LI geography in Portland campaign: 'long island'
horse riding westbury,CM - Non Brand - PMax,--,Performance Max,None,0,2,0.00,0.00,ADD NEGATIVE,CAMPAIGN,NY/LI geography in Portland campaign: 'westbury'
future stars camp purchase,CM - pMax - Portland (MxConv),--,Performance Max,None,0,0,0.00,0.00,ADD NEGATIVE,CAMPAIGN,Brand term in pMax - should go to branded campaign
ymca summer camp long island,CM - pMax - Portland (MxConv),--,Performance Max,None,0,0,0.00,0.00,ADD NEGATIVE,CAMPAIGN,NY/LI geography in Portland campaign: 'long island'
luhi summer camps,CM - pMax - Portland (MxConv),--,Performance Max,None,0,0,0.00,0.00,ADD NEGATIVE,CAMPAIGN,Competitor term: 'luhi summer camp'
horseback riding islandia ny,CM - Non Brand - PMax,--,Performance Max,None,0,1,0.00,0.00,ADD NEGATIVE,CAMPAIGN,NY/LI geography in Portland campaign: ' ny'
swim lessons garden city,CM - Non Brand - PMax,--,Performance Max,None,0,1,0.00,0.00,ADD NEGATIVE,CAMPAIGN,NY/LI geography in Portland campaign: 'garden city'
luhi camp,CM - Non Brand - PMax,--,Performance Max,None,0,1,0.00,0.00,ADD NEGATIVE,CAMPAIGN,Competitor term: 'luhi camp'
future stars long island,CM - pMax - Portland (MxConv),--,Performance Max,None,0,0,0.00,0.00,ADD NEGATIVE,CAMPAIGN,NY/LI geography in Portland campaign: 'long island'
smithtown camp,CM - pMax - Portland (MxConv),--,Performance Max,None,0,0,0.00,0.00,ADD NEGATIVE,CAMPAIGN,NY/LI geography in Portland campaign: 'smithtown'
farmingdale summer camps,CM - pMax - Portland (MxConv),--,Performance Max,None,0,0,0.00,0.00,ADD NEGATIVE,CAMPAIGN,NY/LI geography in Portland campaign: 'farmingdale'
camps r us near me,CM - Non Brand - PMax,--,Performance Max,None,0,1,0.00,0.00,ADD NEGATIVE,CAMPAIGN,Competitor term: 'camps r us'
horse show long island,CM - Non Brand - PMax,--,Performance Max,None,0,1,0.00,0.00,ADD NEGATIVE,CAMPAIGN,NY/LI geography in Portland campaign: 'long island'
basketball camps long island,CM - Non Brand - PMax,--,Performance Max,None,0,1,0.00,0.00,ADD NEGATIVE,CAMPAIGN,NY/LI geography in Portland campaign: 'long island'
basketball camp long island ny,CM - pMax - Portland (MxConv),--,Performance Max,None,0,0,0.00,0.00,ADD NEGATIVE,CAMPAIGN,NY/LI geography in Portland campaign: 'long island'
future stars purchase college,CM - pMax - Portland (MxConv),--,Performance Max,None,0,0,0.00,0.00,ADD NEGATIVE,CAMPAIGN,Brand term in pMax - should go to branded campaign
horse riding long island,CM - pMax - Portland (MxConv),--,Performance Max,None,0,0,0.00,0.00,ADD NEGATIVE,CAMPAIGN,NY/LI geography in Portland campaign: 'long island'
camp jobs near me,CM - pMax - Portland (MxConv),--,Performance Max,None,0,0,0.00,0.00,ADD NEGATIVE,ACCOUNT,Wrong intent signal: 'jobs'
camp counselor jobs near me,CM - pMax - Portland (MxConv),--,Performance Max,None,0,0,0.00,0.00,ADD NEGATIVE,ACCOUNT,Wrong intent signal: 'jobs'
how to smooth 3d prints,CM - Non Brand - PMax,--,Performance Max,None,0,1,0.00,0.00,ADD NEGATIVE,ACCOUNT,Wrong intent signal: 'how to'
indoor playground long island,CM - Non Brand - PMax,--,Performance Max,None,0,2,0.00,0.00,ADD NEGATIVE,CAMPAIGN,NY/LI geography in Portland campaign: 'long island'
toddler parks long island,CM - Non Brand - PMax,--,Performance Max,None,0,2,0.00,0.00,ADD NEGATIVE,CAMPAIGN,NY/LI geography in Portland campaign: 'long island'
future stars westhampton,CM - pMax - Portland (MxConv),--,Performance Max,None,0,0,0.00,0.00,ADD NEGATIVE,CAMPAIGN,Brand term in pMax - should go to branded campaign
what to do on long island today free,CM - pMax - Portland (MxConv),--,Performance Max,None,0,0,0.00,0.00,ADD NEGATIVE,CAMPAIGN,NY/LI geography in Portland campaign: 'long island'
future stars patchogue,CM - pMax - Portland (MxConv),--,Performance Max,None,0,0,0.00,0.00,ADD NEGATIVE,CAMPAIGN,Brand term in pMax - should go to branded campaign
volleyball camp nassau county,CM - pMax - Portland (MxConv),--,Performance Max,None,0,0,0.00,0.00,ADD NEGATIVE,CAMPAIGN,NY/LI geography in Portland campaign: 'nassau'
dive volleyball tutorial,CM - pMax - Portland (MxConv),--,Performance Max,None,0,0,0.00,0.00,ADD NEGATIVE,ACCOUNT,Wrong intent signal: 'tutorial'
future stars summer camps nassau,CM - pMax - Portland (MxConv),--,Performance Max,None,0,0,0.00,0.00,ADD NEGATIVE,CAMPAIGN,NY/LI geography in Portland campaign: 'nassau'
youth flag football suffolk county ny,CM - pMax - Portland (MxConv),--,Performance Max,None,0,0,0.00,0.00,ADD NEGATIVE,CAMPAIGN,NY/LI geography in Portland campaign: ' ny'
long island summer basketball leagues,CM - pMax - Portland (MxConv),--,Performance Max,None,0,0,0.00,0.00,ADD NEGATIVE,CAMPAIGN,NY/LI geography in Portland campaign: 'long island'
suffolk summer programs,CM - pMax - Portland (MxConv),--,Performance Max,None,0,0,0.00,0.00,ADD NEGATIVE,CAMPAIGN,NY/LI geography in Portland campaign: 'suffolk'
volleyball camps in westchester ny,CM - pMax - Portland (MxConv),--,Performance Max,None,0,0,0.00,0.00,ADD NEGATIVE,CAMPAIGN,NY/LI geography in Portland campaign: ' ny'
future stars brentwood,CM - pMax - Portland (MxConv),--,Performance Max,None,0,0,0.00,0.00,ADD NEGATIVE,CAMPAIGN,Brand term in pMax - should go to branded campaign
summer camp jobs for 14 year olds,CM - pMax - Portland (MxConv),--,Performance Max,None,0,0,0.00,0.00,ADD NEGATIVE,ACCOUNT,Wrong intent signal: 'jobs'
farmingdale college summer camp,CM - pMax - Portland (MxConv),--,Performance Max,None,0,0,0.00,0.00,ADD NEGATIVE,CAMPAIGN,NY/LI geography in Portland campaign: 'farmingdale'
girl scouts of nassau county camp,CM - pMax - Portland (MxConv),--,Performance Max,None,0,0,0.00,0.00,ADD NEGATIVE,CAMPAIGN,NY/LI geography in Portland campaign: 'nassau'
horseback riding long island,CM - Non Brand - PMax,--,Performance Max,None,0,15,0.00,0.00,ADD NEGATIVE,CAMPAIGN,NY/LI geography in Portland campaign: 'long island'
free basketball camps in nyc,CM - Non Brand - PMax,--,Performance Max,None,0,1,0.00,0.00,ADD NEGATIVE,CAMPAIGN,NY/LI geography in Portland campaign: ' ny'
things to do long island,CM - pMax - Portland (MxConv),--,Performance Max,None,0,0,0.00,0.00,ADD NEGATIVE,CAMPAIGN,NY/LI geography in Portland campaign: 'long island'
what size soccer ball for a 2 year old,CM - pMax - Portland (MxConv),--,Performance Max,None,0,0,0.00,0.00,ADD NEGATIVE,ACCOUNT,Wrong intent signal: 'what size'
theater camp long island,CM - pMax - Portland (MxConv),--,Performance Max,None,0,0,0.00,0.00,ADD NEGATIVE,CAMPAIGN,NY/LI geography in Portland campaign: 'long island'
equestrian center nyc,CM - Non Brand - PMax,--,Performance Max,None,0,1,0.00,0.00,ADD NEGATIVE,CAMPAIGN,NY/LI geography in Portland campaign: ' ny'
sports camp long island,CM - Non Brand - PMax,--,Performance Max,None,0,1,0.00,0.00,ADD NEGATIVE,CAMPAIGN,NY/LI geography in Portland campaign: 'long island'
long island turismo,CM - Non Brand - PMax,--,Performance Max,None,0,1,0.00,0.00,ADD NEGATIVE,CAMPAIGN,NY/LI geography in Portland campaign: 'long island'
summer day camps in nassau county,CM - Non Brand - PMax,--,Performance Max,None,0,3,0.00,0.00,ADD NEGATIVE,CAMPAIGN,NY/LI geography in Portland campaign: 'nassau'
swim school long island,CM - Non Brand - PMax,--,Performance Max,None,0,1,0.00,0.00,ADD NEGATIVE,CAMPAIGN,NY/LI geography in Portland campaign: 'long island'
camp long island,CM - pMax - Portland (MxConv),--,Performance Max,None,0,0,0.00,0.00,ADD NEGATIVE,CAMPAIGN,NY/LI geography in Portland campaign: 'long island'
tennis white plains ny,CM - pMax - Portland (MxConv),--,Performance Max,None,0,0,0.00,0.00,ADD NEGATIVE,CAMPAIGN,NY/LI geography in Portland campaign: ' ny'
future stars camp coupon,CM - pMax - Portland (MxConv),--,Performance Max,None,0,0,0.00,0.00,ADD NEGATIVE,CAMPAIGN,Brand term in pMax - should go to branded campaign
dance camp westchester ny,CM - pMax - Portland (MxConv),--,Performance Max,None,0,0,0.00,0.00,ADD NEGATIVE,CAMPAIGN,NY/LI geography in Portland campaign: ' ny'
volleyball clinics long island,CM - pMax - Portland (MxConv),--,Performance Max,None,0,0,0.00,0.00,ADD NEGATIVE,CAMPAIGN,NY/LI geography in Portland campaign: 'long island'
future stars summer camps,CM - pMax - Portland (MxConv),--,Performance Max,None,0,0,0.00,0.00,ADD NEGATIVE,CAMPAIGN,Brand term in pMax - should go to branded campaign
horseback riding on the beach hamptons ny,CM - Non Brand - PMax,--,Performance Max,None,0,1,0.00,0.00,ADD NEGATIVE,CAMPAIGN,NY/LI geography in Portland campaign: ' ny'
summer camp long island,CM - Non Brand - PMax,--,Performance Max,None,0,3,0.00,0.00,ADD NEGATIVE,CAMPAIGN,NY/LI geography in Portland campaign: 'long island'
sleepaway camp long island,CM - Non Brand - PMax,--,Performance Max,None,0,4,0.00,0.00,ADD NEGATIVE,CAMPAIGN,NY/LI geography in Portland campaign: 'long island'
how to get better at pitching in baseball,CM - pMax - Portland (MxConv),--,Performance Max,None,0,1,0.00,0.00,ADD NEGATIVE,ACCOUNT,Wrong intent signal: 'how to'
future stars riverhead,CM - pMax - Portland (MxConv),--,Performance Max,None,0,0,0.00,0.00,ADD NEGATIVE,CAMPAIGN,Brand term in pMax - should go to branded campaign
soccer ball size for 6 year old,CM - pMax - Portland (MxConv),--,Performance Max,None,0,0,0.00,0.00,ADD NEGATIVE,ACCOUNT,Wrong intent signal: 'ball size'
summer camps in suffolk county,CM - pMax - Portland (MxConv),--,Performance Max,None,0,0,0.00,0.00,ADD NEGATIVE,CAMPAIGN,NY/LI geography in Portland campaign: 'suffolk'
horseback riding suffolk county,CM - Non Brand - PMax,--,Performance Max,None,0,2,0.00,0.00,ADD NEGATIVE,CAMPAIGN,NY/LI geography in Portland campaign: 'suffolk'
art camp westchester ny,CM - pMax - Portland (MxConv),--,Performance Max,None,0,0,0.00,0.00,ADD NEGATIVE,CAMPAIGN,NY/LI geography in Portland campaign: ' ny'
summer camps still hiring,CM - pMax - Portland (MxConv),--,Performance Max,None,0,0,0.00,0.00,ADD NEGATIVE,ACCOUNT,Wrong intent signal: 'hiring'
farmingdale state college soccer,CM - pMax - Portland (MxConv),--,Performance Max,None,0,0,0.00,0.00,ADD NEGATIVE,CAMPAIGN,NY/LI geography in Portland campaign: 'farmingdale'
volleyball summer camp long island,CM - pMax - Portland (MxConv),--,Performance Max,None,0,0,0.00,0.00,ADD NEGATIVE,CAMPAIGN,NY/LI geography in Portland campaign: 'long island'
long island soccer league for kids,CM - Non Brand - PMax,--,Performance Max,None,0,1,0.00,0.00,ADD NEGATIVE,CAMPAIGN,NY/LI geography in Portland campaign: 'long island'
how to play basketball,CM - pMax - Portland (MxConv),--,Performance Max,None,0,0,0.00,0.00,ADD NEGATIVE,ACCOUNT,Wrong intent signal: 'how to'
what size ball do 5 year olds use,CM - pMax - Portland (MxConv),--,Performance Max,None,0,0,0.00,0.00,ADD NEGATIVE,ACCOUNT,Wrong intent signal: 'what size'
little kids soccer drills,CM - pMax - Portland (MxConv),--,Performance Max,None,0,0,0.00,0.00,ADD NEGATIVE,ACCOUNT,Wrong intent signal: 'drills'
summer youth employment program syep,CM - pMax - Portland (MxConv),--,Performance Max,None,0,0,0.00,0.00,ADD NEGATIVE,ACCOUNT,Wrong intent signal: 'employment'
summer camps bronx ny,CM - pMax - Portland (MxConv),--,Performance Max,None,0,0,0.00,0.00,ADD NEGATIVE,CAMPAIGN,NY/LI geography in Portland campaign: ' ny'
soccer ball sizes by age group,CM - pMax - Portland (MxConv),--,Performance Max,None,0,0,0.00,0.00,ADD NEGATIVE,ACCOUNT,Wrong intent signal: 'ball size'
volleyball camp long island,CM - Non Brand - PMax,--,Performance Max,None,1,14,0.76,0.00,ADD NEGATIVE,CAMPAIGN,NY/LI geography in Portland campaign: 'long island'
summer camp in white plains ny,CM - pMax - Portland (MxConv),--,Performance Max,None,0,0,0.00,0.00,ADD NEGATIVE,CAMPAIGN,NY/LI geography in Portland campaign: ' ny'
farmingdale soccer club,CM - pMax - Portland (MxConv),--,Performance Max,None,0,0,0.00,0.00,ADD NEGATIVE,CAMPAIGN,NY/LI geography in Portland campaign: 'farmingdale'
youth dek hockey long island,CM - Non Brand - PMax,--,Performance Max,None,0,1,0.00,0.00,ADD NEGATIVE,CAMPAIGN,NY/LI geography in Portland campaign: 'long island'
horse stables new york,CM - Non Brand - PMax,--,Performance Max,None,0,1,0.00,0.00,ADD NEGATIVE,CAMPAIGN,NY/LI geography in Portland campaign: 'new york'
tennis camp westchester ny,CM - pMax - Portland (MxConv),--,Performance Max,None,0,0,0.00,0.00,ADD NEGATIVE,CAMPAIGN,NY/LI geography in Portland campaign: ' ny'
how to dribble behind your back,CM - pMax - Portland (MxConv),--,Performance Max,None,0,0,0.00,0.00,ADD NEGATIVE,ACCOUNT,Wrong intent signal: 'how to'
long island kids activities,CM - Non Brand - PMax,--,Performance Max,None,1,1,0.91,0.00,ADD NEGATIVE,CAMPAIGN,NY/LI geography in Portland campaign: 'long island'
long island volleyball club,CM - Non Brand - PMax,--,Performance Max,None,0,1,0.00,0.00,ADD NEGATIVE,CAMPAIGN,NY/LI geography in Portland campaign: 'long island'
under each individual camp bay shore ny 11706 united states,CM - pMax - Portland (MxConv),--,Performance Max,None,0,0,0.00,0.00,ADD NEGATIVE,CAMPAIGN,NY/LI geography in Portland campaign: ' ny'
horseback riding camp long island,CM - pMax - Portland (MxConv),--,Performance Max,None,0,0,0.00,0.00,ADD NEGATIVE,CAMPAIGN,NY/LI geography in Portland campaign: 'long island'
rebounding drills basketball,CM - pMax - Portland (MxConv),--,Performance Max,None,0,0,0.00,0.00,ADD NEGATIVE,ACCOUNT,Wrong intent signal: 'drills'
baseball sleepaway camp,CM - Non Brand - PMax,--,Performance Max,None,0,1,0.00,0.00,ADD NEGATIVE,ACCOUNT,Wrong intent signal: 'sleepaway'
basketball summer camp long island,CM - Non Brand - PMax,--,Performance Max,None,0,4,0.00,0.00,ADD NEGATIVE,CAMPAIGN,NY/LI geography in Portland campaign: 'long island'
how to break in a baseball mitt,CM - Non Brand - PMax,--,Performance Max,None,0,1,0.00,0.00,ADD NEGATIVE,ACCOUNT,Wrong intent signal: 'how to'
compound basketball long island,CM - Non Brand - PMax,--,Performance Max,None,0,1,0.00,0.00,ADD NEGATIVE,CAMPAIGN,NY/LI geography in Portland campaign: 'long island'
summer camp melville ny,CM - Non Brand - PMax,--,Performance Max,None,0,3,0.00,0.00,ADD NEGATIVE,CAMPAIGN,NY/LI geography in Portland campaign: ' ny'
week long sleepaway camp,CM - Non Brand - PMax,--,Performance Max,None,0,1,0.00,0.00,ADD NEGATIVE,ACCOUNT,Wrong intent signal: 'sleepaway'
basketball drills middle school,CM - pMax - Portland (MxConv),--,Performance Max,None,0,1,0.00,0.00,ADD NEGATIVE,ACCOUNT,Wrong intent signal: 'drills'
what size is a normal soccer ball,CM - pMax - Portland (MxConv),--,Performance Max,None,0,1,0.00,0.00,ADD NEGATIVE,ACCOUNT,Wrong intent signal: 'what size'
ymca summer camp holtsville ny,CM - pMax - Portland (MxConv),--,Performance Max,None,0,0,0.00,0.00,ADD NEGATIVE,CAMPAIGN,NY/LI geography in Portland campaign: ' ny'
future stars basketball,CM - pMax - Portland (MxConv),--,Performance Max,None,0,0,0.00,0.00,ADD NEGATIVE,CAMPAIGN,Brand term in pMax - should go to branded campaign
summer camp jobs available,CM - pMax - Portland (MxConv),--,Performance Max,None,0,0,0.00,0.00,ADD NEGATIVE,ACCOUNT,Wrong intent signal: 'jobs'
theme park in long island,CM - Non Brand - PMax,--,Performance Max,None,0,1,0.00,0.00,ADD NEGATIVE,CAMPAIGN,NY/LI geography in Portland campaign: 'long island'
future stars hockey camp,CM - pMax - Portland (MxConv),--,Performance Max,None,0,0,0.00,0.00,ADD NEGATIVE,CAMPAIGN,Brand term in pMax - should go to branded campaign
farmingdale state college summer camps,CM - pMax - Portland (MxConv),--,Performance Max,None,0,0,0.00,0.00,ADD NEGATIVE,CAMPAIGN,NY/LI geography in Portland campaign: 'farmingdale'
long island,CM - pMax - Portland (MxConv),--,Performance Max,None,0,0,0.00,0.00,ADD NEGATIVE,CAMPAIGN,NY/LI geography in Portland campaign: 'long island'
how to shift your defender in basketball,CM - pMax - Portland (MxConv),--,Performance Max,None,0,0,0.00,0.00,ADD NEGATIVE,ACCOUNT,Wrong intent signal: 'how to'
camp counselors hiring,CM - pMax - Portland (MxConv),--,Performance Max,None,0,0,0.00,0.00,ADD NEGATIVE,ACCOUNT,Wrong intent signal: 'hiring'
future stars soccer camp,CM - pMax - Portland (MxConv),--,Performance Max,None,0,0,0.00,0.00,ADD NEGATIVE,CAMPAIGN,Brand term in pMax - should go to branded campaign
westbury summer camp,CM - pMax - Portland (MxConv),--,Performance Max,None,0,0,0.00,0.00,ADD NEGATIVE,CAMPAIGN,NY/LI geography in Portland campaign: 'westbury'
swimming camp nyc,CM - Non Brand - PMax,--,Performance Max,None,0,1,0.00,0.00,ADD NEGATIVE,CAMPAIGN,NY/LI geography in Portland campaign: ' ny'
boundless adventures purchase ny,CM - Non Brand - PMax,--,Performance Max,None,0,1,0.00,0.00,ADD NEGATIVE,CAMPAIGN,NY/LI geography in Portland campaign: ' ny'
golf lessons westchester ny,CM - Non Brand - PMax,--,Performance Max,None,0,1,0.00,0.00,ADD NEGATIVE,CAMPAIGN,NY/LI geography in Portland campaign: ' ny'
camps on long island,CM - Non Brand - PMax,--,Performance Max,None,0,1,0.00,0.00,ADD NEGATIVE,CAMPAIGN,NY/LI geography in Portland campaign: 'long island'
splash pad long island,CM - Non Brand - PMax,--,Performance Max,None,1,8,0.09,0.00,ADD NEGATIVE,CAMPAIGN,NY/LI geography in Portland campaign: 'long island'
equestrian center nyc,CM - pMax - Portland (MxConv),--,Performance Max,None,0,0,0.00,0.00,ADD NEGATIVE,CAMPAIGN,NY/LI geography in Portland campaign: ' ny'
camps in westchester ny,CM - pMax - Portland (MxConv),--,Performance Max,None,0,0,0.00,0.00,ADD NEGATIVE,CAMPAIGN,NY/LI geography in Portland campaign: ' ny'
long island volleyball camp,CM - pMax - Portland (MxConv),--,Performance Max,None,0,0,0.00,0.00,ADD NEGATIVE,CAMPAIGN,NY/LI geography in Portland campaign: 'long island'
camps r us syosset,CM - pMax - Portland (MxConv),--,Performance Max,None,0,0,0.00,0.00,ADD NEGATIVE,CAMPAIGN,NY/LI geography in Portland campaign: 'syosset'
horseback riding lessons ny,CM - Non Brand - PMax,--,Performance Max,None,0,3,0.00,0.00,ADD NEGATIVE,CAMPAIGN,NY/LI geography in Portland campaign: ' ny'
splash park long island ny,CM - Non Brand - PMax,--,Performance Max,None,0,2,0.00,0.00,ADD NEGATIVE,CAMPAIGN,NY/LI geography in Portland campaign: 'long island'
farmingdale summer camp,CM - pMax - Portland (MxConv),--,Performance Max,None,0,0,0.00,0.00,ADD NEGATIVE,CAMPAIGN,NY/LI geography in Portland campaign: 'farmingdale'
how to dribble a basketball,CM - pMax - Portland (MxConv),--,Performance Max,None,0,0,0.00,0.00,ADD NEGATIVE,ACCOUNT,Wrong intent signal: 'how to'
luhi summer camp tuition,CM - Nonbranded - Geo Priorities (MxCx),Sports Camps,Phrase match (close variant),None,0,1,0.00,0.00,ADD NEGATIVE,CAMPAIGN,Competitor term in nonbranded campaign: 'luhi summer camp'
future stars camp reviews,CM - pMax - Portland (MxConv),--,Performance Max,None,0,0,0.00,0.00,ADD NEGATIVE,CAMPAIGN,Brand term in pMax - should go to branded campaign
farmingdale volleyball camp,CM - Non Brand - PMax,--,Performance Max,None,0,1,0.00,0.00,ADD NEGATIVE,CAMPAIGN,NY/LI geography in Portland campaign: 'farmingdale'
jcc camp long island,CM - Non Brand - PMax,--,Performance Max,None,0,1,0.00,0.00,ADD NEGATIVE,CAMPAIGN,NY/LI geography in Portland campaign: 'long island'
long island swim,CM - Non Brand - PMax,--,Performance Max,None,0,5,0.00,0.00,ADD NEGATIVE,CAMPAIGN,NY/LI geography in Portland campaign: 'long island'
camps near me hiring,CM - pMax - Portland (MxConv),--,Performance Max,None,0,0,0.00,0.00,ADD NEGATIVE,ACCOUNT,Wrong intent signal: 'hiring'
things to do long island for kids,CM - pMax - Portland (MxConv),--,Performance Max,None,0,0,0.00,0.00,ADD NEGATIVE,CAMPAIGN,NY/LI geography in Portland campaign: 'long island'
summer camps hiring near me,CM - pMax - Portland (MxConv),--,Performance Max,None,0,0,0.00,0.00,ADD NEGATIVE,ACCOUNT,Wrong intent signal: 'hiring'
farmingdale state college summer camp,CM - pMax - Portland (MxConv),--,Performance Max,None,0,0,0.00,0.00,ADD NEGATIVE,CAMPAIGN,NY/LI geography in Portland campaign: 'farmingdale'
how to play basketball zero,CM - pMax - Portland (MxConv),--,Performance Max,None,0,0,0.00,0.00,ADD NEGATIVE,ACCOUNT,Wrong intent signal: 'how to'
what size soccer ball 10 year old,CM - pMax - Portland (MxConv),--,Performance Max,None,0,0,0.00,0.00,ADD NEGATIVE,ACCOUNT,Wrong intent signal: 'what size'
horse ranch long island,CM - Non Brand - PMax,--,Performance Max,None,0,1,0.00,0.00,ADD NEGATIVE,CAMPAIGN,NY/LI geography in Portland campaign: 'long island'
waterpark long island,CM - Non Brand - PMax,--,Performance Max,None,0,2,0.00,0.00,ADD NEGATIVE,CAMPAIGN,NY/LI geography in Portland campaign: 'long island'
farmingdale soccer,CM - Non Brand - PMax,--,Performance Max,None,0,8,0.00,0.00,ADD NEGATIVE,CAMPAIGN,NY/LI geography in Portland campaign: 'farmingdale'
lu high summer camp,CM - Competitors - OldW - (Mx.Clicks),Competitors,Exact match (close variant),None,0,1,0.00,0.00,ADD NEGATIVE,CAMPAIGN,No competitor signal - not relevant for competitors campaign
what size soccer ball u8,CM - pMax - Portland (MxConv),--,Performance Max,None,0,1,0.00,0.00,ADD NEGATIVE,ACCOUNT,Wrong intent signal: 'what size'
what size soccer ball for 8 year old girl,CM - pMax - Portland (MxConv),--,Performance Max,None,0,0,0.00,0.00,ADD NEGATIVE,ACCOUNT,Wrong intent signal: 'what size'
future stars camp suffolk community college,CM - pMax - Portland (MxConv),--,Performance Max,None,0,0,0.00,0.00,ADD NEGATIVE,CAMPAIGN,NY/LI geography in Portland campaign: 'suffolk'
summer camp jobs near me,CM - pMax - Portland (MxConv),--,Performance Max,None,0,0,0.00,0.00,ADD NEGATIVE,ACCOUNT,Wrong intent signal: 'jobs'
what size soccer ball for 12 year old,CM - pMax - Portland (MxConv),--,Performance Max,None,0,0,0.00,0.00,ADD NEGATIVE,ACCOUNT,Wrong intent signal: 'what size'
farmingdale golf driving range,CM - Non Brand - PMax,--,Performance Max,None,0,4,0.00,0.00,ADD NEGATIVE,CAMPAIGN,NY/LI geography in Portland campaign: 'farmingdale'
smithtown high school west cheerleading,CM - pMax - Portland (MxConv),--,Performance Max,None,0,0,0.00,0.00,ADD NEGATIVE,CAMPAIGN,NY/LI geography in Portland campaign: 'smithtown'
sports camp long island,CM - pMax - Portland (MxConv),--,Performance Max,None,0,0,0.00,0.00,ADD NEGATIVE,CAMPAIGN,NY/LI geography in Portland campaign: 'long island'
farmingdale soccer club,CM - Non Brand - PMax,--,Performance Max,None,0,1,0.00,0.00,ADD NEGATIVE,CAMPAIGN,NY/LI geography in Portland campaign: 'farmingdale'
long island recreational,CM - Non Brand - PMax,--,Performance Max,None,0,1,0.00,0.00,ADD NEGATIVE,CAMPAIGN,NY/LI geography in Portland campaign: 'long island'
day camps westchester ny,CM - pMax - Portland (MxConv),--,Performance Max,None,0,0,0.00,0.00,ADD NEGATIVE,CAMPAIGN,NY/LI geography in Portland campaign: ' ny'
future stars southampton,CM - pMax - Portland (MxConv),--,Performance Max,None,0,0,0.00,0.00,ADD NEGATIVE,CAMPAIGN,Brand term in pMax - should go to branded campaign
long island elite football,CM - pMax - Portland (MxConv),--,Performance Max,None,0,0,0.00,0.00,ADD NEGATIVE,CAMPAIGN,NY/LI geography in Portland campaign: 'long island'
6 year old soccer ball size,CM - pMax - Portland (MxConv),--,Performance Max,None,0,0,0.00,0.00,ADD NEGATIVE,ACCOUNT,Wrong intent signal: 'ball size'
what size soccer ball for 4 year old,CM - pMax - Portland (MxConv),--,Performance Max,None,0,0,0.00,0.00,ADD NEGATIVE,ACCOUNT,Wrong intent signal: 'what size'
baseball camp westchester ny,CM - pMax - Portland (MxConv),--,Performance Max,None,0,0,0.00,0.00,ADD NEGATIVE,CAMPAIGN,NY/LI geography in Portland campaign: ' ny'
what size tennis racket for a 9 year old,CM - pMax - Portland (MxConv),--,Performance Max,None,0,0,0.00,0.00,ADD NEGATIVE,ACCOUNT,Wrong intent signal: 'what size'
fscamp,CM - pMax - Portland (MxConv),--,Performance Max,None,0,0,0.00,0.00,ADD NEGATIVE,CAMPAIGN,Brand term in pMax - should go to branded campaign
long island baseball training,CM - Non Brand - PMax,--,Performance Max,None,0,2,0.00,0.00,ADD NEGATIVE,CAMPAIGN,NY/LI geography in Portland campaign: 'long island'
basketball league long island,CM - Non Brand - PMax,--,Performance Max,None,0,2,0.00,0.00,ADD NEGATIVE,CAMPAIGN,NY/LI geography in Portland campaign: 'long island'
town of mamaroneck recreation department summer camp,CM - Nonbranded - Other Geos (MxConv),Tennis Camps,Broad match,None,0,1,0.00,0.00,OK,,Appears relevant
lacrosse summer camp near me,CM - Nonbranded - Other Geos (MxConv),Lacrosse Camps,Exact match (close variant),None,1,3,5.58,0.00,OK,,Appears relevant
southampton summer camp,CM - Nonbranded - Other Geos (MxConv),Summer Camps,Exact match,Added,0,0,0.00,0.00,OK,,Appears relevant
baseball batting training,CM - Non Brand - PMax,--,Performance Max,None,0,1,0.00,0.00,OK,,Appears relevant for Portland market
chess camp near me,CM - Non Brand - PMax,--,Performance Max,None,0,1,0.00,0.00,OK,,Appears relevant for Portland market
hofstra girls lacrosse camp,CM - Non Brand - PMax,--,Performance Max,None,0,1,0.00,0.00,OK,,Appears relevant for Portland market
indoor soccer field,CM - Non Brand - PMax,--,Performance Max,None,0,1,0.00,0.00,OK,,Appears relevant for Portland market
hoop camp maine,CM - pMax - Portland (MxConv),--,Performance Max,None,0,3,0.00,0.00,OK,,Appears relevant for Portland market
csc soccer camp,CM - pMax - Portland (MxConv),--,Performance Max,None,0,1,0.00,0.00,OK,,Appears relevant for Portland market
basketball camp in maine,CM - pMax - Portland (MxConv),--,Performance Max,None,0,1,0.00,0.00,OK,,Appears relevant for Portland market
sunshine academy summer camp,CM - pMax - Portland (MxConv),--,Performance Max,None,0,0,0.00,0.00,OK,,Appears relevant for Portland market
circus training,CM - pMax - Portland (MxConv),--,Performance Max,None,0,0,0.00,0.00,OK,,Appears relevant for Portland market
kids flag football,CM - pMax - Portland (MxConv),--,Performance Max,None,0,0,0.00,0.00,OK,,Appears relevant for Portland market
football summer camp,CM - pMax - Portland (MxConv),--,Performance Max,None,0,0,0.00,0.00,OK,,Appears relevant for Portland market
soccer camp near me,CM - pMax - Portland (MxConv),--,Performance Max,None,0,0,0.00,0.00,OK,,Appears relevant for Portland market
volleyball clubs for kids near me,CM - pMax - Portland (MxConv),--,Performance Max,None,0,0,0.00,0.00,OK,,Appears relevant for Portland market
swimming classes near me,CM - pMax - Portland (MxConv),--,Performance Max,None,0,0,0.00,0.00,OK,,Appears relevant for Portland market
golf summer camps for kids near me,CM - Nonbranded - Geo Priorities (MxCx),Summer Camps,Phrase match,None,0,1,0.00,0.00,OK,,Appears relevant
summer dance camps near me,CM - Nonbranded - Geo Priorities (MxCx),Dance Camps,Exact match (close variant),None,0,6,0.00,0.00,OK,,Appears relevant
new beginnings summer camp,CM - Nonbranded - Geo Priorities (MxCx),Summer Camps,Phrase match (close variant),None,0,2,0.00,0.00,OK,,Appears relevant
north babylon summer camp,CM - Nonbranded - Geo Priorities (MxCx),Summer Camps,Phrase match,None,0,3,0.00,0.00,OK,,Appears relevant
public speaking for kids summer camp,CM - Nonbranded - Geo Priorities (MxCx),Summer Camps,Phrase match,None,0,3,0.00,0.00,OK,,Appears relevant
hofstra university summer camp,CM - Nonbranded - Geo Priorities (MxCx),Summer Camps,Phrase match (close variant),None,0,1,0.00,0.00,OK,,Appears relevant
south shore summer camp,CM - Nonbranded - Geo Priorities (MxCx),Summer Camps,Phrase match (close variant),None,0,3,0.00,0.00,OK,,Appears relevant
summer camps on long island,CM - Nonbranded - Geo Priorities (MxCx),Summer Camps,Phrase match,None,0,1,0.00,0.00,OK,,Appears relevant
day camps for 3 year olds,CM - Nonbranded - Geo Priorities (MxCx),Summer Camps,Phrase match (close variant),None,0,3,0.00,0.00,OK,,Appears relevant
swimming camp long island,CM - Nonbranded - Geo Priorities (MxCx),Summer Camps,Phrase match (close variant),None,0,1,0.00,0.00,OK,,Appears relevant
dodgeball camp near me,CM - Nonbranded - Geo Priorities (MxCx),Sports Camps,Phrase match (close variant),None,0,3,0.00,0.00,OK,,Appears relevant
boys basketball camps 2026 near me,CM - Nonbranded - Geo Priorities (MxCx),Basketball Camp,Phrase match,None,0,3,0.00,0.00,OK,,Appears relevant
summer programs near me,CM - Nonbranded - Geo Priorities (MxCx),Soccer Camps,Phrase match (close variant),None,0,1,0.00,0.00,OK,,Appears relevant
summer programs for teenagers,CM - Nonbranded - Geo Priorities (MxCx),Soccer Camps,Exact match (close variant),None,0,2,0.00,0.00,OK,,Appears relevant
summer camps long island nassau county,CM - Nonbranded - Geo Priorities (MxCx),Summer Camps,Phrase match,None,0,2,0.00,0.00,OK,,Appears relevant
golf summer camp for kids,CM - Nonbranded - Geo Priorities (MxCx),Summer Camps,Phrase match,None,0,4,0.00,0.00,OK,,Appears relevant
pierce summer camp,CM - Competitors - OldW - (Mx.Clicks),Competitors,Exact match,Added,3,20,11.85,0.00,OK,,Competitor matched: 'pierce'
future stars futbol brooklyn,CM - Branded (Mx.Clicks),Future Stars Camp Brand,Phrase match,None,0,2,0.00,0.00,OK,,Brand term matched: 'future stars'
tennis camp ny,CM - Nonbranded - Other Geos (MxConv),Tennis Camps,Phrase match,None,0,1,0.00,0.00,OK,,Appears relevant
summer softball camp near me,CM - Nonbranded - Other Geos (MxConv),Softball Camps,Phrase match,None,0,0,0.00,0.00,OK,,Appears relevant
volleyball camps near me,CM - Nonbranded - Geo Priorities (MxCx),Volleyball Camps,Exact match (close variant),Added,5,27,7.99,0.00,OK,,Appears relevant
girls flag football camp,CM - Nonbranded - Geo Priorities (MxCx),Football Camps,Phrase match,None,1,4,1.66,0.00,OK,,Appears relevant
summer camp events,CM - Nonbranded - Geo Priorities (MxCx),Summer Camps,Phrase match,None,0,1,0.00,0.00,OK,,Appears relevant
science center summer camp,CM - Nonbranded - Geo Priorities (MxCx),Summer Camps,Phrase match,None,0,1,0.00,0.00,OK,,Appears relevant
gymnastic summer camp,CM - Nonbranded - Geo Priorities (MxCx),Summer Camps,Phrase match,None,0,1,0.00,0.00,OK,,Appears relevant
basketball summer clinic,CM - Nonbranded - Geo Priorities (MxCx),Basketball Camp,Exact match (close variant),None,0,2,0.00,0.00,OK,,Appears relevant
immersion summer camp,CM - Nonbranded - Geo Priorities (MxCx),Summer Camps,Phrase match (close variant),None,0,2,0.00,0.00,OK,,Appears relevant
basketball camp near me for kids,CM - Nonbranded - Geo Priorities (MxCx),Basketball Camp,Exact match (close variant),None,0,4,0.00,0.00,OK,,Appears relevant
animal camps for kids near me,CM - Nonbranded - Geo Priorities (MxCx),Summer Camps,Phrase match (close variant),None,0,1,0.00,0.00,OK,,Appears relevant
1 month summer camp,CM - Nonbranded - Geo Priorities (MxCx),Summer Camps,Phrase match,None,0,2,0.00,0.00,OK,,Appears relevant
summer camp near me for 4 year olds,CM - Nonbranded - Geo Priorities (MxCx),Summer Camps,Phrase match (close variant),None,0,1,0.00,0.00,OK,,Appears relevant
summer camp mineola,CM - Nonbranded - Geo Priorities (MxCx),Summer Camps,Phrase match,None,0,2,0.00,0.00,OK,,Appears relevant
basketball summer camps 2025,CM - Nonbranded - Geo Priorities (MxCx),Basketball Camp,Phrase match,None,0,0,0.00,0.00,OK,,Appears relevant
ymca basketball,CM - Non Brand - PMax,--,Performance Max,None,0,1,0.00,0.00,OK,,Appears relevant for Portland market
soccer club near me,CM - Non Brand - PMax,--,Performance Max,None,0,1,0.00,0.00,OK,,Appears relevant for Portland market
soccer practice near me,CM - Non Brand - PMax,--,Performance Max,None,0,2,0.00,0.00,OK,,Appears relevant for Portland market
horseback riding lessons for beginners near me,CM - Non Brand - PMax,--,Performance Max,None,0,1,0.00,0.00,OK,,Appears relevant for Portland market
swimming club,CM - Non Brand - PMax,--,Performance Max,None,0,1,0.00,0.00,OK,,Appears relevant for Portland market
horseback riding classes near me,CM - Non Brand - PMax,--,Performance Max,None,0,4,0.00,0.00,OK,,Appears relevant for Portland market
kids tennis lessons near me,CM - Non Brand - PMax,--,Performance Max,None,0,1,0.00,0.00,OK,,Appears relevant for Portland market
kids basketball game,CM - Non Brand - PMax,--,Performance Max,None,0,1,0.00,0.00,OK,,Appears relevant for Portland market
soccer for summer,CM - Non Brand - PMax,--,Performance Max,None,0,1,0.00,0.00,OK,,Appears relevant for Portland market
things to do in the hamptons when it rains,CM - Non Brand - PMax,--,Performance Max,None,0,2,0.00,0.00,OK,,Appears relevant for Portland market
one river summer camp,CM - Non Brand - PMax,--,Performance Max,None,0,1,0.00,0.00,OK,,Appears relevant for Portland market
day camps near me,CM - pMax - Portland (MxConv),--,Performance Max,None,1,8,1.57,0.00,OK,,Appears relevant for Portland market
summer camps portland maine,CM - pMax - Portland (MxConv),--,Performance Max,None,0,6,0.00,0.00,OK,,Appears relevant for Portland market
usm basketball camp,CM - pMax - Portland (MxConv),--,Performance Max,None,0,3,0.00,0.00,OK,,Appears relevant for Portland market
basketball programs near me,CM - pMax - Portland (MxConv),--,Performance Max,None,0,0,0.00,0.00,OK,,Appears relevant for Portland market
suny purchase summer camp,CM - pMax - Portland (MxConv),--,Performance Max,None,0,0,0.00,0.00,OK,,Appears relevant for Portland market
byanymeansbball,CM - pMax - Portland (MxConv),--,Performance Max,None,0,0,0.00,0.00,OK,,Appears relevant for Portland market
baseball camp summer 2025,CM - pMax - Portland (MxConv),--,Performance Max,None,0,0,0.00,0.00,OK,,Appears relevant for Portland market
savinho skills,CM - pMax - Portland (MxConv),--,Performance Max,None,0,0,0.00,0.00,OK,,Appears relevant for Portland market
flag football camps near me,CM - pMax - Portland (MxConv),--,Performance Max,None,0,0,0.00,0.00,OK,,Appears relevant for Portland market
elizabeth horse riding,CM - pMax - Portland (MxConv),--,Performance Max,None,0,0,0.00,0.00,OK,,Appears relevant for Portland market
susa boys,CM - pMax - Portland (MxConv),--,Performance Max,None,0,0,0.00,0.00,OK,,Appears relevant for Portland market
shibley camp,CM - Competitors - OldW - (Mx.Clicks),Competitors,Exact match (close variant),None,0,7,0.00,0.00,OK,,Competitor matched: 'shibley'
future star camps,CM - Branded (Mx.Clicks),Future Stars Camp Brand,Exact match (close variant),None,0,0,0.00,0.00,OK,,Brand term matched: 'future star'
soccer camp maine,CM - pMax - Portland (MxConv),--,Performance Max,None,0,2,0.00,0.00,OK,,Appears relevant for Portland market
day programs for kids near me,CM - pMax - Portland (MxConv),--,Performance Max,None,0,0,0.00,0.00,OK,,Appears relevant for Portland market
play like a pro camp,CM - pMax - Portland (MxConv),--,Performance Max,None,0,0,0.00,0.00,OK,,Appears relevant for Portland market
soccer leagues near me,CM - pMax - Portland (MxConv),--,Performance Max,None,0,0,0.00,0.00,OK,,Appears relevant for Portland market
camp morty,CM - pMax - Portland (MxConv),--,Performance Max,None,0,0,0.00,0.00,OK,,Appears relevant for Portland market
nyabc,CM - pMax - Portland (MxConv),--,Performance Max,None,0,0,0.00,0.00,OK,,Appears relevant for Portland market
lacrosse,CM - pMax - Portland (MxConv),--,Performance Max,None,0,0,0.00,0.00,OK,,Appears relevant for Portland market
woodmont summer camp wantagh,CM - pMax - Portland (MxConv),--,Performance Max,None,0,0,0.00,0.00,OK,,Appears relevant for Portland market
camprus,CM - pMax - Portland (MxConv),--,Performance Max,None,0,0,0.00,0.00,OK,,Appears relevant for Portland market
increased balance,CM - pMax - Portland (MxConv),--,Performance Max,None,0,0,0.00,0.00,OK,,Appears relevant for Portland market
park shore day camp,CM - pMax - Portland (MxConv),--,Performance Max,None,0,0,0.00,0.00,OK,,Appears relevant for Portland market
wagner college football camp,CM - pMax - Portland (MxConv),--,Performance Max,None,0,0,0.00,0.00,OK,,Appears relevant for Portland market
swim school near me,CM - pMax - Portland (MxConv),--,Performance Max,None,0,0,0.00,0.00,OK,,Appears relevant for Portland market
tennis lessons hamptons,CM - pMax - Portland (MxConv),--,Performance Max,None,0,0,0.00,0.00,OK,,Appears relevant for Portland market
campsrus,CM - pMax - Portland (MxConv),--,Performance Max,None,0,0,0.00,0.00,OK,,Appears relevant for Portland market
free summer camps,CM - pMax - Portland (MxConv),--,Performance Max,None,0,0,0.00,0.00,OK,,Appears relevant for Portland market
white plains recreation camp,CM - pMax - Portland (MxConv),--,Performance Max,None,0,0,0.00,0.00,OK,,Appears relevant for Portland market
adventure camp,CM - pMax - Portland (MxConv),--,Performance Max,None,0,0,0.00,0.00,OK,,Appears relevant for Portland market
purchase summer camps,CM - Nonbranded - Other Geos (MxConv),Summer Camps,Exact match (close variant),None,0,0,0.00,0.00,OK,,Appears relevant
volleyball camps,CM - Nonbranded - Other Geos (MxConv),Volleyball Camps,Exact match,Added,0,0,0.00,0.00,OK,,Appears relevant
broad channel day camp,CM - Nonbranded - Geo Priorities (MxCx),Summer Camps,Phrase match (close variant),None,0,1,0.00,0.00,OK,,Appears relevant
matts syosset summer camp,CM - Nonbranded - Geo Priorities (MxCx),Summer Camps,Phrase match,None,0,1,0.00,0.00,OK,,Appears relevant
swimming summer camp,CM - Nonbranded - Geo Priorities (MxCx),Sports Camps,Phrase match (close variant),None,0,1,0.00,0.00,OK,,Appears relevant
southampton country day camp,CM - Nonbranded - Geo Priorities (MxCx),Summer Camps,Phrase match (close variant),None,0,1,0.00,0.00,OK,,Appears relevant
suny farmingdale summer camp,CM - Nonbranded - Geo Priorities (MxCx),Summer Camps,Phrase match,None,0,1,0.00,0.00,OK,,Appears relevant
day camp for 4 year olds near me,CM - Nonbranded - Geo Priorities (MxCx),Summer Camps,Phrase match,None,2,3,5.64,0.00,OK,,Appears relevant
sports camp for 4 year olds,CM - Nonbranded - Geo Priorities (MxCx),Sports Camps,Phrase match,None,0,2,0.00,0.00,OK,,Appears relevant
luhi basketball camp,CM - Nonbranded - Geo Priorities (MxCx),Basketball Camp,Phrase match,None,2,6,5.82,0.00,OK,,Appears relevant
dave masur soccer camp,CM - Nonbranded - Geo Priorities (MxCx),Soccer Camps,Phrase match,None,0,1,0.00,0.00,OK,,Appears relevant
wantagh camp,CM - Nonbranded - Geo Priorities (MxCx),Summer Camps,Phrase match (close variant),None,0,1,0.00,0.00,OK,,Appears relevant
summer lacrosse,CM - Nonbranded - Geo Priorities (MxCx),Lacrosse Camps,Exact match (close variant),None,0,7,0.00,0.00,OK,,Appears relevant
lacrosse camps summer 2026,CM - Nonbranded - Geo Priorities (MxCx),Lacrosse Camps,Phrase match,None,0,9,0.00,0.00,OK,,Appears relevant
summer camp sessions,CM - Nonbranded - Geo Priorities (MxCx),Summer Camps,Exact match (close variant),None,0,1,0.00,0.00,OK,,Appears relevant
camp alvernia centerport ny,CM - Nonbranded - Geo Priorities (MxCx),Summer Camps,Phrase match (close variant),None,0,1,0.00,0.00,OK,,Appears relevant
summer baseball camps near me,CM - Nonbranded - Geo Priorities (MxCx),Baseball Camps,Phrase match (close variant),None,0,0,0.00,0.00,OK,,Appears relevant
camp w,CM - Competitors - OldW - (Mx.Clicks),Competitors,Exact match,Added,0,2,0.00,0.00,OK,,Competitor matched: 'camp w'
hofstra summer camp,CM - Competitors - OldW - (Mx.Clicks),Competitors,Exact match,Added,8,52,28.94,0.00,OK,,Competitor matched: 'hofstra'
basketball camp near me,CM - Non Brand - PMax,--,Performance Max,None,1,11,0.40,0.00,OK,,Appears relevant for Portland market
knicks camp hamptons,CM - Non Brand - PMax,--,Performance Max,None,0,2,0.00,0.00,OK,,Appears relevant for Portland market
ymca camp,CM - Non Brand - PMax,--,Performance Max,None,0,6,0.00,0.00,OK,,Appears relevant for Portland market
golf schools,CM - Non Brand - PMax,--,Performance Max,None,0,1,0.00,0.00,OK,,Appears relevant for Portland market
summer camp stamford ct,CM - Non Brand - PMax,--,Performance Max,None,0,1,0.00,0.00,OK,,Appears relevant for Portland market
horseback riding lessons,CM - Non Brand - PMax,--,Performance Max,None,0,4,0.00,0.00,OK,,Appears relevant for Portland market
kids baseball teams near me,CM - Non Brand - PMax,--,Performance Max,None,0,2,0.00,0.00,OK,,Appears relevant for Portland market
horseback riding white plains,CM - Non Brand - PMax,--,Performance Max,None,0,1,0.00,0.00,OK,,Appears relevant for Portland market
horse therapy near me,CM - Non Brand - PMax,--,Performance Max,None,0,1,0.00,0.00,OK,,Appears relevant for Portland market
full size soccer ball,CM - pMax - Portland (MxConv),--,Performance Max,None,0,1,0.00,0.00,OK,,Appears relevant for Portland market
laughing loon camp,CM - pMax - Portland (MxConv),--,Performance Max,None,1,1,3.69,0.00,OK,,Appears relevant for Portland market
ymca kids summer camp,CM - pMax - Portland (MxConv),--,Performance Max,None,0,0,0.00,0.00,OK,,Appears relevant for Portland market
world discovery day camp,CM - pMax - Portland (MxConv),--,Performance Max,None,0,0,0.00,0.00,OK,,Appears relevant for Portland market
suny purchase summer session,CM - pMax - Portland (MxConv),--,Performance Max,None,0,0,0.00,0.00,OK,,Appears relevant for Portland market
purchase college swim lessons,CM - pMax - Portland (MxConv),--,Performance Max,None,0,0,0.00,0.00,OK,,Appears relevant for Portland market
white plains summer camp 2025,CM - pMax - Portland (MxConv),--,Performance Max,None,0,0,0.00,0.00,OK,,Appears relevant for Portland market
horseback riding lessons,CM - pMax - Portland (MxConv),--,Performance Max,None,0,0,0.00,0.00,OK,,Appears relevant for Portland market
kids camp near me,CM - pMax - Portland (MxConv),--,Performance Max,None,0,0,0.00,0.00,OK,,Appears relevant for Portland market
aau basketball camps near me,CM - pMax - Portland (MxConv),--,Performance Max,None,0,0,0.00,0.00,OK,,Appears relevant for Portland market
summer sports camps near me,CM - pMax - Portland (MxConv),--,Performance Max,None,0,0,0.00,0.00,OK,,Appears relevant for Portland market
esf day camp,CM - pMax - Portland (MxConv),--,Performance Max,None,0,0,0.00,0.00,OK,,Appears relevant for Portland market
camp for kids near me,CM - pMax - Portland (MxConv),--,Performance Max,None,0,0,0.00,0.00,OK,,Appears relevant for Portland market
white plains summer camp,CM - Nonbranded - Other Geos (MxConv),Tennis Camps,Broad match,None,0,2,0.00,0.00,OK,,Appears relevant
volleyball places near me,CM - Non Brand - PMax,--,Performance Max,None,0,1,0.00,0.00,OK,,Appears relevant for Portland market
9 west drive,CM - Non Brand - PMax,--,Performance Max,None,0,2,0.00,0.00,OK,,Appears relevant for Portland market
riverhead pickleball,CM - Non Brand - PMax,--,Performance Max,None,0,1,0.00,0.00,OK,,Appears relevant for Portland market
soccer field near me,CM - Non Brand - PMax,--,Performance Max,None,2,8,0.02,0.00,OK,,Appears relevant for Portland market
south hampton summer camp,CM - Non Brand - PMax,--,Performance Max,None,0,1,0.00,0.00,OK,,Appears relevant for Portland market
rising stars summer camp,CM - Nonbranded - Geo Priorities (MxCx),Summer Camps,Phrase match,None,0,1,0.00,0.00,OK,,Appears relevant
kids soccer camp near me,CM - Nonbranded - Geo Priorities (MxCx),Soccer Camps,Phrase match,None,0,1,0.00,0.00,OK,,Appears relevant
kids golf camp,CM - Nonbranded - Geo Priorities (MxCx),Summer Camps,Phrase match,None,0,4,0.00,0.00,OK,,Appears relevant
warriors camp,CM - Nonbranded - Geo Priorities (MxCx),Basketball Camp,Phrase match (close variant),None,0,2,0.00,0.00,OK,,Appears relevant
baseball summer camps long island,CM - Nonbranded - Geo Priorities (MxCx),Summer Camps,Phrase match,None,0,1,0.00,0.00,OK,,Appears relevant
softball camp long island,CM - Nonbranded - Geo Priorities (MxCx),Softball Camps,Exact match (close variant),None,0,1,0.00,0.00,OK,,Appears relevant
best soccer camps near me,CM - Nonbranded - Geo Priorities (MxCx),Soccer Camps,Phrase match,None,0,1,0.00,0.00,OK,,Appears relevant
mam summer camp,CM - Nonbranded - Geo Priorities (MxCx),Summer Camps,Phrase match,None,0,1,0.00,0.00,OK,,Appears relevant
summer cheer camp near me,CM - Nonbranded - Geo Priorities (MxCx),Summer Camps,Phrase match (close variant),None,0,1,0.00,0.00,OK,,Appears relevant
long island baseball camp,CM - Nonbranded - Geo Priorities (MxCx),Summer Camps,Phrase match (close variant),None,0,3,0.00,0.00,OK,,Appears relevant
summer camp 4 year old,CM - Nonbranded - Geo Priorities (MxCx),Summer Camps,Phrase match,None,0,1,0.00,0.00,OK,,Appears relevant
prodigy summer camp,CM - Nonbranded - Geo Priorities (MxCx),Summer Camps,Phrase match,None,0,1,0.00,0.00,OK,,Appears relevant
basketball camp on long island,CM - Nonbranded - Geo Priorities (MxCx),Basketball Camp,Exact match (close variant),None,0,1,0.00,0.00,OK,,Appears relevant
teen volleyball near me,CM - Nonbranded - Geo Priorities (MxCx),Volleyball Camps,Phrase match (close variant),None,0,0,0.00,0.00,OK,,Appears relevant
future stars game,CM - Branded (Mx.Clicks),Future Stars Camp Brand,Phrase match,None,0,1,0.00,0.00,OK,,Brand term matched: 'future stars'
day camp westchester ny,CM - Nonbranded - Other Geos (MxConv),Tennis Camps,Broad match,None,0,1,0.00,0.00,OK,,Appears relevant
summer camps 2026,CM - Nonbranded - Other Geos (MxConv),Tennis Camps,Broad match,None,0,1,0.00,0.00,OK,,Appears relevant
ll bean camps,CM - pMax - Portland (MxConv),--,Performance Max,None,0,1,0.00,0.00,OK,,Appears relevant for Portland market
brunswick maine summer camp,CM - pMax - Portland (MxConv),--,Performance Max,None,0,2,0.00,0.00,OK,,Appears relevant for Portland market
sports camps summer 2026,CM - pMax - Portland (MxConv),--,Performance Max,None,0,1,0.00,0.00,OK,,Appears relevant for Portland market
camps in southern maine,CM - pMax - Portland (MxConv),--,Performance Max,None,0,2,0.00,0.00,OK,,Appears relevant for Portland market
maine summer soccer camps,CM - pMax - Portland (MxConv),--,Performance Max,None,0,2,0.00,0.00,OK,,Appears relevant for Portland market
usm soccer camp,CM - pMax - Portland (MxConv),--,Performance Max,None,0,4,0.00,0.00,OK,,Appears relevant for Portland market
cheerleader,CM - pMax - Portland (MxConv),--,Performance Max,None,0,0,0.00,0.00,OK,,Appears relevant for Portland market
summertech,CM - pMax - Portland (MxConv),--,Performance Max,None,0,0,0.00,0.00,OK,,Appears relevant for Portland market
basketball programs,CM - pMax - Portland (MxConv),--,Performance Max,None,0,0,0.00,0.00,OK,,Appears relevant for Portland market
white plains ymca summer camp,CM - pMax - Portland (MxConv),--,Performance Max,None,0,0,0.00,0.00,OK,,Appears relevant for Portland market
extracurricular activities for teens,CM - pMax - Portland (MxConv),--,Performance Max,None,0,0,0.00,0.00,OK,,Appears relevant for Portland market
soccer tryouts,CM - pMax - Portland (MxConv),--,Performance Max,None,0,0,0.00,0.00,OK,,Appears relevant for Portland market
basketball summer camps 2025,CM - pMax - Portland (MxConv),--,Performance Max,None,0,0,0.00,0.00,OK,,Appears relevant for Portland market
central islip summer camp,CM - Nonbranded - Geo Priorities (MxCx),Summer Camps,Phrase match,None,0,8,0.00,0.00,OK,,Appears relevant
kid strong summer camp,CM - Nonbranded - Geo Priorities (MxCx),Sports Camps,Phrase match (close variant),None,0,1,0.00,0.00,OK,,Appears relevant
weston basketball camp,CM - Nonbranded - Geo Priorities (MxCx),Basketball Camp,Phrase match,None,1,1,2.84,0.00,OK,,Appears relevant
liu football camp,CM - Nonbranded - Geo Priorities (MxCx),Summer Camps,Phrase match (close variant),None,0,1,0.00,0.00,OK,,Appears relevant
basketball camp nassau county,CM - Nonbranded - Geo Priorities (MxCx),Basketball Camp,Phrase match (close variant),None,0,2,0.00,0.00,OK,,Appears relevant
summer camp organizer near me,CM - Nonbranded - Geo Priorities (MxCx),Summer Camps,Phrase match,None,0,2,0.00,0.00,OK,,Appears relevant
cma summer camp,CM - Nonbranded - Geo Priorities (MxCx),Summer Camps,Phrase match (close variant),None,0,1,0.00,0.00,OK,,Appears relevant
camps kids,CM - Nonbranded - Geo Priorities (MxCx),Summer Camps,Exact match (close variant),None,0,1,0.00,0.00,OK,,Appears relevant
golf camps kids,CM - Nonbranded - Geo Priorities (MxCx),Summer Camps,Phrase match,None,0,3,0.00,0.00,OK,,Appears relevant
writing camp for kids near me,CM - Nonbranded - Geo Priorities (MxCx),Summer Camps,Phrase match,None,0,1,0.00,0.00,OK,,Appears relevant
kings kids summer camp,CM - Nonbranded - Geo Priorities (MxCx),Summer Camps,Phrase match,None,0,1,0.00,0.00,OK,,Appears relevant
club volleyball near me,CM - Nonbranded - Geo Priorities (MxCx),Volleyball Camps,Exact match (close variant),None,0,0,0.00,0.00,OK,,Appears relevant
deer park youth soccer,CM - Non Brand - PMax,--,Performance Max,None,0,2,0.00,0.00,OK,,Appears relevant for Portland market
soccer summer camp near me,CM - Non Brand - PMax,--,Performance Max,None,1,2,2.97,0.00,OK,,Appears relevant for Portland market
basketball for kids,CM - Non Brand - PMax,--,Performance Max,None,0,2,0.00,0.00,OK,,Appears relevant for Portland market
summer camp near me,CM - Non Brand - PMax,--,Performance Max,None,0,5,0.00,0.00,OK,,Appears relevant for Portland market
soccer for toddlers age 3,CM - Non Brand - PMax,--,Performance Max,None,0,2,0.00,0.00,OK,,Appears relevant for Portland market
indoor baseball,CM - Non Brand - PMax,--,Performance Max,None,0,1,0.00,0.00,OK,,Appears relevant for Portland market
youth volleyball training near me,CM - Non Brand - PMax,--,Performance Max,None,1,4,0.88,0.00,OK,,Appears relevant for Portland market
camp laughing loon,CM - pMax - Portland (MxConv),--,Performance Max,None,0,1,0.00,0.00,OK,,Appears relevant for Portland market
hoop camp casco maine,CM - pMax - Portland (MxConv),--,Performance Max,None,0,2,0.00,0.00,OK,,Appears relevant for Portland market
field hockey camps for beginners,CM - pMax - Portland (MxConv),--,Performance Max,None,0,0,0.00,0.00,OK,,Appears relevant for Portland market
math and science camp near me,CM - pMax - Portland (MxConv),--,Performance Max,None,0,0,0.00,0.00,OK,,Appears relevant for Portland market
summer,CM - pMax - Portland (MxConv),--,Performance Max,None,0,0,0.00,0.00,OK,,Appears relevant for Portland market
manhasset lacrosse,CM - pMax - Portland (MxConv),--,Performance Max,None,0,0,0.00,0.00,OK,,Appears relevant for Portland market
free summer programs in ct,CM - pMax - Portland (MxConv),--,Performance Max,None,0,0,0.00,0.00,OK,,Appears relevant for Portland market
swim team,CM - pMax - Portland (MxConv),--,Performance Max,None,0,0,0.00,0.00,OK,,Appears relevant for Portland market
ymca summer camp early drop off,CM - pMax - Portland (MxConv),--,Performance Max,None,0,0,0.00,0.00,OK,,Appears relevant for Portland market
summer track,CM - pMax - Portland (MxConv),--,Performance Max,None,0,0,0.00,0.00,OK,,Appears relevant for Portland market
summer volleyball training,CM - pMax - Portland (MxConv),--,Performance Max,None,0,0,0.00,0.00,OK,,Appears relevant for Portland market
boys summer camp near me,CM - pMax - Portland (MxConv),--,Performance Max,None,0,0,0.00,0.00,OK,,Appears relevant for Portland market
challenge camp,CM - pMax - Portland (MxConv),--,Performance Max,None,0,0,0.00,0.00,OK,,Appears relevant for Portland market
camps for 12 year old girls near me,CM - pMax - Portland (MxConv),--,Performance Max,None,0,0,0.00,0.00,OK,,Appears relevant for Portland market
girls softball camp,CM - Nonbranded - Other Geos (MxConv),Softball Camps,Phrase match,None,1,2,16.43,0.00,OK,,Appears relevant
saquon barkley football camp,CM - Nonbranded - Other Geos (MxConv),Football Camps,Phrase match,None,1,2,3.62,0.00,OK,,Appears relevant
tackle football camps for youths near me,CM - Nonbranded - Other Geos (MxConv),Football Camps,Phrase match,None,0,2,0.00,0.00,OK,,Appears relevant
volleyball camp near me,CM - Nonbranded - Geo Priorities (MxCx),Volleyball Camps,Exact match,Added,1,4,1.12,0.00,OK,,Appears relevant
summer basketball camps 2026 near me,CM - Nonbranded - Geo Priorities (MxCx),Basketball Camp,Phrase match,None,0,2,0.00,0.00,OK,,Appears relevant
basketball camps for kids near me,CM - Nonbranded - Geo Priorities (MxCx),Basketball Camp,Exact match (close variant),None,1,1,1.11,0.00,OK,,Appears relevant
7 week summer camp,CM - Nonbranded - Geo Priorities (MxCx),Summer Camps,Phrase match,None,0,1,0.00,0.00,OK,,Appears relevant
soccer for summer,CM - Nonbranded - Geo Priorities (MxCx),Soccer Camps,Exact match (close variant),None,0,2,0.00,0.00,OK,,Appears relevant
levittown summer camps,CM - Nonbranded - Geo Priorities (MxCx),Summer Camps,Phrase match,None,0,2,0.00,0.00,OK,,Appears relevant
sport camp for kids near me,CM - Nonbranded - Geo Priorities (MxCx),Sports Camps,Phrase match,None,0,4,0.00,0.00,OK,,Appears relevant
summer camp merrick ny,CM - Nonbranded - Geo Priorities (MxCx),Summer Camps,Phrase match,None,0,1,0.00,0.00,OK,,Appears relevant
soccer camp for 2 year olds,CM - Nonbranded - Geo Priorities (MxCx),Soccer Camps,Phrase match (close variant),None,0,2,0.00,0.00,OK,,Appears relevant
science camps long island,CM - Nonbranded - Geo Priorities (MxCx),Summer Camps,Phrase match (close variant),None,0,1,0.00,0.00,OK,,Appears relevant
tyler hill camp cost,CM - Nonbranded - Geo Priorities (MxCx),Summer Camps,Phrase match (close variant),None,0,3,0.00,0.00,OK,,Appears relevant
azzi fudd camp,CM - Nonbranded - Geo Priorities (MxCx),Basketball Camp,Phrase match (close variant),None,0,1,0.00,0.00,OK,,Appears relevant
girls volleyball camps near me,CM - Nonbranded - Geo Priorities (MxCx),Volleyball Camps,Phrase match,None,0,0,0.00,0.00,OK,,Appears relevant
pierce camp long island,CM - Competitors - OldW - (Mx.Clicks),Competitors,Exact match (close variant),None,1,3,4.12,0.00,OK,,Competitor matched: 'pierce'
kids drama school near me,CM - Non Brand - PMax,--,Performance Max,None,1,1,0.45,0.00,OK,,Appears relevant for Portland market
tlc camps,CM - Non Brand - PMax,--,Performance Max,None,0,2,0.00,0.00,OK,,Appears relevant for Portland market
basketball for toddlers,CM - Non Brand - PMax,--,Performance Max,None,0,1,0.00,0.00,OK,,Appears relevant for Portland market
tech camp for kids,CM - Non Brand - PMax,--,Performance Max,None,0,1,0.00,0.00,OK,,Appears relevant for Portland market
kids activities near me,CM - Non Brand - PMax,--,Performance Max,None,0,2,0.00,0.00,OK,,Appears relevant for Portland market
fastbreak summer camp,CM - Nonbranded - Other Geos (MxConv),Basketball Camp,Phrase match (close variant),None,0,1,0.00,0.00,OK,,Appears relevant
campharbor,CM - Nonbranded - Other Geos (MxConv),Tennis Camps,Broad match,None,0,2,0.00,0.00,OK,,Appears relevant
purchase summer camp,CM - Nonbranded - Other Geos (MxConv),Summer Camps,Exact match,Added,0,0,0.00,0.00,OK,,Appears relevant
basketball camp westchester,CM - Non Brand - PMax,--,Performance Max,None,0,6,0.00,0.00,OK,,Appears relevant for Portland market
pitching mechanics for young pitchers,CM - Non Brand - PMax,--,Performance Max,None,0,1,0.00,0.00,OK,,Appears relevant for Portland market
college basketball coaching,CM - Non Brand - PMax,--,Performance Max,None,0,1,0.00,0.00,OK,,Appears relevant for Portland market
summer league basketball youth near me,CM - Non Brand - PMax,--,Performance Max,None,0,2,0.00,0.00,OK,,Appears relevant for Portland market
elwood camp,CM - Non Brand - PMax,--,Performance Max,None,0,1,0.00,0.00,OK,,Appears relevant for Portland market
volleyball teenagers,CM - Non Brand - PMax,--,Performance Max,None,0,2,0.00,0.00,OK,,Appears relevant for Portland market
kids nature classes near me,CM - Non Brand - PMax,--,Performance Max,None,0,1,0.00,0.00,OK,,Appears relevant for Portland market
camp rus,CM - Non Brand - PMax,--,Performance Max,None,0,1,0.00,0.00,OK,,Appears relevant for Portland market
basketball teams near me,CM - Non Brand - PMax,--,Performance Max,None,0,2,0.00,0.00,OK,,Appears relevant for Portland market
ivy league summer camp,CM - Non Brand - PMax,--,Performance Max,None,0,1,0.00,0.00,OK,,Appears relevant for Portland market
the little gym,CM - Non Brand - PMax,--,Performance Max,None,0,1,0.00,0.00,OK,,Appears relevant for Portland market
rising star summer camp,CM - Nonbranded - Other Geos (MxConv),Summer Camps,Phrase match,None,0,0,0.00,0.00,OK,,Appears relevant
y camp of maine,CM - pMax - Portland (MxConv),--,Performance Max,None,0,3,0.00,0.00,OK,,Appears relevant for Portland market
esf camp cost,CM - pMax - Portland (MxConv),--,Performance Max,None,0,0,0.00,0.00,OK,,Appears relevant for Portland market
ymca summer special,CM - pMax - Portland (MxConv),--,Performance Max,None,0,0,0.00,0.00,OK,,Appears relevant for Portland market
travel lacrosse,CM - pMax - Portland (MxConv),--,Performance Max,None,0,0,0.00,0.00,OK,,Appears relevant for Portland market
summer programs for kids with disabilities near me,CM - pMax - Portland (MxConv),--,Performance Max,None,0,0,0.00,0.00,OK,,Appears relevant for Portland market
soccer summer camps near me,CM - pMax - Portland (MxConv),--,Performance Max,None,0,0,0.00,0.00,OK,,Appears relevant for Portland market
youth football personal trainer near me,CM - pMax - Portland (MxConv),--,Performance Max,None,0,0,0.00,0.00,OK,,Appears relevant for Portland market
chess camp near me,CM - pMax - Portland (MxConv),--,Performance Max,None,0,0,0.00,0.00,OK,,Appears relevant for Portland market
ymca summer camp 2025,CM - pMax - Portland (MxConv),--,Performance Max,None,0,0,0.00,0.00,OK,,Appears relevant for Portland market
mt kisco parks and recreation,CM - pMax - Portland (MxConv),--,Performance Max,None,0,0,0.00,0.00,OK,,Appears relevant for Portland market
youth lacrosse game,CM - pMax - Portland (MxConv),--,Performance Max,None,0,0,0.00,0.00,OK,,Appears relevant for Portland market
field hockey,CM - pMax - Portland (MxConv),--,Performance Max,None,0,0,0.00,0.00,OK,,Appears relevant for Portland market
staten island giants flag football,CM - pMax - Portland (MxConv),--,Performance Max,None,0,0,0.00,0.00,OK,,Appears relevant for Portland market
camp babylon,CM - pMax - Portland (MxConv),--,Performance Max,None,0,0,0.00,0.00,OK,,Appears relevant for Portland market
summer rec,CM - Nonbranded - Geo Priorities (MxCx),Summer Camps,Phrase match (close variant),None,0,1,0.00,0.00,OK,,Appears relevant
long island summer camps 2026,CM - Nonbranded - Geo Priorities (MxCx),Summer Camps,Phrase match (close variant),None,0,6,0.00,0.00,OK,,Appears relevant
camps in long island,CM - Nonbranded - Geo Priorities (MxCx),Summer Camps,Exact match (close variant),None,0,2,0.00,0.00,OK,,Appears relevant
garden city camps,CM - Nonbranded - Geo Priorities (MxCx),Summer Camps,Phrase match (close variant),None,0,2,0.00,0.00,OK,,Appears relevant
girls volleyball summer camps near me,CM - Nonbranded - Geo Priorities (MxCx),Volleyball Camps,Phrase match,None,0,8,0.00,0.00,OK,,Appears relevant
basketball camp nassau county,CM - Nonbranded - Geo Priorities (MxCx),Summer Camps,Phrase match (close variant),None,0,2,0.00,0.00,OK,,Appears relevant
summer camp advantages,CM - Nonbranded - Geo Priorities (MxCx),Summer Camps,Phrase match,None,0,2,0.00,0.00,OK,,Appears relevant
top rated summer camp near me,CM - Nonbranded - Geo Priorities (MxCx),Summer Camps,Exact match (close variant),None,1,1,1.42,0.00,OK,,Appears relevant
science summer camp near me,CM - Nonbranded - Geo Priorities (MxCx),Summer Camps,Phrase match (close variant),None,0,1,0.00,0.00,OK,,Appears relevant
basketball camp near me,CM - Nonbranded - Geo Priorities (MxCx),Basketball Camp,Phrase match (close variant),Added,0,1,0.00,0.00,OK,,Appears relevant
nyu volleyball camp,CM - Nonbranded - Geo Priorities (MxCx),Volleyball Camps,Phrase match,None,0,2,0.00,0.00,OK,,Appears relevant
baseball camps near me,CM - Nonbranded - Geo Priorities (MxCx),Baseball Camps,Exact match,Added,0,0,0.00,0.00,OK,,Appears relevant
shibley summer camp,CM - Competitors - OldW - (Mx.Clicks),Competitors,Exact match,Added,0,1,0.00,0.00,OK,,Competitor matched: 'shibley'
shibley day camp roslyn,CM - Competitors - OldW - (Mx.Clicks),Competitors,Exact match (close variant),None,0,2,0.00,0.00,OK,,Competitor matched: 'shibley'
future stars,CM - Branded (Mx.Clicks),Future Stars Camp Brand,Exact match,Added,77,166,64.12,5.28,OK,,Has converted - protected from negation
portland maine summer camps,CM - pMax - Portland (MxConv),--,Performance Max,None,0,1,0.00,0.00,OK,,Appears relevant for Portland market
baseball coach near me,CM - pMax - Portland (MxConv),--,Performance Max,None,0,0,0.00,0.00,OK,,Appears relevant for Portland market
club volleyball near me,CM - pMax - Portland (MxConv),--,Performance Max,None,0,0,0.00,0.00,OK,,Appears relevant for Portland market
cool basketball tricks,CM - pMax - Portland (MxConv),--,Performance Max,None,0,0,0.00,0.00,OK,,Appears relevant for Portland market
camp veritas,CM - pMax - Portland (MxConv),--,Performance Max,None,0,0,0.00,0.00,OK,,Appears relevant for Portland market
escuela de natacion cerca de mi,CM - pMax - Portland (MxConv),--,Performance Max,None,0,0,0.00,0.00,OK,,Appears relevant for Portland market
acting camps near me for kids,CM - pMax - Portland (MxConv),--,Performance Max,None,0,0,0.00,0.00,OK,,Appears relevant for Portland market
elmsford summer day camp,CM - pMax - Portland (MxConv),--,Performance Max,None,0,0,0.00,0.00,OK,,Appears relevant for Portland market
all american basketball camp,CM - pMax - Portland (MxConv),--,Performance Max,None,0,0,0.00,0.00,OK,,Appears relevant for Portland market
volleyball teams for kids near me,CM - pMax - Portland (MxConv),--,Performance Max,None,0,0,0.00,0.00,OK,,Appears relevant for Portland market
volleyball camps,CM - Nonbranded - Geo Priorities (MxCx),Volleyball Camps,Exact match,Added,3,18,8.43,0.00,OK,,Appears relevant
horse riding camps near me,CM - Nonbranded - Geo Priorities (MxCx),Horseback Riding,Exact match (close variant),None,0,1,0.00,0.00,OK,,Appears relevant
camp on long island,CM - Nonbranded - Geo Priorities (MxCx),Summer Camps,Phrase match (close variant),None,0,4,0.00,0.00,OK,,Appears relevant
baseball camps on long island,CM - Nonbranded - Geo Priorities (MxCx),Summer Camps,Phrase match (close variant),None,0,3,0.00,0.00,OK,,Appears relevant
summer camp baseball near me,CM - Nonbranded - Geo Priorities (MxCx),Summer Camps,Phrase match,None,0,1,0.00,0.00,OK,,Appears relevant
jaxson dart football camp 2026,CM - Nonbranded - Geo Priorities (MxCx),Football Camps,Phrase match,None,2,3,5.90,0.00,OK,,Appears relevant
hillel day camp,CM - Nonbranded - Geo Priorities (MxCx),Summer Camps,Phrase match (close variant),None,0,2,0.00,0.00,OK,,Appears relevant
ny summer camp carle place,CM - Nonbranded - Geo Priorities (MxCx),Summer Camps,Phrase match,None,0,1,0.00,0.00,OK,,Appears relevant
summer camp for 4 year olds,CM - Nonbranded - Geo Priorities (MxCx),Summer Camps,Phrase match (close variant),None,0,1,0.00,0.00,OK,,Appears relevant
camp near me summer,CM - Nonbranded - Geo Priorities (MxCx),Summer Camps,Exact match (close variant),None,0,2,0.00,0.00,OK,,Appears relevant
soccer camps in long island,CM - Nonbranded - Geo Priorities (MxCx),Soccer Camps,Phrase match,None,1,2,2.73,0.00,OK,,Appears relevant
babylon summer camps,CM - Nonbranded - Geo Priorities (MxCx),Summer Camps,Phrase match,None,1,4,2.83,0.00,OK,,Appears relevant
camp basketball near me,CM - Nonbranded - Geo Priorities (MxCx),Basketball Camp,Exact match (close variant),None,0,1,0.00,0.00,OK,,Appears relevant
summer camp garden city,CM - Nonbranded - Geo Priorities (MxCx),Summer Camps,Phrase match (close variant),None,0,2,0.00,0.00,OK,,Appears relevant
boys lacrosse summer camp near me,CM - Nonbranded - Geo Priorities (MxCx),Lacrosse Camps,Phrase match (close variant),None,0,1,0.00,0.00,OK,,Appears relevant
elwood booster club summer camp,CM - Nonbranded - Geo Priorities (MxCx),Sports Camps,Phrase match (close variant),None,0,1,0.00,0.00,OK,,Appears relevant
bethpage summer camp,CM - Nonbranded - Geo Priorities (MxCx),Summer Camps,Phrase match,None,0,2,0.00,0.00,OK,,Appears relevant
lacrosse summer camps long island,CM - Nonbranded - Geo Priorities (MxCx),Summer Camps,Phrase match,None,0,2,0.00,0.00,OK,,Appears relevant
summer programs for high school students,CM - Nonbranded - Geo Priorities (MxCx),Summer Camps,Phrase match (close variant),None,0,2,0.00,0.00,OK,,Appears relevant
youth baseball camps near me 2025,CM - Nonbranded - Geo Priorities (MxCx),Baseball Camps,Phrase match,None,0,0,0.00,0.00,OK,,Appears relevant
cheap camp,CM - Non Brand - PMax,--,Performance Max,None,0,1,0.00,0.00,OK,,Appears relevant for Portland market
toddler day camp,CM - Non Brand - PMax,--,Performance Max,None,0,1,0.00,0.00,OK,,Appears relevant for Portland market
pga camp,CM - Non Brand - PMax,--,Performance Max,None,0,2,0.00,0.00,OK,,Appears relevant for Portland market
soccer ball for 2 year old,CM - Non Brand - PMax,--,Performance Max,None,0,1,0.00,0.00,OK,,Appears relevant for Portland market
sport activities for 2 year olds near me,CM - Non Brand - PMax,--,Performance Max,None,0,2,0.00,0.00,OK,,Appears relevant for Portland market
volleyball for girls,CM - Non Brand - PMax,--,Performance Max,None,0,3,0.00,0.00,OK,,Appears relevant for Portland market
sacred heart university basketball camp,CM - Non Brand - PMax,--,Performance Max,None,0,1,0.00,0.00,OK,,Appears relevant for Portland market
sportime basketball,CM - Non Brand - PMax,--,Performance Max,None,0,2,0.00,0.00,OK,,Appears relevant for Portland market
riverside tennis camp,CM - Nonbranded - Other Geos (MxConv),Tennis Camps,Phrase match,None,0,2,0.00,0.00,OK,,Appears relevant
camp mesorah location,CM - Nonbranded - Geo Priorities (MxCx),Summer Camps,Phrase match (close variant),None,0,2,0.00,0.00,OK,,Appears relevant
youth golf camp,CM - Nonbranded - Geo Priorities (MxCx),Summer Camps,Phrase match (close variant),None,0,2,0.00,0.00,OK,,Appears relevant
summer camp long island suffolk county,CM - Nonbranded - Geo Priorities (MxCx),Summer Camps,Phrase match,None,0,1,0.00,0.00,OK,,Appears relevant
nassau county camp,CM - Nonbranded - Geo Priorities (MxCx),Summer Camps,Phrase match (close variant),None,0,1,0.00,0.00,OK,,Appears relevant
robotic camps for kids near me,CM - Nonbranded - Geo Priorities (MxCx),Summer Camps,Phrase match (close variant),None,0,1,0.00,0.00,OK,,Appears relevant
summer rec camp,CM - Nonbranded - Geo Priorities (MxCx),Summer Camps,Phrase match (close variant),None,0,2,0.00,0.00,OK,,Appears relevant
islip summer camp,CM - Nonbranded - Geo Priorities (MxCx),Summer Camps,Phrase match,None,0,1,0.00,0.00,OK,,Appears relevant
basketball camps,CM - Nonbranded - Geo Priorities (MxCx),Basketball Camp,Exact match (close variant),Added,0,1,0.00,0.00,OK,,Appears relevant
walden summer camp,CM - Nonbranded - Geo Priorities (MxCx),Summer Camps,Phrase match (close variant),None,0,1,0.00,0.00,OK,,Appears relevant
ny edge summer camp,CM - Nonbranded - Geo Priorities (MxCx),Summer Camps,Phrase match,None,0,1,0.00,0.00,OK,,Appears relevant
baseball camp long island ny,CM - Nonbranded - Geo Priorities (MxCx),Summer Camps,Phrase match (close variant),None,0,2,0.00,0.00,OK,,Appears relevant
all girls summer camp near me,CM - Nonbranded - Geo Priorities (MxCx),Summer Camps,Phrase match (close variant),None,0,1,0.00,0.00,OK,,Appears relevant
multisports camp near me,CM - Nonbranded - Geo Priorities (MxCx),Sports Camps,Phrase match (close variant),None,0,2,0.00,0.00,OK,,Appears relevant
prodigy summer camp,CM - Nonbranded - Geo Priorities (MxCx),Summer Camps,Phrase match (close variant),None,0,1,0.00,0.00,OK,,Appears relevant
cheer camp,CM - Nonbranded - Geo Priorities (MxCx),Summer Camps,Phrase match (close variant),None,0,2,0.00,0.00,OK,,Appears relevant
island park summer camp,CM - Nonbranded - Geo Priorities (MxCx),Summer Camps,Phrase match,None,0,2,0.00,0.00,OK,,Appears relevant
summer camp bay shore ny,CM - Nonbranded - Geo Priorities (MxCx),Summer Camps,Phrase match,None,0,2,0.00,0.00,OK,,Appears relevant
business camps for middle schoolers,CM - Non Brand - PMax,--,Performance Max,None,0,1,0.00,0.00,OK,,Appears relevant for Portland market
waynflete summer camp,CM - Non Brand - PMax,--,Performance Max,None,0,2,0.00,0.00,OK,,Appears relevant for Portland market
campus camps,CM - Non Brand - PMax,--,Performance Max,None,0,2,0.00,0.00,OK,,Appears relevant for Portland market
clases de natacion cerca de mi,CM - Non Brand - PMax,--,Performance Max,None,0,2,0.00,0.00,OK,,Appears relevant for Portland market
bentley baseball prospect camp,CM - Nonbranded - Other Geos (MxConv),Baseball Camps,Phrase match (close variant),None,0,2,0.00,0.00,OK,,Appears relevant
south shore day camp,CM - Nonbranded - Geo Priorities (MxCx),Summer Camps,Phrase match (close variant),None,0,10,0.00,0.00,OK,,Appears relevant
summer camps for 14 year olds,CM - Nonbranded - Geo Priorities (MxCx),Summer Camps,Phrase match (close variant),None,0,1,0.00,0.00,OK,,Appears relevant
indoor summer camps,CM - Nonbranded - Geo Priorities (MxCx),Summer Camps,Phrase match,None,0,0,0.00,0.00,OK,,Appears relevant
rising stars,CM - Non Brand - PMax,--,Performance Max,None,0,3,0.00,0.00,OK,,Appears relevant for Portland market
3d printing camps,CM - Non Brand - PMax,--,Performance Max,None,0,1,0.00,0.00,OK,,Appears relevant for Portland market
chess classes near me,CM - Non Brand - PMax,--,Performance Max,None,0,1,0.00,0.00,OK,,Appears relevant for Portland market
half day summer camps near me,CM - Non Brand - PMax,--,Performance Max,None,0,4,0.00,0.00,OK,,Appears relevant for Portland market
maine volleyball,CM - pMax - Portland (MxConv),--,Performance Max,None,0,1,0.00,0.00,OK,,Appears relevant for Portland market
camps,CM - pMax - Portland (MxConv),--,Performance Max,None,0,0,0.00,0.00,OK,,Appears relevant for Portland market
leaphockey,CM - pMax - Portland (MxConv),--,Performance Max,None,0,0,0.00,0.00,OK,,Appears relevant for Portland market
ymca greenwich camp,CM - pMax - Portland (MxConv),--,Performance Max,None,0,0,0.00,0.00,OK,,Appears relevant for Portland market
boys lacrosse camps near me,CM - pMax - Portland (MxConv),--,Performance Max,None,0,0,0.00,0.00,OK,,Appears relevant for Portland market
track and field camp near me,CM - pMax - Portland (MxConv),--,Performance Max,None,0,0,0.00,0.00,OK,,Appears relevant for Portland market
baseball camp westchester,CM - pMax - Portland (MxConv),--,Performance Max,None,0,0,0.00,0.00,OK,,Appears relevant for Portland market
volleyball for kids near me,CM - pMax - Portland (MxConv),--,Performance Max,None,0,0,0.00,0.00,OK,,Appears relevant for Portland market
basketball near me,CM - pMax - Portland (MxConv),--,Performance Max,None,0,0,0.00,0.00,OK,,Appears relevant for Portland market
wildcat summer camp,CM - pMax - Portland (MxConv),--,Performance Max,None,0,0,0.00,0.00,OK,,Appears relevant for Portland market
vision tech camps,CM - pMax - Portland (MxConv),--,Performance Max,None,0,0,0.00,0.00,OK,,Appears relevant for Portland market
future stars westchester,CM - Branded (Mx.Clicks),Future Stars Camp Brand,Exact match (close variant),None,0,0,0.00,0.00,OK,,Brand term matched: 'future stars'
age for size 5 soccer ball,CM - pMax - Portland (MxConv),--,Performance Max,None,0,1,0.00,0.00,OK,,Appears relevant for Portland market
edgemont summer camp,CM - pMax - Portland (MxConv),--,Performance Max,None,0,0,0.00,0.00,OK,,Appears relevant for Portland market
science camp westchester,CM - pMax - Portland (MxConv),--,Performance Max,None,0,0,0.00,0.00,OK,,Appears relevant for Portland market
baseball summer camps,CM - pMax - Portland (MxConv),--,Performance Max,None,0,0,0.00,0.00,OK,,Appears relevant for Portland market
kid activities near me,CM - pMax - Portland (MxConv),--,Performance Max,None,0,0,0.00,0.00,OK,,Appears relevant for Portland market
computer camps for youth near me,CM - pMax - Portland (MxConv),--,Performance Max,None,0,0,0.00,0.00,OK,,Appears relevant for Portland market
cheer jumps for beginners,CM - pMax - Portland (MxConv),--,Performance Max,None,0,0,0.00,0.00,OK,,Appears relevant for Portland market
girls lacrosse camps near me,CM - pMax - Portland (MxConv),--,Performance Max,None,0,0,0.00,0.00,OK,,Appears relevant for Portland market
free summer program for kids near me,CM - pMax - Portland (MxConv),--,Performance Max,None,0,0,0.00,0.00,OK,,Appears relevant for Portland market
dix hills summer camp,CM - pMax - Portland (MxConv),--,Performance Max,None,0,0,0.00,0.00,OK,,Appears relevant for Portland market
ymca summer camp glen cove,CM - pMax - Portland (MxConv),--,Performance Max,None,0,0,0.00,0.00,OK,,Appears relevant for Portland market
westport summer camp 2025,CM - pMax - Portland (MxConv),--,Performance Max,None,0,0,0.00,0.00,OK,,Appears relevant for Portland market
toddler baseball near me,CM - pMax - Portland (MxConv),--,Performance Max,None,0,0,0.00,0.00,OK,,Appears relevant for Portland market
fs tennis,CM - pMax - Portland (MxConv),--,Performance Max,None,0,0,0.00,0.00,OK,,Appears relevant for Portland market
sys tennis southampton,CM - pMax - Portland (MxConv),--,Performance Max,None,0,0,0.00,0.00,OK,,Appears relevant for Portland market
volleyball summer camp 2025,CM - pMax - Portland (MxConv),--,Performance Max,None,0,0,0.00,0.00,OK,,Appears relevant for Portland market
girls volleyball camps near me,CM - pMax - Portland (MxConv),--,Performance Max,None,0,0,0.00,0.00,OK,,Appears relevant for Portland market
summer soccer camps near me,CM - Non Brand - PMax,--,Performance Max,None,0,1,0.00,0.00,OK,,Appears relevant for Portland market
huntington summer camp,CM - Non Brand - PMax,--,Performance Max,None,0,5,0.00,0.00,OK,,Appears relevant for Portland market
things to do,CM - Non Brand - PMax,--,Performance Max,None,1,4,0.02,0.00,OK,,Appears relevant for Portland market
summer camp new hyde park,CM - Non Brand - PMax,--,Performance Max,None,0,1,0.00,0.00,OK,,Appears relevant for Portland market
clases de basketball,CM - Non Brand - PMax,--,Performance Max,None,0,1,0.00,0.00,OK,,Appears relevant for Portland market
summer basketball near me,CM - Non Brand - PMax,--,Performance Max,None,0,1,0.00,0.00,OK,,Appears relevant for Portland market
horseback riding near me,CM - Non Brand - PMax,--,Performance Max,None,0,17,0.00,0.00,OK,,Appears relevant for Portland market
summer baseball near me,CM - Non Brand - PMax,--,Performance Max,None,0,1,0.00,0.00,OK,,Appears relevant for Portland market
purchase day camp,CM - Non Brand - PMax,--,Performance Max,None,0,2,0.00,0.00,OK,,Appears relevant for Portland market
volleyball summer programs near me,CM - Non Brand - PMax,--,Performance Max,None,0,2,0.00,0.00,OK,,Appears relevant for Portland market
baseball fields near me,CM - Non Brand - PMax,--,Performance Max,None,0,1,0.00,0.00,OK,,Appears relevant for Portland market
gymnastics summer camp near me,CM - Nonbranded - Geo Priorities (MxCx),Summer Camps,Phrase match,None,1,4,2.86,0.00,OK,,Appears relevant
basketball summer camp near me,CM - Nonbranded - Geo Priorities (MxCx),Basketball Camp,Exact match (close variant),None,0,6,0.00,0.00,OK,,Appears relevant
soccer summer camp long island,CM - Nonbranded - Geo Priorities (MxCx),Soccer Camps,Phrase match,None,1,3,1.40,0.00,OK,,Has converted - protected from negation
deer park summer camp,CM - Nonbranded - Geo Priorities (MxCx),Summer Camps,Phrase match,None,0,1,0.00,0.00,OK,,Appears relevant
summer volleyball camps on long island,CM - Nonbranded - Geo Priorities (MxCx),Summer Camps,Phrase match,None,1,1,2.71,0.00,OK,,Appears relevant
for kids summer camp,CM - Nonbranded - Geo Priorities (MxCx),Summer Camps,Exact match (close variant),None,0,2,0.00,0.00,OK,,Appears relevant
walt whitman summer camp,CM - Nonbranded - Geo Priorities (MxCx),Summer Camps,Phrase match,None,0,1,0.00,0.00,OK,,Appears relevant
summer camp in nassau county,CM - Nonbranded - Geo Priorities (MxCx),Summer Camps,Phrase match,None,0,4,0.00,0.00,OK,,Appears relevant
summer sports for 4 year olds near me,CM - Nonbranded - Geo Priorities (MxCx),Sports Camps,Phrase match (close variant),None,0,1,0.00,0.00,OK,,Appears relevant
summer dance camps,CM - Nonbranded - Geo Priorities (MxCx),Dance Camps,Exact match (close variant),None,1,3,3.40,0.00,OK,,Appears relevant
kids sports camp summer 2026,CM - Nonbranded - Geo Priorities (MxCx),Sports Camps,Phrase match,None,0,2,0.00,0.00,OK,,Appears relevant
summer camps for 5 year old near me,CM - Nonbranded - Geo Priorities (MxCx),Summer Camps,Phrase match,None,0,1,0.00,0.00,OK,,Appears relevant
longwood school district summer camp,CM - Nonbranded - Geo Priorities (MxCx),Summer Camps,Phrase match,None,0,3,0.00,0.00,OK,,Appears relevant
camp ramah locations,CM - Nonbranded - Geo Priorities (MxCx),Summer Camps,Phrase match (close variant),None,0,1,0.00,0.00,OK,,Appears relevant
young people's day camp hicksville,CM - Nonbranded - Geo Priorities (MxCx),Summer Camps,Phrase match (close variant),None,0,2,0.00,0.00,OK,,Appears relevant
sleepy hollow summer camp,CM - Nonbranded - Geo Priorities (MxCx),Summer Camps,Phrase match,None,0,1,0.00,0.00,OK,,Appears relevant
counselor in training summer camp near me,CM - Nonbranded - Geo Priorities (MxCx),Summer Camps,Phrase match,None,0,0,0.00,0.00,OK,,Appears relevant
future stars near me,CM - Branded (Mx.Clicks),Future Stars Camp Brand,Exact match (close variant),None,35,109,8.35,0.00,OK,,Brand term matched: 'future stars'
future stars tournament,CM - Branded (Mx.Clicks),Future Stars Camp Brand,Phrase match,None,0,0,0.00,0.00,OK,,Brand term matched: 'future stars'
paramount lacrosse camp,CM - Nonbranded - Other Geos (MxConv),Lacrosse Camps,Phrase match (close variant),None,0,1,0.00,0.00,OK,,Appears relevant
summer day camps in westchester,CM - Nonbranded - Other Geos (MxConv),Tennis Camps,Broad match,None,1,4,7.20,0.00,OK,,Appears relevant
little stars camp,CM - Nonbranded - Other Geos (MxConv),Summer Camps,Phrase match (close variant),None,0,0,0.00,0.00,OK,,Appears relevant
summer camps near me 9 year olds,CM - Nonbranded - Geo Priorities (MxCx),Soccer Camps,Phrase match (close variant),None,0,1,0.00,0.00,OK,,Appears relevant
summer sports for 5 year old,CM - Nonbranded - Geo Priorities (MxCx),Sports Camps,Phrase match (close variant),None,0,2,0.00,0.00,OK,,Appears relevant
mcclancy summer camps,CM - Nonbranded - Geo Priorities (MxCx),Sports Camps,Phrase match (close variant),None,0,1,0.00,0.00,OK,,Appears relevant
lavner education summer camp,CM - Nonbranded - Geo Priorities (MxCx),Summer Camps,Phrase match (close variant),None,0,2,0.00,0.00,OK,,Appears relevant
steam summer camp near me,CM - Nonbranded - Geo Priorities (MxCx),Summer Camps,Phrase match,None,0,1,0.00,0.00,OK,,Appears relevant
brentwood camp,CM - Nonbranded - Geo Priorities (MxCx),Summer Camps,Phrase match (close variant),None,0,2,0.00,0.00,OK,,Appears relevant
craft camps near me,CM - Nonbranded - Geo Priorities (MxCx),Summer Camps,Phrase match (close variant),None,0,1,0.00,0.00,OK,,Appears relevant
camp gadol,CM - Nonbranded - Geo Priorities (MxCx),Summer Camps,Phrase match (close variant),None,0,1,0.00,0.00,OK,,Appears relevant
sports camps,CM - Nonbranded - Geo Priorities (MxCx),Sports Camps,Exact match (close variant),Added,0,5,0.00,0.00,OK,,Appears relevant
summer programs for 6th graders near me,CM - Nonbranded - Geo Priorities (MxCx),Summer Camps,Phrase match (close variant),None,0,1,0.00,0.00,OK,,Appears relevant
youth summer track near me,CM - Nonbranded - Geo Priorities (MxCx),Sports Camps,Phrase match (close variant),None,0,3,0.00,0.00,OK,,Appears relevant
camp melville,CM - Nonbranded - Geo Priorities (MxCx),Summer Camps,Phrase match (close variant),None,0,3,0.00,0.00,OK,,Appears relevant
canchas de tenis near me,CM - Nonbranded - Geo Priorities (MxCx),Tennis Camps,Broad match,None,0,0,0.00,0.00,OK,,Appears relevant
eastern state swim clinic,CM - Non Brand - PMax,--,Performance Max,None,0,1,0.00,0.00,OK,,Appears relevant for Portland market
tennis camp for kids near me,CM - Non Brand - PMax,--,Performance Max,None,0,3,0.00,0.00,OK,,Appears relevant for Portland market
baseball lessons,CM - Non Brand - PMax,--,Performance Max,None,0,3,0.00,0.00,OK,,Appears relevant for Portland market
epic dance studio,CM - Non Brand - PMax,--,Performance Max,None,0,1,0.00,0.00,OK,,Appears relevant for Portland market
ymca camp patchogue,CM - Non Brand - PMax,--,Performance Max,None,0,2,0.00,0.00,OK,,Appears relevant for Portland market
gym near me,CM - Non Brand - PMax,--,Performance Max,None,1,2,0.49,0.00,OK,,Appears relevant for Portland market
non contact team sports,CM - pMax - Portland (MxConv),--,Performance Max,None,0,1,0.00,0.00,OK,,Appears relevant for Portland market
real madrid soccer camp,CM - pMax - Portland (MxConv),--,Performance Max,None,0,0,0.00,0.00,OK,,Appears relevant for Portland market
basketball moves to get past defenders,CM - pMax - Portland (MxConv),--,Performance Max,None,0,0,0.00,0.00,OK,,Appears relevant for Portland market
patchogue summer camp,CM - pMax - Portland (MxConv),--,Performance Max,None,0,0,0.00,0.00,OK,,Appears relevant for Portland market
cooper camps,CM - pMax - Portland (MxConv),--,Performance Max,None,0,0,0.00,0.00,OK,,Appears relevant for Portland market
camp daniel boone,CM - pMax - Portland (MxConv),--,Performance Max,None,0,0,0.00,0.00,OK,,Appears relevant for Portland market
westchester baseball camp,CM - pMax - Portland (MxConv),--,Performance Max,None,0,0,0.00,0.00,OK,,Appears relevant for Portland market
summer gymnastics,CM - pMax - Portland (MxConv),--,Performance Max,None,0,0,0.00,0.00,OK,,Appears relevant for Portland market
hofstra university summer camp,CM - pMax - Portland (MxConv),--,Performance Max,None,0,0,0.00,0.00,OK,,Appears relevant for Portland market
clases de verano 2025,CM - pMax - Portland (MxConv),--,Performance Max,None,0,0,0.00,0.00,OK,,Appears relevant for Portland market
star summer camp,CM - pMax - Portland (MxConv),--,Performance Max,None,0,0,0.00,0.00,OK,,Appears relevant for Portland market
free summer camp near me for 5 year olds,CM - pMax - Portland (MxConv),--,Performance Max,None,0,0,0.00,0.00,OK,,Appears relevant for Portland market
girls flag football summer camp,CM - pMax - Portland (MxConv),--,Performance Max,None,0,0,0.00,0.00,OK,,Appears relevant for Portland market
hockey field size,CM - pMax - Portland (MxConv),--,Performance Max,None,0,0,0.00,0.00,OK,,Appears relevant for Portland market
camp buckley,CM - Competitors - OldW - (Mx.Clicks),Competitors,Exact match (close variant),None,0,3,0.00,0.00,OK,,Competitor matched: 'buckley'
future stars long island,CM - Branded (Mx.Clicks),Future Stars Camp Brand,Phrase match,None,1,2,0.05,0.00,OK,,Brand term matched: 'future stars'
future stars camp westchester,CM - Branded (Mx.Clicks),Future Stars Camp Brand,Phrase match,None,0,2,0.00,0.00,OK,,Brand term matched: 'future stars'
future stars summer camp,CM - Branded (Mx.Clicks),Future Stars Camp Brand,Phrase match,Added,2,2,0.71,0.00,OK,,Has converted - protected from negation
cooper flagg basketball camp 2026,CM - Nonbranded - Other Geos (MxConv),Basketball Camp,Phrase match,None,0,1,0.00,0.00,OK,,Appears relevant
tennis instruction,CM - Nonbranded - Other Geos (MxConv),Tennis Camps,Broad match,None,0,3,0.00,0.00,OK,,Appears relevant
westchester summer camp,CM - Nonbranded - Other Geos (MxConv),Tennis Camps,Broad match,None,0,5,0.00,0.00,OK,,Appears relevant
star summer camp,CM - Nonbranded - Other Geos (MxConv),Tennis Camps,Broad match,None,0,5,0.00,0.00,OK,,Appears relevant
basketball camp,CM - Nonbranded - Other Geos (MxConv),Basketball Camp,Exact match,Added,0,7,0.00,0.00,OK,,Appears relevant
lacrosse camps long island,CM - Nonbranded - Other Geos (MxConv),Summer Camps,Phrase match (close variant),None,0,0,0.00,0.00,OK,,Appears relevant
soccer camps near me,CM - pMax - Portland (MxConv),--,Performance Max,None,0,1,0.00,0.00,OK,,Appears relevant for Portland market
sports camps near me,CM - pMax - Portland (MxConv),--,Performance Max,None,2,3,5.08,0.00,OK,,Appears relevant for Portland market
kids summer camps near me,CM - pMax - Portland (MxConv),--,Performance Max,None,0,2,0.00,0.00,OK,,Appears relevant for Portland market
lacrosse defense training near me,CM - pMax - Portland (MxConv),--,Performance Max,None,0,0,0.00,0.00,OK,,Appears relevant for Portland market
pgc basketball,CM - pMax - Portland (MxConv),--,Performance Max,None,0,0,0.00,0.00,OK,,Appears relevant for Portland market
5 minute dynamic warm up,CM - pMax - Portland (MxConv),--,Performance Max,None,0,0,0.00,0.00,OK,,Appears relevant for Portland market
prek summer camp,CM - Non Brand - PMax,--,Performance Max,None,0,3,0.00,0.00,OK,,Appears relevant for Portland market
size 3 soccer ball age,CM - Non Brand - PMax,--,Performance Max,None,0,1,0.00,0.00,OK,,Appears relevant for Portland market
things to do near me outside,CM - Non Brand - PMax,--,Performance Max,None,0,1,0.00,0.00,OK,,Appears relevant for Portland market
swim club near me,CM - Non Brand - PMax,--,Performance Max,None,0,1,0.00,0.00,OK,,Appears relevant for Portland market
summer camp,CM - Nonbranded - Geo Priorities (MxCx),Summer Camps,Exact match,Added,3,98,7.17,0.00,OK,,Appears relevant
hempstead summer camp,CM - Nonbranded - Geo Priorities (MxCx),Summer Camps,Phrase match (close variant),None,0,1,0.00,0.00,OK,,Appears relevant
catching camps near me,CM - Nonbranded - Geo Priorities (MxCx),Sports Camps,Phrase match (close variant),None,0,1,0.00,0.00,OK,,Appears relevant
summer camp riverhead ny,CM - Nonbranded - Geo Priorities (MxCx),Summer Camps,Phrase match,None,2,7,4.07,0.00,OK,,Appears relevant
all american basketball camp long island,CM - Nonbranded - Geo Priorities (MxCx),Basketball Camp,Phrase match,None,0,1,0.00,0.00,OK,,Appears relevant
summer camp,CM - Nonbranded - Geo Priorities (MxCx),Summer Camps,Exact match (close variant),Added,0,29,0.00,0.00,OK,,Appears relevant
kids theater camp,CM - Nonbranded - Geo Priorities (MxCx),Summer Camps,Phrase match,None,0,1,0.00,0.00,OK,,Appears relevant
stonybrook soccer camp,CM - Nonbranded - Geo Priorities (MxCx),Soccer Camps,Phrase match,None,0,2,0.00,0.00,OK,,Appears relevant
upenn football camps,CM - Nonbranded - Geo Priorities (MxCx),Football Camps,Phrase match,None,0,1,0.00,0.00,OK,,Appears relevant
ny edge summer camp,CM - Nonbranded - Geo Priorities (MxCx),Summer Camps,Phrase match (close variant),None,1,1,2.88,0.00,OK,,Appears relevant
hofstra youth summer programs,CM - Nonbranded - Geo Priorities (MxCx),Summer Camps,Phrase match (close variant),None,0,1,0.00,0.00,OK,,Appears relevant
long island summer camp,CM - Nonbranded - Geo Priorities (MxCx),Summer Camps,Exact match (close variant),Added,0,1,0.00,0.00,OK,,Appears relevant
summer day camps near me,CM - Nonbranded - Geo Priorities (MxCx),Summer Camps,Exact match (close variant),None,0,3,0.00,0.00,OK,,Appears relevant
summer camp for kids age 3,CM - Nonbranded - Geo Priorities (MxCx),Summer Camps,Phrase match,None,0,2,0.00,0.00,OK,,Appears relevant
flag football camp summer 2026,CM - Nonbranded - Geo Priorities (MxCx),Football Camps,Phrase match,None,0,2,0.00,0.00,OK,,Appears relevant
summer camp smithtown ny,CM - Nonbranded - Geo Priorities (MxCx),Summer Camps,Phrase match (close variant),None,0,1,0.00,0.00,OK,,Appears relevant
kids summer tennis,CM - Nonbranded - Geo Priorities (MxCx),Summer Camps,Phrase match (close variant),None,0,3,0.00,0.00,OK,,Appears relevant
summer youth camp,CM - Nonbranded - Geo Priorities (MxCx),Summer Camps,Exact match (close variant),None,0,1,0.00,0.00,OK,,Appears relevant
judo summer camp,CM - Nonbranded - Geo Priorities (MxCx),Summer Camps,Phrase match,None,0,2,0.00,0.00,OK,,Appears relevant
oasis children camp,CM - Nonbranded - Geo Priorities (MxCx),Summer Camps,Phrase match (close variant),None,0,0,0.00,0.00,OK,,Appears relevant
summer camp for 4 year olds,CM - pMax - Portland (MxConv),--,Performance Max,None,0,1,0.00,0.00,OK,,Appears relevant for Portland market
day camps summer 2026,CM - pMax - Portland (MxConv),--,Performance Max,None,0,1,0.00,0.00,OK,,Appears relevant for Portland market
field hockey clinics near me,CM - pMax - Portland (MxConv),--,Performance Max,None,0,0,0.00,0.00,OK,,Appears relevant for Portland market
summer programs for kids with autism,CM - pMax - Portland (MxConv),--,Performance Max,None,0,0,0.00,0.00,OK,,Appears relevant for Portland market
island elite sports,CM - pMax - Portland (MxConv),--,Performance Max,None,0,0,0.00,0.00,OK,,Appears relevant for Portland market
horse riding,CM - pMax - Portland (MxConv),--,Performance Max,None,0,0,0.00,0.00,OK,,Appears relevant for Portland market
anthony volpe baseball camp,CM - pMax - Portland (MxConv),--,Performance Max,None,0,0,0.00,0.00,OK,,Appears relevant for Portland market
softball camp near me,CM - pMax - Portland (MxConv),--,Performance Max,None,0,0,0.00,0.00,OK,,Appears relevant for Portland market
toddler tennis,CM - pMax - Portland (MxConv),--,Performance Max,None,0,0,0.00,0.00,OK,,Appears relevant for Portland market
swimming lessons near me,CM - pMax - Portland (MxConv),--,Performance Max,None,0,0,0.00,0.00,OK,,Appears relevant for Portland market
lacrosse camp,CM - pMax - Portland (MxConv),--,Performance Max,None,0,0,0.00,0.00,OK,,Appears relevant for Portland market
rpm raceway summer camp,CM - pMax - Portland (MxConv),--,Performance Max,None,0,0,0.00,0.00,OK,,Appears relevant for Portland market
how is baseball played,CM - pMax - Portland (MxConv),--,Performance Max,None,0,0,0.00,0.00,OK,,Appears relevant for Portland market
boys basketball camps 2026,CM - Nonbranded - Other Geos (MxConv),Basketball Camp,Phrase match,None,0,1,0.00,0.00,OK,,Appears relevant
head first softball camp,CM - Nonbranded - Other Geos (MxConv),Softball Camps,Phrase match,None,0,2,0.00,0.00,OK,,Appears relevant
sport time camp,CM - Nonbranded - Other Geos (MxConv),Tennis Camps,Broad match,None,0,1,0.00,0.00,OK,,Appears relevant
futures camp,CM - Nonbranded - Other Geos (MxConv),Tennis Camps,Broad match,None,0,1,0.00,0.00,OK,,Appears relevant
christian soccer camp,CM - Non Brand - PMax,--,Performance Max,None,0,3,0.00,0.00,OK,,Appears relevant for Portland market
gymnastics near me,CM - Non Brand - PMax,--,Performance Max,None,1,8,0.43,0.00,OK,,Appears relevant for Portland market
adventure camp for kids,CM - Non Brand - PMax,--,Performance Max,None,0,3,0.00,0.00,OK,,Appears relevant for Portland market
sunrise day camp,CM - Non Brand - PMax,--,Performance Max,None,0,2,0.00,0.00,OK,,Appears relevant for Portland market
martial art summer camp near me,CM - Non Brand - PMax,--,Performance Max,None,0,1,0.00,0.00,OK,,Appears relevant for Portland market
vbc volleyball,CM - Non Brand - PMax,--,Performance Max,None,0,1,0.00,0.00,OK,,Appears relevant for Portland market
robotics course for kids near me,CM - Non Brand - PMax,--,Performance Max,None,0,1,0.00,0.00,OK,,Appears relevant for Portland market
science museum camp,CM - Non Brand - PMax,--,Performance Max,None,0,1,0.00,0.00,OK,,Appears relevant for Portland market
luhi,CM - Non Brand - PMax,--,Performance Max,None,0,1,0.00,0.00,OK,,Appears relevant for Portland market
volleyball club for girls,CM - Non Brand - PMax,--,Performance Max,None,1,2,0.28,0.00,OK,,Appears relevant for Portland market
kids boxing near me,CM - Non Brand - PMax,--,Performance Max,None,0,1,0.00,0.00,OK,,Appears relevant for Portland market
kidstrong camp,CM - Non Brand - PMax,--,Performance Max,None,0,2,0.00,0.00,OK,,Appears relevant for Portland market
summer camps,CM - Nonbranded - Geo Priorities (MxCx),Summer Camps,Exact match (close variant),Added,1,43,1.89,0.00,OK,,Appears relevant
summer sports camps,CM - Nonbranded - Geo Priorities (MxCx),Sports Camps,Exact match,Added,0,2,0.00,0.00,OK,,Appears relevant
sands summer camp,CM - Nonbranded - Geo Priorities (MxCx),Summer Camps,Phrase match,None,0,1,0.00,0.00,OK,,Appears relevant
top golf summer camp 2026,CM - Nonbranded - Geo Priorities (MxCx),Summer Camps,Phrase match,None,0,1,0.00,0.00,OK,,Appears relevant
pine tree camp,CM - Nonbranded - Geo Priorities (MxCx),Summer Camps,Phrase match (close variant),None,0,1,0.00,0.00,OK,,Appears relevant
volleyball camp summer,CM - Nonbranded - Geo Priorities (MxCx),Volleyball Camps,Exact match (close variant),None,0,1,0.00,0.00,OK,,Appears relevant
summer camp oceanside ny,CM - Nonbranded - Geo Priorities (MxCx),Summer Camps,Phrase match (close variant),None,0,1,0.00,0.00,OK,,Appears relevant
green basketball camp,CM - Nonbranded - Geo Priorities (MxCx),Basketball Camp,Phrase match,None,0,2,0.00,0.00,OK,,Appears relevant
soccer camp for kids near me,CM - Nonbranded - Geo Priorities (MxCx),Summer Camps,Phrase match,None,0,2,0.00,0.00,OK,,Appears relevant
south shore day camp bellmore,CM - Nonbranded - Geo Priorities (MxCx),Summer Camps,Phrase match (close variant),None,0,2,0.00,0.00,OK,,Appears relevant
sports camps long island,CM - Nonbranded - Geo Priorities (MxCx),Sports Camps,Phrase match,None,2,1,5.80,0.00,OK,,Appears relevant
summer box lacrosse,CM - Nonbranded - Geo Priorities (MxCx),Lacrosse Camps,Exact match (close variant),None,0,1,0.00,0.00,OK,,Appears relevant
tennis lesson near me,CM - Nonbranded - Geo Priorities (MxCx),Tennis Camps,Broad match,None,0,0,0.00,0.00,OK,,Appears relevant
future stars tournaments,CM - Branded (Mx.Clicks),Future Stars Camp Brand,Phrase match,None,1,2,3.40,0.00,OK,,Brand term matched: 'future stars'
baseball camps near me,CM - Nonbranded - Other Geos (MxConv),Baseball Camps,Exact match,Added,0,0,0.00,0.00,OK,,Appears relevant
basketball camp high school,CM - Nonbranded - Geo Priorities (MxCx),Basketball Camp,Phrase match,None,0,1,0.00,0.00,OK,,Appears relevant
girls camp,CM - Nonbranded - Geo Priorities (MxCx),Summer Camps,Phrase match (close variant),None,0,2,0.00,0.00,OK,,Appears relevant
oyster bay summer camp,CM - Nonbranded - Geo Priorities (MxCx),Summer Camps,Phrase match (close variant),None,0,1,0.00,0.00,OK,,Appears relevant
basketball camp for 7 year olds,CM - Nonbranded - Geo Priorities (MxCx),Basketball Camp,Phrase match,None,1,1,1.71,0.00,OK,,Appears relevant
camp for 4 year old,CM - Nonbranded - Geo Priorities (MxCx),Summer Camps,Phrase match (close variant),None,0,2,0.00,0.00,OK,,Appears relevant
writing camp for kids near me,CM - Nonbranded - Geo Priorities (MxCx),Summer Camps,Phrase match (close variant),None,0,1,0.00,0.00,OK,,Appears relevant
soccer clinic,CM - Nonbranded - Geo Priorities (MxCx),Soccer Camps,Phrase match (close variant),None,0,3,0.00,0.00,OK,,Appears relevant
kids science camp near me,CM - Nonbranded - Geo Priorities (MxCx),Summer Camps,Phrase match,None,0,1,0.00,0.00,OK,,Appears relevant
adventure camp,CM - Nonbranded - Geo Priorities (MxCx),Summer Camps,Phrase match (close variant),None,0,4,0.00,0.00,OK,,Appears relevant
summer day care near me,CM - Nonbranded - Geo Priorities (MxCx),Summer Camps,Phrase match (close variant),None,0,1,0.00,0.00,OK,,Appears relevant
volleyball camps 2026,CM - Nonbranded - Geo Priorities (MxCx),Volleyball Camps,Phrase match,None,1,1,0.77,0.00,OK,,Appears relevant
nova southeastern softball camp,CM - Nonbranded - Geo Priorities (MxCx),Softball Camps,Phrase match,None,1,1,2.84,0.00,OK,,Appears relevant
maplewood day camp wantagh,CM - Nonbranded - Geo Priorities (MxCx),Summer Camps,Phrase match (close variant),None,0,3,0.00,0.00,OK,,Appears relevant
how much is basketball camp,CM - Nonbranded - Geo Priorities (MxCx),Basketball Camp,Phrase match,None,0,1,0.00,0.00,OK,,Appears relevant
summer camps in long island,CM - Nonbranded - Geo Priorities (MxCx),Summer Camps,Exact match (close variant),None,1,2,1.39,0.00,OK,,Appears relevant
suffolk county summer camps,CM - Nonbranded - Geo Priorities (MxCx),Summer Camps,Phrase match,None,8,12,20.79,0.00,OK,,Appears relevant
nassau county day camps,CM - Nonbranded - Geo Priorities (MxCx),Summer Camps,Phrase match (close variant),None,0,2,0.00,0.00,OK,,Appears relevant
greenwood trails camp,CM - Nonbranded - Geo Priorities (MxCx),Summer Camps,Phrase match (close variant),None,0,3,0.00,0.00,OK,,Appears relevant
volleyball clinics near me,CM - Nonbranded - Geo Priorities (MxCx),Volleyball Camps,Exact match (close variant),Added,0,0,0.00,0.00,OK,,Appears relevant
rising star summer camp,CM - Non Brand - PMax,--,Performance Max,None,0,1,0.00,0.00,OK,,Appears relevant for Portland market
advantage tennis,CM - Non Brand - PMax,--,Performance Max,None,0,1,0.00,0.00,OK,,Appears relevant for Portland market
summer camp 4 year old,CM - Non Brand - PMax,--,Performance Max,None,0,1,0.00,0.00,OK,,Appears relevant for Portland market
active indoor activities,CM - Non Brand - PMax,--,Performance Max,None,0,2,0.00,0.00,OK,,Appears relevant for Portland market
swimming pool new hyde park,CM - Non Brand - PMax,--,Performance Max,None,0,1,0.00,0.00,OK,,Appears relevant for Portland market
adelphi nike volleyball camp,CM - Non Brand - PMax,--,Performance Max,None,0,1,0.00,0.00,OK,,Appears relevant for Portland market
farm for kids near me,CM - Non Brand - PMax,--,Performance Max,None,0,1,0.00,0.00,OK,,Appears relevant for Portland market
soccer kids leagues near me,CM - Non Brand - PMax,--,Performance Max,None,1,2,0.34,0.00,OK,,Appears relevant for Portland market
art camp near me,CM - pMax - Portland (MxConv),--,Performance Max,None,0,1,0.00,0.00,OK,,Appears relevant for Portland market
summer soccer camps near me,CM - pMax - Portland (MxConv),--,Performance Max,None,0,3,0.00,0.00,OK,,Appears relevant for Portland market
soccer camps in maine,CM - pMax - Portland (MxConv),--,Performance Max,None,0,2,0.00,0.00,OK,,Appears relevant for Portland market
tennis camp hamptons,CM - pMax - Portland (MxConv),--,Performance Max,None,0,0,0.00,0.00,OK,,Appears relevant for Portland market
youth football camps,CM - pMax - Portland (MxConv),--,Performance Max,None,0,0,0.00,0.00,OK,,Appears relevant for Portland market
soccer classes for kids near me,CM - pMax - Portland (MxConv),--,Performance Max,None,0,0,0.00,0.00,OK,,Appears relevant for Portland market
girls softball summer camp near me,CM - pMax - Portland (MxConv),--,Performance Max,None,0,0,0.00,0.00,OK,,Appears relevant for Portland market
flip circus,CM - pMax - Portland (MxConv),--,Performance Max,None,0,0,0.00,0.00,OK,,Appears relevant for Portland market
mixing warm up,CM - pMax - Portland (MxConv),--,Performance Max,None,0,0,0.00,0.00,OK,,Appears relevant for Portland market
camp poyntelle,CM - pMax - Portland (MxConv),--,Performance Max,None,0,0,0.00,0.00,OK,,Appears relevant for Portland market
circus coach,CM - pMax - Portland (MxConv),--,Performance Max,None,0,0,0.00,0.00,OK,,Appears relevant for Portland market
skyhawks near me,CM - pMax - Portland (MxConv),--,Performance Max,None,0,0,0.00,0.00,OK,,Appears relevant for Portland market
bronx summer camps free,CM - pMax - Portland (MxConv),--,Performance Max,None,0,0,0.00,0.00,OK,,Appears relevant for Portland market
knicks basketball camp 2025,CM - pMax - Portland (MxConv),--,Performance Max,None,0,0,0.00,0.00,OK,,Appears relevant for Portland market
tennis tactics,CM - pMax - Portland (MxConv),--,Performance Max,None,0,0,0.00,0.00,OK,,Appears relevant for Portland market
summer school,CM - pMax - Portland (MxConv),--,Performance Max,None,0,0,0.00,0.00,OK,,Appears relevant for Portland market
hofstra university summer camps,CM - Competitors - OldW - (Mx.Clicks),Competitors,Exact match (close variant),None,0,2,0.00,0.00,OK,,Competitor matched: 'hofstra'
westhampton beach tennis,CM - pMax - Portland (MxConv),--,Performance Max,None,0,0,0.00,0.00,OK,,Appears relevant for Portland market
camp parkwood great neck,CM - pMax - Portland (MxConv),--,Performance Max,None,0,0,0.00,0.00,OK,,Appears relevant for Portland market
pony rides for kids near me,CM - pMax - Portland (MxConv),--,Performance Max,None,0,0,0.00,0.00,OK,,Appears relevant for Portland market
tennis racket 98 vs 100,CM - pMax - Portland (MxConv),--,Performance Max,None,0,0,0.00,0.00,OK,,Appears relevant for Portland market
swimming classes,CM - pMax - Portland (MxConv),--,Performance Max,None,0,0,0.00,0.00,OK,,Appears relevant for Portland market
horseback riding summer camps near me,CM - pMax - Portland (MxConv),--,Performance Max,None,0,0,0.00,0.00,OK,,Appears relevant for Portland market
summer camp in greenwich ct,CM - pMax - Portland (MxConv),--,Performance Max,None,0,0,0.00,0.00,OK,,Appears relevant for Portland market
free soccer programs for kids near me,CM - pMax - Portland (MxConv),--,Performance Max,None,0,0,0.00,0.00,OK,,Appears relevant for Portland market
camp all stars,CM - pMax - Portland (MxConv),--,Performance Max,None,0,0,0.00,0.00,OK,,Appears relevant for Portland market
suny purchase camps,CM - pMax - Portland (MxConv),--,Performance Max,None,0,0,0.00,0.00,OK,,Appears relevant for Portland market
cheer camps near me,CM - pMax - Portland (MxConv),--,Performance Max,None,0,0,0.00,0.00,OK,,Has converted - protected from negation
cheer jumps,CM - pMax - Portland (MxConv),--,Performance Max,None,0,0,0.00,0.00,OK,,Appears relevant for Portland market
equestrian center near me,CM - pMax - Portland (MxConv),--,Performance Max,None,0,0,0.00,0.00,OK,,Appears relevant for Portland market
basketball school near me,CM - pMax - Portland (MxConv),--,Performance Max,None,0,0,0.00,0.00,OK,,Appears relevant for Portland market
eurostar soccer camp,CM - Nonbranded - Geo Priorities (MxCx),Soccer Camps,Phrase match,None,0,1,0.00,0.00,OK,,Appears relevant
summer kids camps near me,CM - Nonbranded - Geo Priorities (MxCx),Summer Camps,Exact match (close variant),None,0,1,0.00,0.00,OK,,Appears relevant
mcclancy summer camp,CM - Nonbranded - Geo Priorities (MxCx),Sports Camps,Phrase match (close variant),None,0,1,0.00,0.00,OK,,Appears relevant
summer camps for 5 year old near me,CM - Nonbranded - Geo Priorities (MxCx),Summer Camps,Phrase match (close variant),None,0,1,0.00,0.00,OK,,Appears relevant
southwood camp,CM - Nonbranded - Geo Priorities (MxCx),Summer Camps,Phrase match (close variant),None,0,1,0.00,0.00,OK,,Appears relevant
horse riding camps for kids,CM - Nonbranded - Geo Priorities (MxCx),Horseback Riding,Phrase match (close variant),None,0,3,0.00,0.00,OK,,Appears relevant
summer theater camp near me,CM - Nonbranded - Geo Priorities (MxCx),Summer Camps,Phrase match (close variant),None,0,1,0.00,0.00,OK,,Appears relevant
summer camp hempstead ny,CM - Nonbranded - Geo Priorities (MxCx),Summer Camps,Phrase match,None,0,5,0.00,0.00,OK,,Appears relevant
summer soccer camps 2026 near me,CM - Nonbranded - Geo Priorities (MxCx),Soccer Camps,Phrase match,None,0,2,0.00,0.00,OK,,Appears relevant
summer camp mineola,CM - Nonbranded - Geo Priorities (MxCx),Summer Camps,Phrase match (close variant),None,0,1,0.00,0.00,OK,,Appears relevant
camp for kid,CM - Nonbranded - Geo Priorities (MxCx),Summer Camps,Exact match (close variant),None,0,2,0.00,0.00,OK,,Appears relevant
football camps for high schoolers near me,CM - Nonbranded - Geo Priorities (MxCx),Football Camps,Phrase match,None,0,2,0.00,0.00,OK,,Appears relevant
basketball camps for 4 year olds,CM - Nonbranded - Geo Priorities (MxCx),Summer Camps,Phrase match (close variant),None,0,1,0.00,0.00,OK,,Appears relevant
gymnastics camp long island,CM - Nonbranded - Geo Priorities (MxCx),Summer Camps,Phrase match (close variant),None,0,11,0.00,0.00,OK,,Appears relevant
summer camp farmingdale,CM - Nonbranded - Geo Priorities (MxCx),Summer Camps,Phrase match,None,0,0,0.00,0.00,OK,,Appears relevant
swim classes near me,CM - Non Brand - PMax,--,Performance Max,None,0,3,0.00,0.00,OK,,Appears relevant for Portland market
boys club volleyball teams near me,CM - Non Brand - PMax,--,Performance Max,None,0,1,0.00,0.00,OK,,Appears relevant for Portland market
lacrosse clinics near me,CM - Non Brand - PMax,--,Performance Max,None,1,3,0.26,0.00,OK,,Appears relevant for Portland market
tennis clubs near me,CM - Non Brand - PMax,--,Performance Max,None,0,1,0.00,0.00,OK,,Appears relevant for Portland market
camps r us,CM - Competitors - OldW - (Mx.Clicks),Competitors,Exact match,Added,1,53,3.55,0.00,OK,,Competitor matched: 'camps r us'
summer camp hofstra,CM - Competitors - OldW - (Mx.Clicks),Competitors,Exact match (close variant),None,0,2,0.00,0.00,OK,,Competitor matched: 'hofstra'
driftwood summer camp,CM - Competitors - OldW - (Mx.Clicks),Competitors,Exact match (close variant),None,1,11,4.01,0.00,OK,,Competitor matched: 'driftwood'
future stars near me,CM - Branded (Mx.Clicks),Future Stars Camp Brand,Phrase match,None,0,1,0.00,0.00,OK,,Brand term matched: 'future stars'
future stars camp old westbury,CM - Branded (Mx.Clicks),Future Stars Camp Brand,Phrase match,None,5,8,14.34,0.00,OK,,Brand term matched: 'future stars'
soccer summer camps,CM - pMax - Portland (MxConv),--,Performance Max,None,0,2,0.00,0.00,OK,,Appears relevant for Portland market
basketball for kids near me,CM - pMax - Portland (MxConv),--,Performance Max,None,0,0,0.00,0.00,OK,,Appears relevant for Portland market
mid island day camp,CM - pMax - Portland (MxConv),--,Performance Max,None,0,0,0.00,0.00,OK,,Appears relevant for Portland market
soccer field near me,CM - pMax - Portland (MxConv),--,Performance Max,None,0,0,0.00,0.00,OK,,Appears relevant for Portland market
west islip summer camps,CM - pMax - Portland (MxConv),--,Performance Max,None,0,0,0.00,0.00,OK,,Appears relevant for Portland market
brentwood youth soccer,CM - pMax - Portland (MxConv),--,Performance Max,None,0,0,0.00,0.00,OK,,Appears relevant for Portland market
jmta port washington,CM - pMax - Portland (MxConv),--,Performance Max,None,0,0,0.00,0.00,OK,,Appears relevant for Portland market
wildcat camp south huntington,CM - pMax - Portland (MxConv),--,Performance Max,None,0,0,0.00,0.00,OK,,Appears relevant for Portland market
city of stamford summer camps,CM - pMax - Portland (MxConv),--,Performance Max,None,0,0,0.00,0.00,OK,,Appears relevant for Portland market
health benefits of tennis,CM - pMax - Portland (MxConv),--,Performance Max,None,0,0,0.00,0.00,OK,,Appears relevant for Portland market
southampton youth soccer,CM - pMax - Portland (MxConv),--,Performance Max,None,0,0,0.00,0.00,OK,,Appears relevant for Portland market
soccer ball,CM - pMax - Portland (MxConv),--,Performance Max,None,0,0,0.00,0.00,OK,,Appears relevant for Portland market
greenburgh tennis camp,CM - Nonbranded - Other Geos (MxConv),Tennis Camps,Phrase match,None,0,2,0.00,0.00,OK,,Appears relevant
basketball camp near me,CM - Nonbranded - Other Geos (MxConv),Basketball Camp,Exact match (close variant),Added,0,2,0.00,0.00,OK,,Appears relevant
horseback riding camp,CM - Non Brand - PMax,--,Performance Max,None,1,2,1.65,0.00,OK,,Appears relevant for Portland market
things to do near with kids,CM - Non Brand - PMax,--,Performance Max,None,0,1,0.00,0.00,OK,,Appears relevant for Portland market
basketball camps near me,CM - Nonbranded - Geo Priorities (MxCx),Basketball Camp,Exact match,Added,9,28,14.63,0.00,OK,,Appears relevant
summer camp nassau county,CM - Nonbranded - Geo Priorities (MxCx),Summer Camps,Phrase match,None,0,8,0.00,0.00,OK,,Appears relevant
three village theater camp,CM - Nonbranded - Geo Priorities (MxCx),Summer Camps,Phrase match (close variant),None,0,1,0.00,0.00,OK,,Appears relevant
top summer camps,CM - Nonbranded - Geo Priorities (MxCx),Summer Camps,Phrase match (close variant),None,0,1,0.00,0.00,OK,,Appears relevant
top golf summer camp,CM - Nonbranded - Geo Priorities (MxCx),Summer Camps,Phrase match,None,0,1,0.00,0.00,OK,,Appears relevant
chapel school summer camp,CM - Nonbranded - Geo Priorities (MxCx),Summer Camps,Phrase match,None,0,2,0.00,0.00,OK,,Appears relevant
beginners volleyball camp,CM - Nonbranded - Geo Priorities (MxCx),Volleyball Camps,Phrase match,None,1,3,1.38,0.00,OK,,Appears relevant
summer camps ny,CM - Nonbranded - Geo Priorities (MxCx),Summer Camps,Phrase match (close variant),Added,0,2,0.00,0.00,OK,,Appears relevant
rec camp,CM - Nonbranded - Geo Priorities (MxCx),Summer Camps,Phrase match (close variant),None,0,3,0.00,0.00,OK,,Appears relevant
babylon summer camps,CM - Nonbranded - Geo Priorities (MxCx),Summer Camps,Phrase match (close variant),None,0,2,0.00,0.00,OK,,Appears relevant
soccer camps for 10 year olds,CM - Nonbranded - Geo Priorities (MxCx),Soccer Camps,Phrase match,None,0,0,0.00,0.00,OK,,Appears relevant
baseball summer camps near me,CM - Nonbranded - Geo Priorities (MxCx),Baseball Camps,Exact match (close variant),None,0,0,0.00,0.00,OK,,Appears relevant
future stars summer camps patchogue,CM - Branded (Mx.Clicks),Future Stars Camp Brand,Exact match (close variant),None,0,0,0.00,0.00,OK,,Brand term matched: 'future stars'
kids tennis company,CM - Nonbranded - Other Geos (MxConv),Tennis Camps,Broad match,None,0,1,0.00,0.00,OK,,Appears relevant
baseball camp,CM - Nonbranded - Other Geos (MxConv),Baseball Camps,Exact match (close variant),None,0,1,0.00,0.00,OK,,Appears relevant
basketball camp scarborough,CM - Nonbranded - Other Geos (MxConv),Basketball Camp,Phrase match,None,1,2,3.82,0.00,OK,,Appears relevant
fc westchester summer camp,CM - Nonbranded - Other Geos (MxConv),Football Camps,Phrase match (close variant),None,1,3,11.40,0.00,OK,,Appears relevant
summer camp near me,CM - Nonbranded - Other Geos (MxConv),Summer Camps,Exact match,Added,0,0,0.00,0.00,OK,,Appears relevant
baseball academy near me,CM - pMax - Portland (MxConv),--,Performance Max,None,0,0,0.00,0.00,OK,,Appears relevant for Portland market
softball camps,CM - pMax - Portland (MxConv),--,Performance Max,None,0,0,0.00,0.00,OK,,Appears relevant for Portland market
basketball camps westchester,CM - pMax - Portland (MxConv),--,Performance Max,None,0,0,0.00,0.00,OK,,Appears relevant for Portland market
nabby,CM - pMax - Portland (MxConv),--,Performance Max,None,0,0,0.00,0.00,OK,,Appears relevant for Portland market
basketball classes for kids,CM - pMax - Portland (MxConv),--,Performance Max,None,0,0,0.00,0.00,OK,,Appears relevant for Portland market
youth soccer strength training,CM - pMax - Portland (MxConv),--,Performance Max,None,0,0,0.00,0.00,OK,,Appears relevant for Portland market
luhi summer programs,CM - pMax - Portland (MxConv),--,Performance Max,None,0,0,0.00,0.00,OK,,Appears relevant for Portland market
future camp,CM - pMax - Portland (MxConv),--,Performance Max,None,0,0,0.00,0.00,OK,,Has converted - protected from negation
star lake camp,CM - pMax - Portland (MxConv),--,Performance Max,None,0,0,0.00,0.00,OK,,Appears relevant for Portland market
prime time camp,CM - Non Brand - PMax,--,Performance Max,None,0,2,0.00,0.00,OK,,Appears relevant for Portland market
southampton gym,CM - Non Brand - PMax,--,Performance Max,None,0,1,0.00,0.00,OK,,Appears relevant for Portland market
volleyball,CM - Non Brand - PMax,--,Performance Max,None,0,5,0.00,0.00,OK,,Appears relevant for Portland market
public speaking camps,CM - Non Brand - PMax,--,Performance Max,None,0,1,0.00,0.00,OK,,Appears relevant for Portland market
hoops 101 summer camp,CM - Nonbranded - Geo Priorities (MxCx),Summer Camps,Phrase match,None,1,1,2.54,0.00,OK,,Appears relevant
st pats youth camp,CM - Nonbranded - Geo Priorities (MxCx),Summer Camps,Phrase match (close variant),None,0,1,0.00,0.00,OK,,Appears relevant
dance camp long island,CM - Nonbranded - Geo Priorities (MxCx),Dance Camps,Phrase match (close variant),Added,0,2,0.00,0.00,OK,,Appears relevant
summer camp suffolk county ny,CM - Nonbranded - Geo Priorities (MxCx),Summer Camps,Phrase match (close variant),None,0,1,0.00,0.00,OK,,Appears relevant
camp hillard scarsdale,CM - Nonbranded - Geo Priorities (MxCx),Summer Camps,Phrase match (close variant),None,0,4,0.00,0.00,OK,,Appears relevant
youth baseball camps near me 2025,CM - Nonbranded - Geo Priorities (MxCx),Summer Camps,Phrase match (close variant),None,1,2,1.57,0.00,OK,,Appears relevant
hofstra softball camp,CM - Nonbranded - Geo Priorities (MxCx),Softball Camps,Phrase match,None,0,1,0.00,0.00,OK,,Appears relevant
summer camps 2025,CM - Nonbranded - Geo Priorities (MxCx),Soccer Camps,Phrase match (close variant),None,0,2,0.00,0.00,OK,,Appears relevant
yes usa summer camp,CM - Nonbranded - Geo Priorities (MxCx),Summer Camps,Phrase match (close variant),None,0,1,0.00,0.00,OK,,Appears relevant
ninja warrior summer camp,CM - Nonbranded - Geo Priorities (MxCx),Summer Camps,Phrase match (close variant),None,0,1,0.00,0.00,OK,,Appears relevant
half day camp near me,CM - Nonbranded - Geo Priorities (MxCx),Summer Camps,Phrase match (close variant),Added,0,1,0.00,0.00,OK,,Appears relevant
summer soccer clinic,CM - Nonbranded - Geo Priorities (MxCx),Soccer Camps,Exact match (close variant),None,0,1,0.00,0.00,OK,,Appears relevant
improv summer camp for kids,CM - Nonbranded - Geo Priorities (MxCx),Summer Camps,Phrase match,None,1,4,1.18,0.00,OK,,Appears relevant
day camp in the park,CM - Nonbranded - Geo Priorities (MxCx),Summer Camps,Phrase match (close variant),None,0,2,0.00,0.00,OK,,Appears relevant
summer camp for 3 year olds,CM - Nonbranded - Geo Priorities (MxCx),Summer Camps,Phrase match,None,0,4,0.00,0.00,OK,,Appears relevant
baseball camps for middle schoolers,CM - Nonbranded - Geo Priorities (MxCx),Summer Camps,Phrase match (close variant),None,1,3,2.88,0.00,OK,,Appears relevant
girls lacrosse summer camps 2026,CM - pMax - Portland (MxConv),--,Performance Max,None,1,2,4.80,0.00,OK,,Appears relevant for Portland market
center day camp maine,CM - pMax - Portland (MxConv),--,Performance Max,None,0,1,0.00,0.00,OK,,Appears relevant for Portland market
swish camp usm,CM - pMax - Portland (MxConv),--,Performance Max,None,0,5,0.00,0.00,OK,,Appears relevant for Portland market
through the trees summer camp,CM - pMax - Portland (MxConv),--,Performance Max,None,0,1,0.00,0.00,OK,,Appears relevant for Portland market
basketball youth clinics near me,CM - pMax - Portland (MxConv),--,Performance Max,None,0,0,0.00,0.00,OK,,Appears relevant for Portland market
horseback riding montauk,CM - pMax - Portland (MxConv),--,Performance Max,None,0,0,0.00,0.00,OK,,Appears relevant for Portland market
summer tennis camp,CM - pMax - Portland (MxConv),--,Performance Max,None,0,0,0.00,0.00,OK,,Appears relevant for Portland market
summer camp yonkers,CM - pMax - Portland (MxConv),--,Performance Max,None,0,0,0.00,0.00,OK,,Appears relevant for Portland market
chess camp westchester,CM - pMax - Portland (MxConv),--,Performance Max,None,0,0,0.00,0.00,OK,,Appears relevant for Portland market
friar sports camp,CM - pMax - Portland (MxConv),--,Performance Max,None,0,0,0.00,0.00,OK,,Appears relevant for Portland market
summer camps for 4 year olds,CM - pMax - Portland (MxConv),--,Performance Max,None,0,0,0.00,0.00,OK,,Appears relevant for Portland market
dance camp long island,CM - Nonbranded - Geo Priorities (MxCx),Dance Camps,Exact match,Added,1,6,2.67,0.00,OK,,Appears relevant
summer theater camps,CM - Nonbranded - Geo Priorities (MxCx),Summer Camps,Phrase match,None,0,2,0.00,0.00,OK,,Appears relevant
usssa softball camp,CM - Nonbranded - Geo Priorities (MxCx),Softball Camps,Phrase match,None,0,1,0.00,0.00,OK,,Appears relevant
nassau county camps summer,CM - Nonbranded - Geo Priorities (MxCx),Summer Camps,Phrase match (close variant),None,0,2,0.00,0.00,OK,,Appears relevant
lindenhurst summer camp 2026,CM - Nonbranded - Geo Priorities (MxCx),Summer Camps,Phrase match,None,0,1,0.00,0.00,OK,,Appears relevant
do summer camps still exist,CM - Nonbranded - Geo Priorities (MxCx),Summer Camps,Phrase match,None,0,1,0.00,0.00,OK,,Appears relevant
video gaming camp,CM - Nonbranded - Geo Priorities (MxCx),Summer Camps,Phrase match (close variant),None,0,1,0.00,0.00,OK,,Appears relevant
youth tennis camp near me,CM - Nonbranded - Geo Priorities (MxCx),Summer Camps,Phrase match (close variant),None,0,2,0.00,0.00,OK,,Appears relevant
mtc summer camp 2026,CM - Nonbranded - Geo Priorities (MxCx),Summer Camps,Phrase match,None,0,2,0.00,0.00,OK,,Appears relevant
prospect volleyball camps,CM - Nonbranded - Geo Priorities (MxCx),Volleyball Camps,Phrase match,None,0,1,0.00,0.00,OK,,Appears relevant
aldersgate camp,CM - Nonbranded - Geo Priorities (MxCx),Summer Camps,Phrase match (close variant),None,0,2,0.00,0.00,OK,,Appears relevant
suffolk county summer camps,CM - Nonbranded - Geo Priorities (MxCx),Summer Camps,Phrase match (close variant),None,0,3,0.00,0.00,OK,,Appears relevant
sunny days camp,CM - Nonbranded - Geo Priorities (MxCx),Summer Camps,Phrase match (close variant),None,0,3,0.00,0.00,OK,,Appears relevant
summer soccer programs near me,CM - Nonbranded - Geo Priorities (MxCx),Soccer Camps,Exact match (close variant),None,1,3,1.60,0.00,OK,,Appears relevant
affordable basketball camps near me,CM - Nonbranded - Geo Priorities (MxCx),Basketball Camp,Phrase match,None,0,0,0.00,0.00,OK,,Appears relevant
indoor soccer camps near me,CM - Nonbranded - Geo Priorities (MxCx),Soccer Camps,Phrase match,None,0,0,0.00,0.00,OK,,Appears relevant
swim clinics near me,CM - Non Brand - PMax,--,Performance Max,None,0,1,0.00,0.00,OK,,Appears relevant for Portland market
town of babylon summer camp,CM - Non Brand - PMax,--,Performance Max,None,0,5,0.00,0.00,OK,,Appears relevant for Portland market
soccer greenwich ct,CM - Non Brand - PMax,--,Performance Max,None,0,1,0.00,0.00,OK,,Appears relevant for Portland market
tlc camp,CM - Non Brand - PMax,--,Performance Max,None,0,1,0.00,0.00,OK,,Appears relevant for Portland market
volleyball clubs near me,CM - Non Brand - PMax,--,Performance Max,None,1,10,0.18,0.00,OK,,Appears relevant for Portland market
children's summer program,CM - Non Brand - PMax,--,Performance Max,None,0,1,0.00,0.00,OK,,Appears relevant for Portland market
pierce camps,CM - Competitors - OldW - (Mx.Clicks),Competitors,Exact match (close variant),None,0,2,0.00,0.00,OK,,Competitor matched: 'pierce'
future stars football camp,CM - Branded (Mx.Clicks),Future Stars Camp Brand,Phrase match,None,1,3,1.26,0.00,OK,,Brand term matched: 'future stars'
rye tennis,CM - Nonbranded - Other Geos (MxConv),Tennis Camps,Broad match,None,0,1,0.00,0.00,OK,,Appears relevant
cooper flagg camp 2026,CM - Nonbranded - Other Geos (MxConv),Basketball Camp,Phrase match (close variant),None,0,1,0.00,0.00,OK,,Appears relevant
tennis racquet sizes,CM - pMax - Portland (MxConv),--,Performance Max,None,1,1,1.26,0.00,OK,,Appears relevant for Portland market
ymca explorers camp,CM - pMax - Portland (MxConv),--,Performance Max,None,0,1,0.00,0.00,OK,,Appears relevant for Portland market
ymca mamaroneck,CM - pMax - Portland (MxConv),--,Performance Max,None,0,0,0.00,0.00,OK,,Appears relevant for Portland market
danny maude golf,CM - pMax - Portland (MxConv),--,Performance Max,None,0,0,0.00,0.00,OK,,Appears relevant for Portland market
westchester day camps,CM - pMax - Portland (MxConv),--,Performance Max,None,0,0,0.00,0.00,OK,,Appears relevant for Portland market
camp volleyball,CM - pMax - Portland (MxConv),--,Performance Max,None,0,0,0.00,0.00,OK,,Appears relevant for Portland market
nextgen camp,CM - pMax - Portland (MxConv),--,Performance Max,None,0,0,0.00,0.00,OK,,Appears relevant for Portland market
engineering camp for kids,CM - pMax - Portland (MxConv),--,Performance Max,None,0,0,0.00,0.00,OK,,Appears relevant for Portland market
rising stars complex,CM - pMax - Portland (MxConv),--,Performance Max,None,0,0,0.00,0.00,OK,,Appears relevant for Portland market
youth basketball near me,CM - pMax - Portland (MxConv),--,Performance Max,None,0,0,0.00,0.00,OK,,Appears relevant for Portland market
equestrian classes near me,CM - pMax - Portland (MxConv),--,Performance Max,None,0,0,0.00,0.00,OK,,Appears relevant for Portland market
roberto clemente summer camp,CM - pMax - Portland (MxConv),--,Performance Max,None,0,0,0.00,0.00,OK,,Appears relevant for Portland market
horse rides near me,CM - pMax - Portland (MxConv),--,Performance Max,None,0,0,0.00,0.00,OK,,Appears relevant for Portland market
junior celtics summer camp,CM - Nonbranded - Other Geos (MxConv),Basketball Camp,Phrase match (close variant),None,0,2,0.00,0.00,OK,,Appears relevant
pitching clinics near me softball,CM - Nonbranded - Other Geos (MxConv),Softball Camps,Phrase match (close variant),None,0,2,0.00,0.00,OK,,Appears relevant
st joes basketball camp,CM - Nonbranded - Other Geos (MxConv),Basketball Camp,Phrase match,None,1,1,4.91,0.00,OK,,Appears relevant
harrison summer camp,CM - Nonbranded - Other Geos (MxConv),Tennis Camps,Broad match,None,0,1,0.00,0.00,OK,,Appears relevant
westchester soccer camp,CM - Nonbranded - Other Geos (MxConv),Summer Camps,Phrase match (close variant),None,0,0,0.00,0.00,OK,,Appears relevant
football camps near me,CM - Nonbranded - Other Geos (MxConv),Football Camps,Exact match,Added,0,0,0.00,0.00,OK,,Appears relevant
things to do next week with kids near me,CM - Non Brand - PMax,--,Performance Max,None,0,1,0.00,0.00,OK,,Appears relevant for Portland market
youth flag football near me,CM - Non Brand - PMax,--,Performance Max,None,0,1,0.00,0.00,OK,,Appears relevant for Portland market
camp forest hills,CM - Nonbranded - Geo Priorities (MxCx),Soccer Camps,Phrase match (close variant),None,0,1,0.00,0.00,OK,,Appears relevant
rising stars summer camp,CM - Nonbranded - Geo Priorities (MxCx),Sports Camps,Phrase match (close variant),None,0,2,0.00,0.00,OK,,Appears relevant
camps near me for 12 year olds,CM - Nonbranded - Geo Priorities (MxCx),Summer Camps,Phrase match (close variant),None,0,1,0.00,0.00,OK,,Appears relevant
summer programs for 4 year old,CM - Nonbranded - Geo Priorities (MxCx),Summer Camps,Phrase match (close variant),None,0,2,0.00,0.00,OK,,Appears relevant
football camps,CM - Nonbranded - Geo Priorities (MxCx),Football Camps,Exact match (close variant),Added,0,2,0.00,0.00,OK,,Has converted - protected from negation
camp bright star,CM - Nonbranded - Geo Priorities (MxCx),Summer Camps,Phrase match (close variant),None,1,6,1.35,0.00,OK,,Appears relevant
horse back riding camp near me,CM - Nonbranded - Geo Priorities (MxCx),Horseback Riding,Exact match (close variant),None,0,2,0.00,0.00,OK,,Appears relevant
summer programs for 15 year olds near me,CM - Nonbranded - Geo Priorities (MxCx),Summer Camps,Phrase match (close variant),None,0,1,0.00,0.00,OK,,Appears relevant
summer camps for 10 year olds,CM - Nonbranded - Geo Priorities (MxCx),Summer Camps,Phrase match,None,0,1,0.00,0.00,OK,,Appears relevant
dance camp,CM - Nonbranded - Geo Priorities (MxCx),Dance Camps,Phrase match (close variant),None,0,5,0.00,0.00,OK,,Appears relevant
soccer camp july 2026,CM - Nonbranded - Geo Priorities (MxCx),Soccer Camps,Phrase match,None,0,2,0.00,0.00,OK,,Appears relevant
campminder kinder ring,CM - Nonbranded - Geo Priorities (MxCx),Summer Camps,Phrase match (close variant),None,0,1,0.00,0.00,OK,,Appears relevant
kids summer camp long island,CM - Nonbranded - Geo Priorities (MxCx),Summer Camps,Exact match (close variant),None,0,1,0.00,0.00,OK,,Appears relevant
summer camps 2026,CM - Nonbranded - Geo Priorities (MxCx),Summer Camps,Phrase match,None,1,1,0.89,0.00,OK,,Appears relevant
golf camp for girls,CM - Nonbranded - Geo Priorities (MxCx),Summer Camps,Phrase match (close variant),None,0,2,0.00,0.00,OK,,Appears relevant
camps in long island,CM - Nonbranded - Geo Priorities (MxCx),Summer Camps,Phrase match (close variant),None,0,0,0.00,0.00,OK,,Appears relevant
summer programs for teenagers near me,CM - Nonbranded - Geo Priorities (MxCx),Summer Camps,Phrase match (close variant),None,0,0,0.00,0.00,OK,,Appears relevant
summer softball camps near me,CM - Nonbranded - Other Geos (MxConv),Softball Camps,Phrase match,None,0,0,0.00,0.00,OK,,Appears relevant
volleyball camp near me,CM - Nonbranded - Other Geos (MxConv),Volleyball Camps,Exact match,Added,0,0,0.00,0.00,OK,,Appears relevant
all stars camp,CM - Nonbranded - Other Geos (MxConv),Summer Camps,Phrase match (close variant),None,0,0,0.00,0.00,OK,,Has converted - protected from negation
volleyball camps summer 2025,CM - Nonbranded - Other Geos (MxConv),Volleyball Camps,Phrase match,None,0,0,0.00,0.00,OK,,Appears relevant
purchase college summer camp,CM - Nonbranded - Other Geos (MxConv),Summer Camps,Phrase match,None,0,0,0.00,0.00,OK,,Appears relevant
bethpage summer camp,CM - Nonbranded - Geo Priorities (MxCx),Sports Camps,Phrase match (close variant),None,1,1,2.90,0.00,OK,,Appears relevant
pleasantville day camp,CM - Nonbranded - Geo Priorities (MxCx),Summer Camps,Phrase match (close variant),None,0,2,0.00,0.00,OK,,Appears relevant
day camp long island,CM - Nonbranded - Geo Priorities (MxCx),Summer Camps,Phrase match (close variant),None,0,4,0.00,0.00,OK,,Appears relevant
summer camp for 2nd graders,CM - Nonbranded - Geo Priorities (MxCx),Summer Camps,Phrase match,None,0,2,0.00,0.00,OK,,Appears relevant
youth basketball camp,CM - Nonbranded - Geo Priorities (MxCx),Basketball Camp,Exact match (close variant),None,1,8,1.30,0.00,OK,,Appears relevant
long island girls lacrosse camp,CM - Nonbranded - Geo Priorities (MxCx),Summer Camps,Phrase match (close variant),None,1,2,2.88,0.00,OK,,Appears relevant
valley stream summer camp,CM - Nonbranded - Geo Priorities (MxCx),Summer Camps,Phrase match,None,0,2,0.00,0.00,OK,,Appears relevant
hastings day camp,CM - Nonbranded - Geo Priorities (MxCx),Summer Camps,Phrase match (close variant),None,0,1,0.00,0.00,OK,,Appears relevant
apple summer camp for kids,CM - Nonbranded - Geo Priorities (MxCx),Summer Camps,Phrase match,None,0,1,0.00,0.00,OK,,Appears relevant
boys lacrosse summer camp,CM - Nonbranded - Geo Priorities (MxCx),Lacrosse Camps,Phrase match,None,0,1,0.00,0.00,OK,,Appears relevant
kids summer camp,CM - Nonbranded - Geo Priorities (MxCx),Soccer Camps,Exact match (close variant),None,0,3,0.00,0.00,OK,,Appears relevant
crestwood country day camp and school melville,CM - Nonbranded - Geo Priorities (MxCx),Summer Camps,Phrase match (close variant),None,0,5,0.00,0.00,OK,,Appears relevant
summer camps near me 2026,CM - Nonbranded - Geo Priorities (MxCx),Soccer Camps,Phrase match (close variant),None,0,2,0.00,0.00,OK,,Appears relevant
dss summer camp,CM - Nonbranded - Geo Priorities (MxCx),Summer Camps,Phrase match,None,0,1,0.00,0.00,OK,,Appears relevant
kiddie junction summer camp,CM - Nonbranded - Geo Priorities (MxCx),Summer Camps,Phrase match,None,0,2,0.00,0.00,OK,,Appears relevant
gym summer camp,CM - Nonbranded - Geo Priorities (MxCx),Summer Camps,Phrase match,None,0,3,0.00,0.00,OK,,Appears relevant
half day camp,CM - Nonbranded - Geo Priorities (MxCx),Summer Camps,Phrase match (close variant),None,0,1,0.00,0.00,OK,,Appears relevant
hoop dreams huntington ny,CM - Nonbranded - Geo Priorities (MxCx),Basketball Camp,Phrase match (close variant),None,0,2,0.00,0.00,OK,,Appears relevant
west islip football camp,CM - Nonbranded - Geo Priorities (MxCx),Football Camps,Phrase match,None,0,1,0.00,0.00,OK,,Appears relevant
summer lacrosse camp near me,CM - Nonbranded - Geo Priorities (MxCx),Lacrosse Camps,Exact match (close variant),None,0,0,0.00,0.00,OK,,Appears relevant
kids baseball camp,CM - Nonbranded - Geo Priorities (MxCx),Baseball Camps,Exact match (close variant),None,0,0,0.00,0.00,OK,,Appears relevant
luhi country day camp,CM - Competitors - OldW - (Mx.Clicks),Competitors,Exact match (close variant),None,0,2,0.00,0.00,OK,,Competitor matched: 'luhi'
summer recreation program,CM - pMax - Portland (MxConv),--,Performance Max,None,0,0,0.00,0.00,OK,,Appears relevant for Portland market
art summer activities for kids,CM - pMax - Portland (MxConv),--,Performance Max,None,0,0,0.00,0.00,OK,,Appears relevant for Portland market
nike camp,CM - pMax - Portland (MxConv),--,Performance Max,None,0,0,0.00,0.00,OK,,Appears relevant for Portland market
badger summer camp,CM - pMax - Portland (MxConv),--,Performance Max,None,0,0,0.00,0.00,OK,,Appears relevant for Portland market
real madrid summer camp,CM - pMax - Portland (MxConv),--,Performance Max,None,0,0,0.00,0.00,OK,,Appears relevant for Portland market
fury volleyball camp,CM - pMax - Portland (MxConv),--,Performance Max,None,0,0,0.00,0.00,OK,,Appears relevant for Portland market
acting classes for kids near me,CM - pMax - Portland (MxConv),--,Performance Max,None,0,0,0.00,0.00,OK,,Appears relevant for Portland market
bronx house summer camp,CM - pMax - Portland (MxConv),--,Performance Max,None,0,0,0.00,0.00,OK,,Appears relevant for Portland market
camp ramapo,CM - pMax - Portland (MxConv),--,Performance Max,None,0,0,0.00,0.00,OK,,Appears relevant for Portland market
church camps near me,CM - Non Brand - PMax,--,Performance Max,None,0,1,0.00,0.00,OK,,Appears relevant for Portland market
golf camp,CM - Non Brand - PMax,--,Performance Max,None,0,7,0.00,0.00,OK,,Appears relevant for Portland market
kids basketball,CM - Non Brand - PMax,--,Performance Max,None,0,2,0.00,0.00,OK,,Appears relevant for Portland market
soccer near me,CM - Non Brand - PMax,--,Performance Max,None,0,8,0.00,0.00,OK,,Appears relevant for Portland market
tennis camps,CM - Non Brand - PMax,--,Performance Max,None,0,2,0.00,0.00,OK,,Appears relevant for Portland market
bright star camp,CM - Non Brand - PMax,--,Performance Max,None,0,1,0.00,0.00,OK,,Appears relevant for Portland market
playground southampton,CM - Non Brand - PMax,--,Performance Max,None,0,1,0.00,0.00,OK,,Appears relevant for Portland market
college football camps,CM - Nonbranded - Other Geos (MxConv),Football Camps,Phrase match,None,0,1,0.00,0.00,OK,,Appears relevant
basketball camp westchester ny,CM - Nonbranded - Other Geos (MxConv),Summer Camps,Phrase match (close variant),None,0,0,0.00,0.00,OK,,Has converted - protected from negation
volleyball clinics near me,CM - pMax - Portland (MxConv),--,Performance Max,None,1,3,1.14,0.00,OK,,Appears relevant for Portland market
beantown camp,CM - pMax - Portland (MxConv),--,Performance Max,None,0,1,0.00,0.00,OK,,Appears relevant for Portland market
sports arena summer camp,CM - pMax - Portland (MxConv),--,Performance Max,None,0,0,0.00,0.00,OK,,Appears relevant for Portland market
sports summer camps near me,CM - pMax - Portland (MxConv),--,Performance Max,None,0,0,0.00,0.00,OK,,Appears relevant for Portland market
full court shot,CM - pMax - Portland (MxConv),--,Performance Max,None,0,0,0.00,0.00,OK,,Appears relevant for Portland market
camp tech revolution,CM - pMax - Portland (MxConv),--,Performance Max,None,0,0,0.00,0.00,OK,,Appears relevant for Portland market
soccer places near me for kids,CM - pMax - Portland (MxConv),--,Performance Max,None,0,0,0.00,0.00,OK,,Appears relevant for Portland market
what is a size 3 soccer ball,CM - pMax - Portland (MxConv),--,Performance Max,None,0,0,0.00,0.00,OK,,Appears relevant for Portland market
summer camps greenwich ct,CM - pMax - Portland (MxConv),--,Performance Max,None,0,0,0.00,0.00,OK,,Appears relevant for Portland market
kindergarten flag football,CM - pMax - Portland (MxConv),--,Performance Max,None,0,0,0.00,0.00,OK,,Appears relevant for Portland market
summer basketball camps,CM - Nonbranded - Geo Priorities (MxCx),Basketball Camp,Exact match (close variant),Added,1,4,1.67,0.00,OK,,Appears relevant
softball summer camps near me,CM - Nonbranded - Geo Priorities (MxCx),Softball Camps,Phrase match (close variant),None,0,1,0.00,0.00,OK,,Appears relevant
westchester county basketball camp,CM - Nonbranded - Geo Priorities (MxCx),Basketball Camp,Phrase match,None,1,4,2.76,0.00,OK,,Appears relevant
sachem east football camp,CM - Nonbranded - Geo Priorities (MxCx),Football Camps,Phrase match,None,0,1,0.00,0.00,OK,,Appears relevant
summer baseball camps long island,CM - Nonbranded - Geo Priorities (MxCx),Summer Camps,Phrase match,None,0,4,0.00,0.00,OK,,Appears relevant
speedy claxton basketball camp,CM - Nonbranded - Geo Priorities (MxCx),Basketball Camp,Phrase match,None,0,1,0.00,0.00,OK,,Appears relevant
st francis basketball camp,CM - Nonbranded - Geo Priorities (MxCx),Basketball Camp,Phrase match,None,0,1,0.00,0.00,OK,,Appears relevant
amazing athletes summer camp,CM - Nonbranded - Geo Priorities (MxCx),Sports Camps,Phrase match (close variant),None,0,3,0.00,0.00,OK,,Appears relevant
day camps in nassau county ny,CM - Nonbranded - Geo Priorities (MxCx),Summer Camps,Phrase match (close variant),None,0,2,0.00,0.00,OK,,Appears relevant
nfl kids camp,CM - Nonbranded - Geo Priorities (MxCx),Football Camps,Phrase match (close variant),None,0,1,0.00,0.00,OK,,Appears relevant
panther soccer summer camp,CM - Nonbranded - Geo Priorities (MxCx),Soccer Camps,Phrase match,None,1,2,4.06,0.00,OK,,Appears relevant
camp poko maccready,CM - Nonbranded - Geo Priorities (MxCx),Summer Camps,Phrase match (close variant),None,0,2,0.00,0.00,OK,,Appears relevant
camps for 6 year olds near me,CM - Nonbranded - Geo Priorities (MxCx),Summer Camps,Phrase match (close variant),None,0,1,0.00,0.00,OK,,Appears relevant
all sports summer camp,CM - Nonbranded - Geo Priorities (MxCx),Sports Camps,Phrase match,None,0,0,0.00,0.00,OK,,Appears relevant
youth camps near me,CM - Nonbranded - Geo Priorities (MxCx),Summer Camps,Exact match (close variant),None,0,0,0.00,0.00,OK,,Appears relevant
affordable summer camps near me,CM - Nonbranded - Geo Priorities (MxCx),Summer Camps,Phrase match,None,0,0,0.00,0.00,OK,,Appears relevant
summer camps for toddlers,CM - Non Brand - PMax,--,Performance Max,None,0,2,0.00,0.00,OK,,Appears relevant for Portland market
suny purchase summer programs for high school students,CM - Non Brand - PMax,--,Performance Max,None,0,1,0.00,0.00,OK,,Appears relevant for Portland market
volleyball lessons near me,CM - Non Brand - PMax,--,Performance Max,None,0,1,0.00,0.00,OK,,Appears relevant for Portland market
rising stars basketball camp,CM - Non Brand - PMax,--,Performance Max,None,0,2,0.00,0.00,OK,,Appears relevant for Portland market
kids summer programs,CM - Non Brand - PMax,--,Performance Max,None,0,1,0.00,0.00,OK,,Appears relevant for Portland market
where to ride a horse near me,CM - Non Brand - PMax,--,Performance Max,None,0,1,0.00,0.00,OK,,Appears relevant for Portland market
summer volleyball camps 2026,CM - Non Brand - PMax,--,Performance Max,None,0,1,0.00,0.00,OK,,Appears relevant for Portland market
swimming courses near me,CM - Non Brand - PMax,--,Performance Max,None,0,1,0.00,0.00,OK,,Appears relevant for Portland market
4 week summer camps,CM - Non Brand - PMax,--,Performance Max,None,0,2,0.00,0.00,OK,,Appears relevant for Portland market
camps near me,CM - Non Brand - PMax,--,Performance Max,None,1,6,1.00,0.00,OK,,Appears relevant for Portland market
batting cages,CM - Non Brand - PMax,--,Performance Max,None,0,1,0.00,0.00,OK,,Appears relevant for Portland market
future stars promo code,CM - Branded (Mx.Clicks),Future Stars Camp Brand,Phrase match,None,0,1,0.00,0.00,OK,,Brand term matched: 'future stars'
future starz tournaments,CM - Branded (Mx.Clicks),Future Stars Camp Brand,Phrase match (close variant),None,0,0,0.00,0.00,OK,,Brand term matched: 'future star'
concord recreation camp,CM - pMax - Portland (MxConv),--,Performance Max,None,0,1,0.00,0.00,OK,,Appears relevant for Portland market
inspire sports camp,CM - pMax - Portland (MxConv),--,Performance Max,None,0,0,0.00,0.00,OK,,Appears relevant for Portland market
outdoor free activities for kids,CM - pMax - Portland (MxConv),--,Performance Max,None,0,0,0.00,0.00,OK,,Appears relevant for Portland market
steve and kate,CM - pMax - Portland (MxConv),--,Performance Max,None,0,0,0.00,0.00,OK,,Appears relevant for Portland market
v7 skills,CM - pMax - Portland (MxConv),--,Performance Max,None,0,0,0.00,0.00,OK,,Appears relevant for Portland market
elmsford summer camp,CM - pMax - Portland (MxConv),--,Performance Max,None,0,0,0.00,0.00,OK,,Appears relevant for Portland market
tennis camp near me,CM - pMax - Portland (MxConv),--,Performance Max,None,0,0,0.00,0.00,OK,,Appears relevant for Portland market
sports camp near me,CM - Nonbranded - Other Geos (MxConv),Tennis Camps,Broad match,None,0,3,0.00,0.00,OK,,Appears relevant
tia new rochelle tennis,CM - Nonbranded - Other Geos (MxConv),Tennis Camps,Broad match,None,0,4,0.00,0.00,OK,,Appears relevant
day summer camps for kids near me,CM - Nonbranded - Other Geos (MxConv),Tennis Camps,Broad match,None,0,3,0.00,0.00,OK,,Appears relevant
sport camp,CM - Nonbranded - Geo Priorities (MxCx),Sports Camps,Exact match (close variant),None,0,2,0.00,0.00,OK,,Appears relevant
camps in suffolk county,CM - Nonbranded - Geo Priorities (MxCx),Summer Camps,Phrase match (close variant),None,0,3,0.00,0.00,OK,,Appears relevant
basketball camp near me,CM - Nonbranded - Geo Priorities (MxCx),Basketball Camp,Exact match (close variant),Added,6,32,13.64,0.00,OK,,Appears relevant
lacrosse camps,CM - Nonbranded - Geo Priorities (MxCx),Lacrosse Camps,Exact match (close variant),None,1,3,1.44,0.00,OK,,Appears relevant
summer camp 3 years old near me,CM - Nonbranded - Geo Priorities (MxCx),Summer Camps,Phrase match,None,0,1,0.00,0.00,OK,,Appears relevant
badger day camp larchmont,CM - Nonbranded - Geo Priorities (MxCx),Summer Camps,Phrase match (close variant),None,0,2,0.00,0.00,OK,,Appears relevant
windward camp,CM - Nonbranded - Geo Priorities (MxCx),Summer Camps,Phrase match (close variant),None,0,2,0.00,0.00,OK,,Appears relevant
basketball summer camp long island,CM - Nonbranded - Geo Priorities (MxCx),Basketball Camp,Exact match (close variant),None,0,7,0.00,0.00,OK,,Appears relevant
people's day camp,CM - Nonbranded - Geo Priorities (MxCx),Summer Camps,Phrase match (close variant),None,0,2,0.00,0.00,OK,,Appears relevant
soccer camps,CM - Nonbranded - Geo Priorities (MxCx),Soccer Camps,Exact match (close variant),Added,0,1,0.00,0.00,OK,,Appears relevant
pathfinder camp,CM - Nonbranded - Geo Priorities (MxCx),Summer Camps,Phrase match (close variant),None,0,1,0.00,0.00,OK,,Appears relevant
summer tech camp,CM - Nonbranded - Geo Priorities (MxCx),Summer Camps,Phrase match,None,1,2,2.80,0.00,OK,,Appears relevant
mens soccer camps,CM - Nonbranded - Geo Priorities (MxCx),Soccer Camps,Phrase match,None,0,2,0.00,0.00,OK,,Appears relevant
first blue llc pony camp,CM - Nonbranded - Geo Priorities (MxCx),Horseback Riding,Phrase match (close variant),None,0,1,0.00,0.00,OK,,Appears relevant
summer camp soccer,CM - Nonbranded - Geo Priorities (MxCx),Soccer Camps,Exact match (close variant),None,0,8,0.00,0.00,OK,,Appears relevant
cali volleyball summer camp,CM - Nonbranded - Geo Priorities (MxCx),Volleyball Camps,Phrase match,None,0,2,0.00,0.00,OK,,Appears relevant
art summer camp,CM - Nonbranded - Geo Priorities (MxCx),Summer Camps,Phrase match (close variant),None,1,1,2.88,0.00,OK,,Appears relevant
luhi adventures on the road,CM - Nonbranded - Geo Priorities (MxCx),Summer Camps,Phrase match (close variant),None,0,1,0.00,0.00,OK,,Appears relevant
camp juniper,CM - Nonbranded - Geo Priorities (MxCx),Summer Camps,Phrase match (close variant),None,0,1,0.00,0.00,OK,,Appears relevant
summer camps for 4 year olds near me,CM - Nonbranded - Geo Priorities (MxCx),Summer Camps,Phrase match (close variant),None,1,2,2.92,0.00,OK,,Appears relevant
summer camps for 5 year old girls,CM - Nonbranded - Geo Priorities (MxCx),Summer Camps,Phrase match,None,0,2,0.00,0.00,OK,,Appears relevant
soccer training for kids near me,CM - Nonbranded - Geo Priorities (MxCx),Soccer Camps,Phrase match (close variant),None,0,0,0.00,0.00,OK,,Appears relevant
kids cheerleading,CM - Non Brand - PMax,--,Performance Max,None,0,2,0.00,0.00,OK,,Appears relevant for Portland market
exact x1 showcase camp volleyball,CM - Non Brand - PMax,--,Performance Max,None,0,1,0.00,0.00,OK,,Appears relevant for Portland market
future stars summer camps suffolk,CM - Branded (Mx.Clicks),Future Stars Camp Brand,Phrase match,None,0,2,0.00,0.00,OK,,Brand term matched: 'future stars'
hearts of pine soccer camp,CM - pMax - Portland (MxConv),--,Performance Max,None,0,3,0.00,0.00,OK,,Appears relevant for Portland market
escuela de futbol cerca de mi,CM - pMax - Portland (MxConv),--,Performance Max,None,0,0,0.00,0.00,OK,,Appears relevant for Portland market
purchase summer camp,CM - pMax - Portland (MxConv),--,Performance Max,None,0,0,0.00,0.00,OK,,Appears relevant for Portland market
saya summer program,CM - pMax - Portland (MxConv),--,Performance Max,None,0,0,0.00,0.00,OK,,Appears relevant for Portland market
chelsea piers sports camp,CM - pMax - Portland (MxConv),--,Performance Max,None,0,0,0.00,0.00,OK,,Appears relevant for Portland market
volleyball coaching camps,CM - pMax - Portland (MxConv),--,Performance Max,None,0,0,0.00,0.00,OK,,Appears relevant for Portland market
robinho skills,CM - pMax - Portland (MxConv),--,Performance Max,None,0,0,0.00,0.00,OK,,Appears relevant for Portland market
camps in the hamptons,CM - pMax - Portland (MxConv),--,Performance Max,None,0,0,0.00,0.00,OK,,Appears relevant for Portland market
hofstra flag football,CM - pMax - Portland (MxConv),--,Performance Max,None,0,0,0.00,0.00,OK,,Appears relevant for Portland market
soundview family ymca,CM - pMax - Portland (MxConv),--,Performance Max,None,0,0,0.00,0.00,OK,,Appears relevant for Portland market
north fork cottages & rv resort,CM - pMax - Portland (MxConv),--,Performance Max,None,0,0,0.00,0.00,OK,,Appears relevant for Portland market
mad science,CM - pMax - Portland (MxConv),--,Performance Max,None,0,0,0.00,0.00,OK,,Appears relevant for Portland market
barrel racing lessons for beginners near me,CM - pMax - Portland (MxConv),--,Performance Max,None,0,0,0.00,0.00,OK,,Appears relevant for Portland market
town of oyster bay camps,CM - Non Brand - PMax,--,Performance Max,None,0,2,0.00,0.00,OK,,Appears relevant for Portland market
kids volleyball,CM - Non Brand - PMax,--,Performance Max,None,0,3,0.00,0.00,OK,,Appears relevant for Portland market
horse riding school near me,CM - Non Brand - PMax,--,Performance Max,None,0,4,0.00,0.00,OK,,Appears relevant for Portland market
longwood booster summer camp,CM - Nonbranded - Geo Priorities (MxCx),Soccer Camps,Phrase match (close variant),None,0,1,0.00,0.00,OK,,Appears relevant
badger day camp,CM - Nonbranded - Geo Priorities (MxCx),Summer Camps,Phrase match (close variant),None,0,2,0.00,0.00,OK,,Appears relevant
gym summer camp,CM - Nonbranded - Geo Priorities (MxCx),Sports Camps,Phrase match (close variant),None,0,1,0.00,0.00,OK,,Appears relevant
92ny camp yomi,CM - Nonbranded - Geo Priorities (MxCx),Soccer Camps,Phrase match (close variant),None,0,1,0.00,0.00,OK,,Appears relevant
summer volleyball camps,CM - Nonbranded - Geo Priorities (MxCx),Volleyball Camps,Exact match (close variant),None,0,3,0.00,0.00,OK,,Appears relevant
summer sports for 10 year olds,CM - Nonbranded - Geo Priorities (MxCx),Sports Camps,Phrase match (close variant),None,0,2,0.00,0.00,OK,,Appears relevant
summer camps in august near me,CM - Nonbranded - Geo Priorities (MxCx),Summer Camps,Phrase match,None,1,1,1.81,0.00,OK,,Appears relevant
multisports summer camp,CM - Nonbranded - Geo Priorities (MxCx),Summer Camps,Phrase match,None,1,1,1.34,0.00,OK,,Appears relevant
summer camp for teens,CM - Nonbranded - Geo Priorities (MxCx),Soccer Camps,Exact match (close variant),None,0,1,0.00,0.00,OK,,Appears relevant
ny summer camp,CM - Nonbranded - Geo Priorities (MxCx),Summer Camps,Phrase match,None,0,3,0.00,0.00,OK,,Appears relevant
summer camp for 12 year old girls,CM - Nonbranded - Geo Priorities (MxCx),Summer Camps,Phrase match (close variant),None,0,1,0.00,0.00,OK,,Appears relevant
art summer camp long island,CM - Nonbranded - Geo Priorities (MxCx),Summer Camps,Phrase match,None,0,2,0.00,0.00,OK,,Appears relevant
newark summer camp 2026,CM - Nonbranded - Geo Priorities (MxCx),Summer Camps,Phrase match,None,0,1,0.00,0.00,OK,,Appears relevant
camps on long island,CM - Nonbranded - Geo Priorities (MxCx),Summer Camps,Exact match (close variant),None,1,19,2.84,0.00,OK,,Appears relevant
summer camp for 5 year olds near me,CM - Nonbranded - Geo Priorities (MxCx),Summer Camps,Phrase match,None,1,1,1.82,0.00,OK,,Appears relevant
summer camp swimming near me,CM - Nonbranded - Geo Priorities (MxCx),Sports Camps,Phrase match (close variant),None,1,1,2.76,0.00,OK,,Appears relevant
kids camp,CM - Nonbranded - Geo Priorities (MxCx),Soccer Camps,Phrase match (close variant),None,0,1,0.00,0.00,OK,,Appears relevant
wesleyan youth camp,CM - Nonbranded - Geo Priorities (MxCx),Summer Camps,Phrase match (close variant),None,0,1,0.00,0.00,OK,,Appears relevant
driftwood day camp,CM - Competitors - OldW - (Mx.Clicks),Competitors,Exact match,Added,2,138,8.16,0.00,OK,,Competitor matched: 'driftwood'
camp,CM - pMax - Portland (MxConv),--,Performance Max,None,0,1,0.00,0.00,OK,,Appears relevant for Portland market
gotham tennis camp,CM - pMax - Portland (MxConv),--,Performance Max,None,0,2,0.00,0.00,OK,,Appears relevant for Portland market
salt pump summer camp,CM - pMax - Portland (MxConv),--,Performance Max,None,0,1,0.00,0.00,OK,,Appears relevant for Portland market
1199 summer camp,CM - pMax - Portland (MxConv),--,Performance Max,None,0,0,0.00,0.00,OK,,Appears relevant for Portland market
mega sports camp 2025,CM - pMax - Portland (MxConv),--,Performance Max,None,0,0,0.00,0.00,OK,,Appears relevant for Portland market
college basketball training camp,CM - pMax - Portland (MxConv),--,Performance Max,None,0,0,0.00,0.00,OK,,Appears relevant for Portland market
girls volleyball near me,CM - pMax - Portland (MxConv),--,Performance Max,None,0,0,0.00,0.00,OK,,Appears relevant for Portland market
soccer stars westchester,CM - pMax - Portland (MxConv),--,Performance Max,None,0,0,0.00,0.00,OK,,Appears relevant for Portland market
summer discovery roslyn,CM - pMax - Portland (MxConv),--,Performance Max,None,0,0,0.00,0.00,OK,,Appears relevant for Portland market
tennis camps near me,CM - pMax - Portland (MxConv),--,Performance Max,None,0,0,0.00,0.00,OK,,Appears relevant for Portland market
tennis hamptons,CM - pMax - Portland (MxConv),--,Performance Max,None,0,0,0.00,0.00,OK,,Appears relevant for Portland market
stamford ct summer camp,CM - pMax - Portland (MxConv),--,Performance Max,None,0,0,0.00,0.00,OK,,Appears relevant for Portland market
ymca patchogue summer camp,CM - pMax - Portland (MxConv),--,Performance Max,None,0,0,0.00,0.00,OK,,Appears relevant for Portland market
west point youth camp,CM - pMax - Portland (MxConv),--,Performance Max,None,0,0,0.00,0.00,OK,,Appears relevant for Portland market
pom pom cheer,CM - pMax - Portland (MxConv),--,Performance Max,None,0,0,0.00,0.00,OK,,Appears relevant for Portland market
长岛 旅游,CM - pMax - Portland (MxConv),--,Performance Max,None,0,0,0.00,0.00,OK,,Appears relevant for Portland market
prime time lacrosse camp,CM - Nonbranded - Other Geos (MxConv),Lacrosse Camps,Phrase match (close variant),None,0,2,0.00,0.00,OK,,Appears relevant
kids volleyball near me,CM - Nonbranded - Other Geos (MxConv),Volleyball Camps,Phrase match (close variant),None,0,0,0.00,0.00,OK,,Appears relevant
half day summer camp,CM - Non Brand - PMax,--,Performance Max,None,0,2,0.00,0.00,OK,,Appears relevant for Portland market
soccer camps,CM - Non Brand - PMax,--,Performance Max,None,0,2,0.00,0.00,OK,,Appears relevant for Portland market
indoor batting cages near me,CM - Non Brand - PMax,--,Performance Max,None,0,1,0.00,0.00,OK,,Appears relevant for Portland market
affordable camps near me,CM - Non Brand - PMax,--,Performance Max,None,0,1,0.00,0.00,OK,,Appears relevant for Portland market
teens camp near me,CM - Nonbranded - Geo Priorities (MxCx),Soccer Camps,Phrase match (close variant),None,0,1,0.00,0.00,OK,,Appears relevant
bballstars411,CM - Nonbranded - Geo Priorities (MxCx),Summer Camps,Phrase match (close variant),None,0,1,0.00,0.00,OK,,Appears relevant
summer camps for 8 year olds near me,CM - Nonbranded - Geo Priorities (MxCx),Summer Camps,Phrase match,None,0,1,0.00,0.00,OK,,Appears relevant
family summer camps usa,CM - Nonbranded - Geo Priorities (MxCx),Summer Camps,Phrase match,None,0,3,0.00,0.00,OK,,Appears relevant
great neck summer camp,CM - Nonbranded - Geo Priorities (MxCx),Summer Camps,Phrase match,None,0,2,0.00,0.00,OK,,Appears relevant
summer swim camps near me,CM - Nonbranded - Geo Priorities (MxCx),Summer Camps,Phrase match,None,0,2,0.00,0.00,OK,,Appears relevant
summer day camp,CM - Nonbranded - Geo Priorities (MxCx),Summer Camps,Exact match (close variant),None,0,4,0.00,0.00,OK,,Appears relevant
swim camp long island,CM - Nonbranded - Geo Priorities (MxCx),Summer Camps,Phrase match (close variant),None,0,7,0.00,0.00,OK,,Appears relevant
indoor sports camp near me,CM - Nonbranded - Geo Priorities (MxCx),Sports Camps,Phrase match,None,1,3,3.56,0.00,OK,,Appears relevant
soccer camps long island,CM - Nonbranded - Geo Priorities (MxCx),Summer Camps,Phrase match (close variant),None,0,6,0.00,0.00,OK,,Appears relevant
kids summer programs near me,CM - Nonbranded - Geo Priorities (MxCx),Summer Camps,Exact match (close variant),None,0,3,0.00,0.00,OK,,Appears relevant
roslyn summer camp,CM - Nonbranded - Geo Priorities (MxCx),Summer Camps,Phrase match,None,0,3,0.00,0.00,OK,,Appears relevant
summer camp pleasantville,CM - Nonbranded - Geo Priorities (MxCx),Summer Camps,Phrase match,None,0,1,0.00,0.00,OK,,Appears relevant
little gym summer camp,CM - Nonbranded - Geo Priorities (MxCx),Summer Camps,Phrase match,None,0,1,0.00,0.00,OK,,Appears relevant
kidstrong summer camp,CM - Nonbranded - Geo Priorities (MxCx),Summer Camps,Phrase match,None,0,3,0.00,0.00,OK,,Appears relevant
half day summer programs near me,CM - Nonbranded - Geo Priorities (MxCx),Summer Camps,Phrase match (close variant),None,0,2,0.00,0.00,OK,,Appears relevant
taekwondo summer camp,CM - Nonbranded - Geo Priorities (MxCx),Sports Camps,Phrase match (close variant),None,0,1,0.00,0.00,OK,,Appears relevant
volley ball camp,CM - Nonbranded - Geo Priorities (MxCx),Volleyball Camps,Exact match (close variant),None,0,1,0.00,0.00,OK,,Appears relevant
new hyde park summer camps,CM - Nonbranded - Geo Priorities (MxCx),Summer Camps,Phrase match,None,0,1,0.00,0.00,OK,,Appears relevant
red door summer camp,CM - Nonbranded - Geo Priorities (MxCx),Summer Camps,Phrase match (close variant),None,0,0,0.00,0.00,OK,,Appears relevant
summer camps near me,CM - Nonbranded - Geo Priorities (MxCx),Summer Camps,Exact match,Added,0,0,0.00,0.00,OK,,Has converted - protected from negation
future star basketball camp,CM - Branded (Mx.Clicks),Future Stars Camp Brand,Phrase match,None,0,0,0.00,0.00,OK,,Brand term matched: 'future star'
future stars hamptons,CM - Branded (Mx.Clicks),Future Stars Camp Brand,Phrase match,None,0,0,0.00,0.00,OK,,Brand term matched: 'future stars'
nya summer camp,CM - pMax - Portland (MxConv),--,Performance Max,None,0,4,0.00,0.00,OK,,Appears relevant for Portland market
soccer academy,CM - pMax - Portland (MxConv),--,Performance Max,None,0,0,0.00,0.00,OK,,Appears relevant for Portland market
summer camps brentwood,CM - pMax - Portland (MxConv),--,Performance Max,None,0,0,0.00,0.00,OK,,Appears relevant for Portland market
camp sternberg,CM - pMax - Portland (MxConv),--,Performance Max,None,0,0,0.00,0.00,OK,,Appears relevant for Portland market
winter camps,CM - pMax - Portland (MxConv),--,Performance Max,None,0,0,0.00,0.00,OK,,Appears relevant for Portland market
summertech purchase,CM - pMax - Portland (MxConv),--,Performance Max,None,0,0,0.00,0.00,OK,,Appears relevant for Portland market
stem camp near me,CM - pMax - Portland (MxConv),--,Performance Max,None,0,0,0.00,0.00,OK,,Appears relevant for Portland market
soccer camp for toddlers,CM - pMax - Portland (MxConv),--,Performance Max,None,0,0,0.00,0.00,OK,,Appears relevant for Portland market
malik nabers camp,CM - pMax - Portland (MxConv),--,Performance Max,None,0,0,0.00,0.00,OK,,Appears relevant for Portland market
spanish camp for kids near me,CM - pMax - Portland (MxConv),--,Performance Max,None,0,0,0.00,0.00,OK,,Appears relevant for Portland market
kids football camps,CM - pMax - Portland (MxConv),--,Performance Max,None,0,0,0.00,0.00,OK,,Appears relevant for Portland market
manning football camp,CM - Nonbranded - Other Geos (MxConv),Football Camps,Phrase match,None,0,1,0.00,0.00,OK,,Appears relevant
baseball camp summer 2025,CM - Nonbranded - Other Geos (MxConv),Baseball Camps,Phrase match (close variant),None,0,0,0.00,0.00,OK,,Appears relevant
super soccer stars summer camp,CM - Non Brand - PMax,--,Performance Max,None,0,1,0.00,0.00,OK,,Appears relevant for Portland market
jcc camp,CM - Non Brand - PMax,--,Performance Max,None,0,1,0.00,0.00,OK,,Appears relevant for Portland market
soccer shotd,CM - Non Brand - PMax,--,Performance Max,None,0,1,0.00,0.00,OK,,Appears relevant for Portland market
suny purchase camp,CM - Non Brand - PMax,--,Performance Max,None,1,4,9.91,0.00,OK,,Appears relevant for Portland market
soccer trainers near me,CM - Non Brand - PMax,--,Performance Max,None,0,1,0.00,0.00,OK,,Appears relevant for Portland market
swimming pool near me,CM - Non Brand - PMax,--,Performance Max,None,0,1,0.00,0.00,OK,,Appears relevant for Portland market
sports camp near me,CM - Nonbranded - Geo Priorities (MxCx),Sports Camps,Exact match (close variant),None,0,8,0.00,0.00,OK,,Appears relevant
farmingdale camp,CM - Nonbranded - Geo Priorities (MxCx),Summer Camps,Phrase match (close variant),Added,0,1,0.00,0.00,OK,,Appears relevant
tennis summer camp near me,CM - Nonbranded - Geo Priorities (MxCx),Summer Camps,Phrase match,None,0,1,0.00,0.00,OK,,Appears relevant
setter camps near me,CM - Nonbranded - Geo Priorities (MxCx),Volleyball Camps,Phrase match (close variant),None,0,2,0.00,0.00,OK,,Appears relevant
tennis summer camp for kids near me,CM - Nonbranded - Geo Priorities (MxCx),Summer Camps,Phrase match,None,0,2,0.00,0.00,OK,,Appears relevant
summer programs for teens,CM - Nonbranded - Geo Priorities (MxCx),Summer Camps,Phrase match (close variant),None,0,2,0.00,0.00,OK,,Appears relevant
middle school football camps 2026,CM - Nonbranded - Geo Priorities (MxCx),Football Camps,Phrase match,None,1,2,2.80,0.00,OK,,Appears relevant
teen camps near me,CM - Nonbranded - Geo Priorities (MxCx),Soccer Camps,Exact match (close variant),None,0,1,0.00,0.00,OK,,Appears relevant
basketball camp for 5 year olds near me,CM - Nonbranded - Geo Priorities (MxCx),Basketball Camp,Phrase match,None,0,1,0.00,0.00,OK,,Appears relevant
long island day camp,CM - Nonbranded - Geo Priorities (MxCx),Summer Camps,Phrase match (close variant),Added,1,4,1.67,0.00,OK,,Appears relevant
summer camp westbury,CM - Nonbranded - Geo Priorities (MxCx),Summer Camps,Exact match (close variant),None,0,3,0.00,0.00,OK,,Appears relevant
wantagh summer camp,CM - Nonbranded - Geo Priorities (MxCx),Summer Camps,Phrase match,None,0,3,0.00,0.00,OK,,Appears relevant
daycamp near me,CM - Nonbranded - Geo Priorities (MxCx),Summer Camps,Exact match (close variant),None,0,2,0.00,0.00,OK,,Appears relevant
goalie soccer camps,CM - Nonbranded - Geo Priorities (MxCx),Soccer Camps,Phrase match,None,0,3,0.00,0.00,OK,,Appears relevant
town of hempstead lacrosse camp,CM - Nonbranded - Geo Priorities (MxCx),Lacrosse Camps,Phrase match (close variant),None,0,4,0.00,0.00,OK,,Appears relevant
summer fun camp,CM - Nonbranded - Geo Priorities (MxCx),Summer Camps,Exact match (close variant),None,0,4,0.00,0.00,OK,,Appears relevant
rye rec summer camp 2026,CM - Nonbranded - Geo Priorities (MxCx),Summer Camps,Phrase match,None,0,1,0.00,0.00,OK,,Appears relevant
teen day camps near me,CM - Nonbranded - Geo Priorities (MxCx),Summer Camps,Phrase match (close variant),None,0,1,0.00,0.00,OK,,Appears relevant
elmsford ny summer camp,CM - Nonbranded - Geo Priorities (MxCx),Summer Camps,Phrase match,None,0,1,0.00,0.00,OK,,Appears relevant
lacrosse summer camps 2026 near me,CM - Nonbranded - Geo Priorities (MxCx),Lacrosse Camps,Phrase match,None,1,3,2.91,0.00,OK,,Appears relevant
camp r us,CM - Competitors - OldW - (Mx.Clicks),Competitors,Exact match (close variant),None,1,28,3.60,0.00,OK,,Competitor matched: 'camp r us'
summer art camp maine,CM - pMax - Portland (MxConv),--,Performance Max,None,0,1,0.00,0.00,OK,,Appears relevant for Portland market
ycamp of maine,CM - pMax - Portland (MxConv),--,Performance Max,None,0,2,0.00,0.00,OK,,Appears relevant for Portland market
summer programs for elementary kids near me,CM - pMax - Portland (MxConv),--,Performance Max,None,0,0,0.00,0.00,OK,,Appears relevant for Portland market
ymca summer camp bay shore,CM - pMax - Portland (MxConv),--,Performance Max,None,0,0,0.00,0.00,OK,,Appears relevant for Portland market
kidstrong east rutherford,CM - pMax - Portland (MxConv),--,Performance Max,None,0,0,0.00,0.00,OK,,Appears relevant for Portland market
westchester summer camps 2025,CM - pMax - Portland (MxConv),--,Performance Max,None,0,0,0.00,0.00,OK,,Appears relevant for Portland market
free summer camp in queens,CM - pMax - Portland (MxConv),--,Performance Max,None,0,0,0.00,0.00,OK,,Appears relevant for Portland market
lacrosse tryouts,CM - pMax - Portland (MxConv),--,Performance Max,None,0,0,0.00,0.00,OK,,Appears relevant for Portland market
dance camps summer 2026,CM - Nonbranded - Geo Priorities (MxCx),Dance Camps,Phrase match,None,0,3,0.00,0.00,OK,,Appears relevant
dobbs ferry camp,CM - Nonbranded - Geo Priorities (MxCx),Summer Camps,Phrase match (close variant),None,0,1,0.00,0.00,OK,,Appears relevant
camp near me,CM - Nonbranded - Geo Priorities (MxCx),Summer Camps,Phrase match (close variant),None,3,30,5.74,0.00,OK,,Appears relevant
birchmont camp,CM - Nonbranded - Geo Priorities (MxCx),Summer Camps,Phrase match (close variant),None,0,2,0.00,0.00,OK,,Appears relevant
huntington football camp,CM - Nonbranded - Geo Priorities (MxCx),Football Camps,Phrase match,None,0,2,0.00,0.00,OK,,Appears relevant
summer track programs near me,CM - Nonbranded - Geo Priorities (MxCx),Summer Camps,Phrase match (close variant),None,0,2,0.00,0.00,OK,,Appears relevant
summer basketball near me,CM - Nonbranded - Geo Priorities (MxCx),Basketball Camp,Exact match (close variant),None,0,4,0.00,0.00,OK,,Appears relevant
5 year old summer camp,CM - Nonbranded - Geo Priorities (MxCx),Summer Camps,Phrase match,None,0,1,0.00,0.00,OK,,Appears relevant
summer camp in new york,CM - Nonbranded - Geo Priorities (MxCx),Summer Camps,Phrase match,None,0,2,0.00,0.00,OK,,Appears relevant
poko maccready camps,CM - Nonbranded - Geo Priorities (MxCx),Sports Camps,Phrase match (close variant),None,0,2,0.00,0.00,OK,,Appears relevant
basketball camp summer,CM - Nonbranded - Geo Priorities (MxCx),Basketball Camp,Exact match (close variant),None,1,3,2.79,0.00,OK,,Appears relevant
summer athletic camps near me,CM - Nonbranded - Geo Priorities (MxCx),Summer Camps,Phrase match,None,0,1,0.00,0.00,OK,,Appears relevant
frost valley camp,CM - Nonbranded - Geo Priorities (MxCx),Summer Camps,Phrase match (close variant),None,0,1,0.00,0.00,OK,,Appears relevant
luhi baseball camp,CM - Nonbranded - Geo Priorities (MxCx),Summer Camps,Phrase match (close variant),None,0,1,0.00,0.00,OK,,Appears relevant
gymnastic camp near me,CM - Nonbranded - Geo Priorities (MxCx),Summer Camps,Phrase match (close variant),None,0,2,0.00,0.00,OK,,Appears relevant
camps for boys,CM - Nonbranded - Geo Priorities (MxCx),Summer Camps,Phrase match (close variant),None,0,2,0.00,0.00,OK,,Appears relevant
camp horseback riding,CM - Nonbranded - Geo Priorities (MxCx),Horseback Riding,Exact match (close variant),None,0,0,0.00,0.00,OK,,Appears relevant
summer camps for 11 year old girls near me,CM - Nonbranded - Geo Priorities (MxCx),Summer Camps,Phrase match,None,0,0,0.00,0.00,OK,,Appears relevant
basketball camp for kids near me,CM - Nonbranded - Other Geos (MxConv),Basketball Camp,Exact match (close variant),None,0,1,0.00,0.00,OK,,Appears relevant
baseball day camps,CM - Nonbranded - Other Geos (MxConv),Baseball Camps,Exact match (close variant),None,0,2,0.00,0.00,OK,,Appears relevant
predators lacrosse camp,CM - Nonbranded - Other Geos (MxConv),Lacrosse Camps,Phrase match (close variant),None,0,5,0.00,0.00,OK,,Appears relevant
purchase summer camp,CM - Nonbranded - Other Geos (MxConv),Tennis Camps,Broad match,None,0,2,0.00,0.00,OK,,Appears relevant
city lax summer camp,CM - Nonbranded - Other Geos (MxConv),Lacrosse Camps,Exact match (close variant),None,0,1,0.00,0.00,OK,,Appears relevant
coding summer camp 2026,CM - Non Brand - PMax,--,Performance Max,None,0,1,0.00,0.00,OK,,Appears relevant for Portland market
soccer camps summer 2026,CM - Non Brand - PMax,--,Performance Max,None,0,2,0.00,0.00,OK,,Appears relevant for Portland market
basketball for kids near me,CM - Non Brand - PMax,--,Performance Max,None,0,6,0.00,0.00,OK,,Appears relevant for Portland market
open play near me,CM - Non Brand - PMax,--,Performance Max,None,0,1,0.00,0.00,OK,,Appears relevant for Portland market
basketball clubs near me,CM - Non Brand - PMax,--,Performance Max,None,0,1,0.00,0.00,OK,,Appears relevant for Portland market
campsrus,CM - Non Brand - PMax,--,Performance Max,None,0,2,0.00,0.00,OK,,Appears relevant for Portland market
camps r us near me,CM - Competitors - OldW - (Mx.Clicks),Competitors,Exact match (close variant),None,0,1,0.00,0.00,OK,,Competitor matched: 'camps r us'
future stars camps,CM - Branded (Mx.Clicks),Future Stars Camp Brand,Exact match (close variant),None,3,3,3.99,0.00,OK,,Brand term matched: 'future stars'
basic sailing terminology,CM - pMax - Portland (MxConv),--,Performance Max,None,0,1,0.00,0.00,OK,,Appears relevant for Portland market
old nautical terms,CM - pMax - Portland (MxConv),--,Performance Max,None,1,1,0.57,0.00,OK,,Appears relevant for Portland market
kids golf camps,CM - pMax - Portland (MxConv),--,Performance Max,None,0,0,0.00,0.00,OK,,Appears relevant for Portland market
tennis lessons for kids,CM - pMax - Portland (MxConv),--,Performance Max,None,0,0,0.00,0.00,OK,,Appears relevant for Portland market
soccer for kids,CM - pMax - Portland (MxConv),--,Performance Max,None,0,0,0.00,0.00,OK,,Appears relevant for Portland market
ymca summer camp,CM - pMax - Portland (MxConv),--,Performance Max,None,0,0,0.00,0.00,OK,,Appears relevant for Portland market
little sports day 1,CM - pMax - Portland (MxConv),--,Performance Max,None,0,0,0.00,0.00,OK,,Appears relevant for Portland market
dfoy,CM - pMax - Portland (MxConv),--,Performance Max,None,0,0,0.00,0.00,OK,,Appears relevant for Portland market
track summer camps near me,CM - pMax - Portland (MxConv),--,Performance Max,None,0,0,0.00,0.00,OK,,Appears relevant for Portland market
hofstra lax camp,CM - pMax - Portland (MxConv),--,Performance Max,None,0,0,0.00,0.00,OK,,Appears relevant for Portland market
summer camp reel,CM - pMax - Portland (MxConv),--,Performance Max,None,0,0,0.00,0.00,OK,,Appears relevant for Portland market
youth lineman,CM - pMax - Portland (MxConv),--,Performance Max,None,0,0,0.00,0.00,OK,,Appears relevant for Portland market
kids lacrosse,CM - Non Brand - PMax,--,Performance Max,None,0,2,0.00,0.00,OK,,Appears relevant for Portland market
horse camp near me,CM - Non Brand - PMax,--,Performance Max,None,0,2,0.00,0.00,OK,,Appears relevant for Portland market
maplewood summer camp,CM - Non Brand - PMax,--,Performance Max,None,0,1,0.00,0.00,OK,,Appears relevant for Portland market
theater classes for kids,CM - Non Brand - PMax,--,Performance Max,None,0,1,0.00,0.00,OK,,Appears relevant for Portland market
nycfc summer camp 2026,CM - Non Brand - PMax,--,Performance Max,None,0,1,0.00,0.00,OK,,Appears relevant for Portland market
dix hills camp,CM - Non Brand - PMax,--,Performance Max,None,0,1,0.00,0.00,OK,,Appears relevant for Portland market
clases de natación para niños gratis cerca de mi,CM - Non Brand - PMax,--,Performance Max,None,0,2,0.00,0.00,OK,,Appears relevant for Portland market
clases de natación,CM - Non Brand - PMax,--,Performance Max,None,0,2,0.00,0.00,OK,,Appears relevant for Portland market
volleyball camp nassau county,CM - Nonbranded - Geo Priorities (MxCx),Volleyball Camps,Phrase match,None,0,4,0.00,0.00,OK,,Appears relevant
teen day camps near me,CM - Nonbranded - Geo Priorities (MxCx),Summer Camps,Phrase match,None,0,1,0.00,0.00,OK,,Appears relevant
camp at the y,CM - Nonbranded - Geo Priorities (MxCx),Summer Camps,Phrase match (close variant),None,0,2,0.00,0.00,OK,,Appears relevant
bedford hills summer camp,CM - Nonbranded - Geo Priorities (MxCx),Summer Camps,Phrase match,None,0,2,0.00,0.00,OK,,Appears relevant
soccer summer camp 2026 near me,CM - Nonbranded - Geo Priorities (MxCx),Soccer Camps,Phrase match,None,1,5,1.66,0.00,OK,,Appears relevant
flag football summer camp,CM - Nonbranded - Geo Priorities (MxCx),Football Camps,Exact match (close variant),None,1,2,2.98,0.00,OK,,Appears relevant
winnie summer camp,CM - Nonbranded - Geo Priorities (MxCx),Summer Camps,Phrase match (close variant),None,0,1,0.00,0.00,OK,,Appears relevant
kids summer sports,CM - Nonbranded - Geo Priorities (MxCx),Soccer Camps,Phrase match (close variant),None,0,1,0.00,0.00,OK,,Appears relevant
soccer camps long island,CM - Nonbranded - Geo Priorities (MxCx),Soccer Camps,Phrase match,None,0,3,0.00,0.00,OK,,Appears relevant
notre dame youth football camp 2026,CM - Nonbranded - Geo Priorities (MxCx),Football Camps,Phrase match,None,0,1,0.00,0.00,OK,,Appears relevant
summer day camps for kids,CM - Nonbranded - Geo Priorities (MxCx),Soccer Camps,Phrase match (close variant),None,0,0,0.00,0.00,OK,,Appears relevant
future stars old westbury,CM - Branded (Mx.Clicks),Future Stars Camp Brand,Phrase match,None,2,2,2.24,0.00,OK,,Brand term matched: 'future stars'
local summer camps,CM - Nonbranded - Other Geos (MxConv),Summer Camps,Exact match (close variant),None,0,0,0.00,0.00,OK,,Appears relevant
kids tennis racket size guide,CM - pMax - Portland (MxConv),--,Performance Max,None,0,3,0.00,0.00,OK,,Appears relevant for Portland market
active camp registration,CM - pMax - Portland (MxConv),--,Performance Max,None,0,1,0.00,0.00,OK,,Appears relevant for Portland market
serious fun camps,CM - pMax - Portland (MxConv),--,Performance Max,None,0,1,0.00,0.00,OK,,Appears relevant for Portland market
daily summer camp near me,CM - pMax - Portland (MxConv),--,Performance Max,None,0,1,0.00,0.00,OK,,Appears relevant for Portland market
maine sports camp,CM - pMax - Portland (MxConv),--,Performance Max,None,0,1,0.00,0.00,OK,,Appears relevant for Portland market
academia de futbol cerca de mi,CM - pMax - Portland (MxConv),--,Performance Max,None,0,0,0.00,0.00,OK,,Appears relevant for Portland market
usdan summer camp,CM - pMax - Portland (MxConv),--,Performance Max,None,0,0,0.00,0.00,OK,,Appears relevant for Portland market
town of islip camps,CM - pMax - Portland (MxConv),--,Performance Max,None,0,0,0.00,0.00,OK,,Appears relevant for Portland market
mini level 2 cheer,CM - pMax - Portland (MxConv),--,Performance Max,None,0,0,0.00,0.00,OK,,Appears relevant for Portland market
leadership camp,CM - pMax - Portland (MxConv),--,Performance Max,None,0,0,0.00,0.00,OK,,Appears relevant for Portland market
magic day camp,CM - pMax - Portland (MxConv),--,Performance Max,None,0,0,0.00,0.00,OK,,Appears relevant for Portland market
future star summer camp,CM - pMax - Portland (MxConv),--,Performance Max,None,0,0,0.00,0.00,OK,,Has converted - protected from negation
lilaxjournal,CM - pMax - Portland (MxConv),--,Performance Max,None,0,0,0.00,0.00,OK,,Appears relevant for Portland market
what age size 4 soccer ball,CM - pMax - Portland (MxConv),--,Performance Max,None,0,0,0.00,0.00,OK,,Appears relevant for Portland market
kids basketball summer camps near me,CM - pMax - Portland (MxConv),--,Performance Max,None,0,0,0.00,0.00,OK,,Appears relevant for Portland market
slam dunk basketball camp westchester county center,CM - pMax - Portland (MxConv),--,Performance Max,None,0,0,0.00,0.00,OK,,Appears relevant for Portland market
camp a family experience,CM - Non Brand - PMax,--,Performance Max,None,0,1,0.00,0.00,OK,,Appears relevant for Portland market
golf course near me,CM - Non Brand - PMax,--,Performance Max,None,0,1,0.00,0.00,OK,,Appears relevant for Portland market
soccer field open to public near me,CM - Non Brand - PMax,--,Performance Max,None,0,1,0.00,0.00,OK,,Appears relevant for Portland market
westchester county golf,CM - Non Brand - PMax,--,Performance Max,None,0,1,0.00,0.00,OK,,Appears relevant for Portland market
pal summer camp,CM - Non Brand - PMax,--,Performance Max,None,0,2,0.00,0.00,OK,,Appears relevant for Portland market
wantagh park summer camp 2026,CM - Nonbranded - Geo Priorities (MxCx),Summer Camps,Phrase match (close variant),None,1,3,2.01,0.00,OK,,Appears relevant
weekend summer camp,CM - Nonbranded - Geo Priorities (MxCx),Summer Camps,Phrase match,None,0,2,0.00,0.00,OK,,Appears relevant
summer soccer programs for kids,CM - Nonbranded - Geo Priorities (MxCx),Soccer Camps,Exact match (close variant),None,0,3,0.00,0.00,OK,,Appears relevant
syosset summer camps,CM - Nonbranded - Geo Priorities (MxCx),Summer Camps,Phrase match,None,0,1,0.00,0.00,OK,,Appears relevant
patchogue medford summer camp,CM - Nonbranded - Geo Priorities (MxCx),Summer Camps,Phrase match,None,1,2,1.42,0.00,OK,,Appears relevant
gymnastics camp near me,CM - Nonbranded - Geo Priorities (MxCx),Summer Camps,Phrase match (close variant),None,1,10,2.77,0.00,OK,,Appears relevant
camp avnet near me,CM - Nonbranded - Geo Priorities (MxCx),Summer Camps,Phrase match (close variant),None,0,1,0.00,0.00,OK,,Appears relevant
sport camps in ny,CM - Nonbranded - Geo Priorities (MxCx),Sports Camps,Phrase match,None,0,1,0.00,0.00,OK,,Appears relevant
ny liberty summer camp,CM - Nonbranded - Geo Priorities (MxCx),Basketball Camp,Phrase match (close variant),None,1,1,2.66,0.00,OK,,Appears relevant
kids strong camp,CM - Nonbranded - Geo Priorities (MxCx),Sports Camps,Phrase match (close variant),None,0,4,0.00,0.00,OK,,Appears relevant
future 500 soccer id camps,CM - Nonbranded - Geo Priorities (MxCx),Soccer Camps,Phrase match,None,0,1,0.00,0.00,OK,,Appears relevant
summer camp near me for 11 year olds,CM - Nonbranded - Geo Priorities (MxCx),Summer Camps,Phrase match,None,0,1,0.00,0.00,OK,,Appears relevant
kids golf camp 2026,CM - Nonbranded - Geo Priorities (MxCx),Summer Camps,Phrase match,None,0,2,0.00,0.00,OK,,Appears relevant
centereach pool camp,CM - Nonbranded - Geo Priorities (MxCx),Summer Camps,Phrase match (close variant),None,0,2,0.00,0.00,OK,,Appears relevant
merrick summer camp,CM - Nonbranded - Geo Priorities (MxCx),Summer Camps,Phrase match,None,0,1,0.00,0.00,OK,,Appears relevant
camp sequoia new york,CM - Nonbranded - Geo Priorities (MxCx),Summer Camps,Phrase match (close variant),None,0,2,0.00,0.00,OK,,Appears relevant
field hockey camps for beginners near me,CM - Nonbranded - Geo Priorities (MxCx),Sports Camps,Phrase match (close variant),None,0,0,0.00,0.00,OK,,Appears relevant
tennis club competitions,CM - Nonbranded - Geo Priorities (MxCx),Tennis Camps,Broad match,None,0,0,0.00,0.00,OK,,Appears relevant
riverside park tennis camp,CM - Nonbranded - Other Geos (MxConv),Tennis Camps,Phrase match,None,0,3,0.00,0.00,OK,,Appears relevant
summer camps near me 2026,CM - Nonbranded - Other Geos (MxConv),Tennis Camps,Broad match,None,0,2,0.00,0.00,OK,,Appears relevant
usm baseball camp,CM - pMax - Portland (MxConv),--,Performance Max,None,0,1,0.00,0.00,OK,,Appears relevant for Portland market
the summer camp maine,CM - pMax - Portland (MxConv),--,Performance Max,None,0,1,0.00,0.00,OK,,Appears relevant for Portland market
summer youth,CM - pMax - Portland (MxConv),--,Performance Max,None,0,0,0.00,0.00,OK,,Appears relevant for Portland market
orangetown summer camp,CM - pMax - Portland (MxConv),--,Performance Max,None,0,0,0.00,0.00,OK,,Appears relevant for Portland market
3rd and ten flag football,CM - pMax - Portland (MxConv),--,Performance Max,None,0,0,0.00,0.00,OK,,Appears relevant for Portland market
camp shira,CM - pMax - Portland (MxConv),--,Performance Max,None,0,0,0.00,0.00,OK,,Appears relevant for Portland market
patchogue summer camp,CM - Non Brand - PMax,--,Performance Max,None,0,1,0.00,0.00,OK,,Appears relevant for Portland market
basketball program for 3 year old,CM - Non Brand - PMax,--,Performance Max,None,0,1,0.00,0.00,OK,,Appears relevant for Portland market
basketball games for kids,CM - Non Brand - PMax,--,Performance Max,None,0,2,0.00,0.00,OK,,Appears relevant for Portland market
swimming classes kids near me,CM - Non Brand - PMax,--,Performance Max,None,0,2,0.00,0.00,OK,,Appears relevant for Portland market
john wallace basketball camp,CM - Non Brand - PMax,--,Performance Max,None,0,2,0.00,0.00,OK,,Appears relevant for Portland market
free kids activities near me,CM - Non Brand - PMax,--,Performance Max,None,0,2,0.00,0.00,OK,,Appears relevant for Portland market
mineola summer camp,CM - Non Brand - PMax,--,Performance Max,None,0,2,0.00,0.00,OK,,Appears relevant for Portland market
summer camp new rochelle,CM - Non Brand - PMax,--,Performance Max,None,0,1,0.00,0.00,OK,,Appears relevant for Portland market
soccer practice for kids near me,CM - Non Brand - PMax,--,Performance Max,None,0,2,0.00,0.00,OK,,Appears relevant for Portland market
ice skating,CM - Non Brand - PMax,--,Performance Max,None,0,1,0.00,0.00,OK,,Appears relevant for Portland market
football camp,CM - Nonbranded - Geo Priorities (MxCx),Football Camps,Exact match,Added,0,5,0.00,0.00,OK,,Appears relevant
science summer camp,CM - Nonbranded - Geo Priorities (MxCx),Summer Camps,Phrase match (close variant),None,0,2,0.00,0.00,OK,,Appears relevant
town of islip basketball camp,CM - Nonbranded - Geo Priorities (MxCx),Basketball Camp,Phrase match,None,0,2,0.00,0.00,OK,,Appears relevant
swim camps near me,CM - Nonbranded - Geo Priorities (MxCx),Summer Camps,Phrase match (close variant),None,1,3,2.88,0.00,OK,,Appears relevant
science camp near me,CM - Nonbranded - Geo Priorities (MxCx),Summer Camps,Phrase match (close variant),None,0,4,0.00,0.00,OK,,Appears relevant
nature camps for kids near me,CM - Nonbranded - Geo Priorities (MxCx),Summer Camps,Phrase match,None,0,2,0.00,0.00,OK,,Appears relevant
summer camp at boys and girls club,CM - Nonbranded - Geo Priorities (MxCx),Summer Camps,Phrase match,None,0,2,0.00,0.00,OK,,Appears relevant
christopher morley summer camp,CM - Nonbranded - Geo Priorities (MxCx),Summer Camps,Phrase match (close variant),None,0,1,0.00,0.00,OK,,Appears relevant
summer prep school programs,CM - Nonbranded - Geo Priorities (MxCx),Summer Camps,Phrase match (close variant),None,0,1,0.00,0.00,OK,,Appears relevant
mma summer camp,CM - Nonbranded - Geo Priorities (MxCx),Sports Camps,Phrase match (close variant),None,0,1,0.00,0.00,OK,,Appears relevant
track training camp,CM - Nonbranded - Geo Priorities (MxCx),Sports Camps,Phrase match (close variant),None,0,2,0.00,0.00,OK,,Appears relevant
volleyball training near me,CM - Nonbranded - Geo Priorities (MxCx),Volleyball Camps,Exact match (close variant),None,0,0,0.00,0.00,OK,,Appears relevant
volleyball summer camp 2025,CM - Nonbranded - Geo Priorities (MxCx),Volleyball Camps,Phrase match,None,0,0,0.00,0.00,OK,,Appears relevant
future stars basketball,CM - Branded (Mx.Clicks),Future Stars Camp Brand,Phrase match,None,0,2,0.00,0.00,OK,,Brand term matched: 'future stars'
future stars field hockey camp,CM - Branded (Mx.Clicks),Future Stars Camp Brand,Phrase match,None,2,2,8.06,0.00,OK,,Brand term matched: 'future stars'
summer camps next week,CM - Nonbranded - Other Geos (MxConv),Tennis Camps,Broad match,None,0,1,0.00,0.00,OK,,Appears relevant
indoor tennis,CM - Nonbranded - Other Geos (MxConv),Tennis Camps,Broad match,None,0,1,0.00,0.00,OK,,Appears relevant
new york soccer club summer camp,CM - Nonbranded - Other Geos (MxConv),Football Camps,Phrase match (close variant),None,0,1,0.00,0.00,OK,,Appears relevant
tennis in southampton ny,CM - Nonbranded - Other Geos (MxConv),Tennis Camps,Broad match,None,1,3,3.29,0.00,OK,,Appears relevant
tennis southampton,CM - Nonbranded - Other Geos (MxConv),Tennis Camps,Broad match,None,0,6,0.00,0.00,OK,,Appears relevant
westchester day camp,CM - Non Brand - PMax,--,Performance Max,None,0,4,0.00,0.00,OK,,Appears relevant for Portland market
indoor soccer toddler near me,CM - Non Brand - PMax,--,Performance Max,None,0,3,0.00,0.00,OK,,Appears relevant for Portland market
summer clubhouse,CM - Non Brand - PMax,--,Performance Max,None,0,1,0.00,0.00,OK,,Appears relevant for Portland market
tumbling classes near me,CM - Non Brand - PMax,--,Performance Max,None,0,1,0.00,0.00,OK,,Appears relevant for Portland market
boys and girls club portland,CM - pMax - Portland (MxConv),--,Performance Max,None,0,1,0.00,0.00,OK,,Appears relevant for Portland market
dance camp,CM - pMax - Portland (MxConv),--,Performance Max,None,0,1,0.00,0.00,OK,,Appears relevant for Portland market
summer camp for kids,CM - pMax - Portland (MxConv),--,Performance Max,None,0,0,0.00,0.00,OK,,Appears relevant for Portland market
boys volleyball,CM - pMax - Portland (MxConv),--,Performance Max,None,0,0,0.00,0.00,OK,,Appears relevant for Portland market
camp echo bay,CM - pMax - Portland (MxConv),--,Performance Max,None,0,0,0.00,0.00,OK,,Appears relevant for Portland market
ywca white plains camp,CM - pMax - Portland (MxConv),--,Performance Max,None,0,0,0.00,0.00,OK,,Appears relevant for Portland market
sizing tennis racket,CM - pMax - Portland (MxConv),--,Performance Max,None,0,0,0.00,0.00,OK,,Appears relevant for Portland market
basketball camps for kids,CM - Nonbranded - Geo Priorities (MxCx),Basketball Camp,Phrase match,Added,3,13,4.54,0.00,OK,,Appears relevant
summer camp for teens,CM - Nonbranded - Geo Priorities (MxCx),Summer Camps,Phrase match,None,0,3,0.00,0.00,OK,,Appears relevant
phelps lane summer camp,CM - Nonbranded - Geo Priorities (MxCx),Summer Camps,Phrase match,None,0,3,0.00,0.00,OK,,Appears relevant
nassau county summer camp,CM - Nonbranded - Geo Priorities (MxCx),Summer Camps,Phrase match (close variant),None,0,2,0.00,0.00,OK,,Appears relevant
summer camp for boys near me,CM - Nonbranded - Geo Priorities (MxCx),Summer Camps,Phrase match,None,0,1,0.00,0.00,OK,,Appears relevant
long island summer camps 2026,CM - Nonbranded - Geo Priorities (MxCx),Summer Camps,Phrase match,None,1,19,1.36,0.00,OK,,Appears relevant
robotics camp for kids near me,CM - Nonbranded - Geo Priorities (MxCx),Summer Camps,Phrase match (close variant),None,0,1,0.00,0.00,OK,,Appears relevant
jaxson dart football camp,CM - Nonbranded - Geo Priorities (MxCx),Football Camps,Phrase match (close variant),None,0,2,0.00,0.00,OK,,Appears relevant
study camps,CM - Nonbranded - Geo Priorities (MxCx),Summer Camps,Phrase match (close variant),None,0,5,0.00,0.00,OK,,Appears relevant
basketball camps on long island,CM - Nonbranded - Geo Priorities (MxCx),Basketball Camp,Exact match (close variant),None,2,4,2.46,0.00,OK,,Appears relevant
volleyball camp,CM - Nonbranded - Geo Priorities (MxCx),Volleyball Camps,Exact match (close variant),Added,0,2,0.00,0.00,OK,,Appears relevant
youth basketball summer camp,CM - Nonbranded - Geo Priorities (MxCx),Basketball Camp,Exact match (close variant),None,0,2,0.00,0.00,OK,,Appears relevant
good summer camps near me,CM - Nonbranded - Geo Priorities (MxCx),Summer Camps,Exact match (close variant),None,0,14,0.00,0.00,OK,,Appears relevant
best day camp,CM - Nonbranded - Geo Priorities (MxCx),Summer Camps,Phrase match (close variant),None,0,4,0.00,0.00,OK,,Appears relevant
horseback riding summer camp near me,CM - Nonbranded - Geo Priorities (MxCx),Horseback Riding,Exact match (close variant),None,0,3,0.00,0.00,OK,,Appears relevant
soccer camps near me,CM - Nonbranded - Geo Priorities (MxCx),Summer Camps,Phrase match (close variant),None,0,4,0.00,0.00,OK,,Appears relevant
sports camp for 5 year olds,CM - Nonbranded - Geo Priorities (MxCx),Sports Camps,Phrase match,None,1,1,2.81,0.00,OK,,Appears relevant
riding camps near me,CM - Nonbranded - Geo Priorities (MxCx),Horseback Riding,Exact match (close variant),None,0,3,0.00,0.00,OK,,Appears relevant
camp for 2 year olds,CM - Nonbranded - Geo Priorities (MxCx),Summer Camps,Phrase match (close variant),None,0,4,0.00,0.00,OK,,Appears relevant
maker camp near me,CM - Nonbranded - Geo Priorities (MxCx),Summer Camps,Phrase match (close variant),None,0,2,0.00,0.00,OK,,Appears relevant
buckley day camp tuition,CM - Nonbranded - Geo Priorities (MxCx),Summer Camps,Phrase match (close variant),None,0,1,0.00,0.00,OK,,Appears relevant
circus camp near me,CM - Nonbranded - Geo Priorities (MxCx),Summer Camps,Phrase match (close variant),None,0,2,0.00,0.00,OK,,Appears relevant
baseball camps long island,CM - Nonbranded - Geo Priorities (MxCx),Baseball Camps,Phrase match (close variant),None,0,0,0.00,0.00,OK,,Appears relevant
farmingdale college summer camp,CM - Nonbranded - Geo Priorities (MxCx),Summer Camps,Phrase match,None,0,0,0.00,0.00,OK,,Appears relevant
university of southern maine sports camps,CM - pMax - Portland (MxConv),--,Performance Max,None,0,1,0.00,0.00,OK,,Appears relevant for Portland market
soccer club for kids near me,CM - pMax - Portland (MxConv),--,Performance Max,None,0,0,0.00,0.00,OK,,Appears relevant for Portland market
all star dancing,CM - pMax - Portland (MxConv),--,Performance Max,None,0,0,0.00,0.00,OK,,Appears relevant for Portland market
circus camp near me,CM - pMax - Portland (MxConv),--,Performance Max,None,0,0,0.00,0.00,OK,,Appears relevant for Portland market
donovan mitchell basketball camp,CM - pMax - Portland (MxConv),--,Performance Max,None,0,0,0.00,0.00,OK,,Appears relevant for Portland market
camp invention wilton ct,CM - pMax - Portland (MxConv),--,Performance Max,None,0,0,0.00,0.00,OK,,Appears relevant for Portland market
brentwood circus,CM - pMax - Portland (MxConv),--,Performance Max,None,0,0,0.00,0.00,OK,,Appears relevant for Portland market
mini golf riverhead,CM - Non Brand - PMax,--,Performance Max,None,0,1,0.00,0.00,OK,,Appears relevant for Portland market
karl anthony towns camp,CM - Non Brand - PMax,--,Performance Max,None,0,2,0.00,0.00,OK,,Appears relevant for Portland market
girls summer lacrosse camp,CM - Non Brand - PMax,--,Performance Max,None,0,1,0.00,0.00,OK,,Appears relevant for Portland market
tarrytown day camp,CM - Non Brand - PMax,--,Performance Max,None,1,1,3.26,0.00,OK,,Appears relevant for Portland market
boys and girls club,CM - Non Brand - PMax,--,Performance Max,None,0,2,0.00,0.00,OK,,Appears relevant for Portland market
girls flag football league near me,CM - Non Brand - PMax,--,Performance Max,None,0,2,0.00,0.00,OK,,Appears relevant for Portland market
boy scouts camp,CM - Nonbranded - Geo Priorities (MxCx),Summer Camps,Phrase match (close variant),None,0,2,0.00,0.00,OK,,Appears relevant
long island camps for kids,CM - Nonbranded - Geo Priorities (MxCx),Summer Camps,Exact match (close variant),None,0,2,0.00,0.00,OK,,Appears relevant
high school summer camp,CM - Nonbranded - Geo Priorities (MxCx),Summer Camps,Phrase match (close variant),None,0,1,0.00,0.00,OK,,Appears relevant
strive summer camp,CM - Nonbranded - Geo Priorities (MxCx),Sports Camps,Phrase match (close variant),None,0,1,0.00,0.00,OK,,Appears relevant
summer camps 5 year olds,CM - Nonbranded - Geo Priorities (MxCx),Summer Camps,Phrase match (close variant),None,0,3,0.00,0.00,OK,,Appears relevant
summer camp near me near me,CM - Nonbranded - Geo Priorities (MxCx),Summer Camps,Exact match (close variant),None,0,3,0.00,0.00,OK,,Appears relevant
gold medal gymnastics camp,CM - Nonbranded - Geo Priorities (MxCx),Sports Camps,Phrase match (close variant),None,0,1,0.00,0.00,OK,,Appears relevant
girls basketball camp,CM - Nonbranded - Geo Priorities (MxCx),Basketball Camp,Phrase match (close variant),None,0,2,0.00,0.00,OK,,Appears relevant
swimming camps near me,CM - Nonbranded - Geo Priorities (MxCx),Summer Camps,Phrase match (close variant),None,1,3,2.68,0.00,OK,,Appears relevant
camp for 14 year old girl,CM - Nonbranded - Geo Priorities (MxCx),Summer Camps,Phrase match (close variant),None,0,2,0.00,0.00,OK,,Appears relevant
rich kid summer camps,CM - Nonbranded - Geo Priorities (MxCx),Summer Camps,Phrase match,None,0,1,0.00,0.00,OK,,Appears relevant
volleyball camp summer 2026,CM - Nonbranded - Geo Priorities (MxCx),Volleyball Camps,Phrase match,None,1,1,0.99,0.00,OK,,Appears relevant
boys and girls club summer camp,CM - Nonbranded - Geo Priorities (MxCx),Summer Camps,Phrase match,None,0,1,0.00,0.00,OK,,Appears relevant
basketball camp long island,CM - Nonbranded - Geo Priorities (MxCx),Summer Camps,Phrase match (close variant),None,0,4,0.00,0.00,OK,,Appears relevant
big chief east meadow,CM - Nonbranded - Geo Priorities (MxCx),Summer Camps,Phrase match (close variant),None,0,1,0.00,0.00,OK,,Appears relevant
tennis near me for kids,CM - Nonbranded - Geo Priorities (MxCx),Tennis Camps,Broad match,None,0,0,0.00,0.00,OK,,Appears relevant
volleyball clinics near me,CM - Nonbranded - Geo Priorities (MxCx),Volleyball Camps,Phrase match (close variant),Added,0,0,0.00,0.00,OK,,Appears relevant
horseback riding camps near me,CM - Nonbranded - Geo Priorities (MxCx),Horseback Riding,Exact match (close variant),None,0,0,0.00,0.00,OK,,Appears relevant
future stars camp patchogue,CM - Branded (Mx.Clicks),Future Stars Camp Brand,Phrase match,None,1,4,0.01,0.00,OK,,Brand term matched: 'future stars'
future stars camp sayville,CM - Branded (Mx.Clicks),Future Stars Camp Brand,Phrase match,None,2,5,1.52,1.00,OK,,Has converted - protected from negation
day camps long island,CM - Nonbranded - Other Geos (MxConv),Tennis Camps,Broad match,None,1,2,3.03,0.00,OK,,Appears relevant
hamptons camp,CM - Nonbranded - Other Geos (MxConv),Summer Camps,Phrase match (close variant),None,0,0,0.00,0.00,OK,,Appears relevant
sports camps in maine,CM - pMax - Portland (MxConv),--,Performance Max,None,1,2,1.80,0.00,OK,,Appears relevant for Portland market
how should a baseball glove fit,CM - pMax - Portland (MxConv),--,Performance Max,None,0,1,0.00,0.00,OK,,Appears relevant for Portland market
red bulls summer camp,CM - pMax - Portland (MxConv),--,Performance Max,None,0,0,0.00,0.00,OK,,Appears relevant for Portland market
five star basketball camp,CM - pMax - Portland (MxConv),--,Performance Max,None,0,0,0.00,0.00,OK,,Appears relevant for Portland market
flag football 9 year olds,CM - pMax - Portland (MxConv),--,Performance Max,None,0,0,0.00,0.00,OK,,Appears relevant for Portland market
st josephs summer camp,CM - pMax - Portland (MxConv),--,Performance Max,None,0,0,0.00,0.00,OK,,Appears relevant for Portland market
beginner soccer camps near me,CM - pMax - Portland (MxConv),--,Performance Max,None,0,0,0.00,0.00,OK,,Appears relevant for Portland market
steve & kate's camp,CM - pMax - Portland (MxConv),--,Performance Max,None,0,0,0.00,0.00,OK,,Appears relevant for Portland market
college football camps,CM - pMax - Portland (MxConv),--,Performance Max,None,0,0,0.00,0.00,OK,,Appears relevant for Portland market
top rated volleyball clubs near me,CM - pMax - Portland (MxConv),--,Performance Max,None,0,0,0.00,0.00,OK,,Appears relevant for Portland market
camp 3 year old,CM - pMax - Portland (MxConv),--,Performance Max,None,0,0,0.00,0.00,OK,,Appears relevant for Portland market
gamebreakers lacrosse camp,CM - pMax - Portland (MxConv),--,Performance Max,None,0,0,0.00,0.00,OK,,Appears relevant for Portland market
volleyball for kids,CM - pMax - Portland (MxConv),--,Performance Max,None,0,0,0.00,0.00,OK,,Appears relevant for Portland market
jch summer camp,CM - pMax - Portland (MxConv),--,Performance Max,None,0,0,0.00,0.00,OK,,Appears relevant for Portland market
bayport summer camp,CM - Non Brand - PMax,--,Performance Max,None,0,1,0.00,0.00,OK,,Appears relevant for Portland market
swim school near me,CM - Non Brand - PMax,--,Performance Max,None,0,3,0.00,0.00,OK,,Appears relevant for Portland market
recreation center,CM - Non Brand - PMax,--,Performance Max,None,0,1,0.00,0.00,OK,,Appears relevant for Portland market
soccer coaches near me,CM - Non Brand - PMax,--,Performance Max,None,0,2,0.00,0.00,OK,,Appears relevant for Portland market
circus academy,CM - Non Brand - PMax,--,Performance Max,None,0,2,0.00,0.00,OK,,Appears relevant for Portland market
summer camp long island,CM - Nonbranded - Geo Priorities (MxCx),Summer Camps,Phrase match,None,0,1,0.00,0.00,OK,,Appears relevant
sjb sports camps,CM - Nonbranded - Geo Priorities (MxCx),Sports Camps,Phrase match,None,0,2,0.00,0.00,OK,,Appears relevant
camps near me next week,CM - Nonbranded - Geo Priorities (MxCx),Summer Camps,Phrase match (close variant),None,0,1,0.00,0.00,OK,,Appears relevant
huntington summer camp,CM - Nonbranded - Geo Priorities (MxCx),Summer Camps,Phrase match,None,0,1,0.00,0.00,OK,,Appears relevant
kid strong day camp,CM - Nonbranded - Geo Priorities (MxCx),Sports Camps,Phrase match (close variant),None,0,2,0.00,0.00,OK,,Appears relevant
girls basketball camps near me,CM - Nonbranded - Geo Priorities (MxCx),Basketball Camp,Phrase match,None,2,3,3.90,0.00,OK,,Appears relevant
carle place summer camp,CM - Nonbranded - Geo Priorities (MxCx),Summer Camps,Phrase match,None,0,1,0.00,0.00,OK,,Appears relevant
jalen brunson basketball camp,CM - Nonbranded - Geo Priorities (MxCx),Basketball Camp,Phrase match,None,0,1,0.00,0.00,OK,,Appears relevant
youth summer sports camp,CM - Nonbranded - Geo Priorities (MxCx),Sports Camps,Phrase match,None,0,3,0.00,0.00,OK,,Appears relevant
club scikidz central long island,CM - Nonbranded - Geo Priorities (MxCx),Summer Camps,Phrase match (close variant),None,0,1,0.00,0.00,OK,,Appears relevant
wildcat summer camp,CM - Nonbranded - Geo Priorities (MxCx),Sports Camps,Phrase match (close variant),None,0,1,0.00,0.00,OK,,Appears relevant
art camps near me,CM - Nonbranded - Geo Priorities (MxCx),Summer Camps,Phrase match (close variant),None,0,8,0.00,0.00,OK,,Appears relevant
music camp for kids near me,CM - Nonbranded - Geo Priorities (MxCx),Summer Camps,Phrase match (close variant),None,0,3,0.00,0.00,OK,,Appears relevant
summer camps lacrosse,CM - Nonbranded - Geo Priorities (MxCx),Lacrosse Camps,Exact match (close variant),None,0,2,0.00,0.00,OK,,Appears relevant
hockey camps near me,CM - Nonbranded - Geo Priorities (MxCx),Sports Camps,Phrase match (close variant),None,1,3,2.74,0.00,OK,,Appears relevant
franklin square summer camp,CM - Nonbranded - Geo Priorities (MxCx),Summer Camps,Phrase match,None,0,1,0.00,0.00,OK,,Appears relevant
day camps for 4 year olds,CM - Nonbranded - Geo Priorities (MxCx),Summer Camps,Phrase match (close variant),None,0,1,0.00,0.00,OK,,Appears relevant
south shore day camp tuition,CM - Nonbranded - Geo Priorities (MxCx),Summer Camps,Phrase match (close variant),None,0,1,0.00,0.00,OK,,Appears relevant
rye recreation summer camp,CM - Nonbranded - Geo Priorities (MxCx),Soccer Camps,Phrase match (close variant),None,0,1,0.00,0.00,OK,,Appears relevant
volleyball clinics,CM - Nonbranded - Geo Priorities (MxCx),Volleyball Camps,Exact match (close variant),None,0,0,0.00,0.00,OK,,Appears relevant
summer camp august 24 28,CM - Nonbranded - Other Geos (MxConv),Tennis Camps,Broad match,None,0,1,0.00,0.00,OK,,Appears relevant
summer camp white plains ny,CM - Nonbranded - Other Geos (MxConv),Tennis Camps,Broad match,None,0,3,0.00,0.00,OK,,Appears relevant
reserve tennis,CM - Nonbranded - Other Geos (MxConv),Tennis Camps,Broad match,None,0,1,0.00,0.00,OK,,Appears relevant
tennis westchester,CM - Nonbranded - Other Geos (MxConv),Tennis Camps,Broad match,None,0,1,0.00,0.00,OK,,Appears relevant
tennis camp southampton ny,CM - Nonbranded - Other Geos (MxConv),Tennis Camps,Phrase match,None,0,0,0.00,0.00,OK,,Appears relevant
special need summer camp,CM - pMax - Portland (MxConv),--,Performance Max,None,0,0,0.00,0.00,OK,,Appears relevant for Portland market
summer play camp,CM - pMax - Portland (MxConv),--,Performance Max,None,0,0,0.00,0.00,OK,,Appears relevant for Portland market
legacy harlem summer camp,CM - pMax - Portland (MxConv),--,Performance Max,None,0,0,0.00,0.00,OK,,Appears relevant for Portland market
escuela de fútbol para niñas cerca de mi,CM - pMax - Portland (MxConv),--,Performance Max,None,0,0,0.00,0.00,OK,,Appears relevant for Portland market
sports summer camp,CM - pMax - Portland (MxConv),--,Performance Max,None,0,0,0.00,0.00,OK,,Appears relevant for Portland market
baseball lessons near me,CM - pMax - Portland (MxConv),--,Performance Max,None,0,0,0.00,0.00,OK,,Appears relevant for Portland market
chips performance training,CM - pMax - Portland (MxConv),--,Performance Max,None,0,0,0.00,0.00,OK,,Appears relevant for Portland market
children activities nearby,CM - pMax - Portland (MxConv),--,Performance Max,None,0,0,0.00,0.00,OK,,Appears relevant for Portland market
basketball summer training,CM - pMax - Portland (MxConv),--,Performance Max,None,0,0,0.00,0.00,OK,,Appears relevant for Portland market
queens college theater camp,CM - pMax - Portland (MxConv),--,Performance Max,None,0,0,0.00,0.00,OK,,Appears relevant for Portland market
tennis center,CM - pMax - Portland (MxConv),--,Performance Max,None,0,0,0.00,0.00,OK,,Appears relevant for Portland market
westchester community college summer camp,CM - pMax - Portland (MxConv),--,Performance Max,None,0,0,0.00,0.00,OK,,Appears relevant for Portland market
west haverstraw summer camp,CM - pMax - Portland (MxConv),--,Performance Max,None,0,0,0.00,0.00,OK,,Appears relevant for Portland market
volleyball league,CM - Non Brand - PMax,--,Performance Max,None,0,3,0.00,0.00,OK,,Appears relevant for Portland market
volleyball camp,CM - Non Brand - PMax,--,Performance Max,None,0,6,0.00,0.00,OK,,Appears relevant for Portland market
swimming near me,CM - Non Brand - PMax,--,Performance Max,None,0,1,0.00,0.00,OK,,Appears relevant for Portland market
bethpage golf camp,CM - Non Brand - PMax,--,Performance Max,None,0,1,0.00,0.00,OK,,Appears relevant for Portland market
basketball near me for kids,CM - Non Brand - PMax,--,Performance Max,None,0,2,0.00,0.00,OK,,Appears relevant for Portland market
challenger sports soccer camp,CM - Non Brand - PMax,--,Performance Max,None,0,2,0.00,0.00,OK,,Appears relevant for Portland market
park ave tennis,CM - Non Brand - PMax,--,Performance Max,None,0,4,0.00,0.00,OK,,Appears relevant for Portland market
adventure camp,CM - Non Brand - PMax,--,Performance Max,None,0,4,0.00,0.00,OK,,Appears relevant for Portland market
camp c,CM - Nonbranded - Geo Priorities (MxCx),Summer Camps,Phrase match (close variant),None,0,2,0.00,0.00,OK,,Appears relevant
camp kaylie near me,CM - Nonbranded - Geo Priorities (MxCx),Summer Camps,Phrase match (close variant),None,0,1,0.00,0.00,OK,,Appears relevant
softball camps on long island,CM - Nonbranded - Geo Priorities (MxCx),Softball Camps,Exact match (close variant),None,1,3,2.87,0.00,OK,,Appears relevant
summer camp for 12 year olds near me,CM - Nonbranded - Geo Priorities (MxCx),Summer Camps,Phrase match (close variant),None,0,3,0.00,0.00,OK,,Appears relevant
jaxson dart youth football camp 2026,CM - Nonbranded - Geo Priorities (MxCx),Football Camps,Phrase match,None,0,4,0.00,0.00,OK,,Appears relevant
summer camp brentwood ny,CM - Nonbranded - Geo Priorities (MxCx),Summer Camps,Phrase match,None,0,2,0.00,0.00,OK,,Appears relevant
kindering camp,CM - Nonbranded - Geo Priorities (MxCx),Summer Camps,Phrase match (close variant),None,0,4,0.00,0.00,OK,,Appears relevant
summer golf camp for kids,CM - Nonbranded - Geo Priorities (MxCx),Summer Camps,Phrase match,None,2,5,5.11,0.00,OK,,Appears relevant
jaxson dart youth football camp,CM - Nonbranded - Geo Priorities (MxCx),Football Camps,Phrase match (close variant),None,0,1,0.00,0.00,OK,,Appears relevant
summer football camps near me,CM - Nonbranded - Geo Priorities (MxCx),Football Camps,Phrase match (close variant),None,0,1,0.00,0.00,OK,,Appears relevant
summer basketball programs,CM - Nonbranded - Geo Priorities (MxCx),Basketball Camp,Exact match (close variant),None,0,3,0.00,0.00,OK,,Appears relevant
camps in august near me,CM - Nonbranded - Geo Priorities (MxCx),Summer Camps,Phrase match (close variant),None,0,2,0.00,0.00,OK,,Appears relevant
summer soccer registration 2026,CM - Nonbranded - Geo Priorities (MxCx),Soccer Camps,Phrase match (close variant),None,1,1,1.44,0.00,OK,,Appears relevant
track camp long island,CM - Nonbranded - Geo Priorities (MxCx),Summer Camps,Phrase match (close variant),None,0,1,0.00,0.00,OK,,Appears relevant
youth summer sports camp,CM - Nonbranded - Geo Priorities (MxCx),Sports Camps,Exact match (close variant),None,0,1,0.00,0.00,OK,,Appears relevant
summer sports kids,CM - Nonbranded - Geo Priorities (MxCx),Sports Camps,Phrase match (close variant),None,0,1,0.00,0.00,OK,,Appears relevant
youth track camps near me 2025,CM - Nonbranded - Geo Priorities (MxCx),Sports Camps,Phrase match (close variant),None,0,0,0.00,0.00,OK,,Appears relevant
future stars day camp,CM - Branded (Mx.Clicks),Future Stars Camp Brand,Exact match (close variant),None,5,10,3.65,0.00,OK,,Brand term matched: 'future stars'
future stars westhampton,CM - Branded (Mx.Clicks),Future Stars Camp Brand,Phrase match,None,0,0,0.00,0.00,OK,,Brand term matched: 'future stars'
flag football camp summer 2026,CM - Nonbranded - Other Geos (MxConv),Football Camps,Phrase match,None,0,1,0.00,0.00,OK,,Appears relevant
westchester day camp,CM - Nonbranded - Other Geos (MxConv),Tennis Camps,Broad match,None,0,6,0.00,0.00,OK,,Appears relevant
summer camp 4 year old,CM - Nonbranded - Other Geos (MxConv),Tennis Camps,Broad match,None,0,2,0.00,0.00,OK,,Appears relevant
horse camp,CM - Nonbranded - Other Geos (MxConv),Horseback Riding,Exact match (close variant),None,0,0,0.00,0.00,OK,,Appears relevant
softball camps near me,CM - Nonbranded - Other Geos (MxConv),Softball Camps,Exact match (close variant),None,0,0,0.00,0.00,OK,,Appears relevant
volleyball camp,CM - Nonbranded - Other Geos (MxConv),Volleyball Camps,Exact match,Added,0,0,0.00,0.00,OK,,Appears relevant
baseball summer camps near me,CM - Nonbranded - Other Geos (MxConv),Baseball Camps,Exact match (close variant),None,0,0,0.00,0.00,OK,,Appears relevant
boys travel lacrosse teams near me,CM - Non Brand - PMax,--,Performance Max,None,0,2,0.00,0.00,OK,,Appears relevant for Portland market
stables near me,CM - Non Brand - PMax,--,Performance Max,None,0,4,0.00,0.00,OK,,Appears relevant for Portland market
how many size soccer balls are there,CM - Non Brand - PMax,--,Performance Max,None,0,1,0.00,0.00,OK,,Appears relevant for Portland market
jcc day camp,CM - Non Brand - PMax,--,Performance Max,None,0,1,0.00,0.00,OK,,Appears relevant for Portland market
summer soccer camps near me,CM - Nonbranded - Geo Priorities (MxCx),Soccer Camps,Phrase match,None,0,1,0.00,0.00,OK,,Appears relevant
summer camps for neurodivergent kids,CM - Nonbranded - Geo Priorities (MxCx),Summer Camps,Phrase match,None,0,2,0.00,0.00,OK,,Appears relevant
basketball summer camp 5 year old,CM - Nonbranded - Geo Priorities (MxCx),Summer Camps,Phrase match (close variant),None,0,1,0.00,0.00,OK,,Appears relevant
island shores day camp,CM - Nonbranded - Geo Priorities (MxCx),Summer Camps,Phrase match (close variant),None,0,1,0.00,0.00,OK,,Appears relevant
soccer summer camps,CM - Nonbranded - Geo Priorities (MxCx),Soccer Camps,Exact match,Added,0,6,0.00,0.00,OK,,Appears relevant
sports arena camp,CM - Nonbranded - Geo Priorities (MxCx),Sports Camps,Phrase match,None,0,1,0.00,0.00,OK,,Appears relevant
st francis prep basketball camp 2026,CM - Nonbranded - Geo Priorities (MxCx),Basketball Camp,Phrase match,None,0,2,0.00,0.00,OK,,Appears relevant
basketball camp girls near me,CM - Nonbranded - Geo Priorities (MxCx),Basketball Camp,Phrase match,None,1,3,2.77,0.00,OK,,Appears relevant
summer camp lindenhurst ny,CM - Nonbranded - Geo Priorities (MxCx),Summer Camps,Phrase match,None,0,1,0.00,0.00,OK,,Appears relevant
long island summer programs,CM - Nonbranded - Geo Priorities (MxCx),Summer Camps,Exact match (close variant),None,0,4,0.00,0.00,OK,,Appears relevant
all day camp,CM - Nonbranded - Geo Priorities (MxCx),Summer Camps,Phrase match (close variant),None,0,3,0.00,0.00,OK,,Appears relevant
cunningham tennis summer camp,CM - Nonbranded - Geo Priorities (MxCx),Summer Camps,Phrase match,None,0,1,0.00,0.00,OK,,Appears relevant
patriot pride sports camp,CM - Nonbranded - Geo Priorities (MxCx),Sports Camps,Phrase match,None,0,1,0.00,0.00,OK,,Appears relevant
youth summer programs near me,CM - Nonbranded - Geo Priorities (MxCx),Summer Camps,Exact match (close variant),None,0,1,0.00,0.00,OK,,Appears relevant
volleyball camps summer 2026,CM - Nonbranded - Geo Priorities (MxCx),Volleyball Camps,Phrase match,None,1,7,2.69,0.00,OK,,Appears relevant
one river summer camp,CM - Nonbranded - Geo Priorities (MxCx),Summer Camps,Phrase match (close variant),None,0,3,0.00,0.00,OK,,Appears relevant
lacrosse summer camps,CM - Nonbranded - Geo Priorities (MxCx),Lacrosse Camps,Exact match,Added,0,0,0.00,0.00,OK,,Appears relevant
baseball camps for teens near me,CM - Nonbranded - Geo Priorities (MxCx),Baseball Camps,Phrase match,None,0,0,0.00,0.00,OK,,Appears relevant
softball camp for 8 year olds,CM - Nonbranded - Geo Priorities (MxCx),Softball Camps,Phrase match,None,0,0,0.00,0.00,OK,,Appears relevant
size 4 soccer ball for what age,CM - pMax - Portland (MxConv),--,Performance Max,None,0,1,0.00,0.00,OK,,Appears relevant for Portland market
powercore 360 volleyball,CM - pMax - Portland (MxConv),--,Performance Max,None,0,0,0.00,0.00,OK,,Appears relevant for Portland market
life school summer camp,CM - pMax - Portland (MxConv),--,Performance Max,None,0,0,0.00,0.00,OK,,Appears relevant for Portland market
basketball club near me,CM - pMax - Portland (MxConv),--,Performance Max,None,0,0,0.00,0.00,OK,,Appears relevant for Portland market
camp green lane,CM - pMax - Portland (MxConv),--,Performance Max,None,0,0,0.00,0.00,OK,,Appears relevant for Portland market
icamp scarsdale,CM - pMax - Portland (MxConv),--,Performance Max,None,0,0,0.00,0.00,OK,,Appears relevant for Portland market
aspire sports camp,CM - pMax - Portland (MxConv),--,Performance Max,None,0,0,0.00,0.00,OK,,Appears relevant for Portland market
soccer coaching near me,CM - pMax - Portland (MxConv),--,Performance Max,None,0,0,0.00,0.00,OK,,Appears relevant for Portland market
mini camps near me,CM - pMax - Portland (MxConv),--,Performance Max,None,0,0,0.00,0.00,OK,,Appears relevant for Portland market
field hockey camp near me,CM - pMax - Portland (MxConv),--,Performance Max,None,0,0,0.00,0.00,OK,,Appears relevant for Portland market
fight cheer,CM - pMax - Portland (MxConv),--,Performance Max,None,0,0,0.00,0.00,OK,,Appears relevant for Portland market
basketball leagues nearby,CM - pMax - Portland (MxConv),--,Performance Max,None,0,0,0.00,0.00,OK,,Appears relevant for Portland market
hofstra baseball prospect camp,CM - Nonbranded - Other Geos (MxConv),Baseball Camps,Phrase match (close variant),None,0,2,0.00,0.00,OK,,Appears relevant
camp for teens,CM - Nonbranded - Other Geos (MxConv),Tennis Camps,Broad match,None,0,4,0.00,0.00,OK,,Appears relevant
baseball camps for 12 year olds near me,CM - Nonbranded - Other Geos (MxConv),Baseball Camps,Phrase match,None,0,13,0.00,0.00,OK,,Appears relevant
summer camp li,CM - Nonbranded - Geo Priorities (MxCx),Summer Camps,Exact match (close variant),None,0,1,0.00,0.00,OK,,Appears relevant
country coleman day camp,CM - Nonbranded - Geo Priorities (MxCx),Summer Camps,Phrase match (close variant),None,0,1,0.00,0.00,OK,,Appears relevant
summer camp lacrosse near me,CM - Nonbranded - Geo Priorities (MxCx),Lacrosse Camps,Exact match (close variant),None,0,3,0.00,0.00,OK,,Appears relevant
volleyball for girls age 10 near me,CM - Nonbranded - Geo Priorities (MxCx),Volleyball Camps,Phrase match (close variant),None,0,2,0.00,0.00,OK,,Appears relevant
cougar camp commack,CM - Nonbranded - Geo Priorities (MxCx),Sports Camps,Phrase match (close variant),None,0,1,0.00,0.00,OK,,Appears relevant
art summer camps near me,CM - Nonbranded - Geo Priorities (MxCx),Summer Camps,Phrase match,None,2,2,3.08,0.00,OK,,Appears relevant
club fit camp,CM - Nonbranded - Geo Priorities (MxCx),Sports Camps,Phrase match (close variant),None,0,1,0.00,0.00,OK,,Appears relevant
stage door camp,CM - Nonbranded - Geo Priorities (MxCx),Summer Camps,Phrase match (close variant),None,0,1,0.00,0.00,OK,,Appears relevant
long island camp,CM - Nonbranded - Geo Priorities (MxCx),Summer Camps,Phrase match (close variant),None,0,1,0.00,0.00,OK,,Appears relevant
teen camps for summer,CM - Nonbranded - Geo Priorities (MxCx),Summer Camps,Phrase match,None,0,2,0.00,0.00,OK,,Appears relevant
girls basketball camp near me,CM - Nonbranded - Geo Priorities (MxCx),Basketball Camp,Phrase match,None,1,4,2.79,0.00,OK,,Appears relevant
westbury camp,CM - Nonbranded - Geo Priorities (MxCx),Summer Camps,Phrase match (close variant),None,0,1,0.00,0.00,OK,,Appears relevant
summer theater camps near me,CM - Nonbranded - Geo Priorities (MxCx),Summer Camps,Phrase match (close variant),None,0,1,0.00,0.00,OK,,Appears relevant
best summer camp,CM - Nonbranded - Geo Priorities (MxCx),Summer Camps,Exact match (close variant),None,0,1,0.00,0.00,OK,,Appears relevant
summer soccer,CM - Nonbranded - Geo Priorities (MxCx),Soccer Camps,Exact match (close variant),None,1,10,1.59,0.00,OK,,Appears relevant
summer camps nassau county,CM - Nonbranded - Geo Priorities (MxCx),Summer Camps,Phrase match,None,0,6,0.00,0.00,OK,,Appears relevant
rising stars camp,CM - Non Brand - PMax,--,Performance Max,None,0,1,0.00,0.00,OK,,Appears relevant for Portland market
soccer programs near me,CM - Non Brand - PMax,--,Performance Max,None,2,13,1.80,0.00,OK,,Appears relevant for Portland market
swimming,CM - Non Brand - PMax,--,Performance Max,None,0,1,0.00,0.00,OK,,Appears relevant for Portland market
us sports camps,CM - pMax - Portland (MxConv),--,Performance Max,None,0,2,0.00,0.00,OK,,Appears relevant for Portland market
alm summer camp,CM - pMax - Portland (MxConv),--,Performance Max,None,0,1,0.00,0.00,OK,,Appears relevant for Portland market
cumberland summer camp,CM - pMax - Portland (MxConv),--,Performance Max,None,0,1,0.00,0.00,OK,,Appears relevant for Portland market
whats the biggest size soccer ball,CM - pMax - Portland (MxConv),--,Performance Max,None,0,1,0.00,0.00,OK,,Appears relevant for Portland market
summer camps in southern maine,CM - pMax - Portland (MxConv),--,Performance Max,None,0,1,0.00,0.00,OK,,Appears relevant for Portland market
317 main summer camp,CM - pMax - Portland (MxConv),--,Performance Max,None,1,2,21.19,0.00,OK,,Appears relevant for Portland market
kids tennis racket,CM - pMax - Portland (MxConv),--,Performance Max,None,0,1,0.00,0.00,OK,,Appears relevant for Portland market
cheverus summer camp,CM - pMax - Portland (MxConv),--,Performance Max,None,0,3,0.00,0.00,OK,,Appears relevant for Portland market
base in cheer,CM - pMax - Portland (MxConv),--,Performance Max,None,0,0,0.00,0.00,OK,,Appears relevant for Portland market
horse riding for kids near me,CM - pMax - Portland (MxConv),--,Performance Max,None,0,0,0.00,0.00,OK,,Appears relevant for Portland market
ymca huntington summer camp,CM - pMax - Portland (MxConv),--,Performance Max,None,0,0,0.00,0.00,OK,,Appears relevant for Portland market
summer programs for kids,CM - pMax - Portland (MxConv),--,Performance Max,None,0,0,0.00,0.00,OK,,Appears relevant for Portland market
escuelas de béisbol para niños cerca de mi,CM - pMax - Portland (MxConv),--,Performance Max,None,0,0,0.00,0.00,OK,,Appears relevant for Portland market
flag football summer camp,CM - pMax - Portland (MxConv),--,Performance Max,None,0,0,0.00,0.00,OK,,Appears relevant for Portland market
football programs near me,CM - pMax - Portland (MxConv),--,Performance Max,None,0,0,0.00,0.00,OK,,Appears relevant for Portland market
hofstra sports camps,CM - pMax - Portland (MxConv),--,Performance Max,None,0,0,0.00,0.00,OK,,Appears relevant for Portland market
future stars,CM - Branded (Mx.Clicks),Future Stars Camp Brand,Exact match (close variant),Added,0,0,0.00,0.00,OK,,Has converted - protected from negation
basketball camp maine,CM - pMax - Portland (MxConv),--,Performance Max,None,0,2,0.00,0.00,OK,,Appears relevant for Portland market
what ages use a size 4 soccer ball,CM - pMax - Portland (MxConv),--,Performance Max,None,0,1,0.00,0.00,OK,,Appears relevant for Portland market
horseback riding summer camp,CM - pMax - Portland (MxConv),--,Performance Max,None,0,0,0.00,0.00,OK,,Appears relevant for Portland market
boces summer camp 2025,CM - pMax - Portland (MxConv),--,Performance Max,None,0,0,0.00,0.00,OK,,Appears relevant for Portland market
escuelas de fútbol para niños cerca de mi,CM - pMax - Portland (MxConv),--,Performance Max,None,0,0,0.00,0.00,OK,,Appears relevant for Portland market
crestwood summer camp,CM - pMax - Portland (MxConv),--,Performance Max,None,0,0,0.00,0.00,OK,,Appears relevant for Portland market
tennis summer camp,CM - Nonbranded - Other Geos (MxConv),Tennis Camps,Exact match,Added,0,3,0.00,0.00,OK,,Appears relevant
kat basketball camp,CM - Nonbranded - Other Geos (MxConv),Basketball Camp,Phrase match,None,0,1,0.00,0.00,OK,,Appears relevant
soccer summer camps near me,CM - Nonbranded - Geo Priorities (MxCx),Soccer Camps,Exact match (close variant),None,1,4,2.73,0.00,OK,,Appears relevant
volleyball summer camp,CM - Nonbranded - Geo Priorities (MxCx),Volleyball Camps,Exact match (close variant),Added,0,5,0.00,0.00,OK,,Appears relevant
top gun lacrosse camp,CM - Nonbranded - Geo Priorities (MxCx),Lacrosse Camps,Phrase match (close variant),None,1,2,3.47,0.00,OK,,Appears relevant
drop in summer camps near me,CM - Nonbranded - Geo Priorities (MxCx),Summer Camps,Phrase match,None,0,4,0.00,0.00,OK,,Appears relevant
saint brigid's summer camp,CM - Nonbranded - Geo Priorities (MxCx),Summer Camps,Phrase match,None,0,1,0.00,0.00,OK,,Appears relevant
kidstrong summer camp,CM - Nonbranded - Geo Priorities (MxCx),Soccer Camps,Phrase match (close variant),None,0,1,0.00,0.00,OK,,Appears relevant
st mary's summer camp,CM - Nonbranded - Geo Priorities (MxCx),Summer Camps,Phrase match,None,0,2,0.00,0.00,OK,,Appears relevant
summer camp farmingdale,CM - Nonbranded - Geo Priorities (MxCx),Summer Camps,Phrase match (close variant),None,0,1,0.00,0.00,OK,,Appears relevant
woodbury camp,CM - Nonbranded - Geo Priorities (MxCx),Summer Camps,Phrase match (close variant),None,0,1,0.00,0.00,OK,,Appears relevant
track camps near me,CM - Nonbranded - Geo Priorities (MxCx),Sports Camps,Phrase match (close variant),None,0,1,0.00,0.00,OK,,Appears relevant
baseball camps summer 2026,CM - Nonbranded - Geo Priorities (MxCx),Summer Camps,Phrase match,None,0,1,0.00,0.00,OK,,Appears relevant
long island camp,CM - Nonbranded - Geo Priorities (MxCx),Summer Camps,Exact match (close variant),None,0,1,0.00,0.00,OK,,Appears relevant
week long camps for kids,CM - Nonbranded - Geo Priorities (MxCx),Summer Camps,Phrase match,None,0,1,0.00,0.00,OK,,Appears relevant
weekend summer camp,CM - Nonbranded - Geo Priorities (MxCx),Soccer Camps,Phrase match (close variant),None,0,1,0.00,0.00,OK,,Appears relevant
hauppauge summer camps,CM - Nonbranded - Geo Priorities (MxCx),Summer Camps,Phrase match,None,0,1,0.00,0.00,OK,,Appears relevant
kids camps,CM - Nonbranded - Geo Priorities (MxCx),Summer Camps,Exact match,Added,0,2,0.00,0.00,OK,,Appears relevant
basketball camps for kids near me,CM - Nonbranded - Geo Priorities (MxCx),Basketball Camp,Phrase match,None,0,1,0.00,0.00,OK,,Appears relevant
camp for kids,CM - Nonbranded - Geo Priorities (MxCx),Summer Camps,Exact match (close variant),Added,0,3,0.00,0.00,OK,,Appears relevant
camp invention 2025,CM - Nonbranded - Geo Priorities (MxCx),Summer Camps,Phrase match (close variant),None,0,0,0.00,0.00,OK,,Appears relevant
pierce day camp,CM - Competitors - OldW - (Mx.Clicks),Competitors,Exact match,Added,4,79,17.46,0.00,OK,,Competitor matched: 'pierce'
future stars camp locations,CM - Branded (Mx.Clicks),Future Stars Camp Brand,Phrase match,None,0,0,0.00,0.00,OK,,Brand term matched: 'future stars'
future stars,CM - Branded (Mx.Clicks),Future Stars Camp Brand,Phrase match,Added,0,0,0.00,0.00,OK,,Has converted - protected from negation
fs camps,CM - Branded (Mx.Clicks),Future Stars Camp Brand,Exact match (close variant),Added,0,0,0.00,0.00,OK,,Brand term matched: 'fs camps'
swimming classes near me for kids,CM - Non Brand - PMax,--,Performance Max,None,0,1,0.00,0.00,OK,,Appears relevant for Portland market
westchester swim clubs,CM - Non Brand - PMax,--,Performance Max,None,0,2,0.00,0.00,OK,,Appears relevant for Portland market
maine summer day camps,CM - Non Brand - PMax,--,Performance Max,None,0,1,0.00,0.00,OK,,Appears relevant for Portland market
baseball training near me,CM - Non Brand - PMax,--,Performance Max,None,0,2,0.00,0.00,OK,,Appears relevant for Portland market
tennis lessons around me,CM - Non Brand - PMax,--,Performance Max,None,1,3,5.31,0.00,OK,,Appears relevant for Portland market
city parks tennis,CM - Non Brand - PMax,--,Performance Max,None,0,1,0.00,0.00,OK,,Appears relevant for Portland market
baseball association,CM - Non Brand - PMax,--,Performance Max,None,0,2,0.00,0.00,OK,,Appears relevant for Portland market
stepinac basketball camp,CM - Nonbranded - Other Geos (MxConv),Basketball Camp,Phrase match,None,0,6,0.00,0.00,OK,,Appears relevant
kids camp,CM - Nonbranded - Other Geos (MxConv),Summer Camps,Exact match (close variant),None,0,0,0.00,0.00,OK,,Appears relevant
digs volleyball summer camp,CM - Nonbranded - Other Geos (MxConv),Volleyball Camps,Phrase match,None,0,0,0.00,0.00,OK,,Appears relevant
cheer,CM - pMax - Portland (MxConv),--,Performance Max,None,0,4,0.00,0.00,OK,,Appears relevant for Portland market
programas de verano para niños gratis,CM - pMax - Portland (MxConv),--,Performance Max,None,0,0,0.00,0.00,OK,,Appears relevant for Portland market
summer school westchester,CM - pMax - Portland (MxConv),--,Performance Max,None,0,0,0.00,0.00,OK,,Appears relevant for Portland market
westchester summer day camp,CM - pMax - Portland (MxConv),--,Performance Max,None,0,0,0.00,0.00,OK,,Appears relevant for Portland market
camp purchase,CM - pMax - Portland (MxConv),--,Performance Max,None,0,0,0.00,0.00,OK,,Appears relevant for Portland market
new canaan summer camp,CM - pMax - Portland (MxConv),--,Performance Max,None,0,0,0.00,0.00,OK,,Appears relevant for Portland market
pac5 cheer,CM - pMax - Portland (MxConv),--,Performance Max,None,0,0,0.00,0.00,OK,,Appears relevant for Portland market
スター テニス アカデミー,CM - pMax - Portland (MxConv),--,Performance Max,None,0,0,0.00,0.00,OK,,Appears relevant for Portland market
girls softball summer league,CM - pMax - Portland (MxConv),--,Performance Max,None,0,0,0.00,0.00,OK,,Appears relevant for Portland market
theater camp near me,CM - Non Brand - PMax,--,Performance Max,None,0,2,0.00,0.00,OK,,Appears relevant for Portland market
camp lokanda,CM - Non Brand - PMax,--,Performance Max,None,0,1,0.00,0.00,OK,,Appears relevant for Portland market
summer camp for free,CM - Non Brand - PMax,--,Performance Max,None,0,1,0.00,0.00,OK,,Appears relevant for Portland market
volleyball camp near me,CM - Non Brand - PMax,--,Performance Max,None,0,3,0.00,0.00,OK,,Appears relevant for Portland market
basketball courts near me,CM - Non Brand - PMax,--,Performance Max,None,0,1,0.00,0.00,OK,,Appears relevant for Portland market
private soccer lessons near me,CM - Non Brand - PMax,--,Performance Max,None,0,1,0.00,0.00,OK,,Appears relevant for Portland market
summer camps for kids near me,CM - Non Brand - PMax,--,Performance Max,None,0,1,0.00,0.00,OK,,Appears relevant for Portland market
summer camps in nassau county,CM - Nonbranded - Geo Priorities (MxCx),Summer Camps,Phrase match,None,0,3,0.00,0.00,OK,,Appears relevant
garvies point camp,CM - Nonbranded - Geo Priorities (MxCx),Summer Camps,Phrase match (close variant),None,0,3,0.00,0.00,OK,,Appears relevant
pirate basketball camp,CM - Nonbranded - Geo Priorities (MxCx),Basketball Camp,Phrase match,None,0,2,0.00,0.00,OK,,Appears relevant
volleyball for girls near me,CM - Nonbranded - Geo Priorities (MxCx),Volleyball Camps,Phrase match (close variant),None,1,1,2.26,0.00,OK,,Appears relevant
geology summer camp for kids,CM - Nonbranded - Geo Priorities (MxCx),Summer Camps,Phrase match,None,0,2,0.00,0.00,OK,,Appears relevant
boys lacrosse summer camp near me,CM - Nonbranded - Geo Priorities (MxCx),Lacrosse Camps,Phrase match,None,1,2,2.66,0.00,OK,,Appears relevant
wod camp,CM - Nonbranded - Geo Priorities (MxCx),Sports Camps,Phrase match (close variant),None,0,1,0.00,0.00,OK,,Appears relevant
basketball programs near me,CM - Nonbranded - Geo Priorities (MxCx),Basketball Camp,Exact match (close variant),None,0,1,0.00,0.00,OK,,Appears relevant
camps in freeport ny,CM - Nonbranded - Geo Priorities (MxCx),Summer Camps,Phrase match (close variant),None,0,1,0.00,0.00,OK,,Appears relevant
summer camp for 4 years old,CM - Nonbranded - Geo Priorities (MxCx),Summer Camps,Phrase match,None,0,1,0.00,0.00,OK,,Appears relevant
dance camp long island,CM - Nonbranded - Geo Priorities (MxCx),Dance Camps,Phrase match,Added,0,1,0.00,0.00,OK,,Appears relevant
suffolk county camp,CM - Nonbranded - Geo Priorities (MxCx),Summer Camps,Phrase match (close variant),None,0,2,0.00,0.00,OK,,Appears relevant
jaxson dart football camp,CM - Nonbranded - Geo Priorities (MxCx),Football Camps,Phrase match,None,0,13,0.00,0.00,OK,,Appears relevant
all day summer camp,CM - Nonbranded - Geo Priorities (MxCx),Summer Camps,Phrase match,None,0,1,0.00,0.00,OK,,Appears relevant
hicksville middle school summer camp,CM - Nonbranded - Geo Priorities (MxCx),Summer Camps,Phrase match,None,0,2,0.00,0.00,OK,,Appears relevant
mineola summer camp,CM - Nonbranded - Geo Priorities (MxCx),Summer Camps,Phrase match (close variant),None,0,7,0.00,0.00,OK,,Appears relevant
freeport basketball camp,CM - Nonbranded - Geo Priorities (MxCx),Basketball Camp,Phrase match,None,0,4,0.00,0.00,OK,,Appears relevant
summer soccer kids,CM - Nonbranded - Geo Priorities (MxCx),Soccer Camps,Exact match (close variant),None,0,1,0.00,0.00,OK,,Appears relevant
summer camps near me,CM - Nonbranded - Geo Priorities (MxCx),Summer Camps,Phrase match (close variant),Added,0,3,0.00,0.00,OK,,Has converted - protected from negation
basketball clinics for kids near me,CM - Nonbranded - Geo Priorities (MxCx),Basketball Camp,Phrase match (close variant),None,0,0,0.00,0.00,OK,,Appears relevant
future stars baseball camp,CM - Branded (Mx.Clicks),Future Stars Camp Brand,Phrase match,None,1,4,0.12,0.00,OK,,Brand term matched: 'future stars'
horseability,CM - pMax - Portland (MxConv),--,Performance Max,None,0,0,0.00,0.00,OK,,Appears relevant for Portland market
portland stage summer camp,CM - pMax - Portland (MxConv),--,Performance Max,None,0,1,0.00,0.00,OK,,Appears relevant for Portland market
maine camp,CM - pMax - Portland (MxConv),--,Performance Max,None,0,2,0.00,0.00,OK,,Appears relevant for Portland market
greenwich summer camp,CM - pMax - Portland (MxConv),--,Performance Max,None,0,0,0.00,0.00,OK,,Appears relevant for Portland market
basketball teams near me,CM - pMax - Portland (MxConv),--,Performance Max,None,0,0,0.00,0.00,OK,,Appears relevant for Portland market
aj greene youth,CM - pMax - Portland (MxConv),--,Performance Max,None,0,0,0.00,0.00,OK,,Appears relevant for Portland market
tennis innovators,CM - pMax - Portland (MxConv),--,Performance Max,None,0,0,0.00,0.00,OK,,Appears relevant for Portland market
camp regesh,CM - pMax - Portland (MxConv),--,Performance Max,None,0,0,0.00,0.00,OK,,Appears relevant for Portland market
toddler baseball teams near me,CM - pMax - Portland (MxConv),--,Performance Max,None,0,0,0.00,0.00,OK,,Appears relevant for Portland market
future stars camp,CM - pMax - Portland (MxConv),--,Performance Max,None,0,0,0.00,0.00,OK,,Has converted - protected from negation
soccer training near me,CM - pMax - Portland (MxConv),--,Performance Max,None,0,0,0.00,0.00,OK,,Appears relevant for Portland market
hastings on hudson summer camp,CM - pMax - Portland (MxConv),--,Performance Max,None,0,0,0.00,0.00,OK,,Appears relevant for Portland market
southampton camp and club,CM - Non Brand - PMax,--,Performance Max,None,0,3,0.00,0.00,OK,,Appears relevant for Portland market
things to do near me open now,CM - Non Brand - PMax,--,Performance Max,None,0,1,0.00,0.00,OK,,Appears relevant for Portland market
little league,CM - Non Brand - PMax,--,Performance Max,None,0,1,0.00,0.00,OK,,Appears relevant for Portland market
u14 soccer teams near me,CM - Non Brand - PMax,--,Performance Max,None,0,1,0.00,0.00,OK,,Appears relevant for Portland market
elwood summer camp,CM - Non Brand - PMax,--,Performance Max,None,0,2,0.00,0.00,OK,,Appears relevant for Portland market
lacrosse training near me,CM - Non Brand - PMax,--,Performance Max,None,0,1,0.00,0.00,OK,,Appears relevant for Portland market
camp registration,CM - Nonbranded - Other Geos (MxConv),Tennis Camps,Broad match,None,0,1,0.00,0.00,OK,,Appears relevant
soccer summer near me,CM - Nonbranded - Geo Priorities (MxCx),Summer Camps,Phrase match (close variant),None,0,1,0.00,0.00,OK,,Appears relevant
carousel camp,CM - Nonbranded - Geo Priorities (MxCx),Summer Camps,Phrase match (close variant),None,0,3,0.00,0.00,OK,,Appears relevant
thesummercamp,CM - Nonbranded - Geo Priorities (MxCx),Summer Camps,Phrase match,None,0,2,0.00,0.00,OK,,Appears relevant
basketball training camp,CM - Nonbranded - Geo Priorities (MxCx),Basketball Camp,Exact match (close variant),None,0,4,0.00,0.00,OK,,Appears relevant
bluey x camp near me,CM - Nonbranded - Geo Priorities (MxCx),Summer Camps,Phrase match (close variant),None,0,2,0.00,0.00,OK,,Appears relevant
westbury summer camp,CM - Nonbranded - Geo Priorities (MxCx),Summer Camps,Exact match (close variant),None,0,3,0.00,0.00,OK,,Appears relevant
summer camp suffolk county,CM - Nonbranded - Geo Priorities (MxCx),Summer Camps,Phrase match,None,2,2,4.46,0.00,OK,,Appears relevant
summer camp 2 days a week,CM - Nonbranded - Geo Priorities (MxCx),Summer Camps,Phrase match (close variant),None,0,1,0.00,0.00,OK,,Appears relevant
day camps long island,CM - Nonbranded - Geo Priorities (MxCx),Summer Camps,Exact match (close variant),None,1,9,1.47,0.00,OK,,Appears relevant
baldwin ny summer camp,CM - Nonbranded - Geo Priorities (MxCx),Summer Camps,Phrase match (close variant),None,0,2,0.00,0.00,OK,,Appears relevant
soccer summer camps near me,CM - Nonbranded - Geo Priorities (MxCx),Soccer Camps,Phrase match,None,0,2,0.00,0.00,OK,,Appears relevant
summer camp volleyball near me,CM - Nonbranded - Geo Priorities (MxCx),Volleyball Camps,Exact match (close variant),None,0,0,0.00,0.00,OK,,Appears relevant
low price summer camps,CM - Nonbranded - Other Geos (MxConv),Tennis Camps,Broad match,None,0,1,0.00,0.00,OK,,Appears relevant
basketball camps near me,CM - Nonbranded - Other Geos (MxConv),Basketball Camp,Exact match,Added,1,6,5.55,0.00,OK,,Appears relevant
tennis facilities near me,CM - Nonbranded - Other Geos (MxConv),Tennis Camps,Broad match,None,0,2,0.00,0.00,OK,,Appears relevant
club fit tennis camp,CM - Nonbranded - Other Geos (MxConv),Tennis Camps,Phrase match,None,0,1,0.00,0.00,OK,,Appears relevant
suny purchase camp,CM - Nonbranded - Other Geos (MxConv),Summer Camps,Phrase match,None,0,0,0.00,0.00,OK,,Appears relevant
multi sport camp near me,CM - Nonbranded - Geo Priorities (MxCx),Sports Camps,Phrase match,None,2,1,5.60,0.00,OK,,Appears relevant
a game soccer camp,CM - Nonbranded - Geo Priorities (MxCx),Soccer Camps,Phrase match,None,0,1,0.00,0.00,OK,,Appears relevant
kids camp,CM - Nonbranded - Geo Priorities (MxCx),Summer Camps,Phrase match (close variant),None,0,3,0.00,0.00,OK,,Appears relevant
lifetime summer camp 2026,CM - Nonbranded - Geo Priorities (MxCx),Sports Camps,Phrase match (close variant),None,0,1,0.00,0.00,OK,,Appears relevant
summer softball camps 2026,CM - Nonbranded - Geo Priorities (MxCx),Softball Camps,Phrase match,None,0,1,0.00,0.00,OK,,Appears relevant
lacrosse summer camps long island,CM - Nonbranded - Geo Priorities (MxCx),Summer Camps,Phrase match (close variant),None,0,2,0.00,0.00,OK,,Appears relevant
soccer camps near me summer,CM - Nonbranded - Geo Priorities (MxCx),Soccer Camps,Phrase match,None,0,2,0.00,0.00,OK,,Appears relevant
summer camps near me,CM - Nonbranded - Geo Priorities (MxCx),Summer Camps,Exact match (close variant),Added,20,191,40.88,0.27,OK,,Has converted - protected from negation
camp integrity at redwood,CM - Nonbranded - Geo Priorities (MxCx),Summer Camps,Phrase match (close variant),None,0,2,0.00,0.00,OK,,Appears relevant
tob camp,CM - Nonbranded - Geo Priorities (MxCx),Summer Camps,Phrase match (close variant),None,0,1,0.00,0.00,OK,,Appears relevant
camp for 14 year old girl,CM - Nonbranded - Geo Priorities (MxCx),Soccer Camps,Phrase match (close variant),None,0,2,0.00,0.00,OK,,Appears relevant
summer programs on long island,CM - Nonbranded - Geo Priorities (MxCx),Summer Camps,Phrase match (close variant),None,0,2,0.00,0.00,OK,,Appears relevant
summer dance programs near me,CM - Nonbranded - Geo Priorities (MxCx),Dance Camps,Exact match (close variant),None,0,2,0.00,0.00,OK,,Appears relevant
summer camps long island,CM - Nonbranded - Geo Priorities (MxCx),Summer Camps,Exact match (close variant),None,1,46,2.83,0.00,OK,,Appears relevant
soccer camp for 5 year olds,CM - Nonbranded - Geo Priorities (MxCx),Soccer Camps,Phrase match,None,0,1,0.00,0.00,OK,,Appears relevant
patchogue summer camp,CM - Nonbranded - Geo Priorities (MxCx),Summer Camps,Phrase match,None,1,2,2.79,0.00,OK,,Appears relevant
soccer camp nassau county,CM - Nonbranded - Geo Priorities (MxCx),Soccer Camps,Phrase match (close variant),None,0,0,0.00,0.00,OK,,Appears relevant
lacrosse summer camp near me,CM - Nonbranded - Geo Priorities (MxCx),Lacrosse Camps,Exact match (close variant),None,0,0,0.00,0.00,OK,,Appears relevant
summer camps smithtown,CM - Nonbranded - Geo Priorities (MxCx),Summer Camps,Phrase match,None,0,0,0.00,0.00,OK,,Appears relevant
summer day camps for kids near me,CM - pMax - Portland (MxConv),--,Performance Max,None,0,2,0.00,0.00,OK,,Appears relevant for Portland market
licm,CM - pMax - Portland (MxConv),--,Performance Max,None,0,0,0.00,0.00,OK,,Appears relevant for Portland market
volleyball summer camp,CM - pMax - Portland (MxConv),--,Performance Max,None,0,0,0.00,0.00,OK,,Appears relevant for Portland market
soccerstars,CM - pMax - Portland (MxConv),--,Performance Max,None,0,0,0.00,0.00,OK,,Appears relevant for Portland market
golf camp,CM - pMax - Portland (MxConv),--,Performance Max,None,0,0,0.00,0.00,OK,,Appears relevant for Portland market
men's slow pitch softball pitching tips,CM - pMax - Portland (MxConv),--,Performance Max,None,0,0,0.00,0.00,OK,,Appears relevant for Portland market
rising stars basketball aau,CM - pMax - Portland (MxConv),--,Performance Max,None,0,0,0.00,0.00,OK,,Appears relevant for Portland market
suny purchase summer programs,CM - pMax - Portland (MxConv),--,Performance Max,None,0,0,0.00,0.00,OK,,Appears relevant for Portland market
volleyball class,CM - pMax - Portland (MxConv),--,Performance Max,None,0,0,0.00,0.00,OK,,Appears relevant for Portland market
basketball private lessons near me,CM - pMax - Portland (MxConv),--,Performance Max,None,0,0,0.00,0.00,OK,,Appears relevant for Portland market
baseball for kids near me,CM - pMax - Portland (MxConv),--,Performance Max,None,0,0,0.00,0.00,OK,,Appears relevant for Portland market
swim school,CM - Non Brand - PMax,--,Performance Max,None,0,1,0.00,0.00,OK,,Appears relevant for Portland market
ncc swimming classes,CM - Non Brand - PMax,--,Performance Max,None,0,1,0.00,0.00,OK,,Appears relevant for Portland market
kids camps near me,CM - Non Brand - PMax,--,Performance Max,None,0,1,0.00,0.00,OK,,Appears relevant for Portland market
tennis racquet size by height,CM - Non Brand - PMax,--,Performance Max,None,0,2,0.00,0.00,OK,,Appears relevant for Portland market
club de basquetbol cerca de mi,CM - Non Brand - PMax,--,Performance Max,None,0,1,0.00,0.00,OK,,Appears relevant for Portland market
sports camp purchase,CM - Nonbranded - Other Geos (MxConv),Tennis Camps,Broad match,None,1,2,5.46,0.00,OK,,Appears relevant
usm sports camps,CM - pMax - Portland (MxConv),--,Performance Max,None,0,4,0.00,0.00,OK,,Appears relevant for Portland market
youth cheerleading near me,CM - pMax - Portland (MxConv),--,Performance Max,None,0,0,0.00,0.00,OK,,Appears relevant for Portland market
football camp,CM - pMax - Portland (MxConv),--,Performance Max,None,0,0,0.00,0.00,OK,,Appears relevant for Portland market
super stars summer camp,CM - pMax - Portland (MxConv),--,Performance Max,None,0,0,0.00,0.00,OK,,Appears relevant for Portland market
free summer camps near me,CM - pMax - Portland (MxConv),--,Performance Max,None,0,0,0.00,0.00,OK,,Appears relevant for Portland market
sachem summer camp 2025,CM - pMax - Portland (MxConv),--,Performance Max,None,0,0,0.00,0.00,OK,,Appears relevant for Portland market
ross camp bridgehampton,CM - pMax - Portland (MxConv),--,Performance Max,None,0,0,0.00,0.00,OK,,Appears relevant for Portland market
free summer camp near me,CM - pMax - Portland (MxConv),--,Performance Max,None,0,0,0.00,0.00,OK,,Appears relevant for Portland market
boundless adventure camp,CM - pMax - Portland (MxConv),--,Performance Max,None,0,0,0.00,0.00,OK,,Appears relevant for Portland market
diving school near me,CM - pMax - Portland (MxConv),--,Performance Max,None,0,0,0.00,0.00,OK,,Appears relevant for Portland market
soccer academies near me,CM - pMax - Portland (MxConv),--,Performance Max,None,0,0,0.00,0.00,OK,,Appears relevant for Portland market
adult tennis camp near me,CM - pMax - Portland (MxConv),--,Performance Max,None,0,0,0.00,0.00,OK,,Appears relevant for Portland market
kids tennis lessons near me,CM - pMax - Portland (MxConv),--,Performance Max,None,0,0,0.00,0.00,OK,,Appears relevant for Portland market
6 year old golf lessons,CM - Non Brand - PMax,--,Performance Max,None,0,1,0.00,0.00,OK,,Appears relevant for Portland market
soccer for juniors near me,CM - Non Brand - PMax,--,Performance Max,None,0,4,0.00,0.00,OK,,Appears relevant for Portland market
juegos de niños cerca de mi,CM - Non Brand - PMax,--,Performance Max,None,0,1,0.00,0.00,OK,,Appears relevant for Portland market
3d printing camp,CM - Non Brand - PMax,--,Performance Max,None,0,3,0.00,0.00,OK,,Appears relevant for Portland market
westchester day camp jewish,CM - Non Brand - PMax,--,Performance Max,None,0,1,0.00,0.00,OK,,Appears relevant for Portland market
goalkeeper training near me,CM - Non Brand - PMax,--,Performance Max,None,0,1,0.00,0.00,OK,,Appears relevant for Portland market
farm camp hamptons,CM - Non Brand - PMax,--,Performance Max,None,0,1,0.00,0.00,OK,,Appears relevant for Portland market
robotics camps for kids near me,CM - Non Brand - PMax,--,Performance Max,None,0,1,0.00,0.00,OK,,Appears relevant for Portland market
sports camps near me,CM - Nonbranded - Geo Priorities (MxCx),Sports Camps,Exact match (close variant),Added,2,21,4.33,0.00,OK,,Appears relevant
camp adventure chappaqua,CM - Nonbranded - Geo Priorities (MxCx),Soccer Camps,Phrase match (close variant),None,0,1,0.00,0.00,OK,,Appears relevant
ninja camp,CM - Nonbranded - Geo Priorities (MxCx),Sports Camps,Phrase match (close variant),None,0,3,0.00,0.00,OK,,Appears relevant
volleyball camp for kids,CM - Nonbranded - Geo Priorities (MxCx),Volleyball Camps,Phrase match,None,0,1,0.00,0.00,OK,,Appears relevant
summer camps for kids,CM - Nonbranded - Geo Priorities (MxCx),Soccer Camps,Exact match (close variant),None,0,2,0.00,0.00,OK,,Appears relevant
volleyball lesson near me,CM - Nonbranded - Geo Priorities (MxCx),Volleyball Camps,Exact match (close variant),None,1,3,0.87,0.00,OK,,Appears relevant
patchogue summer camp,CM - Nonbranded - Geo Priorities (MxCx),Summer Camps,Phrase match (close variant),None,0,2,0.00,0.00,OK,,Appears relevant
summer swim camps,CM - Nonbranded - Geo Priorities (MxCx),Summer Camps,Phrase match,None,1,7,2.90,0.00,OK,,Appears relevant
soccer camps in long island,CM - Nonbranded - Geo Priorities (MxCx),Summer Camps,Phrase match (close variant),None,0,1,0.00,0.00,OK,,Appears relevant
summer soccer camps near me,CM - Nonbranded - Geo Priorities (MxCx),Soccer Camps,Exact match (close variant),None,4,12,5.69,0.00,OK,,Appears relevant
hard 2 guard basketball,CM - Nonbranded - Geo Priorities (MxCx),Basketball Camp,Phrase match (close variant),None,0,1,0.00,0.00,OK,,Appears relevant
hofstra boces summer camp,CM - Nonbranded - Geo Priorities (MxCx),Summer Camps,Phrase match,None,0,1,0.00,0.00,OK,,Appears relevant
campsrus,CM - Competitors - OldW - (Mx.Clicks),Competitors,Exact match (close variant),None,1,11,3.72,0.00,OK,,Competitor matched: 'campsrus'
pierce country day camp,CM - Competitors - OldW - (Mx.Clicks),Competitors,Exact match (close variant),None,3,60,11.90,0.00,OK,,Competitor matched: 'pierce'
elon football summer camps,CM - Nonbranded - Other Geos (MxConv),Football Camps,Phrase match,None,0,1,0.00,0.00,OK,,Appears relevant
bowdoin baseball camp,CM - Nonbranded - Other Geos (MxConv),Baseball Camps,Phrase match (close variant),None,0,2,0.00,0.00,OK,,Appears relevant
farmingdale state college summer camp,CM - Nonbranded - Other Geos (MxConv),Summer Camps,Phrase match,None,0,0,0.00,0.00,OK,,Appears relevant
softball camp,CM - Nonbranded - Other Geos (MxConv),Softball Camps,Exact match (close variant),None,0,0,0.00,0.00,OK,,Appears relevant
ymca near me,CM - Non Brand - PMax,--,Performance Max,None,0,2,0.00,0.00,OK,,Appears relevant for Portland market
golf for teens near me,CM - Non Brand - PMax,--,Performance Max,None,0,1,0.00,0.00,OK,,Appears relevant for Portland market
horseback riding camp near me,CM - Non Brand - PMax,--,Performance Max,None,1,8,8.20,0.00,OK,,Appears relevant for Portland market
volleyball academy,CM - Non Brand - PMax,--,Performance Max,None,1,1,0.34,0.00,OK,,Appears relevant for Portland market
indoor volleyball near me,CM - Non Brand - PMax,--,Performance Max,None,0,1,0.00,0.00,OK,,Appears relevant for Portland market
public soccer fields near me,CM - Non Brand - PMax,--,Performance Max,None,0,1,0.00,0.00,OK,,Appears relevant for Portland market
circus camp,CM - pMax - Portland (MxConv),--,Performance Max,None,0,1,0.00,0.00,OK,,Appears relevant for Portland market
umaine football camps,CM - pMax - Portland (MxConv),--,Performance Max,None,0,1,0.00,0.00,OK,,Appears relevant for Portland market
southern maine summer camps,CM - pMax - Portland (MxConv),--,Performance Max,None,0,1,0.00,0.00,OK,,Appears relevant for Portland market
youth lacrosse camps summer 2026,CM - pMax - Portland (MxConv),--,Performance Max,None,0,3,0.00,0.00,OK,,Appears relevant for Portland market
suny purchase camp,CM - pMax - Portland (MxConv),--,Performance Max,None,0,0,0.00,0.00,OK,,Appears relevant for Portland market
purchase day camp,CM - pMax - Portland (MxConv),--,Performance Max,None,0,0,0.00,0.00,OK,,Appears relevant for Portland market
summer enrichment program,CM - pMax - Portland (MxConv),--,Performance Max,None,0,0,0.00,0.00,OK,,Appears relevant for Portland market
cortlandt summer camp,CM - pMax - Portland (MxConv),--,Performance Max,None,0,0,0.00,0.00,OK,,Appears relevant for Portland market
lic summer club,CM - pMax - Portland (MxConv),--,Performance Max,None,0,0,0.00,0.00,OK,,Appears relevant for Portland market
heroy camp stamford ct,CM - pMax - Portland (MxConv),--,Performance Max,None,0,0,0.00,0.00,OK,,Appears relevant for Portland market
mark vientos baseball camp,CM - pMax - Portland (MxConv),--,Performance Max,None,0,0,0.00,0.00,OK,,Appears relevant for Portland market
free camp for kids near me,CM - pMax - Portland (MxConv),--,Performance Max,None,0,0,0.00,0.00,OK,,Appears relevant for Portland market
iso moves basketball,CM - pMax - Portland (MxConv),--,Performance Max,None,0,0,0.00,0.00,OK,,Appears relevant for Portland market
blue heat basketball camp,CM - Nonbranded - Geo Priorities (MxCx),Basketball Camp,Phrase match,None,0,1,0.00,0.00,OK,,Appears relevant
basketball camp near me for kids,CM - Nonbranded - Geo Priorities (MxCx),Basketball Camp,Phrase match,None,0,3,0.00,0.00,OK,,Appears relevant
liu summer camp,CM - Nonbranded - Geo Priorities (MxCx),Summer Camps,Phrase match,None,0,1,0.00,0.00,OK,,Appears relevant
summerfield summer camp,CM - Nonbranded - Geo Priorities (MxCx),Summer Camps,Phrase match (close variant),None,0,1,0.00,0.00,OK,,Appears relevant
tufts soccer id camp 2026,CM - Nonbranded - Geo Priorities (MxCx),Soccer Camps,Phrase match,None,0,1,0.00,0.00,OK,,Appears relevant
summer camp june 29 2026,CM - Nonbranded - Geo Priorities (MxCx),Summer Camps,Phrase match,None,0,1,0.00,0.00,OK,,Appears relevant
day care summer camp,CM - Nonbranded - Geo Priorities (MxCx),Summer Camps,Phrase match,None,0,1,0.00,0.00,OK,,Appears relevant
melville camp,CM - Nonbranded - Geo Priorities (MxCx),Summer Camps,Phrase match (close variant),None,0,2,0.00,0.00,OK,,Appears relevant
dcc kids camp,CM - Nonbranded - Geo Priorities (MxCx),Summer Camps,Phrase match,None,0,1,0.00,0.00,OK,,Appears relevant
best summer camps in america,CM - Nonbranded - Geo Priorities (MxCx),Summer Camps,Phrase match,None,0,1,0.00,0.00,OK,,Appears relevant
pga camps,CM - Nonbranded - Geo Priorities (MxCx),Sports Camps,Phrase match (close variant),None,0,2,0.00,0.00,OK,,Appears relevant
summer camp for little kids,CM - Nonbranded - Geo Priorities (MxCx),Summer Camps,Exact match (close variant),None,1,1,2.74,0.00,OK,,Appears relevant
boces summer camp 2026,CM - Nonbranded - Geo Priorities (MxCx),Summer Camps,Phrase match,None,0,3,0.00,0.00,OK,,Appears relevant
lacrosse summer camps 2026 near me,CM - Nonbranded - Geo Priorities (MxCx),Lacrosse Camps,Phrase match (close variant),None,0,2,0.00,0.00,OK,,Appears relevant
the keeper institute summer camp,CM - Nonbranded - Geo Priorities (MxCx),Soccer Camps,Phrase match (close variant),None,0,2,0.00,0.00,OK,,Appears relevant
crestwood day camp near me,CM - Nonbranded - Geo Priorities (MxCx),Summer Camps,Phrase match,None,0,1,0.00,0.00,OK,,Appears relevant
volleyball camps high school,CM - Nonbranded - Geo Priorities (MxCx),Volleyball Camps,Phrase match,None,0,0,0.00,0.00,OK,,Appears relevant
camp cheverus,CM - pMax - Portland (MxConv),--,Performance Max,None,0,4,0.00,0.00,OK,,Appears relevant for Portland market
science camps for kids,CM - pMax - Portland (MxConv),--,Performance Max,None,0,2,0.00,0.00,OK,,Appears relevant for Portland market
girls flag football near me,CM - pMax - Portland (MxConv),--,Performance Max,None,0,0,0.00,0.00,OK,,Appears relevant for Portland market
camp kehilla wheatley heights,CM - pMax - Portland (MxConv),--,Performance Max,None,0,0,0.00,0.00,OK,,Appears relevant for Portland market
luhi basketball camp,CM - pMax - Portland (MxConv),--,Performance Max,None,0,0,0.00,0.00,OK,,Appears relevant for Portland market
field hockey camps,CM - pMax - Portland (MxConv),--,Performance Max,None,0,0,0.00,0.00,OK,,Appears relevant for Portland market
stars campus login,CM - pMax - Portland (MxConv),--,Performance Max,None,0,0,0.00,0.00,OK,,Appears relevant for Portland market
bridgehampton summer camp,CM - pMax - Portland (MxConv),--,Performance Max,None,0,0,0.00,0.00,OK,,Appears relevant for Portland market
fun things to do near me,CM - pMax - Portland (MxConv),--,Performance Max,None,0,0,0.00,0.00,OK,,Appears relevant for Portland market
baseball clinic,CM - pMax - Portland (MxConv),--,Performance Max,None,0,0,0.00,0.00,OK,,Appears relevant for Portland market
tennis club,CM - pMax - Portland (MxConv),--,Performance Max,None,0,0,0.00,0.00,OK,,Appears relevant for Portland market
fairfield recreation center,CM - pMax - Portland (MxConv),--,Performance Max,None,0,0,0.00,0.00,OK,,Appears relevant for Portland market
gan israel westport,CM - pMax - Portland (MxConv),--,Performance Max,None,0,0,0.00,0.00,OK,,Appears relevant for Portland market
tennis class,CM - pMax - Portland (MxConv),--,Performance Max,None,0,0,0.00,0.00,OK,,Appears relevant for Portland market
june camps for kids,CM - Non Brand - PMax,--,Performance Max,None,0,2,0.00,0.00,OK,,Appears relevant for Portland market
challenge camp new rochelle,CM - Non Brand - PMax,--,Performance Max,None,0,1,0.00,0.00,OK,,Appears relevant for Portland market
manorville farm,CM - Non Brand - PMax,--,Performance Max,None,0,1,0.00,0.00,OK,,Appears relevant for Portland market
sports complex near me,CM - Non Brand - PMax,--,Performance Max,None,0,1,0.00,0.00,OK,,Appears relevant for Portland market
rising stars summer camp,CM - Nonbranded - Geo Priorities (MxCx),Soccer Camps,Phrase match (close variant),None,0,1,0.00,0.00,OK,,Appears relevant
long island summer camp,CM - Nonbranded - Geo Priorities (MxCx),Summer Camps,Exact match,Added,1,10,2.89,0.00,OK,,Appears relevant
summer camp near me next week,CM - Nonbranded - Geo Priorities (MxCx),Summer Camps,Phrase match,None,0,1,0.00,0.00,OK,,Appears relevant
summer camps near me 9 year olds,CM - Nonbranded - Geo Priorities (MxCx),Summer Camps,Phrase match (close variant),None,0,2,0.00,0.00,OK,,Appears relevant
port jefferson summer camp,CM - Nonbranded - Geo Priorities (MxCx),Summer Camps,Phrase match (close variant),None,0,2,0.00,0.00,OK,,Appears relevant
jackson dart football camp,CM - Nonbranded - Geo Priorities (MxCx),Football Camps,Phrase match,None,0,3,0.00,0.00,OK,,Appears relevant
lifetime fitness summer camp for kids,CM - Nonbranded - Geo Priorities (MxCx),Summer Camps,Phrase match,None,0,1,0.00,0.00,OK,,Appears relevant
camp harbor st james,CM - Nonbranded - Geo Priorities (MxCx),Summer Camps,Phrase match (close variant),None,0,4,0.00,0.00,OK,,Appears relevant
cheer camp near me summer,CM - Nonbranded - Geo Priorities (MxCx),Summer Camps,Phrase match,None,1,1,1.89,0.00,OK,,Appears relevant
birchmont camp,CM - Nonbranded - Geo Priorities (MxCx),Sports Camps,Phrase match (close variant),None,0,1,0.00,0.00,OK,,Appears relevant
freeport rec center summer camp,CM - Nonbranded - Geo Priorities (MxCx),Summer Camps,Phrase match,None,0,4,0.00,0.00,OK,,Appears relevant
lifetime summer camp 2026,CM - Nonbranded - Geo Priorities (MxCx),Summer Camps,Phrase match,None,0,1,0.00,0.00,OK,,Appears relevant
theatre summer camp,CM - Nonbranded - Geo Priorities (MxCx),Summer Camps,Phrase match,None,0,3,0.00,0.00,OK,,Appears relevant
little gym summer camp,CM - Nonbranded - Geo Priorities (MxCx),Sports Camps,Phrase match (close variant),None,0,2,0.00,0.00,OK,,Appears relevant
jesters lacrosse camp,CM - Nonbranded - Geo Priorities (MxCx),Lacrosse Camps,Phrase match (close variant),None,0,2,0.00,0.00,OK,,Appears relevant
baseball camp long island,CM - Nonbranded - Geo Priorities (MxCx),Baseball Camps,Phrase match (close variant),Added,0,0,0.00,0.00,OK,,Appears relevant
basketball camps near me 2025,CM - Nonbranded - Geo Priorities (MxCx),Basketball Camp,Phrase match,None,0,0,0.00,0.00,OK,,Appears relevant
summer basketball camp 2025,CM - Nonbranded - Geo Priorities (MxCx),Basketball Camp,Phrase match,None,0,0,0.00,0.00,OK,,Appears relevant
volleyball camp august,CM - Nonbranded - Geo Priorities (MxCx),Volleyball Camps,Phrase match,None,0,0,0.00,0.00,OK,,Appears relevant
primetime lacrosse camp,CM - Nonbranded - Other Geos (MxConv),Lacrosse Camps,Phrase match (close variant),None,0,1,0.00,0.00,OK,,Appears relevant
summer camp long island 2026,CM - Nonbranded - Other Geos (MxConv),Tennis Camps,Broad match,None,0,1,0.00,0.00,OK,,Appears relevant
tennis camp summer 2026,CM - Nonbranded - Other Geos (MxConv),Tennis Camps,Phrase match,None,0,1,0.00,0.00,OK,,Appears relevant
bac camp,CM - Nonbranded - Other Geos (MxConv),Tennis Camps,Broad match,None,0,2,0.00,0.00,OK,,Appears relevant
summertech suny purchase,CM - pMax - Portland (MxConv),--,Performance Max,None,0,0,0.00,0.00,OK,,Appears relevant for Portland market
west point lacrosse camp,CM - pMax - Portland (MxConv),--,Performance Max,None,0,0,0.00,0.00,OK,,Appears relevant for Portland market
five stars tackle football,CM - pMax - Portland (MxConv),--,Performance Max,None,0,0,0.00,0.00,OK,,Appears relevant for Portland market
summer camps in stamford ct,CM - pMax - Portland (MxConv),--,Performance Max,None,0,0,0.00,0.00,OK,,Appears relevant for Portland market
stem camps near me,CM - pMax - Portland (MxConv),--,Performance Max,None,0,0,0.00,0.00,OK,,Appears relevant for Portland market
soccer near me for kids,CM - pMax - Portland (MxConv),--,Performance Max,None,0,0,0.00,0.00,OK,,Appears relevant for Portland market
soccer shots near me,CM - pMax - Portland (MxConv),--,Performance Max,None,0,0,0.00,0.00,OK,,Appears relevant for Portland market
greenport summer camp,CM - pMax - Portland (MxConv),--,Performance Max,None,0,0,0.00,0.00,OK,,Appears relevant for Portland market
2023 summer baseball camps,CM - pMax - Portland (MxConv),--,Performance Max,None,0,0,0.00,0.00,OK,,Appears relevant for Portland market
baseball lessons near me,CM - Non Brand - PMax,--,Performance Max,None,0,2,0.00,0.00,OK,,Appears relevant for Portland market
summertech,CM - Non Brand - PMax,--,Performance Max,None,0,3,0.00,0.00,OK,,Appears relevant for Portland market
swimming camp,CM - Non Brand - PMax,--,Performance Max,None,0,1,0.00,0.00,OK,,Appears relevant for Portland market
circus near me,CM - Non Brand - PMax,--,Performance Max,None,0,4,0.00,0.00,OK,,Appears relevant for Portland market
girls softball near me,CM - Non Brand - PMax,--,Performance Max,None,0,1,0.00,0.00,OK,,Appears relevant for Portland market
free ymca summer camp,CM - Non Brand - PMax,--,Performance Max,None,0,2,0.00,0.00,OK,,Appears relevant for Portland market
horseback riding,CM - Non Brand - PMax,--,Performance Max,None,0,7,0.00,0.00,OK,,Appears relevant for Portland market
swim lessons westchester,CM - Non Brand - PMax,--,Performance Max,None,0,1,0.00,0.00,OK,,Appears relevant for Portland market
shibley day camp,CM - Competitors - OldW - (Mx.Clicks),Competitors,Exact match,Added,3,72,12.16,0.00,OK,,Competitor matched: 'shibley'
future stars summer camp,CM - Branded (Mx.Clicks),Future Stars Camp Brand,Exact match (close variant),Added,75,134,107.30,9.02,OK,,Has converted - protected from negation
future stars tournament baseball,CM - Branded (Mx.Clicks),Future Stars Camp Brand,Phrase match,None,0,0,0.00,0.00,OK,,Brand term matched: 'future stars'
summer camps,CM - Nonbranded - Other Geos (MxConv),Tennis Camps,Broad match,None,0,3,0.00,0.00,OK,,Appears relevant
southampton basketball camp,CM - Nonbranded - Other Geos (MxConv),Basketball Camp,Phrase match,None,1,1,0.90,0.00,OK,,Appears relevant
basketball summer camps near me,CM - Nonbranded - Geo Priorities (MxCx),Basketball Camp,Exact match (close variant),Added,2,4,3.46,0.00,OK,,Appears relevant
kings park summer camp,CM - Nonbranded - Geo Priorities (MxCx),Summer Camps,Phrase match,None,1,4,2.85,0.00,OK,,Appears relevant
basketball camp in long island,CM - Nonbranded - Geo Priorities (MxCx),Basketball Camp,Exact match (close variant),None,0,2,0.00,0.00,OK,,Appears relevant
teen day camps,CM - Nonbranded - Geo Priorities (MxCx),Summer Camps,Phrase match (close variant),None,0,1,0.00,0.00,OK,,Appears relevant
youth summer camp,CM - Nonbranded - Geo Priorities (MxCx),Summer Camps,Exact match (close variant),None,0,1,0.00,0.00,OK,,Appears relevant
suffolk county summer camp,CM - Nonbranded - Geo Priorities (MxCx),Summer Camps,Phrase match,None,0,2,0.00,0.00,OK,,Appears relevant
children of america summer camp,CM - Nonbranded - Geo Priorities (MxCx),Summer Camps,Phrase match (close variant),None,0,1,0.00,0.00,OK,,Appears relevant
boys and girls club summer camp,CM - Nonbranded - Geo Priorities (MxCx),Soccer Camps,Phrase match (close variant),None,0,1,0.00,0.00,OK,,Appears relevant
melville summer camp,CM - Nonbranded - Geo Priorities (MxCx),Summer Camps,Phrase match,None,0,4,0.00,0.00,OK,,Appears relevant
lynbrook summer playground 2026,CM - Nonbranded - Geo Priorities (MxCx),Summer Camps,Phrase match (close variant),None,0,2,0.00,0.00,OK,,Appears relevant
sport camps,CM - Nonbranded - Geo Priorities (MxCx),Sports Camps,Exact match (close variant),None,0,3,0.00,0.00,OK,,Appears relevant
summer camps for 16 year olds,CM - Nonbranded - Geo Priorities (MxCx),Soccer Camps,Exact match (close variant),None,0,1,0.00,0.00,OK,,Appears relevant
full day camp near me,CM - Nonbranded - Geo Priorities (MxCx),Summer Camps,Exact match (close variant),None,0,1,0.00,0.00,OK,,Appears relevant
fitness near me,CM - Non Brand - PMax,--,Performance Max,None,0,1,0.00,0.00,OK,,Appears relevant for Portland market
sports camp near me,CM - Non Brand - PMax,--,Performance Max,None,1,2,5.71,0.00,OK,,Appears relevant for Portland market
mad science camp,CM - Non Brand - PMax,--,Performance Max,None,0,1,0.00,0.00,OK,,Appears relevant for Portland market
ice skating camp,CM - Non Brand - PMax,--,Performance Max,None,0,1,0.00,0.00,OK,,Appears relevant for Portland market
super soccer stars camp,CM - Non Brand - PMax,--,Performance Max,None,1,3,6.23,0.00,OK,,Appears relevant for Portland market
swimming lessons near me,CM - Non Brand - PMax,--,Performance Max,None,0,1,0.00,0.00,OK,,Appears relevant for Portland market
encore dance academy,CM - Non Brand - PMax,--,Performance Max,None,0,1,0.00,0.00,OK,,Appears relevant for Portland market
golf lessons for kids,CM - Non Brand - PMax,--,Performance Max,None,0,2,0.00,0.00,OK,,Appears relevant for Portland market
volleyball teams near me,CM - Non Brand - PMax,--,Performance Max,None,1,2,0.34,0.00,OK,,Appears relevant for Portland market
sound lacrosse camp,CM - Non Brand - PMax,--,Performance Max,None,0,1,0.00,0.00,OK,,Appears relevant for Portland market
volleyball camp,CM - Nonbranded - Geo Priorities (MxCx),Volleyball Camps,Exact match,Added,6,27,10.73,0.00,OK,,Appears relevant
sports camp,CM - Nonbranded - Geo Priorities (MxCx),Sports Camps,Exact match,Added,0,9,0.00,0.00,OK,,Appears relevant
field hockey camps on long island,CM - Nonbranded - Geo Priorities (MxCx),Sports Camps,Phrase match (close variant),None,0,1,0.00,0.00,OK,,Appears relevant
bethpage summer camps,CM - Nonbranded - Geo Priorities (MxCx),Sports Camps,Phrase match (close variant),None,0,1,0.00,0.00,OK,,Appears relevant
camps for kids near me,CM - Nonbranded - Geo Priorities (MxCx),Summer Camps,Exact match (close variant),None,2,12,5.80,0.00,OK,,Appears relevant
soccer training camps,CM - Nonbranded - Geo Priorities (MxCx),Soccer Camps,Exact match (close variant),Added,0,2,0.00,0.00,OK,,Appears relevant
summer camp for 4 years,CM - Nonbranded - Geo Priorities (MxCx),Summer Camps,Phrase match,None,0,1,0.00,0.00,OK,,Appears relevant
new hyde park summer camp,CM - Nonbranded - Geo Priorities (MxCx),Summer Camps,Phrase match,None,0,2,0.00,0.00,OK,,Appears relevant
summer camp long island 2026,CM - Nonbranded - Geo Priorities (MxCx),Summer Camps,Phrase match,None,3,5,7.28,0.00,OK,,Appears relevant
summer camp for 5 year olds,CM - Nonbranded - Geo Priorities (MxCx),Summer Camps,Phrase match (close variant),None,0,3,0.00,0.00,OK,,Appears relevant
swim camp,CM - Nonbranded - Geo Priorities (MxCx),Summer Camps,Phrase match (close variant),None,0,3,0.00,0.00,OK,,Appears relevant
youth baseball camps 2026,CM - Nonbranded - Geo Priorities (MxCx),Summer Camps,Phrase match (close variant),None,0,2,0.00,0.00,OK,,Appears relevant
summer camp for high school students,CM - Nonbranded - Geo Priorities (MxCx),Summer Camps,Phrase match,None,0,1,0.00,0.00,OK,,Appears relevant
champ camp kindercare,CM - Nonbranded - Geo Priorities (MxCx),Summer Camps,Phrase match (close variant),None,0,1,0.00,0.00,OK,,Appears relevant
kids tennis lessons near me,CM - Nonbranded - Geo Priorities (MxCx),Tennis Camps,Broad match,None,0,0,0.00,0.00,OK,,Appears relevant
baseball day camp,CM - Nonbranded - Geo Priorities (MxCx),Baseball Camps,Exact match (close variant),None,0,0,0.00,0.00,OK,,Appears relevant
oasis camp,CM - Competitors - OldW - (Mx.Clicks),Competitors,Exact match,Added,0,5,0.00,0.00,OK,,Competitor matched: 'oasis'
woodbury camp,CM - Competitors - OldW - (Mx.Clicks),Competitors,Exact match (close variant),None,0,7,0.00,0.00,OK,,Competitor matched: 'woodbury'
camp w day camp,CM - Competitors - OldW - (Mx.Clicks),Competitors,Exact match,Added,1,8,3.92,0.00,OK,,Competitor matched: 'camp w day camp'
future stars swim camp,CM - Branded (Mx.Clicks),Future Stars Camp Brand,Phrase match,None,1,1,0.01,0.00,OK,,Brand term matched: 'future stars'
future stars camp long island,CM - Branded (Mx.Clicks),Future Stars Camp Brand,Exact match (close variant),None,0,0,0.00,0.00,OK,,Brand term matched: 'future stars'
spire basketball camp,CM - Nonbranded - Other Geos (MxConv),Basketball Camp,Phrase match,None,0,2,0.00,0.00,OK,,Appears relevant
summer camp bridgehampton,CM - Nonbranded - Other Geos (MxConv),Summer Camps,Phrase match,None,0,0,0.00,0.00,OK,,Appears relevant
packing for summer camp,CM - pMax - Portland (MxConv),--,Performance Max,None,0,1,0.00,0.00,OK,,Appears relevant for Portland market
kids camps near me,CM - pMax - Portland (MxConv),--,Performance Max,None,0,0,0.00,0.00,OK,,Appears relevant for Portland market
st joseph's future stars camp,CM - pMax - Portland (MxConv),--,Performance Max,None,0,0,0.00,0.00,OK,,Has converted - protected from negation
town of islip summer camps,CM - pMax - Portland (MxConv),--,Performance Max,None,0,0,0.00,0.00,OK,,Appears relevant for Portland market
youth basketball leagues near me,CM - pMax - Portland (MxConv),--,Performance Max,None,0,0,0.00,0.00,OK,,Appears relevant for Portland market
horseback riding near me,CM - pMax - Portland (MxConv),--,Performance Max,None,0,0,0.00,0.00,OK,,Appears relevant for Portland market
ivy league summer camp,CM - pMax - Portland (MxConv),--,Performance Max,None,0,0,0.00,0.00,OK,,Appears relevant for Portland market
dix hills adventure camp,CM - pMax - Portland (MxConv),--,Performance Max,None,0,0,0.00,0.00,OK,,Appears relevant for Portland market
pickleball summer camp,CM - pMax - Portland (MxConv),--,Performance Max,None,0,0,0.00,0.00,OK,,Appears relevant for Portland market
mohawk summer camp,CM - pMax - Portland (MxConv),--,Performance Max,None,0,0,0.00,0.00,OK,,Appears relevant for Portland market
volleyball practice near me,CM - pMax - Portland (MxConv),--,Performance Max,None,0,0,0.00,0.00,OK,,Appears relevant for Portland market
baseball camp near me,CM - Nonbranded - Other Geos (MxConv),Baseball Camps,Exact match (close variant),None,0,5,0.00,0.00,OK,,Appears relevant
tennis camp hamptons,CM - Nonbranded - Other Geos (MxConv),Tennis Camps,Phrase match,None,0,3,0.00,0.00,OK,,Appears relevant
donovan mitchell basketball camp,CM - Nonbranded - Other Geos (MxConv),Basketball Camp,Phrase match,None,0,1,0.00,0.00,OK,,Appears relevant
sarah behn basketball camp,CM - Nonbranded - Other Geos (MxConv),Basketball Camp,Phrase match,None,0,1,0.00,0.00,OK,,Appears relevant
summer camp in long island,CM - Nonbranded - Other Geos (MxConv),Tennis Camps,Broad match,None,0,1,0.00,0.00,OK,,Appears relevant
camp ketcha,CM - pMax - Portland (MxConv),--,Performance Max,None,0,6,0.00,0.00,OK,,Appears relevant for Portland market
camp june,CM - pMax - Portland (MxConv),--,Performance Max,None,0,1,0.00,0.00,OK,,Appears relevant for Portland market
cheverus basketball camp,CM - pMax - Portland (MxConv),--,Performance Max,None,0,2,0.00,0.00,OK,,Appears relevant for Portland market
field hockey for beginners,CM - pMax - Portland (MxConv),--,Performance Max,None,0,1,0.00,0.00,OK,,Appears relevant for Portland market
volleyball camps summer 2026,CM - pMax - Portland (MxConv),--,Performance Max,None,0,2,0.00,0.00,OK,,Appears relevant for Portland market
sports camps for teens,CM - pMax - Portland (MxConv),--,Performance Max,None,0,2,0.00,0.00,OK,,Appears relevant for Portland market
falmouth rec summer camp,CM - pMax - Portland (MxConv),--,Performance Max,None,0,1,0.00,0.00,OK,,Appears relevant for Portland market
camp lunch ideas,CM - pMax - Portland (MxConv),--,Performance Max,None,0,2,0.00,0.00,OK,,Appears relevant for Portland market
free summer camps near me for kids,CM - pMax - Portland (MxConv),--,Performance Max,None,0,0,0.00,0.00,OK,,Appears relevant for Portland market
explore popular places near me,CM - pMax - Portland (MxConv),--,Performance Max,None,0,0,0.00,0.00,OK,,Appears relevant for Portland market
wondercamp,CM - pMax - Portland (MxConv),--,Performance Max,None,0,0,0.00,0.00,OK,,Appears relevant for Portland market
pgc basketball camps,CM - pMax - Portland (MxConv),--,Performance Max,None,0,0,0.00,0.00,OK,,Appears relevant for Portland market
merrick woods day camp,CM - pMax - Portland (MxConv),--,Performance Max,None,0,0,0.00,0.00,OK,,Appears relevant for Portland market
swimming club near me,CM - pMax - Portland (MxConv),--,Performance Max,None,0,0,0.00,0.00,OK,,Appears relevant for Portland market
indoor fun,CM - pMax - Portland (MxConv),--,Performance Max,None,0,0,0.00,0.00,OK,,Appears relevant for Portland market
volleyball,CM - pMax - Portland (MxConv),--,Performance Max,None,0,0,0.00,0.00,OK,,Appears relevant for Portland market
chess camps for kids near me,CM - pMax - Portland (MxConv),--,Performance Max,None,0,0,0.00,0.00,OK,,Appears relevant for Portland market
rising stars camp,CM - pMax - Portland (MxConv),--,Performance Max,None,0,0,0.00,0.00,OK,,Appears relevant for Portland market
acting camps summer 2025,CM - pMax - Portland (MxConv),--,Performance Max,None,0,0,0.00,0.00,OK,,Appears relevant for Portland market
camp parkwood,CM - pMax - Portland (MxConv),--,Performance Max,None,0,0,0.00,0.00,OK,,Appears relevant for Portland market
just kids sports,CM - pMax - Portland (MxConv),--,Performance Max,None,0,0,0.00,0.00,OK,,Appears relevant for Portland market
soccer for toddlers,CM - pMax - Portland (MxConv),--,Performance Max,None,0,0,0.00,0.00,OK,,Appears relevant for Portland market
teen tennis near me,CM - pMax - Portland (MxConv),--,Performance Max,None,0,0,0.00,0.00,OK,,Appears relevant for Portland market
rocking horse ranch,CM - pMax - Portland (MxConv),--,Performance Max,None,0,0,0.00,0.00,OK,,Appears relevant for Portland market
baseball for 2 year olds near me,CM - Non Brand - PMax,--,Performance Max,None,0,1,0.00,0.00,OK,,Appears relevant for Portland market
soccer academy,CM - Non Brand - PMax,--,Performance Max,None,0,1,0.00,0.00,OK,,Appears relevant for Portland market
swim coach near me,CM - Non Brand - PMax,--,Performance Max,None,0,3,0.00,0.00,OK,,Appears relevant for Portland market
lacrosse summer camps 2026,CM - Non Brand - PMax,--,Performance Max,None,0,3,0.00,0.00,OK,,Appears relevant for Portland market
horse trail rides near me,CM - Non Brand - PMax,--,Performance Max,None,0,2,0.00,0.00,OK,,Appears relevant for Portland market
golf lessons,CM - Non Brand - PMax,--,Performance Max,None,0,1,0.00,0.00,OK,,Appears relevant for Portland market
crossfit soccer training,CM - Non Brand - PMax,--,Performance Max,None,0,1,0.00,0.00,OK,,Appears relevant for Portland market
nycfc camp,CM - Non Brand - PMax,--,Performance Max,None,0,3,0.00,0.00,OK,,Appears relevant for Portland market
soccer camp westchester,CM - Nonbranded - Geo Priorities (MxCx),Soccer Camps,Phrase match (close variant),None,0,1,0.00,0.00,OK,,Appears relevant
horseback riding summer camp,CM - Nonbranded - Geo Priorities (MxCx),Horseback Riding,Exact match (close variant),None,1,4,1.70,0.00,OK,,Appears relevant
tackle football summer camps near me,CM - Nonbranded - Geo Priorities (MxCx),Football Camps,Phrase match,None,0,3,0.00,0.00,OK,,Appears relevant
smithtown summer camp 2026,CM - Nonbranded - Geo Priorities (MxCx),Summer Camps,Phrase match,None,0,6,0.00,0.00,OK,,Appears relevant
west hempstead summer camp,CM - Nonbranded - Geo Priorities (MxCx),Summer Camps,Phrase match,None,1,1,1.50,0.00,OK,,Appears relevant
long island day camp,CM - Nonbranded - Geo Priorities (MxCx),Summer Camps,Exact match (close variant),Added,0,2,0.00,0.00,OK,,Appears relevant
malverne summer camp,CM - Nonbranded - Geo Priorities (MxCx),Summer Camps,Phrase match (close variant),None,0,1,0.00,0.00,OK,,Appears relevant
baseball summer camp,CM - Nonbranded - Geo Priorities (MxCx),Summer Camps,Phrase match (close variant),None,0,1,0.00,0.00,OK,,Appears relevant
greenburgh summer camp 2026,CM - Nonbranded - Geo Priorities (MxCx),Summer Camps,Phrase match,None,0,1,0.00,0.00,OK,,Appears relevant
swim summer camp near me,CM - Nonbranded - Geo Priorities (MxCx),Summer Camps,Phrase match,None,0,2,0.00,0.00,OK,,Appears relevant
camp great adventure,CM - Nonbranded - Geo Priorities (MxCx),Summer Camps,Phrase match (close variant),None,0,1,0.00,0.00,OK,,Appears relevant
summer camp brentwood,CM - Nonbranded - Geo Priorities (MxCx),Summer Camps,Phrase match (close variant),None,0,1,0.00,0.00,OK,,Appears relevant
soccer camp 2026,CM - Nonbranded - Geo Priorities (MxCx),Soccer Camps,Phrase match,None,1,1,2.79,0.00,OK,,Appears relevant
camp for 3 year olds near me,CM - Nonbranded - Geo Priorities (MxCx),Summer Camps,Phrase match (close variant),None,0,5,0.00,0.00,OK,,Appears relevant
calvary tabernacle summer camp,CM - Nonbranded - Geo Priorities (MxCx),Summer Camps,Phrase match (close variant),None,0,1,0.00,0.00,OK,,Appears relevant
farmingdale volleyball camp,CM - Nonbranded - Geo Priorities (MxCx),Volleyball Camps,Phrase match,None,0,2,0.00,0.00,OK,,Appears relevant
soccer camps for kids near me,CM - Nonbranded - Geo Priorities (MxCx),Soccer Camps,Exact match (close variant),None,0,0,0.00,0.00,OK,,Appears relevant
indoor tennis near me,CM - Nonbranded - Geo Priorities (MxCx),Tennis Camps,Broad match,None,0,0,0.00,0.00,OK,,Appears relevant
best tennis camps for kids,CM - Nonbranded - Geo Priorities (MxCx),Tennis Camps,Phrase match (close variant),None,0,0,0.00,0.00,OK,,Appears relevant
kids art camps summer 2025 near me,CM - Nonbranded - Geo Priorities (MxCx),Summer Camps,Phrase match,None,0,0,0.00,0.00,OK,,Appears relevant
buckley country day camp,CM - Competitors - OldW - (Mx.Clicks),Competitors,Exact match (close variant),None,0,4,0.00,0.00,OK,,Competitor matched: 'buckley'
future stars summer camp near me,CM - Branded (Mx.Clicks),Future Stars Camp Brand,Exact match (close variant),None,2,1,1.60,0.00,OK,,Brand term matched: 'future stars'
volleyball camp maine,CM - pMax - Portland (MxConv),--,Performance Max,None,0,1,0.00,0.00,OK,,Appears relevant for Portland market
camp shalom,CM - pMax - Portland (MxConv),--,Performance Max,None,0,0,0.00,0.00,OK,,Appears relevant for Portland market
badger sports camp,CM - pMax - Portland (MxConv),--,Performance Max,None,0,0,0.00,0.00,OK,,Appears relevant for Portland market
fastbreak camp,CM - pMax - Portland (MxConv),--,Performance Max,None,0,0,0.00,0.00,OK,,Appears relevant for Portland market
basketball near me kids,CM - pMax - Portland (MxConv),--,Performance Max,None,0,0,0.00,0.00,OK,,Appears relevant for Portland market
scissor dribble basketball,CM - pMax - Portland (MxConv),--,Performance Max,None,0,0,0.00,0.00,OK,,Appears relevant for Portland market
baseball camps near me,CM - pMax - Portland (MxConv),--,Performance Max,None,0,0,0.00,0.00,OK,,Appears relevant for Portland market
icamp,CM - Nonbranded - Geo Priorities (MxCx),Summer Camps,Phrase match (close variant),None,0,3,0.00,0.00,OK,,Appears relevant
family summer camps near me,CM - Nonbranded - Geo Priorities (MxCx),Summer Camps,Phrase match (close variant),None,0,3,0.00,0.00,OK,,Appears relevant
basketball camps summer 2026 near me,CM - Nonbranded - Geo Priorities (MxCx),Basketball Camp,Phrase match,None,0,2,0.00,0.00,OK,,Appears relevant
basketball camp on long island,CM - Nonbranded - Geo Priorities (MxCx),Basketball Camp,Phrase match (close variant),None,0,1,0.00,0.00,OK,,Appears relevant
swimming camp for kids near me,CM - Nonbranded - Geo Priorities (MxCx),Sports Camps,Phrase match (close variant),None,0,1,0.00,0.00,OK,,Appears relevant
basketball camp for teens,CM - Nonbranded - Geo Priorities (MxCx),Basketball Camp,Phrase match,None,0,2,0.00,0.00,OK,,Appears relevant
nassau county summer camp,CM - Nonbranded - Geo Priorities (MxCx),Summer Camps,Phrase match,None,0,9,0.00,0.00,OK,,Appears relevant
camps near me for 5 year olds,CM - Nonbranded - Geo Priorities (MxCx),Summer Camps,Phrase match (close variant),None,0,1,0.00,0.00,OK,,Appears relevant
summer care,CM - Nonbranded - Geo Priorities (MxCx),Summer Camps,Phrase match (close variant),None,0,1,0.00,0.00,OK,,Appears relevant
camps,CM - Nonbranded - Geo Priorities (MxCx),Summer Camps,Phrase match (close variant),None,0,3,0.00,0.00,OK,,Appears relevant
golf camps for teens near me,CM - Nonbranded - Geo Priorities (MxCx),Summer Camps,Phrase match (close variant),None,0,1,0.00,0.00,OK,,Appears relevant
volleyball training for kids near me,CM - Nonbranded - Geo Priorities (MxCx),Volleyball Camps,Phrase match (close variant),None,0,0,0.00,0.00,OK,,Appears relevant
summer camp for 15 year olds,CM - Nonbranded - Geo Priorities (MxCx),Summer Camps,Phrase match,None,0,0,0.00,0.00,OK,,Appears relevant
pickleball lessons near me,CM - Non Brand - PMax,--,Performance Max,None,0,1,0.00,0.00,OK,,Appears relevant for Portland market
soccer for 4 year olds near me,CM - Non Brand - PMax,--,Performance Max,None,0,4,0.00,0.00,OK,,Appears relevant for Portland market
riverhead play place,CM - Non Brand - PMax,--,Performance Max,None,0,1,0.00,0.00,OK,,Appears relevant for Portland market
summer camp hofstra,CM - Non Brand - PMax,--,Performance Max,None,0,3,0.00,0.00,OK,,Appears relevant for Portland market
adventure,CM - Non Brand - PMax,--,Performance Max,None,0,2,0.00,0.00,OK,,Appears relevant for Portland market
matchpoint near me,CM - Nonbranded - Other Geos (MxConv),Tennis Camps,Broad match,None,0,1,0.00,0.00,OK,,Appears relevant
tennis camp 5 year old,CM - Nonbranded - Other Geos (MxConv),Tennis Camps,Phrase match (close variant),None,0,2,0.00,0.00,OK,,Appears relevant
future stars summer camps patchogue,CM - Branded (Mx.Clicks),Future Stars Camp Brand,Phrase match,None,0,1,0.00,0.00,OK,,Brand term matched: 'future stars'
camp stamford ct,CM - pMax - Portland (MxConv),--,Performance Max,None,0,0,0.00,0.00,OK,,Appears relevant for Portland market
pace university pleasantville,CM - pMax - Portland (MxConv),--,Performance Max,None,0,0,0.00,0.00,OK,,Appears relevant for Portland market
escuela de basketball cerca de mi,CM - pMax - Portland (MxConv),--,Performance Max,None,0,0,0.00,0.00,OK,,Appears relevant for Portland market
volleyball para niñas cerca de mi,CM - pMax - Portland (MxConv),--,Performance Max,None,0,0,0.00,0.00,OK,,Appears relevant for Portland market
mckendree cheerleading,CM - pMax - Portland (MxConv),--,Performance Max,None,0,0,0.00,0.00,OK,,Appears relevant for Portland market
summer day camp near me,CM - pMax - Portland (MxConv),--,Performance Max,None,0,0,0.00,0.00,OK,,Appears relevant for Portland market
boys and girls club summer camp 2025,CM - pMax - Portland (MxConv),--,Performance Max,None,0,0,0.00,0.00,OK,,Appears relevant for Portland market
dna summer camp,CM - pMax - Portland (MxConv),--,Performance Max,None,0,0,0.00,0.00,OK,,Appears relevant for Portland market
coach bougie catching,CM - pMax - Portland (MxConv),--,Performance Max,None,0,0,0.00,0.00,OK,,Appears relevant for Portland market
west islip lacrosse camp,CM - pMax - Portland (MxConv),--,Performance Max,None,0,0,0.00,0.00,OK,,Appears relevant for Portland market
lifeguard camp near me,CM - pMax - Portland (MxConv),--,Performance Max,None,0,0,0.00,0.00,OK,,Appears relevant for Portland market
westhampton performing arts camp,CM - pMax - Portland (MxConv),--,Performance Max,None,0,0,0.00,0.00,OK,,Appears relevant for Portland market
futurestars,CM - pMax - Portland (MxConv),--,Performance Max,None,0,0,0.00,0.00,OK,,Has converted - protected from negation
adventure day camp,CM - Non Brand - PMax,--,Performance Max,None,0,2,0.00,0.00,OK,,Appears relevant for Portland market
chess game classes near me,CM - Non Brand - PMax,--,Performance Max,None,1,4,0.23,0.00,OK,,Appears relevant for Portland market
sports camps,CM - Non Brand - PMax,--,Performance Max,None,0,2,0.00,0.00,OK,,Appears relevant for Portland market
libero camp near me,CM - Nonbranded - Geo Priorities (MxCx),Volleyball Camps,Phrase match (close variant),None,0,4,0.00,0.00,OK,,Appears relevant
flag football camp,CM - Nonbranded - Geo Priorities (MxCx),Football Camps,Exact match (close variant),None,0,5,0.00,0.00,OK,,Appears relevant
after the bell summer camp,CM - Nonbranded - Geo Priorities (MxCx),Summer Camps,Phrase match,None,0,1,0.00,0.00,OK,,Appears relevant
hawthorne summer camp,CM - Nonbranded - Geo Priorities (MxCx),Soccer Camps,Phrase match (close variant),None,0,1,0.00,0.00,OK,,Appears relevant
bnl summer camp,CM - Nonbranded - Geo Priorities (MxCx),Summer Camps,Phrase match,None,0,2,0.00,0.00,OK,,Appears relevant
camp birchmont near me,CM - Nonbranded - Geo Priorities (MxCx),Summer Camps,Phrase match (close variant),None,0,1,0.00,0.00,OK,,Appears relevant
group leader summer camp,CM - Nonbranded - Geo Priorities (MxCx),Summer Camps,Phrase match,None,0,2,0.00,0.00,OK,,Appears relevant
gardner webb volleyball camp,CM - Nonbranded - Geo Priorities (MxCx),Volleyball Camps,Phrase match,None,0,2,0.00,0.00,OK,,Appears relevant
kids camps near me 2026,CM - Nonbranded - Geo Priorities (MxCx),Summer Camps,Phrase match,None,0,3,0.00,0.00,OK,,Appears relevant
camps for 11 year old girls,CM - Nonbranded - Geo Priorities (MxCx),Soccer Camps,Phrase match (close variant),None,0,2,0.00,0.00,OK,,Appears relevant
three village camp,CM - Nonbranded - Geo Priorities (MxCx),Summer Camps,Phrase match (close variant),None,0,2,0.00,0.00,OK,,Appears relevant
summer swim camps,CM - Nonbranded - Geo Priorities (MxCx),Summer Camps,Phrase match (close variant),None,0,1,0.00,0.00,OK,,Appears relevant
tarrytown camp,CM - Nonbranded - Geo Priorities (MxCx),Summer Camps,Phrase match (close variant),None,0,2,0.00,0.00,OK,,Appears relevant
kids camp near me,CM - Nonbranded - Geo Priorities (MxCx),Summer Camps,Exact match (close variant),None,0,13,0.00,0.00,OK,,Appears relevant
fun summer camps,CM - Nonbranded - Geo Priorities (MxCx),Summer Camps,Exact match (close variant),None,0,4,0.00,0.00,OK,,Appears relevant
field hockey camps summer 2026,CM - Nonbranded - Geo Priorities (MxCx),Sports Camps,Phrase match (close variant),None,0,5,0.00,0.00,OK,,Appears relevant
summer camp in long island ny,CM - Nonbranded - Geo Priorities (MxCx),Summer Camps,Exact match (close variant),None,0,2,0.00,0.00,OK,,Appears relevant
camp for 4 year olds near me,CM - Nonbranded - Other Geos (MxConv),Tennis Camps,Broad match,None,0,1,0.00,0.00,OK,,Appears relevant
usm summer sports camps,CM - pMax - Portland (MxConv),--,Performance Max,None,0,6,0.00,0.00,OK,,Appears relevant for Portland market
safe haven summer camp,CM - pMax - Portland (MxConv),--,Performance Max,None,0,0,0.00,0.00,OK,,Appears relevant for Portland market
laurel hill summer camp,CM - pMax - Portland (MxConv),--,Performance Max,None,0,0,0.00,0.00,OK,,Appears relevant for Portland market
rockaway ravens,CM - pMax - Portland (MxConv),--,Performance Max,None,0,0,0.00,0.00,OK,,Appears relevant for Portland market
summer dancing,CM - pMax - Portland (MxConv),--,Performance Max,None,0,0,0.00,0.00,OK,,Appears relevant for Portland market
gateway summer camp,CM - pMax - Portland (MxConv),--,Performance Max,None,0,0,0.00,0.00,OK,,Appears relevant for Portland market
kids attractions near me,CM - pMax - Portland (MxConv),--,Performance Max,None,0,0,0.00,0.00,OK,,Appears relevant for Portland market
horse stable near me,CM - pMax - Portland (MxConv),--,Performance Max,None,0,0,0.00,0.00,OK,,Appears relevant for Portland market
basketball camps summer 2026,CM - Non Brand - PMax,--,Performance Max,None,1,2,2.37,0.00,OK,,Appears relevant for Portland market
horseback riding lessons kids,CM - Non Brand - PMax,--,Performance Max,None,0,2,0.00,0.00,OK,,Appears relevant for Portland market
4 3 8 grip size,CM - Non Brand - PMax,--,Performance Max,None,0,2,0.00,0.00,OK,,Appears relevant for Portland market
summer camps 2026,CM - Nonbranded - Geo Priorities (MxCx),Soccer Camps,Phrase match (close variant),None,0,1,0.00,0.00,OK,,Appears relevant
riverhead aquarium camp,CM - Nonbranded - Geo Priorities (MxCx),Summer Camps,Phrase match (close variant),None,0,2,0.00,0.00,OK,,Appears relevant
day camps near me,CM - Nonbranded - Geo Priorities (MxCx),Soccer Camps,Phrase match (close variant),None,2,22,5.12,0.00,OK,,Appears relevant
summer camp nassau county ny,CM - Nonbranded - Geo Priorities (MxCx),Summer Camps,Phrase match,None,0,5,0.00,0.00,OK,,Appears relevant
volleyball summer camp near me,CM - Nonbranded - Geo Priorities (MxCx),Volleyball Camps,Phrase match,None,0,1,0.00,0.00,OK,,Appears relevant
gymnastic summer camp near me,CM - Nonbranded - Geo Priorities (MxCx),Sports Camps,Phrase match (close variant),None,0,4,0.00,0.00,OK,,Appears relevant
summer camp for 5 year olds,CM - Nonbranded - Geo Priorities (MxCx),Summer Camps,Phrase match,None,1,2,2.71,0.00,OK,,Appears relevant
soccer goalie camp,CM - Nonbranded - Geo Priorities (MxCx),Soccer Camps,Phrase match,None,0,3,0.00,0.00,OK,,Appears relevant
summer school programs for middle schoolers,CM - Nonbranded - Geo Priorities (MxCx),Summer Camps,Phrase match (close variant),None,0,2,0.00,0.00,OK,,Appears relevant
kids camps near me 2026,CM - Nonbranded - Geo Priorities (MxCx),Summer Camps,Phrase match (close variant),None,0,1,0.00,0.00,OK,,Appears relevant
rec center camps,CM - Nonbranded - Geo Priorities (MxCx),Soccer Camps,Phrase match (close variant),None,0,1,0.00,0.00,OK,,Appears relevant
football camp,CM - Nonbranded - Geo Priorities (MxCx),Football Camps,Exact match (close variant),Added,0,4,0.00,0.00,OK,,Appears relevant
glen cove summer camp,CM - Nonbranded - Geo Priorities (MxCx),Summer Camps,Phrase match,None,0,1,0.00,0.00,OK,,Appears relevant
grenville baker summer camp,CM - Nonbranded - Geo Priorities (MxCx),Summer Camps,Phrase match,None,0,1,0.00,0.00,OK,,Appears relevant
ncsa softball camps,CM - Nonbranded - Geo Priorities (MxCx),Softball Camps,Phrase match,None,0,1,0.00,0.00,OK,,Appears relevant
lacrosse summer camp,CM - Nonbranded - Geo Priorities (MxCx),Lacrosse Camps,Exact match (close variant),None,0,0,0.00,0.00,OK,,Appears relevant
tufts football camp,CM - Nonbranded - Other Geos (MxConv),Football Camps,Phrase match,None,0,2,0.00,0.00,OK,,Appears relevant
lacrosse camps,CM - Nonbranded - Other Geos (MxConv),Lacrosse Camps,Exact match (close variant),None,0,0,0.00,0.00,OK,,Appears relevant
summer camp,CM - Nonbranded - Other Geos (MxConv),Summer Camps,Exact match,Added,0,0,0.00,0.00,OK,,Appears relevant
summer camp for high school students,CM - pMax - Portland (MxConv),--,Performance Max,None,0,1,0.00,0.00,OK,,Appears relevant for Portland market
flag football camps,CM - pMax - Portland (MxConv),--,Performance Max,None,0,0,0.00,0.00,OK,,Appears relevant for Portland market
volleyball clubs near me,CM - pMax - Portland (MxConv),--,Performance Max,None,0,0,0.00,0.00,OK,,Appears relevant for Portland market
kids camp colors,CM - pMax - Portland (MxConv),--,Performance Max,None,0,0,0.00,0.00,OK,,Appears relevant for Portland market
theatre camps near me,CM - pMax - Portland (MxConv),--,Performance Max,None,0,0,0.00,0.00,OK,,Appears relevant for Portland market
esf camps,CM - pMax - Portland (MxConv),--,Performance Max,None,0,0,0.00,0.00,OK,,Appears relevant for Portland market
p3 summer camp,CM - pMax - Portland (MxConv),--,Performance Max,None,0,0,0.00,0.00,OK,,Appears relevant for Portland market
youth flag football near me,CM - pMax - Portland (MxConv),--,Performance Max,None,0,0,0.00,0.00,OK,,Appears relevant for Portland market
st joe's basketball camp,CM - pMax - Portland (MxConv),--,Performance Max,None,0,0,0.00,0.00,OK,,Appears relevant for Portland market
flexwork sports camps 2025,CM - pMax - Portland (MxConv),--,Performance Max,None,0,0,0.00,0.00,OK,,Appears relevant for Portland market
附近 游泳 馆,CM - pMax - Portland (MxConv),--,Performance Max,None,0,0,0.00,0.00,OK,,Appears relevant for Portland market
somers town camp,CM - pMax - Portland (MxConv),--,Performance Max,None,0,0,0.00,0.00,OK,,Appears relevant for Portland market
karate summer camp,CM - Non Brand - PMax,--,Performance Max,None,0,3,0.00,0.00,OK,,Appears relevant for Portland market
soccer stars,CM - Non Brand - PMax,--,Performance Max,None,0,13,0.00,0.00,OK,,Appears relevant for Portland market
fastbreak sports,CM - Non Brand - PMax,--,Performance Max,None,0,2,0.00,0.00,OK,,Appears relevant for Portland market
lacrosse near me,CM - Non Brand - PMax,--,Performance Max,None,0,1,0.00,0.00,OK,,Appears relevant for Portland market
stem summer camps,CM - Non Brand - PMax,--,Performance Max,None,0,2,0.00,0.00,OK,,Appears relevant for Portland market
mini golf southampton,CM - Non Brand - PMax,--,Performance Max,None,0,1,0.00,0.00,OK,,Appears relevant for Portland market
esf camp,CM - Non Brand - PMax,--,Performance Max,None,0,1,0.00,0.00,OK,,Appears relevant for Portland market
horseback riding camp near me,CM - Nonbranded - Geo Priorities (MxCx),Horseback Riding,Exact match (close variant),None,0,4,0.00,0.00,OK,,Appears relevant
basketball camps summer 2026,CM - Nonbranded - Geo Priorities (MxCx),Basketball Camp,Phrase match,None,0,8,0.00,0.00,OK,,Appears relevant
13 year old summer camp,CM - Nonbranded - Geo Priorities (MxCx),Soccer Camps,Phrase match (close variant),None,0,1,0.00,0.00,OK,,Appears relevant
kids strong summer camp,CM - Nonbranded - Geo Priorities (MxCx),Sports Camps,Phrase match (close variant),None,0,1,0.00,0.00,OK,,Appears relevant
sports camps for teens,CM - Nonbranded - Geo Priorities (MxCx),Sports Camps,Phrase match,None,0,3,0.00,0.00,OK,,Appears relevant
jaxson dart youth football camp,CM - Nonbranded - Geo Priorities (MxCx),Football Camps,Phrase match,None,2,6,5.46,0.00,OK,,Appears relevant
soccer camp long island,CM - Nonbranded - Geo Priorities (MxCx),Soccer Camps,Phrase match (close variant),None,0,3,0.00,0.00,OK,,Appears relevant
kids summer art camp near me,CM - Nonbranded - Geo Priorities (MxCx),Summer Camps,Phrase match,None,0,1,0.00,0.00,OK,,Appears relevant
east islip summer camp,CM - Nonbranded - Geo Priorities (MxCx),Summer Camps,Phrase match,None,1,4,2.22,0.00,OK,,Appears relevant
camp rays,CM - Nonbranded - Geo Priorities (MxCx),Summer Camps,Phrase match (close variant),None,0,2,0.00,0.00,OK,,Appears relevant
under each individual camp bay shore ny 11706 united states,CM - Nonbranded - Geo Priorities (MxCx),Summer Camps,Phrase match (close variant),None,0,0,0.00,0.00,OK,,Appears relevant
buckley summer camp,CM - Competitors - OldW - (Mx.Clicks),Competitors,Exact match (close variant),None,0,4,0.00,0.00,OK,,Competitor matched: 'buckley'
softball camps long island,CM - Nonbranded - Other Geos (MxConv),Softball Camps,Phrase match,Added,0,2,0.00,0.00,OK,,Appears relevant
summer camps,CM - pMax - Portland (MxConv),--,Performance Max,None,0,1,0.00,0.00,OK,,Appears relevant for Portland market
camp sebago maine,CM - pMax - Portland (MxConv),--,Performance Max,None,0,1,0.00,0.00,OK,,Appears relevant for Portland market
biddeford summer camp,CM - pMax - Portland (MxConv),--,Performance Max,None,0,1,0.00,0.00,OK,,Appears relevant for Portland market
yonkers summer camps,CM - pMax - Portland (MxConv),--,Performance Max,None,0,0,0.00,0.00,OK,,Appears relevant for Portland market
baseball academy,CM - pMax - Portland (MxConv),--,Performance Max,None,0,0,0.00,0.00,OK,,Appears relevant for Portland market
brookhaven day camp,CM - pMax - Portland (MxConv),--,Performance Max,None,0,0,0.00,0.00,OK,,Appears relevant for Portland market
hofstra university summer program,CM - pMax - Portland (MxConv),--,Performance Max,None,0,0,0.00,0.00,OK,,Appears relevant for Portland market
baseball practice near me,CM - pMax - Portland (MxConv),--,Performance Max,None,0,0,0.00,0.00,OK,,Appears relevant for Portland market
ymca camp east hampton,CM - pMax - Portland (MxConv),--,Performance Max,None,0,0,0.00,0.00,OK,,Appears relevant for Portland market
huntington ymca summer camp,CM - pMax - Portland (MxConv),--,Performance Max,None,0,0,0.00,0.00,OK,,Appears relevant for Portland market
first day of camp,CM - pMax - Portland (MxConv),--,Performance Max,None,0,0,0.00,0.00,OK,,Appears relevant for Portland market
gate hill day camp,CM - pMax - Portland (MxConv),--,Performance Max,None,0,0,0.00,0.00,OK,,Appears relevant for Portland market
camp for teens,CM - pMax - Portland (MxConv),--,Performance Max,None,0,0,0.00,0.00,OK,,Appears relevant for Portland market
camp hillard,CM - pMax - Portland (MxConv),--,Performance Max,None,0,0,0.00,0.00,OK,,Appears relevant for Portland market
rocky point cheerleading,CM - pMax - Portland (MxConv),--,Performance Max,None,0,0,0.00,0.00,OK,,Appears relevant for Portland market
hofstra day camp,CM - pMax - Portland (MxConv),--,Performance Max,None,0,0,0.00,0.00,OK,,Appears relevant for Portland market
football college camps,CM - pMax - Portland (MxConv),--,Performance Max,None,0,0,0.00,0.00,OK,,Appears relevant for Portland market
summer stars,CM - pMax - Portland (MxConv),--,Performance Max,None,0,0,0.00,0.00,OK,,Appears relevant for Portland market
day camp,CM - Non Brand - PMax,--,Performance Max,None,1,8,2.93,0.00,OK,,Appears relevant for Portland market
basketball stars camp,CM - Non Brand - PMax,--,Performance Max,None,0,1,0.00,0.00,OK,,Appears relevant for Portland market
british swim school adult lessons,CM - Non Brand - PMax,--,Performance Max,None,0,1,0.00,0.00,OK,,Appears relevant for Portland market
basketball summer camp,CM - Non Brand - PMax,--,Performance Max,None,1,6,2.61,0.00,OK,,Appears relevant for Portland market
white plains lacrosse camp,CM - Non Brand - PMax,--,Performance Max,None,0,1,0.00,0.00,OK,,Appears relevant for Portland market
summer camps near me,CM - Non Brand - PMax,--,Performance Max,None,1,10,1.49,0.00,OK,,Has converted - protected from negation
military camp for kids,CM - Non Brand - PMax,--,Performance Max,None,0,1,0.00,0.00,OK,,Appears relevant for Portland market
safety swim birthday party,CM - Non Brand - PMax,--,Performance Max,None,0,1,0.00,0.00,OK,,Appears relevant for Portland market
westchester day camp,CM - Nonbranded - Geo Priorities (MxCx),Summer Camps,Phrase match (close variant),None,0,1,0.00,0.00,OK,,Appears relevant
summercamp,CM - Nonbranded - Geo Priorities (MxCx),Summer Camps,Exact match (close variant),None,0,5,0.00,0.00,OK,,Appears relevant
art camps long island,CM - Nonbranded - Geo Priorities (MxCx),Summer Camps,Phrase match (close variant),None,1,10,2.84,0.00,OK,,Appears relevant
summer soccer camps,CM - Nonbranded - Geo Priorities (MxCx),Soccer Camps,Exact match (close variant),None,0,3,0.00,0.00,OK,,Appears relevant
beast summer camp,CM - Nonbranded - Geo Priorities (MxCx),Soccer Camps,Phrase match (close variant),None,0,1,0.00,0.00,OK,,Appears relevant
summer programs for kids,CM - Nonbranded - Geo Priorities (MxCx),Summer Camps,Exact match (close variant),Added,1,13,2.14,0.00,OK,,Appears relevant
camp summer,CM - Nonbranded - Geo Priorities (MxCx),Summer Camps,Exact match (close variant),None,0,2,0.00,0.00,OK,,Appears relevant
hofstra summer baseball camp,CM - Nonbranded - Geo Priorities (MxCx),Summer Camps,Phrase match,None,0,2,0.00,0.00,OK,,Appears relevant
summer camp for kids near me 2026,CM - Nonbranded - Geo Priorities (MxCx),Summer Camps,Phrase match,None,0,1,0.00,0.00,OK,,Appears relevant
bethpage summer camps,CM - Nonbranded - Geo Priorities (MxCx),Summer Camps,Phrase match,None,0,1,0.00,0.00,OK,,Appears relevant
old westbury summer camp,CM - Nonbranded - Geo Priorities (MxCx),Summer Camps,Exact match,Added,0,10,0.00,0.00,OK,,Appears relevant
eaglets day camp,CM - Nonbranded - Geo Priorities (MxCx),Summer Camps,Phrase match (close variant),None,1,2,2.94,0.00,OK,,Appears relevant
ossining camp,CM - Nonbranded - Geo Priorities (MxCx),Summer Camps,Phrase match (close variant),None,0,1,0.00,0.00,OK,,Appears relevant
summer camp for 3 year olds,CM - Nonbranded - Geo Priorities (MxCx),Summer Camps,Phrase match (close variant),None,0,1,0.00,0.00,OK,,Appears relevant
camp r us near me,CM - Nonbranded - Geo Priorities (MxCx),Summer Camps,Phrase match (close variant),None,0,1,0.00,0.00,OK,,Appears relevant
fresh air camp new york,CM - Nonbranded - Geo Priorities (MxCx),Summer Camps,Phrase match (close variant),None,0,1,0.00,0.00,OK,,Appears relevant
williston park summer camp,CM - Nonbranded - Geo Priorities (MxCx),Summer Camps,Phrase match,None,0,1,0.00,0.00,OK,,Appears relevant
middle country summer camp,CM - Nonbranded - Geo Priorities (MxCx),Summer Camps,Phrase match (close variant),None,0,1,0.00,0.00,OK,,Appears relevant
basketball summer camp,CM - Nonbranded - Geo Priorities (MxCx),Basketball Camp,Exact match,Added,4,13,7.04,0.00,OK,,Appears relevant
summer camp melville ny,CM - Nonbranded - Geo Priorities (MxCx),Summer Camps,Phrase match (close variant),None,0,2,0.00,0.00,OK,,Appears relevant
teen art camp near me,CM - Nonbranded - Geo Priorities (MxCx),Summer Camps,Phrase match (close variant),None,0,1,0.00,0.00,OK,,Appears relevant
lifetime kids camp,CM - Nonbranded - Geo Priorities (MxCx),Summer Camps,Phrase match,None,0,1,0.00,0.00,OK,,Appears relevant
football camps near me,CM - Nonbranded - Geo Priorities (MxCx),Football Camps,Exact match (close variant),Added,0,2,0.00,0.00,OK,,Appears relevant
2026 football prospect camps,CM - Nonbranded - Geo Priorities (MxCx),Football Camps,Phrase match,None,0,1,0.00,0.00,OK,,Appears relevant
hamptons tennis camp,CM - Nonbranded - Geo Priorities (MxCx),Tennis Camps,Phrase match (close variant),None,0,0,0.00,0.00,OK,,Appears relevant
future stars summer camps nassau,CM - Branded (Mx.Clicks),Future Stars Camp Brand,Phrase match,None,0,0,0.00,0.00,OK,,Brand term matched: 'future stars'
sound lacrosse camp,CM - Nonbranded - Other Geos (MxConv),Lacrosse Camps,Phrase match (close variant),None,0,2,0.00,0.00,OK,,Appears relevant
football training camp,CM - Nonbranded - Other Geos (MxConv),Football Camps,Exact match (close variant),None,0,2,0.00,0.00,OK,,Appears relevant
field hockey camp maine,CM - pMax - Portland (MxConv),--,Performance Max,None,0,2,0.00,0.00,OK,,Appears relevant for Portland market
usm volleyball camp 2026,CM - pMax - Portland (MxConv),--,Performance Max,None,0,1,0.00,0.00,OK,,Appears relevant for Portland market
summer camps maine,CM - pMax - Portland (MxConv),--,Performance Max,None,0,1,0.00,0.00,OK,,Appears relevant for Portland market
size soccer ball for 10u,CM - pMax - Portland (MxConv),--,Performance Max,None,0,1,0.00,0.00,OK,,Appears relevant for Portland market
seafaring terms,CM - pMax - Portland (MxConv),--,Performance Max,None,0,1,0.00,0.00,OK,,Appears relevant for Portland market
toe touch cheerleading,CM - pMax - Portland (MxConv),--,Performance Max,None,0,0,0.00,0.00,OK,,Appears relevant for Portland market
futures summer camp,CM - pMax - Portland (MxConv),--,Performance Max,None,0,0,0.00,0.00,OK,,Appears relevant for Portland market
westhampton tennis club,CM - pMax - Portland (MxConv),--,Performance Max,None,0,0,0.00,0.00,OK,,Appears relevant for Portland market
hofstra university camp,CM - pMax - Portland (MxConv),--,Performance Max,None,0,0,0.00,0.00,OK,,Appears relevant for Portland market
baseball for kids,CM - pMax - Portland (MxConv),--,Performance Max,None,0,0,0.00,0.00,OK,,Appears relevant for Portland market
free youth programs near me,CM - pMax - Portland (MxConv),--,Performance Max,None,0,0,0.00,0.00,OK,,Appears relevant for Portland market
sporttime,CM - Non Brand - PMax,--,Performance Max,None,0,1,0.00,0.00,OK,,Appears relevant for Portland market
tennis camps for kids near me,CM - Non Brand - PMax,--,Performance Max,None,0,2,0.00,0.00,OK,,Appears relevant for Portland market
basketball summer clinics,CM - Non Brand - PMax,--,Performance Max,None,0,2,0.00,0.00,OK,,Appears relevant for Portland market
soccer summer camps near me,CM - Nonbranded - Geo Priorities (MxCx),Soccer Camps,Phrase match (close variant),None,0,1,0.00,0.00,OK,,Appears relevant
parkour summer camp,CM - Nonbranded - Geo Priorities (MxCx),Soccer Camps,Phrase match (close variant),None,0,1,0.00,0.00,OK,,Appears relevant
wiffle ball camp,CM - Nonbranded - Geo Priorities (MxCx),Sports Camps,Phrase match (close variant),None,0,2,0.00,0.00,OK,,Appears relevant
field hockey camp,CM - Nonbranded - Geo Priorities (MxCx),Sports Camps,Phrase match (close variant),None,0,1,0.00,0.00,OK,,Appears relevant
summer camp for 1 year old near me,CM - Nonbranded - Geo Priorities (MxCx),Summer Camps,Phrase match,None,0,2,0.00,0.00,OK,,Appears relevant
bright stars summer camp,CM - Nonbranded - Geo Priorities (MxCx),Summer Camps,Phrase match,None,0,1,0.00,0.00,OK,,Appears relevant
summer youth programs,CM - Nonbranded - Geo Priorities (MxCx),Summer Camps,Phrase match (close variant),None,0,1,0.00,0.00,OK,,Appears relevant
qb camp for youth,CM - Nonbranded - Geo Priorities (MxCx),Football Camps,Phrase match (close variant),None,0,2,0.00,0.00,OK,,Appears relevant
summer day camp long island ny,CM - Nonbranded - Geo Priorities (MxCx),Summer Camps,Phrase match (close variant),None,0,1,0.00,0.00,OK,,Appears relevant
basketball summer camp 5 year old,CM - Nonbranded - Geo Priorities (MxCx),Basketball Camp,Phrase match,None,0,6,0.00,0.00,OK,,Appears relevant
kids summer sports near me,CM - Nonbranded - Geo Priorities (MxCx),Sports Camps,Phrase match (close variant),None,0,2,0.00,0.00,OK,,Appears relevant
summer camp long island,CM - Nonbranded - Geo Priorities (MxCx),Summer Camps,Phrase match (close variant),None,0,9,0.00,0.00,OK,,Appears relevant
tackle football camps for youths near me,CM - Nonbranded - Other Geos (MxConv),Football Camps,Phrase match (close variant),None,0,1,0.00,0.00,OK,,Appears relevant
tennis camps for girls,CM - Nonbranded - Other Geos (MxConv),Tennis Camps,Phrase match,None,1,3,3.71,0.00,OK,,Appears relevant
gymnastics summer camp near me,CM - Nonbranded - Other Geos (MxConv),Summer Camps,Phrase match,None,0,0,0.00,0.00,OK,,Appears relevant
soccer camp hamptons,CM - Nonbranded - Other Geos (MxConv),Summer Camps,Phrase match (close variant),None,0,0,0.00,0.00,OK,,Appears relevant
basketball camps in maine,CM - pMax - Portland (MxConv),--,Performance Max,None,0,1,0.00,0.00,OK,,Appears relevant for Portland market
spartan kids camp,CM - pMax - Portland (MxConv),--,Performance Max,None,0,0,0.00,0.00,OK,,Appears relevant for Portland market
robin hood day camp,CM - pMax - Portland (MxConv),--,Performance Max,None,0,0,0.00,0.00,OK,,Appears relevant for Portland market
lugares de diversión para niños cerca de mí,CM - pMax - Portland (MxConv),--,Performance Max,None,0,0,0.00,0.00,OK,,Appears relevant for Portland market
liu summer camp,CM - pMax - Portland (MxConv),--,Performance Max,None,0,0,0.00,0.00,OK,,Appears relevant for Portland market
that kid's gonna be a pro athlete,CM - pMax - Portland (MxConv),--,Performance Max,None,0,0,0.00,0.00,OK,,Appears relevant for Portland market
lease a horse near me,CM - Non Brand - PMax,--,Performance Max,None,0,1,0.00,0.00,OK,,Appears relevant for Portland market
best soccer camps near me,CM - Non Brand - PMax,--,Performance Max,None,0,1,0.00,0.00,OK,,Appears relevant for Portland market
soccer camps near me,CM - Non Brand - PMax,--,Performance Max,None,0,4,0.00,0.00,OK,,Appears relevant for Portland market
summer camp for 2 years old near me,CM - Nonbranded - Geo Priorities (MxCx),Summer Camps,Phrase match,None,0,1,0.00,0.00,OK,,Appears relevant
summer programs for kids in long island,CM - Nonbranded - Geo Priorities (MxCx),Summer Camps,Phrase match (close variant),None,0,1,0.00,0.00,OK,,Appears relevant
cheer camps near me,CM - Nonbranded - Geo Priorities (MxCx),Summer Camps,Phrase match (close variant),None,1,1,2.59,0.45,OK,,Has converted - protected from negation
islip town summer camp,CM - Nonbranded - Geo Priorities (MxCx),Summer Camps,Phrase match,None,0,2,0.00,0.00,OK,,Appears relevant
summer basketball near me,CM - Nonbranded - Geo Priorities (MxCx),Basketball Camp,Phrase match (close variant),None,0,2,0.00,0.00,OK,,Appears relevant
camp long island,CM - Nonbranded - Geo Priorities (MxCx),Summer Camps,Exact match (close variant),None,1,13,1.97,0.00,OK,,Appears relevant
malverne summer rec,CM - Nonbranded - Geo Priorities (MxCx),Summer Camps,Phrase match (close variant),None,0,2,0.00,0.00,OK,,Appears relevant
new hyde park summer camp,CM - Nonbranded - Geo Priorities (MxCx),Summer Camps,Phrase match (close variant),None,0,2,0.00,0.00,OK,,Appears relevant
fun things for summer camp,CM - Nonbranded - Geo Priorities (MxCx),Summer Camps,Phrase match,None,0,2,0.00,0.00,OK,,Appears relevant
camp pinebrook new rochelle,CM - Nonbranded - Geo Priorities (MxCx),Soccer Camps,Phrase match (close variant),None,0,1,0.00,0.00,OK,,Appears relevant
soccer summer programs near me,CM - Nonbranded - Geo Priorities (MxCx),Soccer Camps,Exact match (close variant),None,0,3,0.00,0.00,OK,,Appears relevant
summer camp westchester ny,CM - Nonbranded - Geo Priorities (MxCx),Summer Camps,Phrase match (close variant),None,0,1,0.00,0.00,OK,,Appears relevant
softball pitching clinic,CM - Nonbranded - Geo Priorities (MxCx),Softball Camps,Phrase match,None,1,2,2.75,0.00,OK,,Appears relevant
day camps new york,CM - Nonbranded - Geo Priorities (MxCx),Summer Camps,Phrase match (close variant),None,0,2,0.00,0.00,OK,,Appears relevant
cheer camps,CM - Nonbranded - Geo Priorities (MxCx),Sports Camps,Phrase match (close variant),None,0,3,0.00,0.00,OK,,Appears relevant
volleyball camps 2025,CM - Nonbranded - Geo Priorities (MxCx),Volleyball Camps,Phrase match,None,0,0,0.00,0.00,OK,,Appears relevant
hofstra camp,CM - Competitors - OldW - (Mx.Clicks),Competitors,Exact match,Added,0,17,0.00,0.00,OK,,Competitor matched: 'hofstra'
luhi day camp,CM - Competitors - OldW - (Mx.Clicks),Competitors,Exact match (close variant),None,1,1,4.18,0.00,OK,,Competitor matched: 'luhi'
future stars softball camp,CM - Branded (Mx.Clicks),Future Stars Camp Brand,Phrase match,None,2,3,2.05,0.00,OK,,Brand term matched: 'future stars'
football camp for 13 year olds,CM - Nonbranded - Other Geos (MxConv),Football Camps,Phrase match,None,0,2,0.00,0.00,OK,,Appears relevant
camp ketcha summer camp,CM - pMax - Portland (MxConv),--,Performance Max,None,0,1,0.00,0.00,OK,,Appears relevant for Portland market
men's lacrosse rules,CM - pMax - Portland (MxConv),--,Performance Max,None,0,1,0.00,0.00,OK,,Appears relevant for Portland market
north shore summer camp,CM - pMax - Portland (MxConv),--,Performance Max,None,0,0,0.00,0.00,OK,,Appears relevant for Portland market
dance school near me for kids,CM - pMax - Portland (MxConv),--,Performance Max,None,0,0,0.00,0.00,OK,,Appears relevant for Portland market
camps for autistic kids near me,CM - pMax - Portland (MxConv),--,Performance Max,None,0,0,0.00,0.00,OK,,Appears relevant for Portland market
summer softball,CM - pMax - Portland (MxConv),--,Performance Max,None,0,0,0.00,0.00,OK,,Appears relevant for Portland market
lacrosse camps girls,CM - pMax - Portland (MxConv),--,Performance Max,None,0,0,0.00,0.00,OK,,Appears relevant for Portland market
free summer camp in the bronx,CM - pMax - Portland (MxConv),--,Performance Max,None,0,0,0.00,0.00,OK,,Appears relevant for Portland market
flag football summer camp near me,CM - pMax - Portland (MxConv),--,Performance Max,None,0,0,0.00,0.00,OK,,Appears relevant for Portland market
football 9u,CM - pMax - Portland (MxConv),--,Performance Max,None,0,0,0.00,0.00,OK,,Appears relevant for Portland market
ymca patchogue,CM - pMax - Portland (MxConv),--,Performance Max,None,0,0,0.00,0.00,OK,,Appears relevant for Portland market
summer school near me,CM - pMax - Portland (MxConv),--,Performance Max,None,0,0,0.00,0.00,OK,,Appears relevant for Portland market
white plains soccer camp,CM - Nonbranded - Geo Priorities (MxCx),Soccer Camps,Phrase match,None,0,1,0.00,0.00,OK,,Appears relevant
summer camp for 5 year old,CM - Nonbranded - Geo Priorities (MxCx),Summer Camps,Phrase match,None,0,3,0.00,0.00,OK,,Appears relevant
science camps for kids near me,CM - Nonbranded - Geo Priorities (MxCx),Summer Camps,Phrase match,None,0,2,0.00,0.00,OK,,Appears relevant
college football camps 2026,CM - Nonbranded - Geo Priorities (MxCx),Football Camps,Phrase match,None,0,1,0.00,0.00,OK,,Appears relevant
longwood booster summer camp,CM - Nonbranded - Geo Priorities (MxCx),Summer Camps,Phrase match,None,0,1,0.00,0.00,OK,,Appears relevant
st pats summer camp 2026,CM - Nonbranded - Geo Priorities (MxCx),Summer Camps,Phrase match,None,0,4,0.00,0.00,OK,,Appears relevant
long island summer soccer camps,CM - Nonbranded - Geo Priorities (MxCx),Soccer Camps,Phrase match,None,0,3,0.00,0.00,OK,,Appears relevant
campus camps holbrook,CM - Nonbranded - Geo Priorities (MxCx),Summer Camps,Phrase match (close variant),None,1,11,2.88,0.00,OK,,Appears relevant
boys scout camp near me,CM - Nonbranded - Geo Priorities (MxCx),Summer Camps,Phrase match (close variant),None,0,1,0.00,0.00,OK,,Appears relevant
swimming summer camp,CM - Nonbranded - Geo Priorities (MxCx),Summer Camps,Phrase match (close variant),None,0,2,0.00,0.00,OK,,Appears relevant
teens summer programs,CM - Nonbranded - Geo Priorities (MxCx),Summer Camps,Phrase match (close variant),None,1,8,2.82,0.00,OK,,Appears relevant
hope lutheran summer camp,CM - Nonbranded - Geo Priorities (MxCx),Summer Camps,Phrase match (close variant),None,0,1,0.00,0.00,OK,,Appears relevant
long island day camp,CM - Nonbranded - Geo Priorities (MxCx),Summer Camps,Exact match,Added,0,10,0.00,0.00,OK,,Appears relevant
saint leo camps,CM - Nonbranded - Geo Priorities (MxCx),Sports Camps,Phrase match (close variant),None,0,1,0.00,0.00,OK,,Appears relevant
long island summer soccer camps,CM - Nonbranded - Geo Priorities (MxCx),Summer Camps,Phrase match (close variant),None,0,1,0.00,0.00,OK,,Appears relevant
summer camp for kids,CM - Nonbranded - Geo Priorities (MxCx),Soccer Camps,Exact match (close variant),None,0,4,0.00,0.00,OK,,Appears relevant
kids soccer summer camps near me,CM - Nonbranded - Geo Priorities (MxCx),Summer Camps,Phrase match,None,0,0,0.00,0.00,OK,,Appears relevant
football summer camp,CM - Nonbranded - Geo Priorities (MxCx),Football Camps,Exact match (close variant),None,0,0,0.00,0.00,OK,,Appears relevant
globall sports centers,CM - Non Brand - PMax,--,Performance Max,None,0,1,0.00,0.00,OK,,Appears relevant for Portland market
places for kids,CM - Non Brand - PMax,--,Performance Max,None,0,1,0.00,0.00,OK,,Appears relevant for Portland market
westhampton tennis,CM - Non Brand - PMax,--,Performance Max,None,0,6,0.00,0.00,OK,,Appears relevant for Portland market
blue wave basketball,CM - pMax - Portland (MxConv),--,Performance Max,None,0,1,0.00,0.00,OK,,Appears relevant for Portland market
youth bat size chart,CM - pMax - Portland (MxConv),--,Performance Max,None,0,1,0.00,0.00,OK,,Appears relevant for Portland market
maine audubon camp,CM - pMax - Portland (MxConv),--,Performance Max,None,1,2,2.32,0.00,OK,,Appears relevant for Portland market
summer camps for kids in maine,CM - pMax - Portland (MxConv),--,Performance Max,None,1,2,0.86,0.00,OK,,Appears relevant for Portland market
camp in touch,CM - pMax - Portland (MxConv),--,Performance Max,None,0,0,0.00,0.00,OK,,Appears relevant for Portland market
myswimpro,CM - pMax - Portland (MxConv),--,Performance Max,None,0,0,0.00,0.00,OK,,Appears relevant for Portland market
www hofstra edu camp,CM - pMax - Portland (MxConv),--,Performance Max,None,0,0,0.00,0.00,OK,,Appears relevant for Portland market
future stats,CM - pMax - Portland (MxConv),--,Performance Max,None,0,0,0.00,0.00,OK,,Appears relevant for Portland market
horse stables near me,CM - pMax - Portland (MxConv),--,Performance Max,None,0,0,0.00,0.00,OK,,Appears relevant for Portland market
swim team license,CM - pMax - Portland (MxConv),--,Performance Max,None,0,0,0.00,0.00,OK,,Appears relevant for Portland market
brookhaven camp,CM - pMax - Portland (MxConv),--,Performance Max,None,0,0,0.00,0.00,OK,,Appears relevant for Portland market
camp america,CM - pMax - Portland (MxConv),--,Performance Max,None,0,0,0.00,0.00,OK,,Appears relevant for Portland market
mohawk camp,CM - pMax - Portland (MxConv),--,Performance Max,None,0,0,0.00,0.00,OK,,Appears relevant for Portland market
cheap summer camps near me,CM - pMax - Portland (MxConv),--,Performance Max,None,0,0,0.00,0.00,OK,,Appears relevant for Portland market
stage left children's theater,CM - pMax - Portland (MxConv),--,Performance Max,None,0,0,0.00,0.00,OK,,Appears relevant for Portland market
east meadow baseball camp,CM - pMax - Portland (MxConv),--,Performance Max,None,0,0,0.00,0.00,OK,,Appears relevant for Portland market
soccer for 4 year olds near me,CM - pMax - Portland (MxConv),--,Performance Max,None,0,0,0.00,0.00,OK,,Appears relevant for Portland market
camp laurelwood,CM - pMax - Portland (MxConv),--,Performance Max,None,0,0,0.00,0.00,OK,,Appears relevant for Portland market
softball training near me,CM - pMax - Portland (MxConv),--,Performance Max,None,0,0,0.00,0.00,OK,,Appears relevant for Portland market
campamento futbol,CM - pMax - Portland (MxConv),--,Performance Max,None,0,0,0.00,0.00,OK,,Appears relevant for Portland market
delbarton football camp,CM - Nonbranded - Geo Priorities (MxCx),Football Camps,Phrase match,None,0,3,0.00,0.00,OK,,Appears relevant
field hockey camps on long island,CM - Nonbranded - Geo Priorities (MxCx),Summer Camps,Phrase match (close variant),None,0,1,0.00,0.00,OK,,Appears relevant
science camp long island,CM - Nonbranded - Geo Priorities (MxCx),Summer Camps,Phrase match (close variant),None,0,2,0.00,0.00,OK,,Appears relevant
avnet day camp,CM - Nonbranded - Geo Priorities (MxCx),Summer Camps,Phrase match (close variant),None,0,3,0.00,0.00,OK,,Appears relevant
summer camp 4 year old,CM - Nonbranded - Geo Priorities (MxCx),Summer Camps,Phrase match (close variant),None,0,1,0.00,0.00,OK,,Appears relevant
crunchlabs summer camp,CM - Nonbranded - Geo Priorities (MxCx),Summer Camps,Phrase match,None,0,1,0.00,0.00,OK,,Appears relevant
summer camp nassau county,CM - Nonbranded - Geo Priorities (MxCx),Summer Camps,Phrase match (close variant),None,0,7,0.00,0.00,OK,,Appears relevant
parks and rec summer camp,CM - Nonbranded - Geo Priorities (MxCx),Summer Camps,Phrase match,None,0,1,0.00,0.00,OK,,Appears relevant
day camps nassau county ny,CM - Nonbranded - Geo Priorities (MxCx),Summer Camps,Phrase match (close variant),None,0,2,0.00,0.00,OK,,Appears relevant
harbor day camp,CM - Nonbranded - Geo Priorities (MxCx),Summer Camps,Phrase match (close variant),None,1,9,2.94,0.00,OK,,Appears relevant
summer camp for 2 year olds near me,CM - Nonbranded - Geo Priorities (MxCx),Summer Camps,Phrase match,None,0,1,0.00,0.00,OK,,Appears relevant
tennis camp for kids,CM - Nonbranded - Geo Priorities (MxCx),Summer Camps,Phrase match,None,1,2,2.11,0.00,OK,,Appears relevant
girls volleyball near me,CM - Nonbranded - Geo Priorities (MxCx),Volleyball Camps,Phrase match (close variant),None,0,0,0.00,0.00,OK,,Appears relevant
summer camp with field trips,CM - Nonbranded - Geo Priorities (MxCx),Summer Camps,Phrase match,None,0,0,0.00,0.00,OK,,Appears relevant
brookhaven summer camp,CM - Non Brand - PMax,--,Performance Max,None,0,1,0.00,0.00,OK,,Appears relevant for Portland market
lic stars camp,CM - Non Brand - PMax,--,Performance Max,None,0,2,0.00,0.00,OK,,Appears relevant for Portland market
pony rides near me,CM - Non Brand - PMax,--,Performance Max,None,0,2,0.00,0.00,OK,,Appears relevant for Portland market
tennis lessons,CM - Non Brand - PMax,--,Performance Max,None,0,10,0.00,0.00,OK,,Appears relevant for Portland market
future stars summer camp,CM - Branded (Mx.Clicks),Future Stars Camp Brand,Exact match,Added,0,0,0.00,0.00,OK,,Has converted - protected from negation
basketball camp near me summer 2026,CM - Nonbranded - Other Geos (MxConv),Basketball Camp,Phrase match,None,0,3,0.00,0.00,OK,,Appears relevant
summer camp portland maine,CM - pMax - Portland (MxConv),--,Performance Max,None,0,1,0.00,0.00,OK,,Appears relevant for Portland market
cheap summer camps for kids,CM - pMax - Portland (MxConv),--,Performance Max,None,0,0,0.00,0.00,OK,,Appears relevant for Portland market
camp anchor drama,CM - pMax - Portland (MxConv),--,Performance Max,None,0,0,0.00,0.00,OK,,Appears relevant for Portland market
golf for kids near me,CM - pMax - Portland (MxConv),--,Performance Max,None,0,0,0.00,0.00,OK,,Appears relevant for Portland market
pony camp hamptons,CM - pMax - Portland (MxConv),--,Performance Max,None,0,0,0.00,0.00,OK,,Appears relevant for Portland market
nycfc soccer camp,CM - pMax - Portland (MxConv),--,Performance Max,None,0,0,0.00,0.00,OK,,Appears relevant for Portland market
dix hills hockey clinics,CM - pMax - Portland (MxConv),--,Performance Max,None,0,0,0.00,0.00,OK,,Appears relevant for Portland market
horse camp for girls,CM - pMax - Portland (MxConv),--,Performance Max,None,0,0,0.00,0.00,OK,,Appears relevant for Portland market
soccer camp for 6 year olds,CM - Nonbranded - Geo Priorities (MxCx),Soccer Camps,Phrase match,None,0,2,0.00,0.00,OK,,Appears relevant
summer day camps nassau county,CM - Nonbranded - Geo Priorities (MxCx),Summer Camps,Phrase match (close variant),None,0,1,0.00,0.00,OK,,Appears relevant
august summer camp,CM - Nonbranded - Geo Priorities (MxCx),Summer Camps,Phrase match,None,0,2,0.00,0.00,OK,,Appears relevant
tackle football camps,CM - Nonbranded - Geo Priorities (MxCx),Football Camps,Phrase match,None,0,1,0.00,0.00,OK,,Appears relevant
wantagh park summer camp,CM - Nonbranded - Geo Priorities (MxCx),Soccer Camps,Phrase match (close variant),None,0,2,0.00,0.00,OK,,Appears relevant
gymnastics camp,CM - Nonbranded - Geo Priorities (MxCx),Sports Camps,Phrase match (close variant),None,1,13,2.76,0.08,OK,,Has converted - protected from negation
baseball camps near me 2026,CM - Nonbranded - Geo Priorities (MxCx),Summer Camps,Phrase match (close variant),None,0,3,0.00,0.00,OK,,Appears relevant
volleyball camp kids,CM - Nonbranded - Geo Priorities (MxCx),Volleyball Camps,Exact match (close variant),None,0,1,0.00,0.00,OK,,Appears relevant
summer camp tutoring,CM - Nonbranded - Geo Priorities (MxCx),Summer Camps,Phrase match,None,0,1,0.00,0.00,OK,,Appears relevant
sports camp long island,CM - Nonbranded - Geo Priorities (MxCx),Sports Camps,Phrase match (close variant),Added,0,2,0.00,0.00,OK,,Appears relevant
summer camp in nassau county,CM - Nonbranded - Geo Priorities (MxCx),Summer Camps,Phrase match (close variant),None,0,1,0.00,0.00,OK,,Appears relevant
summer camp for teens near me,CM - Nonbranded - Geo Priorities (MxCx),Summer Camps,Phrase match,None,0,6,0.00,0.00,OK,,Appears relevant
summer camps around me,CM - Nonbranded - Geo Priorities (MxCx),Summer Camps,Exact match (close variant),None,0,4,0.00,0.00,OK,,Appears relevant
summer camp,CM - Nonbranded - Geo Priorities (MxCx),Soccer Camps,Phrase match (close variant),None,0,8,0.00,0.00,OK,,Appears relevant
longwood summer camp,CM - Nonbranded - Geo Priorities (MxCx),Summer Camps,Phrase match (close variant),None,0,1,0.00,0.00,OK,,Appears relevant
booster camp smithtown,CM - Nonbranded - Geo Priorities (MxCx),Sports Camps,Phrase match (close variant),None,0,1,0.00,0.00,OK,,Appears relevant
track summer camps,CM - Nonbranded - Geo Priorities (MxCx),Sports Camps,Phrase match (close variant),None,0,1,0.00,0.00,OK,,Appears relevant
baseball clinics long island,CM - Nonbranded - Geo Priorities (MxCx),Baseball Camps,Phrase match (close variant),None,0,0,0.00,0.00,OK,,Appears relevant
tennis center near me,CM - Nonbranded - Other Geos (MxConv),Tennis Camps,Broad match,None,0,3,0.00,0.00,OK,,Appears relevant
westhampton summer camp,CM - Nonbranded - Other Geos (MxConv),Tennis Camps,Broad match,None,0,4,0.00,0.00,OK,,Appears relevant
2way camp,CM - Nonbranded - Other Geos (MxConv),Lacrosse Camps,Phrase match (close variant),None,0,1,0.00,0.00,OK,,Appears relevant
southampton camp,CM - Nonbranded - Other Geos (MxConv),Summer Camps,Exact match,Added,0,0,0.00,0.00,OK,,Appears relevant
basketball camp,CM - Nonbranded - Other Geos (MxConv),Summer Camps,Phrase match (close variant),None,0,0,0.00,0.00,OK,,Appears relevant
sports hub long island,CM - Competitors - OldW - (Mx.Clicks),Competitors,Exact match (close variant),None,0,1,0.00,0.00,OK,,Competitor matched: 'sports hub long island'
future stars coupon,CM - Branded (Mx.Clicks),Future Stars Camp Brand,Phrase match,None,0,2,0.00,0.00,OK,,Brand term matched: 'future stars'
roslyn summer camp,CM - Non Brand - PMax,--,Performance Max,None,0,1,0.00,0.00,OK,,Appears relevant for Portland market
camp,CM - Non Brand - PMax,--,Performance Max,None,0,6,0.00,0.00,OK,,Appears relevant for Portland market
summer fun camp,CM - Non Brand - PMax,--,Performance Max,None,0,2,0.00,0.00,OK,,Appears relevant for Portland market
tennis camp,CM - Nonbranded - Other Geos (MxConv),Tennis Camps,Exact match,Added,0,8,0.00,0.00,OK,,Appears relevant
tennis clubs westchester,CM - Nonbranded - Other Geos (MxConv),Tennis Camps,Broad match,None,0,2,0.00,0.00,OK,,Appears relevant
westchester summer camps 2026,CM - Nonbranded - Other Geos (MxConv),Tennis Camps,Broad match,None,0,4,0.00,0.00,OK,,Appears relevant
paramount lacrosse camp,CM - pMax - Portland (MxConv),--,Performance Max,None,0,1,0.00,0.00,OK,,Appears relevant for Portland market
dance camps near me,CM - pMax - Portland (MxConv),--,Performance Max,None,0,0,0.00,0.00,OK,,Appears relevant for Portland market
sportime quogue class schedule,CM - pMax - Portland (MxConv),--,Performance Max,None,0,0,0.00,0.00,OK,,Appears relevant for Portland market
ceed summer camp,CM - pMax - Portland (MxConv),--,Performance Max,None,0,0,0.00,0.00,OK,,Appears relevant for Portland market
woodmont day camp,CM - pMax - Portland (MxConv),--,Performance Max,None,0,0,0.00,0.00,OK,,Appears relevant for Portland market
ymca org camp,CM - pMax - Portland (MxConv),--,Performance Max,None,0,0,0.00,0.00,OK,,Appears relevant for Portland market
kid basketball video,CM - pMax - Portland (MxConv),--,Performance Max,None,0,0,0.00,0.00,OK,,Appears relevant for Portland market
tennis club near me,CM - pMax - Portland (MxConv),--,Performance Max,None,0,0,0.00,0.00,OK,,Appears relevant for Portland market
camp kenwal,CM - pMax - Portland (MxConv),--,Performance Max,None,0,0,0.00,0.00,OK,,Appears relevant for Portland market
free volleyball programs near me,CM - pMax - Portland (MxConv),--,Performance Max,None,0,0,0.00,0.00,OK,,Appears relevant for Portland market
nyc camp,CM - pMax - Portland (MxConv),--,Performance Max,None,0,0,0.00,0.00,OK,,Appears relevant for Portland market
off the dribble,CM - pMax - Portland (MxConv),--,Performance Max,None,0,0,0.00,0.00,OK,,Appears relevant for Portland market
cresskill summer camp,CM - pMax - Portland (MxConv),--,Performance Max,None,0,0,0.00,0.00,OK,,Appears relevant for Portland market
soccer summer camp long island,CM - Non Brand - PMax,--,Performance Max,None,1,3,2.35,1.00,OK,,Has converted - protected from negation
mad scientist party,CM - Non Brand - PMax,--,Performance Max,None,0,1,0.00,0.00,OK,,Appears relevant for Portland market
westchester camps,CM - Non Brand - PMax,--,Performance Max,None,0,1,0.00,0.00,OK,,Appears relevant for Portland market
tennis camps near me,CM - Non Brand - PMax,--,Performance Max,None,0,8,0.00,0.00,OK,,Appears relevant for Portland market
horse riding,CM - Non Brand - PMax,--,Performance Max,None,0,1,0.00,0.00,OK,,Appears relevant for Portland market
volleyball summer camp near me,CM - Non Brand - PMax,--,Performance Max,None,0,1,0.00,0.00,OK,,Appears relevant for Portland market
volleyball summer camps long island,CM - Nonbranded - Geo Priorities (MxCx),Summer Camps,Phrase match,None,0,5,0.00,0.00,OK,,Appears relevant
ninja warrior camp,CM - Nonbranded - Geo Priorities (MxCx),Sports Camps,Phrase match (close variant),None,0,5,0.00,0.00,OK,,Appears relevant
westchester soccer camps,CM - Nonbranded - Geo Priorities (MxCx),Soccer Camps,Phrase match,None,1,1,1.52,0.00,OK,,Appears relevant
summer camp fee,CM - Nonbranded - Geo Priorities (MxCx),Summer Camps,Phrase match,None,1,1,2.52,0.00,OK,,Appears relevant
summer programs for kids,CM - Nonbranded - Geo Priorities (MxCx),Soccer Camps,Phrase match (close variant),None,1,14,2.98,0.00,OK,,Appears relevant
august summer camps,CM - Nonbranded - Geo Priorities (MxCx),Summer Camps,Phrase match (close variant),None,0,3,0.00,0.00,OK,,Appears relevant
summer camp for kids 2026,CM - Nonbranded - Geo Priorities (MxCx),Soccer Camps,Phrase match (close variant),None,0,1,0.00,0.00,OK,,Appears relevant
st francis prep volleyball camp,CM - Nonbranded - Geo Priorities (MxCx),Volleyball Camps,Phrase match,None,0,1,0.00,0.00,OK,,Appears relevant
south shore camp,CM - Nonbranded - Geo Priorities (MxCx),Summer Camps,Phrase match (close variant),None,0,3,0.00,0.00,OK,,Appears relevant
little gym summer camp,CM - Nonbranded - Geo Priorities (MxCx),Summer Camps,Phrase match (close variant),None,0,1,0.00,0.00,OK,,Appears relevant
summer camp swimming near me,CM - Nonbranded - Geo Priorities (MxCx),Summer Camps,Phrase match,None,0,1,0.00,0.00,OK,,Appears relevant
multi sport camp near me,CM - Nonbranded - Geo Priorities (MxCx),Soccer Camps,Phrase match (close variant),None,0,1,0.00,0.00,OK,,Appears relevant
hofstra summer basketball camp,CM - Nonbranded - Geo Priorities (MxCx),Basketball Camp,Phrase match,None,1,1,2.87,0.00,OK,,Appears relevant
compass summer camp,CM - Nonbranded - Geo Priorities (MxCx),Summer Camps,Phrase match,None,0,1,0.00,0.00,OK,,Appears relevant
summer camps near me for kids,CM - Nonbranded - Geo Priorities (MxCx),Summer Camps,Exact match (close variant),None,1,2,0.83,0.00,OK,,Appears relevant
summer track programs near me,CM - Nonbranded - Geo Priorities (MxCx),Sports Camps,Phrase match (close variant),None,0,1,0.00,0.00,OK,,Appears relevant
hofstra baseball summer camp,CM - Nonbranded - Geo Priorities (MxCx),Summer Camps,Phrase match,None,0,1,0.00,0.00,OK,,Appears relevant
cheerleading camps for teens,CM - Nonbranded - Geo Priorities (MxCx),Summer Camps,Phrase match (close variant),None,0,1,0.00,0.00,OK,,Appears relevant
horseback riding camp long island,CM - Nonbranded - Geo Priorities (MxCx),Horseback Riding,Phrase match,None,1,4,2.11,0.00,OK,,Appears relevant
hockey camps long island,CM - Nonbranded - Geo Priorities (MxCx),Sports Camps,Phrase match (close variant),None,0,0,0.00,0.00,OK,,Appears relevant
soccer summer clinics near me,CM - Nonbranded - Geo Priorities (MxCx),Summer Camps,Phrase match (close variant),None,0,0,0.00,0.00,OK,,Appears relevant
summer sports near me,CM - Nonbranded - Geo Priorities (MxCx),Sports Camps,Phrase match (close variant),None,0,0,0.00,0.00,OK,,Appears relevant
volleyball lessons near me,CM - Nonbranded - Geo Priorities (MxCx),Volleyball Camps,Exact match (close variant),None,0,0,0.00,0.00,OK,,Appears relevant
summer sports near me,CM - Nonbranded - Geo Priorities (MxCx),Sports Camps,Exact match (close variant),None,0,0,0.00,0.00,OK,,Appears relevant
oasis camp,CM - Competitors - OldW - (Mx.Clicks),Competitors,Exact match (close variant),Added,0,4,0.00,0.00,OK,,Competitor matched: 'oasis'
kenwal day camp,CM - Competitors - OldW - (Mx.Clicks),Competitors,Exact match,Added,3,36,12.72,0.00,OK,,Competitor matched: 'kenwal'
future stars camp review,CM - Branded (Mx.Clicks),Future Stars Camp Brand,Phrase match,None,0,0,0.00,0.00,OK,,Brand term matched: 'future stars'
tight end football camps,CM - Nonbranded - Other Geos (MxConv),Football Camps,Phrase match,None,0,1,0.00,0.00,OK,,Appears relevant
dribbl summer camp,CM - Nonbranded - Other Geos (MxConv),Basketball Camp,Phrase match (close variant),None,0,1,0.00,0.00,OK,,Appears relevant
waynflete summer camp 2026,CM - pMax - Portland (MxConv),--,Performance Max,None,0,1,0.00,0.00,OK,,Appears relevant for Portland market
soccer goalie camps summer 2025,CM - pMax - Portland (MxConv),--,Performance Max,None,0,0,0.00,0.00,OK,,Appears relevant for Portland market
camp america usa,CM - pMax - Portland (MxConv),--,Performance Max,None,0,0,0.00,0.00,OK,,Appears relevant for Portland market
things to do in riverhead with kids,CM - pMax - Portland (MxConv),--,Performance Max,None,0,0,0.00,0.00,OK,,Appears relevant for Portland market
volleyball camps 2025,CM - pMax - Portland (MxConv),--,Performance Max,None,0,0,0.00,0.00,OK,,Appears relevant for Portland market
cheer camp,CM - pMax - Portland (MxConv),--,Performance Max,None,0,0,0.00,0.00,OK,,Appears relevant for Portland market
crc camp,CM - pMax - Portland (MxConv),--,Performance Max,None,0,0,0.00,0.00,OK,,Appears relevant for Portland market
kids tennis racket sizing,CM - Non Brand - PMax,--,Performance Max,None,0,2,0.00,0.00,OK,,Appears relevant for Portland market
volleyball stamford ct,CM - Non Brand - PMax,--,Performance Max,None,0,2,0.00,0.00,OK,,Appears relevant for Portland market
activities near me,CM - Non Brand - PMax,--,Performance Max,None,0,1,0.00,0.00,OK,,Appears relevant for Portland market
summer camps portland maine,CM - Non Brand - PMax,--,Performance Max,None,0,1,0.00,0.00,OK,,Appears relevant for Portland market
nerf camp near me,CM - Nonbranded - Geo Priorities (MxCx),Summer Camps,Phrase match (close variant),None,1,2,1.35,0.00,OK,,Appears relevant
day camp long island,CM - Nonbranded - Geo Priorities (MxCx),Summer Camps,Exact match (close variant),None,1,6,2.95,0.00,OK,,Appears relevant
middle school summer camp,CM - Nonbranded - Geo Priorities (MxCx),Summer Camps,Phrase match (close variant),None,0,1,0.00,0.00,OK,,Appears relevant
ninja warrior camp,CM - Nonbranded - Geo Priorities (MxCx),Summer Camps,Phrase match (close variant),None,1,2,2.93,0.00,OK,,Appears relevant
aic football camp,CM - Nonbranded - Geo Priorities (MxCx),Football Camps,Phrase match (close variant),None,0,2,0.00,0.00,OK,,Appears relevant
saltaire day camp,CM - Nonbranded - Geo Priorities (MxCx),Summer Camps,Phrase match (close variant),None,0,2,0.00,0.00,OK,,Appears relevant
hofstra lacrosse summer camp,CM - Nonbranded - Geo Priorities (MxCx),Lacrosse Camps,Phrase match,None,1,1,1.51,0.00,OK,,Appears relevant
softball pitching camps near me,CM - Nonbranded - Geo Priorities (MxCx),Softball Camps,Phrase match,None,1,2,2.28,0.00,OK,,Appears relevant
smithtown summer camp,CM - Nonbranded - Geo Priorities (MxCx),Summer Camps,Phrase match,None,0,7,0.00,0.00,OK,,Appears relevant
volleyball 6th grade near me,CM - Nonbranded - Geo Priorities (MxCx),Volleyball Camps,Phrase match (close variant),None,2,2,5.66,0.00,OK,,Appears relevant
lagrange basketball camp,CM - Nonbranded - Geo Priorities (MxCx),Basketball Camp,Phrase match,None,0,1,0.00,0.00,OK,,Appears relevant
youth summer camp near me,CM - Nonbranded - Geo Priorities (MxCx),Soccer Camps,Exact match (close variant),None,0,1,0.00,0.00,OK,,Appears relevant
basketball clinic for kids,CM - Nonbranded - Geo Priorities (MxCx),Basketball Camp,Phrase match (close variant),None,0,3,0.00,0.00,OK,,Appears relevant
gymnastic summer camp near me,CM - Nonbranded - Geo Priorities (MxCx),Summer Camps,Phrase match,None,0,1,0.00,0.00,OK,,Appears relevant
briarcliff manor summer camp,CM - Nonbranded - Geo Priorities (MxCx),Summer Camps,Phrase match,None,0,1,0.00,0.00,OK,,Appears relevant
dance summer,CM - Nonbranded - Geo Priorities (MxCx),Dance Camps,Exact match (close variant),None,0,2,0.00,0.00,OK,,Appears relevant
tennis lessons for kids near me,CM - Nonbranded - Geo Priorities (MxCx),Tennis Camps,Broad match,None,0,0,0.00,0.00,OK,,Appears relevant
volleyball camp near me,CM - pMax - Portland (MxConv),--,Performance Max,None,0,2,0.00,0.00,OK,,Appears relevant for Portland market
usm volleyball camp,CM - pMax - Portland (MxConv),--,Performance Max,None,1,1,1.15,0.00,OK,,Appears relevant for Portland market
bellport sailing camp,CM - pMax - Portland (MxConv),--,Performance Max,None,0,0,0.00,0.00,OK,,Appears relevant for Portland market
music camps near me,CM - pMax - Portland (MxConv),--,Performance Max,None,0,0,0.00,0.00,OK,,Appears relevant for Portland market
jesssfam cheer,CM - pMax - Portland (MxConv),--,Performance Max,None,0,0,0.00,0.00,OK,,Appears relevant for Portland market
st joseph summer camp,CM - pMax - Portland (MxConv),--,Performance Max,None,0,0,0.00,0.00,OK,,Appears relevant for Portland market
free summer camp bronx,CM - pMax - Portland (MxConv),--,Performance Max,None,0,0,0.00,0.00,OK,,Appears relevant for Portland market
gabi butler cheer clinic,CM - pMax - Portland (MxConv),--,Performance Max,None,0,0,0.00,0.00,OK,,Appears relevant for Portland market
girls volleyball,CM - pMax - Portland (MxConv),--,Performance Max,None,0,0,0.00,0.00,OK,,Appears relevant for Portland market
squire camp hartsdale,CM - pMax - Portland (MxConv),--,Performance Max,None,0,0,0.00,0.00,OK,,Appears relevant for Portland market
ymca holtsville,CM - pMax - Portland (MxConv),--,Performance Max,None,0,0,0.00,0.00,OK,,Appears relevant for Portland market
summer school in bronx,CM - pMax - Portland (MxConv),--,Performance Max,None,0,0,0.00,0.00,OK,,Appears relevant for Portland market
soccer academy near me,CM - Non Brand - PMax,--,Performance Max,None,0,1,0.00,0.00,OK,,Appears relevant for Portland market
volleyball team,CM - Non Brand - PMax,--,Performance Max,None,0,1,0.00,0.00,OK,,Appears relevant for Portland market
soccer club for kids near me,CM - Non Brand - PMax,--,Performance Max,None,0,1,0.00,0.00,OK,,Appears relevant for Portland market
summer theater camps,CM - Non Brand - PMax,--,Performance Max,None,0,1,0.00,0.00,OK,,Appears relevant for Portland market
encore dance,CM - Non Brand - PMax,--,Performance Max,None,0,1,0.00,0.00,OK,,Appears relevant for Portland market
english riding lessons near me,CM - Non Brand - PMax,--,Performance Max,None,0,1,0.00,0.00,OK,,Appears relevant for Portland market
camp timberlake,CM - Nonbranded - Geo Priorities (MxCx),Summer Camps,Phrase match (close variant),None,0,1,0.00,0.00,OK,,Appears relevant
camp echo bay new rochelle,CM - Nonbranded - Geo Priorities (MxCx),Summer Camps,Phrase match (close variant),None,0,1,0.00,0.00,OK,,Appears relevant
rye nature center summer camp,CM - Nonbranded - Geo Priorities (MxCx),Summer Camps,Phrase match,None,0,1,0.00,0.00,OK,,Appears relevant
basketball camps for teens near me,CM - Nonbranded - Geo Priorities (MxCx),Basketball Camp,Phrase match,None,1,3,2.84,0.00,OK,,Appears relevant
kids strong camp,CM - Nonbranded - Geo Priorities (MxCx),Summer Camps,Phrase match,None,0,1,0.00,0.00,OK,,Appears relevant
nassau county summer camps,CM - Nonbranded - Geo Priorities (MxCx),Summer Camps,Phrase match (close variant),None,0,3,0.00,0.00,OK,,Appears relevant
summer day camp near me,CM - Nonbranded - Geo Priorities (MxCx),Summer Camps,Exact match (close variant),None,0,6,0.00,0.00,OK,,Appears relevant
gallery north summer camp,CM - Nonbranded - Geo Priorities (MxCx),Summer Camps,Phrase match,None,0,1,0.00,0.00,OK,,Appears relevant
st joseph's summer camps,CM - Nonbranded - Geo Priorities (MxCx),Summer Camps,Phrase match,None,0,1,0.00,0.00,OK,,Appears relevant
kids camp,CM - Nonbranded - Geo Priorities (MxCx),Summer Camps,Exact match (close variant),None,0,6,0.00,0.00,OK,,Appears relevant
luhi basketball,CM - Nonbranded - Geo Priorities (MxCx),Basketball Camp,Phrase match (close variant),None,0,4,0.00,0.00,OK,,Appears relevant
yes summer camp,CM - Nonbranded - Geo Priorities (MxCx),Summer Camps,Phrase match,None,0,1,0.00,0.00,OK,,Appears relevant
jaxson dart football camp 2026,CM - Nonbranded - Geo Priorities (MxCx),Football Camps,Phrase match (close variant),None,0,1,0.00,0.00,OK,,Appears relevant
island quest,CM - Nonbranded - Geo Priorities (MxCx),Summer Camps,Phrase match (close variant),None,1,2,2.92,0.00,OK,,Appears relevant
harbor country day school summer camp,CM - Nonbranded - Geo Priorities (MxCx),Summer Camps,Phrase match,None,0,2,0.00,0.00,OK,,Appears relevant
teen camps near me,CM - Nonbranded - Geo Priorities (MxCx),Summer Camps,Phrase match (close variant),None,0,1,0.00,0.00,OK,,Appears relevant
future star summer camp,CM - Nonbranded - Other Geos (MxConv),Tennis Camps,Broad match,None,0,0,0.00,0.00,OK,,Has converted - protected from negation
maine lightning soccer camp,CM - pMax - Portland (MxConv),--,Performance Max,None,0,1,0.00,0.00,OK,,Appears relevant for Portland market
youth basketball programs near me,CM - pMax - Portland (MxConv),--,Performance Max,None,1,1,2.50,0.00,OK,,Appears relevant for Portland market
volleyball camps 2026,CM - pMax - Portland (MxConv),--,Performance Max,None,1,2,0.87,0.00,OK,,Appears relevant for Portland market
baseball bullpen training,CM - pMax - Portland (MxConv),--,Performance Max,None,0,1,0.00,0.00,OK,,Appears relevant for Portland market
lacrosse game girls,CM - pMax - Portland (MxConv),--,Performance Max,None,0,0,0.00,0.00,OK,,Appears relevant for Portland market
baseball coaches near me,CM - pMax - Portland (MxConv),--,Performance Max,None,0,0,0.00,0.00,OK,,Appears relevant for Portland market
clases de voleibol cerca de mi,CM - pMax - Portland (MxConv),--,Performance Max,None,0,0,0.00,0.00,OK,,Appears relevant for Portland market
mascot camp,CM - pMax - Portland (MxConv),--,Performance Max,None,0,0,0.00,0.00,OK,,Appears relevant for Portland market
boces summer programs,CM - pMax - Portland (MxConv),--,Performance Max,None,0,0,0.00,0.00,OK,,Appears relevant for Portland market
theater camp near me,CM - pMax - Portland (MxConv),--,Performance Max,None,0,0,0.00,0.00,OK,,Appears relevant for Portland market
basketball summer camps near me,CM - pMax - Portland (MxConv),--,Performance Max,None,0,0,0.00,0.00,OK,,Appears relevant for Portland market
women basketball camps,CM - pMax - Portland (MxConv),--,Performance Max,None,0,0,0.00,0.00,OK,,Appears relevant for Portland market
youth basketball near me,CM - Non Brand - PMax,--,Performance Max,None,0,3,0.00,0.00,OK,,Appears relevant for Portland market
icamp hamptons,CM - Non Brand - PMax,--,Performance Max,None,0,1,0.00,0.00,OK,,Appears relevant for Portland market
lacrosse,CM - Non Brand - PMax,--,Performance Max,None,0,1,0.00,0.00,OK,,Appears relevant for Portland market
fun places near me,CM - Non Brand - PMax,--,Performance Max,None,0,2,0.00,0.00,OK,,Appears relevant for Portland market
theater camp westchester,CM - Non Brand - PMax,--,Performance Max,None,0,2,0.00,0.00,OK,,Appears relevant for Portland market
volleyball camps,CM - Non Brand - PMax,--,Performance Max,None,0,2,0.00,0.00,OK,,Appears relevant for Portland market
toddler summer activities,CM - Non Brand - PMax,--,Performance Max,None,0,1,0.00,0.00,OK,,Appears relevant for Portland market
dance camps near me,CM - Nonbranded - Geo Priorities (MxCx),Dance Camps,Exact match (close variant),None,0,3,0.00,0.00,OK,,Appears relevant
summer soccer camp near me,CM - Nonbranded - Geo Priorities (MxCx),Soccer Camps,Exact match (close variant),None,0,2,0.00,0.00,OK,,Appears relevant
soccer camps near me,CM - Nonbranded - Geo Priorities (MxCx),Soccer Camps,Exact match (close variant),Added,8,42,19.68,0.00,OK,,Appears relevant
football camps,CM - Nonbranded - Geo Priorities (MxCx),Football Camps,Exact match,Added,0,3,0.00,0.00,OK,,Has converted - protected from negation
summer soccer,CM - Nonbranded - Geo Priorities (MxCx),Soccer Camps,Phrase match (close variant),None,0,7,0.00,0.00,OK,,Appears relevant
cheapest summer camp,CM - Nonbranded - Geo Priorities (MxCx),Summer Camps,Phrase match (close variant),None,0,1,0.00,0.00,OK,,Appears relevant
camp jeanne d arc,CM - Nonbranded - Geo Priorities (MxCx),Summer Camps,Phrase match (close variant),None,0,2,0.00,0.00,OK,,Appears relevant
basketball clinic near me,CM - Nonbranded - Geo Priorities (MxCx),Basketball Camp,Exact match (close variant),None,0,1,0.00,0.00,OK,,Appears relevant
girls lacrosse camps long island,CM - Nonbranded - Geo Priorities (MxCx),Summer Camps,Phrase match (close variant),None,1,3,2.85,0.00,OK,,Appears relevant
tennis summer camp 2026 near me,CM - Nonbranded - Geo Priorities (MxCx),Summer Camps,Phrase match,None,0,2,0.00,0.00,OK,,Appears relevant
flag football camp summer 2026 near me,CM - Nonbranded - Geo Priorities (MxCx),Football Camps,Phrase match,None,1,1,1.51,0.00,OK,,Appears relevant
three village summer camp,CM - Nonbranded - Geo Priorities (MxCx),Summer Camps,Phrase match,None,0,1,0.00,0.00,OK,,Appears relevant
basketball training for youth near me,CM - Nonbranded - Geo Priorities (MxCx),Basketball Camp,Phrase match (close variant),None,1,1,2.24,0.00,OK,,Appears relevant
pickleball camp for kids near me,CM - Nonbranded - Geo Priorities (MxCx),Summer Camps,Phrase match (close variant),None,0,1,0.00,0.00,OK,,Appears relevant
thesummercamp,CM - Nonbranded - Geo Priorities (MxCx),Summer Camps,Phrase match (close variant),None,1,1,0.69,0.00,OK,,Appears relevant
ninja camp,CM - Nonbranded - Geo Priorities (MxCx),Summer Camps,Phrase match (close variant),None,0,1,0.00,0.00,OK,,Appears relevant
sportime near me,CM - Nonbranded - Geo Priorities (MxCx),Tennis Camps,Broad match,None,0,0,0.00,0.00,OK,,Appears relevant
gymnastics camp westchester,CM - Nonbranded - Geo Priorities (MxCx),Summer Camps,Phrase match (close variant),None,0,0,0.00,0.00,OK,,Appears relevant
future star camp,CM - Branded (Mx.Clicks),Future Stars Camp Brand,Exact match,Added,4,4,4.42,0.00,OK,,Brand term matched: 'future star'
summer camp volleyball,CM - pMax - Portland (MxConv),--,Performance Max,None,1,2,3.17,0.00,OK,,Appears relevant for Portland market
wildcats camp,CM - pMax - Portland (MxConv),--,Performance Max,None,0,1,0.00,0.00,OK,,Appears relevant for Portland market
nike baseball camp,CM - pMax - Portland (MxConv),--,Performance Max,None,0,0,0.00,0.00,OK,,Appears relevant for Portland market
elmwood summer camp 2025,CM - pMax - Portland (MxConv),--,Performance Max,None,0,0,0.00,0.00,OK,,Appears relevant for Portland market
warm up,CM - pMax - Portland (MxConv),--,Performance Max,None,0,0,0.00,0.00,OK,,Appears relevant for Portland market
纽约 长岛,CM - pMax - Portland (MxConv),--,Performance Max,None,0,0,0.00,0.00,OK,,Appears relevant for Portland market
kqc chess,CM - pMax - Portland (MxConv),--,Performance Max,None,0,0,0.00,0.00,OK,,Appears relevant for Portland market
lego camp,CM - pMax - Portland (MxConv),--,Performance Max,None,0,0,0.00,0.00,OK,,Appears relevant for Portland market
indoor summer camps,CM - pMax - Portland (MxConv),--,Performance Max,None,0,0,0.00,0.00,OK,,Appears relevant for Portland market
westchester baseball camps,CM - Nonbranded - Other Geos (MxConv),Baseball Camps,Phrase match (close variant),None,1,2,19.33,0.00,OK,,Appears relevant
basketball classes for kids,CM - Non Brand - PMax,--,Performance Max,None,0,2,0.00,0.00,OK,,Appears relevant for Portland market
volleyball camp summer,CM - Non Brand - PMax,--,Performance Max,None,0,1,0.00,0.00,OK,,Appears relevant for Portland market
basketball league,CM - Non Brand - PMax,--,Performance Max,None,0,1,0.00,0.00,OK,,Appears relevant for Portland market
track summer camps,CM - Nonbranded - Geo Priorities (MxCx),Summer Camps,Phrase match,None,0,2,0.00,0.00,OK,,Appears relevant
baseball camp for 6 year olds,CM - Nonbranded - Geo Priorities (MxCx),Summer Camps,Phrase match (close variant),None,0,5,0.00,0.00,OK,,Appears relevant
summer camp near me for 5 year olds,CM - Nonbranded - Geo Priorities (MxCx),Summer Camps,Phrase match (close variant),None,0,1,0.00,0.00,OK,,Appears relevant
lego summer camp 2026,CM - Nonbranded - Geo Priorities (MxCx),Summer Camps,Phrase match,None,0,1,0.00,0.00,OK,,Appears relevant
camp ramapo for children,CM - Nonbranded - Geo Priorities (MxCx),Summer Camps,Phrase match (close variant),None,0,1,0.00,0.00,OK,,Appears relevant
summer soccer programs for kids,CM - Nonbranded - Geo Priorities (MxCx),Soccer Camps,Phrase match (close variant),None,0,2,0.00,0.00,OK,,Appears relevant
space summer camp,CM - Nonbranded - Geo Priorities (MxCx),Summer Camps,Phrase match,None,0,2,0.00,0.00,OK,,Appears relevant
kim hillier lacrosse camps,CM - Nonbranded - Geo Priorities (MxCx),Lacrosse Camps,Phrase match (close variant),None,0,1,0.00,0.00,OK,,Appears relevant
apollo camp plainview,CM - Nonbranded - Geo Priorities (MxCx),Summer Camps,Phrase match (close variant),None,0,1,0.00,0.00,OK,,Appears relevant
soccer camp nassau county,CM - Nonbranded - Geo Priorities (MxCx),Soccer Camps,Phrase match,None,0,1,0.00,0.00,OK,,Appears relevant
soccer camps in august near me,CM - Nonbranded - Geo Priorities (MxCx),Soccer Camps,Phrase match,None,0,0,0.00,0.00,OK,,Appears relevant
kid summer camps near me,CM - Nonbranded - Geo Priorities (MxCx),Summer Camps,Exact match (close variant),None,0,0,0.00,0.00,OK,,Appears relevant
camp kenwal,CM - Competitors - OldW - (Mx.Clicks),Competitors,Exact match (close variant),None,1,6,4.70,0.00,OK,,Competitor matched: 'kenwal'
fscamp,CM - Branded (Mx.Clicks),Future Stars Camp Brand,Exact match (close variant),Added,0,0,0.00,0.00,OK,,Brand term matched: 'fscamp'
fastpitch softball camp,CM - Nonbranded - Other Geos (MxConv),Softball Camps,Phrase match,None,0,2,0.00,0.00,OK,,Appears relevant
esf summer camp,CM - Nonbranded - Other Geos (MxConv),Tennis Camps,Broad match,None,0,1,0.00,0.00,OK,,Appears relevant
summer camp white plains,CM - Nonbranded - Other Geos (MxConv),Tennis Camps,Broad match,None,0,1,0.00,0.00,OK,,Appears relevant
randall's island lacrosse camp,CM - Nonbranded - Other Geos (MxConv),Lacrosse Camps,Phrase match (close variant),None,1,1,6.97,0.00,OK,,Appears relevant
nfl camp,CM - Nonbranded - Other Geos (MxConv),Football Camps,Phrase match (close variant),None,0,1,0.00,0.00,OK,,Appears relevant
camp fire camps,CM - pMax - Portland (MxConv),--,Performance Max,None,0,1,0.00,0.00,OK,,Appears relevant for Portland market
camp galileo,CM - pMax - Portland (MxConv),--,Performance Max,None,0,1,0.00,0.00,OK,,Appears relevant for Portland market
summer dance challenge,CM - pMax - Portland (MxConv),--,Performance Max,None,0,0,0.00,0.00,OK,,Appears relevant for Portland market
summer camp basketball,CM - pMax - Portland (MxConv),--,Performance Max,None,0,0,0.00,0.00,OK,,Appears relevant for Portland market
goldfish swim camp,CM - pMax - Portland (MxConv),--,Performance Max,None,0,0,0.00,0.00,OK,,Appears relevant for Portland market
nike basketball camp sacred heart,CM - pMax - Portland (MxConv),--,Performance Max,None,0,0,0.00,0.00,OK,,Appears relevant for Portland market
rock climbing camp near me,CM - pMax - Portland (MxConv),--,Performance Max,None,0,0,0.00,0.00,OK,,Appears relevant for Portland market
lacrosse for girls near me,CM - pMax - Portland (MxConv),--,Performance Max,None,0,0,0.00,0.00,OK,,Appears relevant for Portland market
next level camp ursuline,CM - pMax - Portland (MxConv),--,Performance Max,None,0,0,0.00,0.00,OK,,Appears relevant for Portland market
st patrick camp,CM - pMax - Portland (MxConv),--,Performance Max,None,0,0,0.00,0.00,OK,,Appears relevant for Portland market
planet fitness for kids summer,CM - pMax - Portland (MxConv),--,Performance Max,None,0,0,0.00,0.00,OK,,Appears relevant for Portland market
tennis classes near me,CM - Non Brand - PMax,--,Performance Max,None,0,4,0.00,0.00,OK,,Appears relevant for Portland market
lacrosse camp near me,CM - Non Brand - PMax,--,Performance Max,None,1,2,1.71,0.00,OK,,Appears relevant for Portland market
nearest soccer fields,CM - Non Brand - PMax,--,Performance Max,None,0,1,0.00,0.00,OK,,Appears relevant for Portland market
stem camp,CM - Non Brand - PMax,--,Performance Max,None,0,1,0.00,0.00,OK,,Appears relevant for Portland market
gymnastics summer camp,CM - Nonbranded - Geo Priorities (MxCx),Summer Camps,Phrase match (close variant),None,0,1,0.00,0.00,OK,,Appears relevant
summer camp near me for 4 year olds,CM - Nonbranded - Geo Priorities (MxCx),Summer Camps,Phrase match,None,0,2,0.00,0.00,OK,,Appears relevant
academic summer camps,CM - Nonbranded - Geo Priorities (MxCx),Summer Camps,Phrase match (close variant),None,0,1,0.00,0.00,OK,,Appears relevant
summer camps suffolk county,CM - Nonbranded - Geo Priorities (MxCx),Summer Camps,Phrase match (close variant),None,0,5,0.00,0.00,OK,,Appears relevant
laurel hill school summer camp,CM - Nonbranded - Geo Priorities (MxCx),Summer Camps,Phrase match,None,0,2,0.00,0.00,OK,,Appears relevant
horse camps for kids near me,CM - Nonbranded - Geo Priorities (MxCx),Horseback Riding,Phrase match (close variant),None,0,4,0.00,0.00,OK,,Appears relevant
age 4 summer camp,CM - Nonbranded - Geo Priorities (MxCx),Summer Camps,Phrase match,None,0,1,0.00,0.00,OK,,Appears relevant
afternoon camp,CM - Nonbranded - Geo Priorities (MxCx),Summer Camps,Phrase match (close variant),None,0,1,0.00,0.00,OK,,Appears relevant
just kids summer camp,CM - Nonbranded - Geo Priorities (MxCx),Summer Camps,Phrase match,None,1,2,2.84,0.00,OK,,Appears relevant
summer lacrosse camps near me,CM - Nonbranded - Geo Priorities (MxCx),Lacrosse Camps,Exact match (close variant),None,0,3,0.00,0.00,OK,,Appears relevant
summer camp long island,CM - Nonbranded - Geo Priorities (MxCx),Summer Camps,Exact match (close variant),None,5,57,10.60,0.00,OK,,Appears relevant
football camp long island,CM - Nonbranded - Geo Priorities (MxCx),Summer Camps,Phrase match (close variant),None,0,2,0.00,0.00,OK,,Appears relevant
oyster bay camp,CM - Nonbranded - Geo Priorities (MxCx),Summer Camps,Phrase match (close variant),None,0,1,0.00,0.00,OK,,Appears relevant
lego camp near me,CM - Nonbranded - Geo Priorities (MxCx),Summer Camps,Phrase match (close variant),None,0,3,0.00,0.00,OK,,Appears relevant
camps for kids summer,CM - Nonbranded - Geo Priorities (MxCx),Summer Camps,Exact match (close variant),None,0,3,0.00,0.00,OK,,Appears relevant
13 year old summer camps near me,CM - Nonbranded - Geo Priorities (MxCx),Summer Camps,Phrase match (close variant),None,0,1,0.00,0.00,OK,,Appears relevant
summer baseball camps long island,CM - Nonbranded - Geo Priorities (MxCx),Summer Camps,Phrase match (close variant),None,0,1,0.00,0.00,OK,,Appears relevant
softball camps near me,CM - Nonbranded - Geo Priorities (MxCx),Softball Camps,Exact match (close variant),None,1,6,2.96,0.00,OK,,Appears relevant
kids pickleball camp,CM - Nonbranded - Geo Priorities (MxCx),Sports Camps,Phrase match (close variant),None,0,2,0.00,0.00,OK,,Appears relevant
summer cheer camp near me,CM - Nonbranded - Geo Priorities (MxCx),Summer Camps,Phrase match,None,0,1,0.00,0.00,OK,,Appears relevant
football camp for high school players,CM - Nonbranded - Geo Priorities (MxCx),Football Camps,Phrase match,None,1,2,2.95,0.00,OK,,Appears relevant
baseball clinics near me,CM - Nonbranded - Geo Priorities (MxCx),Baseball Camps,Exact match (close variant),None,0,0,0.00,0.00,OK,,Appears relevant
volleyball camps and clinics,CM - Nonbranded - Geo Priorities (MxCx),Volleyball Camps,Exact match (close variant),None,0,0,0.00,0.00,OK,,Appears relevant
stars freeport maine,CM - pMax - Portland (MxConv),--,Performance Max,None,0,1,0.00,0.00,OK,,Appears relevant for Portland market
3d prints,CM - pMax - Portland (MxConv),--,Performance Max,None,0,1,0.00,0.00,OK,,Appears relevant for Portland market
u s baseball academy,CM - pMax - Portland (MxConv),--,Performance Max,None,0,0,0.00,0.00,OK,,Appears relevant for Portland market
stars lacrosse,CM - pMax - Portland (MxConv),--,Performance Max,None,0,0,0.00,0.00,OK,,Appears relevant for Portland market
volleyball camp for girls near me,CM - pMax - Portland (MxConv),--,Performance Max,None,0,0,0.00,0.00,OK,,Appears relevant for Portland market
discovery summer camp,CM - pMax - Portland (MxConv),--,Performance Max,None,0,0,0.00,0.00,OK,,Appears relevant for Portland market
baseball little leagues near me,CM - pMax - Portland (MxConv),--,Performance Max,None,0,0,0.00,0.00,OK,,Appears relevant for Portland market
summer art camps near me,CM - pMax - Portland (MxConv),--,Performance Max,None,0,0,0.00,0.00,OK,,Appears relevant for Portland market
chess classes for kids near me,CM - pMax - Portland (MxConv),--,Performance Max,None,0,0,0.00,0.00,OK,,Appears relevant for Portland market
cooking camp,CM - Non Brand - PMax,--,Performance Max,None,0,1,0.00,0.00,OK,,Appears relevant for Portland market
batting coaches near me softball,CM - Non Brand - PMax,--,Performance Max,None,0,2,0.00,0.00,OK,,Appears relevant for Portland market
basketball near me,CM - Non Brand - PMax,--,Performance Max,None,0,4,0.00,0.00,OK,,Appears relevant for Portland market
hockey camp,CM - Non Brand - PMax,--,Performance Max,None,1,3,0.92,0.00,OK,,Appears relevant for Portland market
kid strong camp,CM - Nonbranded - Geo Priorities (MxCx),Sports Camps,Phrase match (close variant),None,0,2,0.00,0.00,OK,,Appears relevant
camp for 3 year olds,CM - Nonbranded - Geo Priorities (MxCx),Summer Camps,Phrase match (close variant),None,0,3,0.00,0.00,OK,,Appears relevant
roslyn day camp,CM - Nonbranded - Geo Priorities (MxCx),Summer Camps,Phrase match (close variant),None,0,1,0.00,0.00,OK,,Appears relevant
day camp near me,CM - Nonbranded - Geo Priorities (MxCx),Summer Camps,Exact match,Added,1,10,2.89,0.00,OK,,Appears relevant
carousel summer camp,CM - Nonbranded - Geo Priorities (MxCx),Summer Camps,Phrase match,None,1,2,2.84,0.00,OK,,Appears relevant
basketball camps westchester ny,CM - Nonbranded - Geo Priorities (MxCx),Basketball Camp,Phrase match,None,2,2,5.50,0.00,OK,,Appears relevant
mineola summer camp,CM - Nonbranded - Geo Priorities (MxCx),Soccer Camps,Phrase match (close variant),None,0,4,0.00,0.00,OK,,Appears relevant
belhaven football camp,CM - Nonbranded - Other Geos (MxConv),Football Camps,Phrase match,None,0,1,0.00,0.00,OK,,Appears relevant
preds lacrosse camp,CM - Nonbranded - Other Geos (MxConv),Lacrosse Camps,Phrase match (close variant),None,0,1,0.00,0.00,OK,,Appears relevant
summer programs for kids near me,CM - Nonbranded - Geo Priorities (MxCx),Summer Camps,Exact match (close variant),None,4,10,11.22,0.00,OK,,Appears relevant
parkour summer camp,CM - Nonbranded - Geo Priorities (MxCx),Summer Camps,Phrase match,None,0,1,0.00,0.00,OK,,Appears relevant
camp sports,CM - Nonbranded - Geo Priorities (MxCx),Sports Camps,Exact match (close variant),None,0,2,0.00,0.00,OK,,Appears relevant
summer programs for teens near me,CM - Nonbranded - Geo Priorities (MxCx),Summer Camps,Phrase match (close variant),None,0,2,0.00,0.00,OK,,Appears relevant
theater camp for kids,CM - Nonbranded - Geo Priorities (MxCx),Summer Camps,Phrase match,None,1,2,1.66,0.00,OK,,Appears relevant
soccer camp for 2 year olds,CM - Nonbranded - Geo Priorities (MxCx),Soccer Camps,Phrase match,None,0,1,0.00,0.00,OK,,Appears relevant
basketball ball camp,CM - Nonbranded - Geo Priorities (MxCx),Basketball Camp,Exact match (close variant),None,0,2,0.00,0.00,OK,,Appears relevant
summer art camp,CM - Nonbranded - Geo Priorities (MxCx),Summer Camps,Phrase match,None,0,2,0.00,0.00,OK,,Appears relevant
lego summer camp near me,CM - Nonbranded - Geo Priorities (MxCx),Summer Camps,Phrase match (close variant),None,0,4,0.00,0.00,OK,,Appears relevant
kohls football camp,CM - Nonbranded - Geo Priorities (MxCx),Football Camps,Phrase match,None,0,1,0.00,0.00,OK,,Appears relevant
sports camp summer 2026,CM - Nonbranded - Geo Priorities (MxCx),Sports Camps,Phrase match,None,1,3,2.92,0.00,OK,,Appears relevant
destination science summer camp 2026,CM - Nonbranded - Geo Priorities (MxCx),Summer Camps,Phrase match,None,0,1,0.00,0.00,OK,,Appears relevant
st francis prep summer basketball camp,CM - Nonbranded - Geo Priorities (MxCx),Basketball Camp,Phrase match,None,0,1,0.00,0.00,OK,,Appears relevant
camp r us,CM - Nonbranded - Geo Priorities (MxCx),Summer Camps,Phrase match (close variant),None,0,1,0.00,0.00,OK,,Appears relevant
golf camp for kids near me,CM - Nonbranded - Geo Priorities (MxCx),Summer Camps,Phrase match (close variant),None,0,3,0.00,0.00,OK,,Appears relevant
soccer camp for 5 year olds,CM - Nonbranded - Geo Priorities (MxCx),Soccer Camps,Phrase match (close variant),None,0,4,0.00,0.00,OK,,Appears relevant
summer camps southern maine,CM - pMax - Portland (MxConv),--,Performance Max,None,0,1,0.00,0.00,OK,,Appears relevant for Portland market
youth soccer camps summer 2026,CM - pMax - Portland (MxConv),--,Performance Max,None,0,1,0.00,0.00,OK,,Appears relevant for Portland market
yale bulldog swim camp,CM - pMax - Portland (MxConv),--,Performance Max,None,0,1,0.00,0.00,OK,,Appears relevant for Portland market
swim camps near me,CM - pMax - Portland (MxConv),--,Performance Max,None,0,0,0.00,0.00,OK,,Appears relevant for Portland market
flag football near me,CM - pMax - Portland (MxConv),--,Performance Max,None,0,0,0.00,0.00,OK,,Appears relevant for Portland market
basketball camps in connecticut,CM - pMax - Portland (MxConv),--,Performance Max,None,0,0,0.00,0.00,OK,,Appears relevant for Portland market
affordable horse riding lessons near me,CM - pMax - Portland (MxConv),--,Performance Max,None,0,0,0.00,0.00,OK,,Appears relevant for Portland market
local volleyball,CM - pMax - Portland (MxConv),--,Performance Max,None,0,0,0.00,0.00,OK,,Appears relevant for Portland market
summertech camp,CM - pMax - Portland (MxConv),--,Performance Max,None,0,0,0.00,0.00,OK,,Appears relevant for Portland market
basketball camp queens,CM - pMax - Portland (MxConv),--,Performance Max,None,0,0,0.00,0.00,OK,,Appears relevant for Portland market
roslyn flag football,CM - pMax - Portland (MxConv),--,Performance Max,None,0,0,0.00,0.00,OK,,Appears relevant for Portland market
volleyball classes for kids near me,CM - pMax - Portland (MxConv),--,Performance Max,None,0,0,0.00,0.00,OK,,Appears relevant for Portland market
cold spring harbor lacrosse,CM - pMax - Portland (MxConv),--,Performance Max,None,0,0,0.00,0.00,OK,,Appears relevant for Portland market
candy elite all stars,CM - pMax - Portland (MxConv),--,Performance Max,None,0,0,0.00,0.00,OK,,Appears relevant for Portland market
softball latigo,CM - pMax - Portland (MxConv),--,Performance Max,None,0,0,0.00,0.00,OK,,Appears relevant for Portland market
what is size 4 soccer ball,CM - pMax - Portland (MxConv),--,Performance Max,None,0,0,0.00,0.00,OK,,Appears relevant for Portland market
tennis center,CM - Nonbranded - Other Geos (MxConv),Tennis Camps,Broad match,None,0,1,0.00,0.00,OK,,Appears relevant
docs lacrosse camp,CM - Nonbranded - Other Geos (MxConv),Lacrosse Camps,Phrase match (close variant),None,0,4,0.00,0.00,OK,,Appears relevant
basketball camp for kids,CM - Nonbranded - Other Geos (MxConv),Basketball Camp,Phrase match,None,0,1,0.00,0.00,OK,,Appears relevant
southampton lacrosse camp,CM - Nonbranded - Other Geos (MxConv),Lacrosse Camps,Phrase match (close variant),None,0,0,0.00,0.00,OK,,Appears relevant
youth football camps near me,CM - Nonbranded - Other Geos (MxConv),Football Camps,Exact match (close variant),None,0,0,0.00,0.00,OK,,Appears relevant
north fork summer camps,CM - Non Brand - PMax,--,Performance Max,None,0,2,0.00,0.00,OK,,Appears relevant for Portland market
soccer summer camps near me,CM - Non Brand - PMax,--,Performance Max,None,1,1,1.28,0.00,OK,,Appears relevant for Portland market
horseback riding summer camp near me,CM - Non Brand - PMax,--,Performance Max,None,0,1,0.00,0.00,OK,,Appears relevant for Portland market
liv volleyball club,CM - Non Brand - PMax,--,Performance Max,None,0,2,0.00,0.00,OK,,Appears relevant for Portland market
cancha de básquetbol cerca de mi,CM - Non Brand - PMax,--,Performance Max,None,0,2,0.00,0.00,OK,,Appears relevant for Portland market
toddler basketball programs,CM - Non Brand - PMax,--,Performance Max,None,0,1,0.00,0.00,OK,,Appears relevant for Portland market
baseball for toddlers,CM - Non Brand - PMax,--,Performance Max,None,0,2,0.00,0.00,OK,,Appears relevant for Portland market
ridge hill tennis,CM - Nonbranded - Other Geos (MxConv),Tennis Camps,Broad match,None,0,2,0.00,0.00,OK,,Appears relevant
soccer camp near me,CM - Nonbranded - Other Geos (MxConv),Football Camps,Phrase match (close variant),None,1,3,32.64,0.00,OK,,Appears relevant
volleyball camps near me,CM - Nonbranded - Other Geos (MxConv),Volleyball Camps,Exact match (close variant),Added,0,0,0.00,0.00,OK,,Appears relevant
art camp near me summer 2026,CM - pMax - Portland (MxConv),--,Performance Max,None,0,1,0.00,0.00,OK,,Appears relevant for Portland market
camp for kids,CM - pMax - Portland (MxConv),--,Performance Max,None,0,1,0.00,0.00,OK,,Appears relevant for Portland market
activecamps,CM - pMax - Portland (MxConv),--,Performance Max,None,0,4,0.00,0.00,OK,,Appears relevant for Portland market
kieve camp maine,CM - pMax - Portland (MxConv),--,Performance Max,None,0,2,0.00,0.00,OK,,Appears relevant for Portland market
summer sports for kids near me,CM - pMax - Portland (MxConv),--,Performance Max,None,0,1,0.00,0.00,OK,,Appears relevant for Portland market
pob cheer,CM - pMax - Portland (MxConv),--,Performance Max,None,0,0,0.00,0.00,OK,,Appears relevant for Portland market
escuela de futbol para niños,CM - pMax - Portland (MxConv),--,Performance Max,None,0,0,0.00,0.00,OK,,Appears relevant for Portland market
free soccer programs near me,CM - pMax - Portland (MxConv),--,Performance Max,None,0,0,0.00,0.00,OK,,Appears relevant for Portland market
camp st paul,CM - pMax - Portland (MxConv),--,Performance Max,None,0,0,0.00,0.00,OK,,Appears relevant for Portland market
hamptons camps,CM - pMax - Portland (MxConv),--,Performance Max,None,0,0,0.00,0.00,OK,,Appears relevant for Portland market
coding summer camp near me,CM - pMax - Portland (MxConv),--,Performance Max,None,0,0,0.00,0.00,OK,,Appears relevant for Portland market
tennis classes,CM - pMax - Portland (MxConv),--,Performance Max,None,0,0,0.00,0.00,OK,,Appears relevant for Portland market
youth football camps near me,CM - pMax - Portland (MxConv),--,Performance Max,None,0,0,0.00,0.00,OK,,Appears relevant for Portland market
basketball camp for 4 year olds,CM - Nonbranded - Geo Priorities (MxCx),Basketball Camp,Phrase match,None,1,2,2.73,0.00,OK,,Appears relevant
volleyball for 5 year olds near me,CM - Nonbranded - Geo Priorities (MxCx),Volleyball Camps,Phrase match (close variant),None,0,2,0.00,0.00,OK,,Appears relevant
space summer camp near me,CM - Nonbranded - Geo Priorities (MxCx),Summer Camps,Phrase match,None,0,1,0.00,0.00,OK,,Appears relevant
cheerleading camp long island,CM - Nonbranded - Geo Priorities (MxCx),Summer Camps,Phrase match (close variant),None,0,2,0.00,0.00,OK,,Appears relevant
mid island day camp calendar 2026,CM - Nonbranded - Geo Priorities (MxCx),Summer Camps,Phrase match (close variant),None,0,2,0.00,0.00,OK,,Appears relevant
camps for 2 year olds,CM - Nonbranded - Geo Priorities (MxCx),Summer Camps,Phrase match (close variant),None,0,2,0.00,0.00,OK,,Appears relevant
summer sports camps on long island,CM - Nonbranded - Geo Priorities (MxCx),Sports Camps,Phrase match,None,1,2,1.71,0.00,OK,,Appears relevant
tumbling summer camp,CM - Nonbranded - Geo Priorities (MxCx),Summer Camps,Phrase match,None,0,1,0.00,0.00,OK,,Appears relevant
horseback riding camp for kids near me,CM - Nonbranded - Geo Priorities (MxCx),Horseback Riding,Phrase match,None,1,1,2.44,0.00,OK,,Appears relevant
lacrosse camp new york,CM - Nonbranded - Geo Priorities (MxCx),Lacrosse Camps,Exact match (close variant),None,0,1,0.00,0.00,OK,,Appears relevant
art camp for kids near me,CM - Nonbranded - Geo Priorities (MxCx),Summer Camps,Phrase match (close variant),None,0,2,0.00,0.00,OK,,Appears relevant
checkmate lacrosse camp,CM - Nonbranded - Geo Priorities (MxCx),Lacrosse Camps,Phrase match (close variant),None,0,1,0.00,0.00,OK,,Appears relevant
camp iroquois springs,CM - Nonbranded - Geo Priorities (MxCx),Summer Camps,Phrase match (close variant),None,0,2,0.00,0.00,OK,,Appears relevant
dance school summer,CM - Nonbranded - Geo Priorities (MxCx),Dance Camps,Exact match (close variant),None,0,3,0.00,0.00,OK,,Appears relevant
bright horizon summer camp,CM - Nonbranded - Geo Priorities (MxCx),Summer Camps,Phrase match,None,1,1,1.95,0.00,OK,,Appears relevant
kids tennis camp near me,CM - Nonbranded - Geo Priorities (MxCx),Summer Camps,Phrase match,None,0,2,0.00,0.00,OK,,Appears relevant
summer camp for 14 year old boys,CM - Nonbranded - Geo Priorities (MxCx),Summer Camps,Phrase match,None,0,1,0.00,0.00,OK,,Appears relevant
fcs football camps,CM - Nonbranded - Geo Priorities (MxCx),Football Camps,Phrase match,None,0,1,0.00,0.00,OK,,Appears relevant
long island soccer camp,CM - Nonbranded - Geo Priorities (MxCx),Summer Camps,Phrase match (close variant),None,0,1,0.00,0.00,OK,,Appears relevant
boces summer camp,CM - Non Brand - PMax,--,Performance Max,None,0,2,0.00,0.00,OK,,Appears relevant for Portland market
shooting stars lacrosse camp,CM - Non Brand - PMax,--,Performance Max,None,0,1,0.00,0.00,OK,,Appears relevant for Portland market
flag football camp,CM - Non Brand - PMax,--,Performance Max,None,1,2,7.19,0.00,OK,,Appears relevant for Portland market
theatre camps for kids,CM - Non Brand - PMax,--,Performance Max,None,0,2,0.00,0.00,OK,,Appears relevant for Portland market
basketball camp,CM - Non Brand - PMax,--,Performance Max,None,1,13,3.18,0.00,OK,,Appears relevant for Portland market
toddler basketball teams near me,CM - Non Brand - PMax,--,Performance Max,None,0,1,0.00,0.00,OK,,Appears relevant for Portland market
hidden pond day camp,CM - Non Brand - PMax,--,Performance Max,None,0,2,0.00,0.00,OK,,Appears relevant for Portland market
club baseball teams near me,CM - Non Brand - PMax,--,Performance Max,None,0,1,0.00,0.00,OK,,Appears relevant for Portland market
summer camp lunch ideas,CM - pMax - Portland (MxConv),--,Performance Max,None,0,2,0.00,0.00,OK,,Appears relevant for Portland market
ripple effect maine,CM - pMax - Portland (MxConv),--,Performance Max,None,0,1,0.00,0.00,OK,,Appears relevant for Portland market
st joseph's summer camp,CM - pMax - Portland (MxConv),--,Performance Max,None,0,0,0.00,0.00,OK,,Appears relevant for Portland market
american football academy,CM - pMax - Portland (MxConv),--,Performance Max,None,0,0,0.00,0.00,OK,,Appears relevant for Portland market
pierce camp,CM - pMax - Portland (MxConv),--,Performance Max,None,0,0,0.00,0.00,OK,,Appears relevant for Portland market
wrestling summer camps near me,CM - pMax - Portland (MxConv),--,Performance Max,None,0,0,0.00,0.00,OK,,Appears relevant for Portland market
baseball experience,CM - pMax - Portland (MxConv),--,Performance Max,None,0,0,0.00,0.00,OK,,Appears relevant for Portland market
nyc soccer kids,CM - pMax - Portland (MxConv),--,Performance Max,None,0,0,0.00,0.00,OK,,Appears relevant for Portland market
how do you size a tennis racket for a child,CM - pMax - Portland (MxConv),--,Performance Max,None,0,0,0.00,0.00,OK,,Appears relevant for Portland market
around the horn baseball camp,CM - pMax - Portland (MxConv),--,Performance Max,None,0,0,0.00,0.00,OK,,Appears relevant for Portland market
aspatuck tennis,CM - pMax - Portland (MxConv),--,Performance Max,None,0,0,0.00,0.00,OK,,Appears relevant for Portland market
soccer ball for 3 year old,CM - pMax - Portland (MxConv),--,Performance Max,None,0,0,0.00,0.00,OK,,Appears relevant for Portland market
aquatic center,CM - Non Brand - PMax,--,Performance Max,None,0,1,0.00,0.00,OK,,Appears relevant for Portland market
summer camp,CM - Non Brand - PMax,--,Performance Max,None,0,3,0.00,0.00,OK,,Appears relevant for Portland market
riverhead yoga,CM - Non Brand - PMax,--,Performance Max,None,0,1,0.00,0.00,OK,,Appears relevant for Portland market
things to do with kids near me,CM - Non Brand - PMax,--,Performance Max,None,0,1,0.00,0.00,OK,,Appears relevant for Portland market
soccer camp near me,CM - Nonbranded - Geo Priorities (MxCx),Soccer Camps,Exact match (close variant),None,3,15,7.55,0.00,OK,,Appears relevant
registration link for summer camp 2025,CM - Nonbranded - Geo Priorities (MxCx),Summer Camps,Phrase match,None,0,1,0.00,0.00,OK,,Appears relevant
volleyball summer camp long island,CM - Nonbranded - Geo Priorities (MxCx),Summer Camps,Phrase match,None,0,5,0.00,0.00,OK,,Appears relevant
summer cheer,CM - Nonbranded - Geo Priorities (MxCx),Sports Camps,Phrase match (close variant),None,1,2,2.50,0.00,OK,,Appears relevant
volleyball today near me,CM - Nonbranded - Geo Priorities (MxCx),Volleyball Camps,Phrase match (close variant),None,0,2,0.00,0.00,OK,,Appears relevant
all girls summer camp,CM - Nonbranded - Geo Priorities (MxCx),Soccer Camps,Phrase match (close variant),None,0,2,0.00,0.00,OK,,Appears relevant
girls softball camps near me,CM - Nonbranded - Geo Priorities (MxCx),Softball Camps,Phrase match,None,0,2,0.00,0.00,OK,,Appears relevant
usdan tuition,CM - Nonbranded - Geo Priorities (MxCx),Summer Camps,Phrase match (close variant),None,0,1,0.00,0.00,OK,,Appears relevant
badger day camp larchmont,CM - Nonbranded - Geo Priorities (MxCx),Sports Camps,Phrase match (close variant),None,0,1,0.00,0.00,OK,,Appears relevant
farmingdale summer rec,CM - Nonbranded - Geo Priorities (MxCx),Summer Camps,Phrase match (close variant),None,0,5,0.00,0.00,OK,,Appears relevant
upenn volleyball camp,CM - Nonbranded - Geo Priorities (MxCx),Volleyball Camps,Phrase match,None,0,1,0.00,0.00,OK,,Appears relevant
st marys summer camps 2026,CM - Nonbranded - Geo Priorities (MxCx),Summer Camps,Phrase match,None,0,2,0.00,0.00,OK,,Appears relevant
summer camp east meadow ny,CM - Nonbranded - Geo Priorities (MxCx),Summer Camps,Phrase match,None,0,2,0.00,0.00,OK,,Appears relevant
camp for teens,CM - Nonbranded - Geo Priorities (MxCx),Summer Camps,Phrase match (close variant),None,0,1,0.00,0.00,OK,,Appears relevant
theater camp for kids near me,CM - Nonbranded - Geo Priorities (MxCx),Summer Camps,Phrase match (close variant),None,0,1,0.00,0.00,OK,,Appears relevant
summer basketball camps near me,CM - Nonbranded - Geo Priorities (MxCx),Summer Camps,Phrase match,None,0,0,0.00,0.00,OK,,Appears relevant
summer volleyball near me,CM - Nonbranded - Geo Priorities (MxCx),Volleyball Camps,Phrase match (close variant),None,0,0,0.00,0.00,OK,,Appears relevant
basketball camp august 2025,CM - Nonbranded - Geo Priorities (MxCx),Basketball Camp,Phrase match,None,0,0,0.00,0.00,OK,,Appears relevant
summer baseball camps near me,CM - Nonbranded - Geo Priorities (MxCx),Baseball Camps,Exact match (close variant),None,0,0,0.00,0.00,OK,,Appears relevant
soccer clinics near me,CM - Nonbranded - Geo Priorities (MxCx),Soccer Camps,Exact match (close variant),None,0,0,0.00,0.00,OK,,Appears relevant
hamptons tennis,CM - Nonbranded - Other Geos (MxConv),Tennis Camps,Broad match,None,0,2,0.00,0.00,OK,,Appears relevant
all day camp,CM - Nonbranded - Other Geos (MxConv),Tennis Camps,Broad match,None,0,2,0.00,0.00,OK,,Appears relevant
volleyball summer camp westchester ny,CM - Nonbranded - Geo Priorities (MxCx),Volleyball Camps,Phrase match,None,0,4,0.00,0.00,OK,,Appears relevant
weekly camps for kids near me,CM - Nonbranded - Geo Priorities (MxCx),Summer Camps,Phrase match (close variant),None,0,1,0.00,0.00,OK,,Appears relevant
kids country day camp,CM - Nonbranded - Geo Priorities (MxCx),Summer Camps,Phrase match,None,0,3,0.00,0.00,OK,,Appears relevant
st aidan's summer camp,CM - Nonbranded - Geo Priorities (MxCx),Summer Camps,Phrase match,None,0,1,0.00,0.00,OK,,Appears relevant
st paul summer camp 2026,CM - Nonbranded - Geo Priorities (MxCx),Soccer Camps,Phrase match (close variant),None,0,1,0.00,0.00,OK,,Appears relevant
kat basketball camp,CM - Nonbranded - Geo Priorities (MxCx),Basketball Camp,Phrase match,None,0,4,0.00,0.00,OK,,Appears relevant
camps for 13 year olds,CM - Nonbranded - Geo Priorities (MxCx),Summer Camps,Phrase match (close variant),None,0,2,0.00,0.00,OK,,Appears relevant
summer swim camp near me,CM - Nonbranded - Geo Priorities (MxCx),Summer Camps,Phrase match,None,1,3,2.87,0.00,OK,,Appears relevant
sports camp for 5 year olds,CM - Nonbranded - Geo Priorities (MxCx),Soccer Camps,Phrase match (close variant),None,0,2,0.00,0.00,OK,,Appears relevant
summer camp for 4 year old,CM - Nonbranded - Geo Priorities (MxCx),Summer Camps,Phrase match,None,0,2,0.00,0.00,OK,,Appears relevant
wantagh summer camp,CM - Nonbranded - Geo Priorities (MxCx),Summer Camps,Phrase match (close variant),None,0,2,0.00,0.00,OK,,Appears relevant
babylon summer camp,CM - Nonbranded - Geo Priorities (MxCx),Summer Camps,Phrase match,None,0,4,0.00,0.00,OK,,Appears relevant
art studio summer camp,CM - Nonbranded - Geo Priorities (MxCx),Summer Camps,Phrase match,None,0,1,0.00,0.00,OK,,Appears relevant
southampton country day camp,CM - Nonbranded - Geo Priorities (MxCx),Sports Camps,Phrase match (close variant),None,0,1,0.00,0.00,OK,,Appears relevant
soccer shots summer camp,CM - Nonbranded - Geo Priorities (MxCx),Soccer Camps,Phrase match,None,0,4,0.00,0.00,OK,,Appears relevant
beginner tennis camps near me,CM - Nonbranded - Geo Priorities (MxCx),Tennis Camps,Broad match,None,0,0,0.00,0.00,OK,,Appears relevant
youth baseball camps near me,CM - Nonbranded - Geo Priorities (MxCx),Baseball Camps,Exact match (close variant),Added,0,0,0.00,0.00,OK,,Appears relevant
north yarmouth academy summer camp,CM - pMax - Portland (MxConv),--,Performance Max,None,1,3,0.09,0.00,OK,,Appears relevant for Portland market
all stars cheerleading,CM - pMax - Portland (MxConv),--,Performance Max,None,0,2,0.00,0.00,OK,,Appears relevant for Portland market
family fun pack basketball,CM - pMax - Portland (MxConv),--,Performance Max,None,0,0,0.00,0.00,OK,,Appears relevant for Portland market
summer camp westhampton beach,CM - pMax - Portland (MxConv),--,Performance Max,None,0,0,0.00,0.00,OK,,Appears relevant for Portland market
theatre camp near me,CM - pMax - Portland (MxConv),--,Performance Max,None,0,0,0.00,0.00,OK,,Appears relevant for Portland market
summer program for 7th graders,CM - pMax - Portland (MxConv),--,Performance Max,None,0,0,0.00,0.00,OK,,Appears relevant for Portland market
north shore day camp,CM - pMax - Portland (MxConv),--,Performance Max,None,0,0,0.00,0.00,OK,,Appears relevant for Portland market
baseball camp near me,CM - pMax - Portland (MxConv),--,Performance Max,None,0,0,0.00,0.00,OK,,Appears relevant for Portland market
coding camp,CM - pMax - Portland (MxConv),--,Performance Max,None,0,0,0.00,0.00,OK,,Appears relevant for Portland market
softball near me,CM - pMax - Portland (MxConv),--,Performance Max,None,0,0,0.00,0.00,OK,,Appears relevant for Portland market
soccer near me,CM - pMax - Portland (MxConv),--,Performance Max,None,0,0,0.00,0.00,OK,,Appears relevant for Portland market
timber lake west,CM - pMax - Portland (MxConv),--,Performance Max,None,0,0,0.00,0.00,OK,,Appears relevant for Portland market
brookhaven country day camp,CM - pMax - Portland (MxConv),--,Performance Max,None,0,0,0.00,0.00,OK,,Appears relevant for Portland market
tarrytown sleepy hollow summer camp,CM - pMax - Portland (MxConv),--,Performance Max,None,0,0,0.00,0.00,OK,,Appears relevant for Portland market
adventurers camp,CM - Nonbranded - Other Geos (MxConv),Tennis Camps,Broad match,None,0,2,0.00,0.00,OK,,Appears relevant
ymcacamp,CM - Nonbranded - Other Geos (MxConv),Tennis Camps,Broad match,None,0,2,0.00,0.00,OK,,Appears relevant
swim stroke clinic near me,CM - Non Brand - PMax,--,Performance Max,None,0,1,0.00,0.00,OK,,Appears relevant for Portland market
soccer camps summer 2026,CM - pMax - Portland (MxConv),--,Performance Max,None,0,1,0.00,0.00,OK,,Appears relevant for Portland market
track and field for 5 year olds near me,CM - pMax - Portland (MxConv),--,Performance Max,None,0,2,0.00,0.00,OK,,Appears relevant for Portland market
lacrosse goalie camps,CM - pMax - Portland (MxConv),--,Performance Max,None,1,1,1.66,0.00,OK,,Appears relevant for Portland market
multisport camp,CM - pMax - Portland (MxConv),--,Performance Max,None,0,0,0.00,0.00,OK,,Appears relevant for Portland market
campamento de verano,CM - pMax - Portland (MxConv),--,Performance Max,None,0,0,0.00,0.00,OK,,Appears relevant for Portland market
chelsea piers soccer camp,CM - pMax - Portland (MxConv),--,Performance Max,None,0,0,0.00,0.00,OK,,Appears relevant for Portland market
darien ymca summer camp,CM - pMax - Portland (MxConv),--,Performance Max,None,0,0,0.00,0.00,OK,,Appears relevant for Portland market
1st seed volleyball,CM - pMax - Portland (MxConv),--,Performance Max,None,0,0,0.00,0.00,OK,,Appears relevant for Portland market
soccer for toddlers near me,CM - pMax - Portland (MxConv),--,Performance Max,None,0,0,0.00,0.00,OK,,Appears relevant for Portland market
football kids,CM - pMax - Portland (MxConv),--,Performance Max,None,0,0,0.00,0.00,OK,,Appears relevant for Portland market
camp near me,CM - pMax - Portland (MxConv),--,Performance Max,None,0,0,0.00,0.00,OK,,Appears relevant for Portland market
summer camp near me 2025 near me,CM - pMax - Portland (MxConv),--,Performance Max,None,0,0,0.00,0.00,OK,,Appears relevant for Portland market
basketball camp long island,CM - Nonbranded - Other Geos (MxConv),Basketball Camp,Phrase match,None,0,3,0.00,0.00,OK,,Appears relevant
tennis remixed ™ near me,CM - Nonbranded - Other Geos (MxConv),Tennis Camps,Broad match,None,0,1,0.00,0.00,OK,,Appears relevant
berkeley lacrosse camp,CM - Nonbranded - Other Geos (MxConv),Lacrosse Camps,Phrase match (close variant),None,0,2,0.00,0.00,OK,,Appears relevant
day camp westchester,CM - Non Brand - PMax,--,Performance Max,None,0,4,0.00,0.00,OK,,Appears relevant for Portland market
chaminade lacrosse camp,CM - Non Brand - PMax,--,Performance Max,None,0,2,0.00,0.00,OK,,Appears relevant for Portland market
lila camp,CM - Non Brand - PMax,--,Performance Max,None,0,1,0.00,0.00,OK,,Appears relevant for Portland market
brookhaven camp,CM - Non Brand - PMax,--,Performance Max,None,0,1,0.00,0.00,OK,,Appears relevant for Portland market
soccer academy for adults,CM - Non Brand - PMax,--,Performance Max,None,0,1,0.00,0.00,OK,,Appears relevant for Portland market
college football camps,CM - Non Brand - PMax,--,Performance Max,None,0,1,0.00,0.00,OK,,Appears relevant for Portland market
summer basketball camps near me,CM - Nonbranded - Geo Priorities (MxCx),Basketball Camp,Exact match (close variant),Added,3,5,6.03,0.00,OK,,Appears relevant
summer camp for 11 year old girls,CM - Nonbranded - Geo Priorities (MxCx),Summer Camps,Phrase match,None,1,8,1.62,0.00,OK,,Appears relevant
summer day camps on long island,CM - Nonbranded - Geo Priorities (MxCx),Summer Camps,Exact match (close variant),None,0,1,0.00,0.00,OK,,Appears relevant
baseball camps for 5 year olds,CM - Nonbranded - Geo Priorities (MxCx),Summer Camps,Phrase match (close variant),None,0,4,0.00,0.00,OK,,Appears relevant
teen volleyball summer camp,CM - Nonbranded - Geo Priorities (MxCx),Volleyball Camps,Phrase match,None,0,1,0.00,0.00,OK,,Appears relevant
volleyball summer camp for beginners,CM - Nonbranded - Geo Priorities (MxCx),Volleyball Camps,Phrase match,None,1,2,2.74,0.00,OK,,Appears relevant
gloria dei summer camp,CM - Nonbranded - Geo Priorities (MxCx),Summer Camps,Phrase match,None,0,1,0.00,0.00,OK,,Appears relevant
pierce summer camp roslyn,CM - Competitors - OldW - (Mx.Clicks),Competitors,Exact match (close variant),None,0,1,0.00,0.00,OK,,Competitor matched: 'pierce'
luhi summer camps,CM - Competitors - OldW - (Mx.Clicks),Competitors,Exact match,Added,0,6,0.00,0.00,OK,,Competitor matched: 'luhi'
camp pierce,CM - Competitors - OldW - (Mx.Clicks),Competitors,Exact match (close variant),None,1,4,3.61,0.00,OK,,Competitor matched: 'pierce'
oasis day camp,CM - Competitors - OldW - (Mx.Clicks),Competitors,Exact match (close variant),Added,0,2,0.00,0.00,OK,,Competitor matched: 'oasis'
theater camp joan still,CM - pMax - Portland (MxConv),--,Performance Max,None,0,2,0.00,0.00,OK,,Appears relevant for Portland market
art camp portland maine,CM - pMax - Portland (MxConv),--,Performance Max,None,0,2,0.00,0.00,OK,,Appears relevant for Portland market
baseball clinics near me,CM - pMax - Portland (MxConv),--,Performance Max,None,0,0,0.00,0.00,OK,,Appears relevant for Portland market
basketball stars camp,CM - pMax - Portland (MxConv),--,Performance Max,None,0,0,0.00,0.00,OK,,Appears relevant for Portland market
summer camp ct,CM - pMax - Portland (MxConv),--,Performance Max,None,0,0,0.00,0.00,OK,,Appears relevant for Portland market
fff summer camp,CM - pMax - Portland (MxConv),--,Performance Max,None,0,0,0.00,0.00,OK,,Appears relevant for Portland market
summer soccer leagues near me,CM - pMax - Portland (MxConv),--,Performance Max,None,0,0,0.00,0.00,OK,,Appears relevant for Portland market
last minute summer camps,CM - pMax - Portland (MxConv),--,Performance Max,None,0,0,0.00,0.00,OK,,Appears relevant for Portland market
size soccer ball for u8,CM - pMax - Portland (MxConv),--,Performance Max,None,0,0,0.00,0.00,OK,,Appears relevant for Portland market
greenwich volleyball club,CM - Non Brand - PMax,--,Performance Max,None,0,2,0.00,0.00,OK,,Appears relevant for Portland market
ivy league camp,CM - Non Brand - PMax,--,Performance Max,None,0,4,0.00,0.00,OK,,Appears relevant for Portland market
summer art classes near me,CM - Non Brand - PMax,--,Performance Max,None,0,1,0.00,0.00,OK,,Appears relevant for Portland market
nexgen camp,CM - Non Brand - PMax,--,Performance Max,None,0,1,0.00,0.00,OK,,Appears relevant for Portland market
outdoor adventure near me,CM - Non Brand - PMax,--,Performance Max,None,0,1,0.00,0.00,OK,,Appears relevant for Portland market
headfirst softball camp 2026,CM - Nonbranded - Geo Priorities (MxCx),Softball Camps,Phrase match,None,0,2,0.00,0.00,OK,,Appears relevant
knox school summer camp,CM - Nonbranded - Geo Priorities (MxCx),Summer Camps,Phrase match,None,0,1,0.00,0.00,OK,,Appears relevant
youth camp,CM - Nonbranded - Geo Priorities (MxCx),Summer Camps,Phrase match (close variant),None,0,1,0.00,0.00,OK,,Appears relevant
youth girls volleyball camps near me,CM - Nonbranded - Geo Priorities (MxCx),Volleyball Camps,Phrase match,None,0,4,0.00,0.00,OK,,Appears relevant
cit programs summer camp,CM - Nonbranded - Geo Priorities (MxCx),Summer Camps,Phrase match (close variant),None,0,1,0.00,0.00,OK,,Appears relevant
summer camp for 8 year olds near me,CM - Nonbranded - Geo Priorities (MxCx),Summer Camps,Phrase match,None,2,1,3.80,0.00,OK,,Appears relevant
camp for 4 year old near me,CM - Nonbranded - Geo Priorities (MxCx),Summer Camps,Phrase match (close variant),None,0,1,0.00,0.00,OK,,Appears relevant
northwestern lacrosse camp,CM - Nonbranded - Geo Priorities (MxCx),Lacrosse Camps,Phrase match (close variant),None,0,1,0.00,0.00,OK,,Appears relevant
summer camp dance,CM - Nonbranded - Geo Priorities (MxCx),Dance Camps,Exact match,Added,0,1,0.00,0.00,OK,,Appears relevant
summer select soccer,CM - Nonbranded - Geo Priorities (MxCx),Soccer Camps,Phrase match (close variant),None,0,2,0.00,0.00,OK,,Appears relevant
basketball camps long island,CM - Nonbranded - Geo Priorities (MxCx),Basketball Camp,Phrase match,Added,0,1,0.00,0.00,OK,,Appears relevant
summer camp farmingdale ny,CM - Nonbranded - Geo Priorities (MxCx),Summer Camps,Phrase match,None,1,2,2.61,0.00,OK,,Appears relevant
summer basketball long island,CM - Nonbranded - Geo Priorities (MxCx),Summer Camps,Phrase match (close variant),None,0,2,0.00,0.00,OK,,Appears relevant
usm basketball camp 2026,CM - pMax - Portland (MxConv),--,Performance Max,None,0,1,0.00,0.00,OK,,Appears relevant for Portland market
xl sports camp,CM - pMax - Portland (MxConv),--,Performance Max,None,0,1,0.00,0.00,OK,,Appears relevant for Portland market
sports time near me,CM - pMax - Portland (MxConv),--,Performance Max,None,0,0,0.00,0.00,OK,,Appears relevant for Portland market
sports camp near me,CM - pMax - Portland (MxConv),--,Performance Max,None,0,0,0.00,0.00,OK,,Appears relevant for Portland market
camp simmons greenwich,CM - pMax - Portland (MxConv),--,Performance Max,None,0,0,0.00,0.00,OK,,Appears relevant for Portland market
manchester city summer camp 2025 usa,CM - pMax - Portland (MxConv),--,Performance Max,None,0,0,0.00,0.00,OK,,Appears relevant for Portland market
ossining soccer,CM - pMax - Portland (MxConv),--,Performance Max,None,0,0,0.00,0.00,OK,,Appears relevant for Portland market
camp ramah,CM - pMax - Portland (MxConv),--,Performance Max,None,0,0,0.00,0.00,OK,,Appears relevant for Portland market
clear pool camp,CM - pMax - Portland (MxConv),--,Performance Max,None,0,0,0.00,0.00,OK,,Appears relevant for Portland market
canchas de futbol para niños cerca de mi,CM - pMax - Portland (MxConv),--,Performance Max,None,0,0,0.00,0.00,OK,,Appears relevant for Portland market
riverhead summer camp,CM - pMax - Portland (MxConv),--,Performance Max,None,0,0,0.00,0.00,OK,,Appears relevant for Portland market
hamptons summer camps,CM - pMax - Portland (MxConv),--,Performance Max,None,0,0,0.00,0.00,OK,,Appears relevant for Portland market
soccer summer camp,CM - Nonbranded - Geo Priorities (MxCx),Soccer Camps,Exact match (close variant),None,4,9,5.72,0.00,OK,,Appears relevant
prime time football camp,CM - Nonbranded - Geo Priorities (MxCx),Football Camps,Phrase match,None,0,1,0.00,0.00,OK,,Appears relevant
college volleyball camps 2026,CM - Nonbranded - Geo Priorities (MxCx),Volleyball Camps,Phrase match,None,0,1,0.00,0.00,OK,,Appears relevant
summer basketball for 6 year olds,CM - Nonbranded - Geo Priorities (MxCx),Basketball Camp,Phrase match (close variant),None,1,2,2.86,0.00,OK,,Appears relevant
frogbridge day camp,CM - Nonbranded - Geo Priorities (MxCx),Summer Camps,Phrase match (close variant),None,0,1,0.00,0.00,OK,,Appears relevant
local camps,CM - Nonbranded - Geo Priorities (MxCx),Summer Camps,Phrase match (close variant),None,0,1,0.00,0.00,OK,,Appears relevant
franklin square summer camp,CM - Nonbranded - Geo Priorities (MxCx),Soccer Camps,Phrase match (close variant),None,0,1,0.00,0.00,OK,,Appears relevant
summer baseball camps,CM - Nonbranded - Geo Priorities (MxCx),Summer Camps,Phrase match (close variant),None,0,1,0.00,0.00,OK,,Appears relevant
summer camp baseball,CM - Nonbranded - Geo Priorities (MxCx),Summer Camps,Phrase match,None,1,3,0.70,0.00,OK,,Appears relevant
basketball camps 2025,CM - Nonbranded - Geo Priorities (MxCx),Basketball Camp,Phrase match,None,0,0,0.00,0.00,OK,,Appears relevant
tennis camp near me,CM - Nonbranded - Geo Priorities (MxCx),Tennis Camps,Exact match (close variant),None,0,0,0.00,0.00,OK,,Appears relevant
sag harbor tennis,CM - Nonbranded - Other Geos (MxConv),Tennis Camps,Broad match,None,0,2,0.00,0.00,OK,,Appears relevant
baseball for kids near me,CM - Non Brand - PMax,--,Performance Max,None,0,1,0.00,0.00,OK,,Appears relevant for Portland market
softball training near me,CM - Non Brand - PMax,--,Performance Max,None,0,1,0.00,0.00,OK,,Appears relevant for Portland market
yes camp west islip,CM - Non Brand - PMax,--,Performance Max,None,0,2,0.00,0.00,OK,,Appears relevant for Portland market
soccer school for kids near me,CM - Non Brand - PMax,--,Performance Max,None,0,1,0.00,0.00,OK,,Appears relevant for Portland market
riverhead summer camp,CM - Non Brand - PMax,--,Performance Max,None,0,1,0.00,0.00,OK,,Appears relevant for Portland market
day camps,CM - Non Brand - PMax,--,Performance Max,None,0,2,0.00,0.00,OK,,Appears relevant for Portland market
southampton tennis,CM - Non Brand - PMax,--,Performance Max,None,0,1,0.00,0.00,OK,,Appears relevant for Portland market
valley stream pool,CM - Non Brand - PMax,--,Performance Max,None,0,2,0.00,0.00,OK,,Appears relevant for Portland market
ymca kids summer camp,CM - Non Brand - PMax,--,Performance Max,None,0,2,0.00,0.00,OK,,Appears relevant for Portland market
tball near me,CM - Non Brand - PMax,--,Performance Max,None,0,2,0.00,0.00,OK,,Appears relevant for Portland market
mega sports camp,CM - Non Brand - PMax,--,Performance Max,None,0,1,0.00,0.00,OK,,Appears relevant for Portland market
pt lacrosse,CM - Non Brand - PMax,--,Performance Max,None,0,1,0.00,0.00,OK,,Appears relevant for Portland market
futurestars,CM - Branded (Mx.Clicks),Future Stars Camp Brand,Exact match (close variant),None,7,13,8.25,0.28,OK,,Has converted - protected from negation
summer camp for little kids,CM - Nonbranded - Geo Priorities (MxCx),Summer Camps,Phrase match,None,0,1,0.00,0.00,OK,,Appears relevant
baseball camps for 5 year olds near me,CM - Nonbranded - Geo Priorities (MxCx),Summer Camps,Phrase match (close variant),None,1,2,2.69,0.00,OK,,Appears relevant
kidstrong summer,CM - Nonbranded - Geo Priorities (MxCx),Sports Camps,Phrase match (close variant),None,0,2,0.00,0.00,OK,,Appears relevant
leaps summer camp,CM - Nonbranded - Geo Priorities (MxCx),Summer Camps,Phrase match (close variant),None,0,6,0.00,0.00,OK,,Appears relevant
summer camps 2026 near me,CM - Nonbranded - Geo Priorities (MxCx),Summer Camps,Phrase match,None,0,2,0.00,0.00,OK,,Appears relevant
syosset summer camp,CM - Nonbranded - Geo Priorities (MxCx),Summer Camps,Phrase match,None,0,3,0.00,0.00,OK,,Appears relevant
nature camp near me,CM - Nonbranded - Geo Priorities (MxCx),Summer Camps,Phrase match (close variant),None,0,1,0.00,0.00,OK,,Appears relevant
ncaa football camps,CM - Nonbranded - Geo Priorities (MxCx),Football Camps,Phrase match,None,0,2,0.00,0.00,OK,,Appears relevant
southward ho summer camp,CM - Nonbranded - Geo Priorities (MxCx),Sports Camps,Phrase match (close variant),None,1,2,2.83,0.00,OK,,Appears relevant
long island summer camps,CM - Nonbranded - Geo Priorities (MxCx),Soccer Camps,Phrase match (close variant),None,0,0,0.00,0.00,OK,,Has converted - protected from negation
oceanside ny summer camp,CM - Nonbranded - Geo Priorities (MxCx),Summer Camps,Phrase match (close variant),None,0,0,0.00,0.00,OK,,Appears relevant
summer camp in long island,CM - Nonbranded - Geo Priorities (MxCx),Soccer Camps,Phrase match (close variant),None,0,0,0.00,0.00,OK,,Appears relevant
youth leadership training,CM - pMax - Portland (MxConv),--,Performance Max,None,0,2,0.00,0.00,OK,,Appears relevant for Portland market
usm summer camp,CM - pMax - Portland (MxConv),--,Performance Max,None,0,2,0.00,0.00,OK,,Appears relevant for Portland market
air riderz summer camp,CM - pMax - Portland (MxConv),--,Performance Max,None,0,0,0.00,0.00,OK,,Appears relevant for Portland market
summer camp for 10 year olds,CM - pMax - Portland (MxConv),--,Performance Max,None,0,0,0.00,0.00,OK,,Appears relevant for Portland market
horseback riding,CM - pMax - Portland (MxConv),--,Performance Max,None,0,0,0.00,0.00,OK,,Appears relevant for Portland market
camps near me,CM - pMax - Portland (MxConv),--,Performance Max,None,0,0,0.00,0.00,OK,,Appears relevant for Portland market
skyhawks sports academy,CM - pMax - Portland (MxConv),--,Performance Max,None,0,0,0.00,0.00,OK,,Appears relevant for Portland market
volleyball summer camp near me,CM - pMax - Portland (MxConv),--,Performance Max,None,0,0,0.00,0.00,OK,,Appears relevant for Portland market
st anthony's summer camp,CM - pMax - Portland (MxConv),--,Performance Max,None,0,0,0.00,0.00,OK,,Appears relevant for Portland market
5 star camp,CM - pMax - Portland (MxConv),--,Performance Max,None,0,0,0.00,0.00,OK,,Appears relevant for Portland market
putnam valley camp,CM - pMax - Portland (MxConv),--,Performance Max,None,0,0,0.00,0.00,OK,,Appears relevant for Portland market
swimming pool program,CM - pMax - Portland (MxConv),--,Performance Max,None,0,0,0.00,0.00,OK,,Appears relevant for Portland market
colby baseball camps,CM - Nonbranded - Other Geos (MxConv),Baseball Camps,Phrase match (close variant),None,0,1,0.00,0.00,OK,,Appears relevant
randall's island tennis camp,CM - Nonbranded - Other Geos (MxConv),Tennis Camps,Phrase match,None,1,1,5.54,0.00,OK,,Appears relevant
interclub tennis long island,CM - Nonbranded - Other Geos (MxConv),Tennis Camps,Broad match,None,0,2,0.00,0.00,OK,,Appears relevant
soccer for summer near me,CM - Non Brand - PMax,--,Performance Max,None,0,1,0.00,0.00,OK,,Appears relevant for Portland market
white plains summer camp,CM - Non Brand - PMax,--,Performance Max,None,0,1,0.00,0.00,OK,,Appears relevant for Portland market
golf camps near me,CM - Non Brand - PMax,--,Performance Max,None,0,1,0.00,0.00,OK,,Appears relevant for Portland market
what is a size 5 soccer ball,CM - Non Brand - PMax,--,Performance Max,None,0,2,0.00,0.00,OK,,Appears relevant for Portland market
the little gym near me,CM - Non Brand - PMax,--,Performance Max,None,0,1,0.00,0.00,OK,,Appears relevant for Portland market
kenwal camp,CM - Competitors - OldW - (Mx.Clicks),Competitors,Exact match,Added,0,2,0.00,0.00,OK,,Competitor matched: 'kenwal'
future stars tennis,CM - Branded (Mx.Clicks),Future Stars Camp Brand,Phrase match,None,4,9,11.74,0.00,OK,,Brand term matched: 'future stars'
future stars lacrosse,CM - Branded (Mx.Clicks),Future Stars Camp Brand,Phrase match,None,0,0,0.00,0.00,OK,,Brand term matched: 'future stars'
fscamps,CM - Branded (Mx.Clicks),Future Stars Camp Brand,Exact match,Added,0,0,0.00,0.00,OK,,Brand term matched: 'fscamps'
summer dance camps,CM - Nonbranded - Other Geos (MxConv),Dance Camps,Exact match (close variant),None,0,2,0.00,0.00,OK,,Appears relevant
suny purchase summer camp,CM - Nonbranded - Other Geos (MxConv),Summer Camps,Phrase match,None,0,0,0.00,0.00,OK,,Appears relevant
colby basketball camp,CM - pMax - Portland (MxConv),--,Performance Max,None,0,1,0.00,0.00,OK,,Appears relevant for Portland market
soccer star,CM - pMax - Portland (MxConv),--,Performance Max,None,0,1,0.00,0.00,OK,,Appears relevant for Portland market
horse places near me,CM - pMax - Portland (MxConv),--,Performance Max,None,1,1,0.71,0.00,OK,,Appears relevant for Portland market
westchester day camp,CM - pMax - Portland (MxConv),--,Performance Max,None,0,0,0.00,0.00,OK,,Appears relevant for Portland market
softball camps near me,CM - pMax - Portland (MxConv),--,Performance Max,None,0,0,0.00,0.00,OK,,Appears relevant for Portland market
sports campus near me,CM - pMax - Portland (MxConv),--,Performance Max,None,0,0,0.00,0.00,OK,,Appears relevant for Portland market
football clinic near me,CM - pMax - Portland (MxConv),--,Performance Max,None,0,0,0.00,0.00,OK,,Appears relevant for Portland market
basketball teams for 12 year olds,CM - pMax - Portland (MxConv),--,Performance Max,None,0,0,0.00,0.00,OK,,Appears relevant for Portland market
hofstra softball camp,CM - pMax - Portland (MxConv),--,Performance Max,None,0,0,0.00,0.00,OK,,Appears relevant for Portland market
nike tennis camps,CM - pMax - Portland (MxConv),--,Performance Max,None,0,0,0.00,0.00,OK,,Appears relevant for Portland market
camp avnet halb,CM - pMax - Portland (MxConv),--,Performance Max,None,0,0,0.00,0.00,OK,,Appears relevant for Portland market
camp kinder ring,CM - pMax - Portland (MxConv),--,Performance Max,None,0,0,0.00,0.00,OK,,Appears relevant for Portland market
circus life,CM - pMax - Portland (MxConv),--,Performance Max,None,0,0,0.00,0.00,OK,,Appears relevant for Portland market
camp for teens near me,CM - pMax - Portland (MxConv),--,Performance Max,None,0,0,0.00,0.00,OK,,Appears relevant for Portland market
nce soccer camp,CM - pMax - Portland (MxConv),--,Performance Max,None,0,0,0.00,0.00,OK,,Appears relevant for Portland market
heroy day camp,CM - pMax - Portland (MxConv),--,Performance Max,None,0,0,0.00,0.00,OK,,Appears relevant for Portland market
local camps for kids near me,CM - Nonbranded - Geo Priorities (MxCx),Summer Camps,Exact match (close variant),None,1,3,1.56,0.00,OK,,Appears relevant
week camps for kids near me,CM - Nonbranded - Geo Priorities (MxCx),Summer Camps,Phrase match (close variant),None,0,1,0.00,0.00,OK,,Appears relevant
summer athletic camps near me,CM - Nonbranded - Geo Priorities (MxCx),Sports Camps,Exact match (close variant),None,0,1,0.00,0.00,OK,,Appears relevant
summer camp levittown ny,CM - Nonbranded - Geo Priorities (MxCx),Summer Camps,Phrase match,None,0,2,0.00,0.00,OK,,Appears relevant
discover camp westchester,CM - Nonbranded - Geo Priorities (MxCx),Summer Camps,Phrase match (close variant),None,0,2,0.00,0.00,OK,,Appears relevant
camp greenkill,CM - Nonbranded - Geo Priorities (MxCx),Summer Camps,Phrase match (close variant),None,0,1,0.00,0.00,OK,,Appears relevant
pga camp,CM - Nonbranded - Geo Priorities (MxCx),Sports Camps,Phrase match (close variant),None,0,1,0.00,0.00,OK,,Appears relevant
basketball summer camp for kids,CM - Nonbranded - Geo Priorities (MxCx),Basketball Camp,Phrase match,None,0,1,0.00,0.00,OK,,Appears relevant
dance camp long island,CM - Nonbranded - Geo Priorities (MxCx),Summer Camps,Phrase match (close variant),None,0,2,0.00,0.00,OK,,Appears relevant
track summer camps,CM - Nonbranded - Geo Priorities (MxCx),Summer Camps,Phrase match (close variant),None,0,1,0.00,0.00,OK,,Appears relevant
camps for 3 year olds,CM - Nonbranded - Geo Priorities (MxCx),Summer Camps,Phrase match (close variant),None,0,4,0.00,0.00,OK,,Appears relevant
nature camp westchester,CM - Nonbranded - Geo Priorities (MxCx),Summer Camps,Phrase match (close variant),None,0,1,0.00,0.00,OK,,Appears relevant
fredonia summer camp,CM - Nonbranded - Geo Priorities (MxCx),Summer Camps,Phrase match,None,0,1,0.00,0.00,OK,,Appears relevant
soccer for summer near me,CM - Nonbranded - Geo Priorities (MxCx),Soccer Camps,Exact match (close variant),None,0,1,0.00,0.00,OK,,Appears relevant
long island summer camps,CM - Nonbranded - Geo Priorities (MxCx),Summer Camps,Phrase match (close variant),None,0,3,0.00,0.00,OK,,Has converted - protected from negation
phelps lane summer camp,CM - Nonbranded - Geo Priorities (MxCx),Summer Camps,Phrase match (close variant),None,0,4,0.00,0.00,OK,,Appears relevant
field hockey camps for beginners,CM - Nonbranded - Geo Priorities (MxCx),Sports Camps,Phrase match (close variant),None,0,0,0.00,0.00,OK,,Appears relevant
summer academic camp,CM - Non Brand - PMax,--,Performance Max,None,0,3,0.00,0.00,OK,,Appears relevant for Portland market
swim team near me,CM - Non Brand - PMax,--,Performance Max,None,0,3,0.00,0.00,OK,,Appears relevant for Portland market
swimming classes westchester,CM - Non Brand - PMax,--,Performance Max,None,0,2,0.00,0.00,OK,,Appears relevant for Portland market
rolling river day camp,CM - Non Brand - PMax,--,Performance Max,None,0,2,0.00,0.00,OK,,Appears relevant for Portland market
future stars nassau community college,CM - Branded (Mx.Clicks),Future Stars Camp Brand,Phrase match,None,0,0,0.00,0.00,OK,,Brand term matched: 'future stars'
nfl alumni youth football camp,CM - Nonbranded - Other Geos (MxConv),Football Camps,Phrase match,None,0,2,0.00,0.00,OK,,Appears relevant
sports for kids near me,CM - Nonbranded - Other Geos (MxConv),Tennis Camps,Broad match,None,1,3,1.95,0.00,OK,,Appears relevant
toddler size soccer ball,CM - pMax - Portland (MxConv),--,Performance Max,None,1,4,0.80,0.00,OK,,Appears relevant for Portland market
lacrosse 4 year old,CM - pMax - Portland (MxConv),--,Performance Max,None,0,0,0.00,0.00,OK,,Appears relevant for Portland market
chess summer camp 2025,CM - pMax - Portland (MxConv),--,Performance Max,None,0,0,0.00,0.00,OK,,Appears relevant for Portland market
summer programs for kids near me,CM - pMax - Portland (MxConv),--,Performance Max,None,0,0,0.00,0.00,OK,,Appears relevant for Portland market
asphalt green ues camp,CM - pMax - Portland (MxConv),--,Performance Max,None,0,0,0.00,0.00,OK,,Appears relevant for Portland market
free children's entertainment near me,CM - pMax - Portland (MxConv),--,Performance Max,None,0,0,0.00,0.00,OK,,Appears relevant for Portland market
toddler soccer near me,CM - pMax - Portland (MxConv),--,Performance Max,None,0,0,0.00,0.00,OK,,Appears relevant for Portland market
jcc camp,CM - pMax - Portland (MxConv),--,Performance Max,None,0,0,0.00,0.00,OK,,Appears relevant for Portland market
college basketball camps 2025,CM - pMax - Portland (MxConv),--,Performance Max,None,0,0,0.00,0.00,OK,,Appears relevant for Portland market
hofstra volleyball camp,CM - pMax - Portland (MxConv),--,Performance Max,None,0,0,0.00,0.00,OK,,Appears relevant for Portland market
enjoy soccer academy,CM - pMax - Portland (MxConv),--,Performance Max,None,0,0,0.00,0.00,OK,,Appears relevant for Portland market
sunrise camp,CM - pMax - Portland (MxConv),--,Performance Max,None,0,0,0.00,0.00,OK,,Appears relevant for Portland market
sportime,CM - pMax - Portland (MxConv),--,Performance Max,None,0,0,0.00,0.00,OK,,Appears relevant for Portland market
camp job near me,CM - pMax - Portland (MxConv),--,Performance Max,None,0,0,0.00,0.00,OK,,Appears relevant for Portland market
track and field camp near me,CM - Non Brand - PMax,--,Performance Max,None,0,3,0.00,0.00,OK,,Appears relevant for Portland market
tutor time near me,CM - Non Brand - PMax,--,Performance Max,None,0,1,0.00,0.00,OK,,Appears relevant for Portland market
super soccer stars,CM - Non Brand - PMax,--,Performance Max,None,0,2,0.00,0.00,OK,,Appears relevant for Portland market
imagine swimming,CM - Non Brand - PMax,--,Performance Max,None,0,1,0.00,0.00,OK,,Appears relevant for Portland market
summer camp near me,CM - Nonbranded - Geo Priorities (MxCx),Summer Camps,Exact match,Added,6,88,14.07,0.00,OK,,Appears relevant
dance summer camps near me,CM - Nonbranded - Geo Priorities (MxCx),Dance Camps,Exact match (close variant),None,0,2,0.00,0.00,OK,,Appears relevant
cheer camp long island,CM - Nonbranded - Geo Priorities (MxCx),Sports Camps,Phrase match (close variant),None,0,4,0.00,0.00,OK,,Appears relevant
kids summer camp,CM - Nonbranded - Geo Priorities (MxCx),Summer Camps,Exact match (close variant),Added,0,1,0.00,0.00,OK,,Appears relevant
summer programs long island,CM - Nonbranded - Geo Priorities (MxCx),Summer Camps,Phrase match (close variant),None,0,1,0.00,0.00,OK,,Appears relevant
bethpage summer camp,CM - Nonbranded - Geo Priorities (MxCx),Summer Camps,Phrase match (close variant),None,0,1,0.00,0.00,OK,,Appears relevant
meadowbrook day camp near me,CM - Nonbranded - Geo Priorities (MxCx),Summer Camps,Phrase match,None,0,2,0.00,0.00,OK,,Appears relevant
camp sunshine,CM - Nonbranded - Geo Priorities (MxCx),Summer Camps,Phrase match (close variant),None,0,4,0.00,0.00,OK,,Appears relevant
volleyball summer camp long island,CM - Nonbranded - Geo Priorities (MxCx),Summer Camps,Phrase match (close variant),None,0,2,0.00,0.00,OK,,Appears relevant
cheer training camp,CM - Nonbranded - Geo Priorities (MxCx),Sports Camps,Phrase match (close variant),None,0,2,0.00,0.00,OK,,Appears relevant
art summer camp,CM - Nonbranded - Geo Priorities (MxCx),Summer Camps,Phrase match,None,0,3,0.00,0.00,OK,,Appears relevant
1 week camp,CM - Nonbranded - Geo Priorities (MxCx),Summer Camps,Phrase match (close variant),None,0,2,0.00,0.00,OK,,Appears relevant
pitt football camp,CM - Nonbranded - Geo Priorities (MxCx),Football Camps,Phrase match,None,0,1,0.00,0.00,OK,,Appears relevant
rising stars basketball long island,CM - Nonbranded - Geo Priorities (MxCx),Basketball Camp,Phrase match (close variant),None,0,2,0.00,0.00,OK,,Appears relevant
lacrosse camp,CM - Nonbranded - Geo Priorities (MxCx),Lacrosse Camps,Exact match (close variant),None,1,8,2.44,0.00,OK,,Appears relevant
youth tennis programs near me,CM - Nonbranded - Geo Priorities (MxCx),Tennis Camps,Broad match,None,0,0,0.00,0.00,OK,,Appears relevant
vollyball near me,CM - Nonbranded - Geo Priorities (MxCx),Volleyball Camps,Exact match (close variant),None,0,0,0.00,0.00,OK,,Appears relevant
future stars camp near me,CM - Branded (Mx.Clicks),Future Stars Camp Brand,Exact match (close variant),None,0,0,0.00,0.00,OK,,Brand term matched: 'future stars'
y camp,CM - pMax - Portland (MxConv),--,Performance Max,None,0,1,0.00,0.00,OK,,Appears relevant for Portland market
sport time camp,CM - pMax - Portland (MxConv),--,Performance Max,None,0,0,0.00,0.00,OK,,Appears relevant for Portland market
ride horses for free near me,CM - pMax - Portland (MxConv),--,Performance Max,None,0,0,0.00,0.00,OK,,Appears relevant for Portland market
horseback riding lessons near me,CM - pMax - Portland (MxConv),--,Performance Max,None,0,0,0.00,0.00,OK,,Appears relevant for Portland market
sports broadcasting camp,CM - pMax - Portland (MxConv),--,Performance Max,None,0,0,0.00,0.00,OK,,Appears relevant for Portland market
tennis clubs near me,CM - pMax - Portland (MxConv),--,Performance Max,None,0,0,0.00,0.00,OK,,Appears relevant for Portland market
elmwood day camp,CM - pMax - Portland (MxConv),--,Performance Max,None,0,0,0.00,0.00,OK,,Appears relevant for Portland market
north arlington summer camp,CM - pMax - Portland (MxConv),--,Performance Max,None,0,0,0.00,0.00,OK,,Appears relevant for Portland market
mohawk day camp,CM - pMax - Portland (MxConv),--,Performance Max,None,0,0,0.00,0.00,OK,,Appears relevant for Portland market
volleyball classes near me for adults,CM - pMax - Portland (MxConv),--,Performance Max,None,0,0,0.00,0.00,OK,,Appears relevant for Portland market
youth center near me,CM - pMax - Portland (MxConv),--,Performance Max,None,0,0,0.00,0.00,OK,,Appears relevant for Portland market
toddlers football,CM - pMax - Portland (MxConv),--,Performance Max,None,0,0,0.00,0.00,OK,,Appears relevant for Portland market
summer camps in westchester county ny,CM - Nonbranded - Other Geos (MxConv),Tennis Camps,Broad match,None,0,2,0.00,0.00,OK,,Appears relevant
tennis innovators near me,CM - Nonbranded - Other Geos (MxConv),Tennis Camps,Broad match,None,0,4,0.00,0.00,OK,,Appears relevant
volleyball practice near me,CM - Nonbranded - Geo Priorities (MxCx),Volleyball Camps,Exact match (close variant),None,1,10,2.78,0.00,OK,,Appears relevant
camp dewolf,CM - Nonbranded - Geo Priorities (MxCx),Summer Camps,Phrase match (close variant),None,0,1,0.00,0.00,OK,,Appears relevant
payton pritchard camp,CM - Nonbranded - Geo Priorities (MxCx),Basketball Camp,Phrase match (close variant),None,0,1,0.00,0.00,OK,,Appears relevant
expensive summer camps,CM - Nonbranded - Geo Priorities (MxCx),Summer Camps,Phrase match,None,0,1,0.00,0.00,OK,,Appears relevant
newburgh summer camp,CM - Nonbranded - Geo Priorities (MxCx),Summer Camps,Phrase match (close variant),None,0,1,0.00,0.00,OK,,Appears relevant
summer basketball,CM - Nonbranded - Geo Priorities (MxCx),Basketball Camp,Exact match (close variant),None,0,5,0.00,0.00,OK,,Appears relevant
jaxson dart football camp 2025,CM - Nonbranded - Geo Priorities (MxCx),Football Camps,Phrase match,None,0,2,0.00,0.00,OK,,Appears relevant
summer camps near freeport ny,CM - Nonbranded - Geo Priorities (MxCx),Summer Camps,Phrase match,None,1,1,2.80,0.00,OK,,Appears relevant
soccer camps on long island,CM - Nonbranded - Geo Priorities (MxCx),Summer Camps,Phrase match (close variant),None,0,1,0.00,0.00,OK,,Appears relevant
one day camps for kids near me,CM - Nonbranded - Geo Priorities (MxCx),Summer Camps,Exact match (close variant),None,0,1,0.00,0.00,OK,,Appears relevant
soccer camps on long island,CM - Nonbranded - Geo Priorities (MxCx),Soccer Camps,Phrase match,None,0,4,0.00,0.00,OK,,Appears relevant
island quest day camp wheatley heights,CM - Nonbranded - Geo Priorities (MxCx),Summer Camps,Phrase match (close variant),None,0,0,0.00,0.00,OK,,Appears relevant
southampton camp,CM - Non Brand - PMax,--,Performance Max,None,0,3,0.00,0.00,OK,,Appears relevant for Portland market
horse camps near me near me,CM - Non Brand - PMax,--,Performance Max,None,0,1,0.00,0.00,OK,,Appears relevant for Portland market
kidsdayoutli,CM - Non Brand - PMax,--,Performance Max,None,1,4,2.28,0.00,OK,,Appears relevant for Portland market
basketball camps near me,CM - Non Brand - PMax,--,Performance Max,None,0,5,0.00,0.00,OK,,Appears relevant for Portland market
basketball camp near me,CM - pMax - Portland (MxConv),--,Performance Max,None,0,2,0.00,0.00,OK,,Appears relevant for Portland market
summer camp for 7 year olds near me,CM - pMax - Portland (MxConv),--,Performance Max,None,0,1,0.00,0.00,OK,,Appears relevant for Portland market
soccer kids near me,CM - pMax - Portland (MxConv),--,Performance Max,None,0,0,0.00,0.00,OK,,Appears relevant for Portland market
summer rising,CM - pMax - Portland (MxConv),--,Performance Max,None,0,0,0.00,0.00,OK,,Appears relevant for Portland market
free art camp near me,CM - pMax - Portland (MxConv),--,Performance Max,None,0,0,0.00,0.00,OK,,Appears relevant for Portland market
volleyball summer camps near me,CM - pMax - Portland (MxConv),--,Performance Max,None,0,0,0.00,0.00,OK,,Appears relevant for Portland market
triton volleyball varsity,CM - pMax - Portland (MxConv),--,Performance Max,None,0,0,0.00,0.00,OK,,Appears relevant for Portland market
volleyball academy,CM - pMax - Portland (MxConv),--,Performance Max,None,0,0,0.00,0.00,OK,,Appears relevant for Portland market
camp floradan,CM - pMax - Portland (MxConv),--,Performance Max,None,0,0,0.00,0.00,OK,,Appears relevant for Portland market
steven kate camp,CM - pMax - Portland (MxConv),--,Performance Max,None,0,0,0.00,0.00,OK,,Appears relevant for Portland market
white plains youth bureau summer camp,CM - pMax - Portland (MxConv),--,Performance Max,None,0,0,0.00,0.00,OK,,Appears relevant for Portland market
baseball camp long beach,CM - pMax - Portland (MxConv),--,Performance Max,None,0,0,0.00,0.00,OK,,Appears relevant for Portland market
lisc mls next,CM - pMax - Portland (MxConv),--,Performance Max,None,0,0,0.00,0.00,OK,,Appears relevant for Portland market
alvin ailey summer camp,CM - Nonbranded - Other Geos (MxConv),Dance Camps,Phrase match (close variant),None,0,2,0.00,0.00,OK,,Appears relevant
little stars camp,CM - Non Brand - PMax,--,Performance Max,None,0,3,0.00,0.00,OK,,Appears relevant for Portland market
equestrian club,CM - Non Brand - PMax,--,Performance Max,None,0,2,0.00,0.00,OK,,Appears relevant for Portland market
baseball camp,CM - Non Brand - PMax,--,Performance Max,None,0,5,0.00,0.00,OK,,Appears relevant for Portland market
tball for toddlers,CM - Non Brand - PMax,--,Performance Max,None,0,1,0.00,0.00,OK,,Appears relevant for Portland market
pal cheerleading near me,CM - Non Brand - PMax,--,Performance Max,None,0,1,0.00,0.00,OK,,Appears relevant for Portland market
private soccer lessons for youth near me,CM - Non Brand - PMax,--,Performance Max,None,0,1,0.00,0.00,OK,,Appears relevant for Portland market
girls basketball camp,CM - Non Brand - PMax,--,Performance Max,None,0,4,0.00,0.00,OK,,Appears relevant for Portland market
horseback riding for kids,CM - Non Brand - PMax,--,Performance Max,None,0,3,0.00,0.00,OK,,Appears relevant for Portland market
escuela de natación para niños cerca de mi,CM - Non Brand - PMax,--,Performance Max,None,0,1,0.00,0.00,OK,,Appears relevant for Portland market
rye rec summer camp,CM - Non Brand - PMax,--,Performance Max,None,0,2,0.00,0.00,OK,,Appears relevant for Portland market
basketball camp near me summer 2026,CM - Nonbranded - Geo Priorities (MxCx),Basketball Camp,Phrase match,None,1,2,2.66,0.00,OK,,Appears relevant
sports camp near me for kids,CM - Nonbranded - Geo Priorities (MxCx),Sports Camps,Phrase match,None,0,1,0.00,0.00,OK,,Appears relevant
summer camp deer park ny,CM - Nonbranded - Geo Priorities (MxCx),Summer Camps,Phrase match (close variant),None,0,2,0.00,0.00,OK,,Appears relevant
long island day camps,CM - Nonbranded - Geo Priorities (MxCx),Summer Camps,Phrase match (close variant),None,0,1,0.00,0.00,OK,,Appears relevant
piers summer camp,CM - Nonbranded - Geo Priorities (MxCx),Soccer Camps,Phrase match (close variant),None,0,1,0.00,0.00,OK,,Appears relevant
gymnastics camps,CM - Nonbranded - Geo Priorities (MxCx),Summer Camps,Phrase match (close variant),None,0,8,0.00,0.00,OK,,Appears relevant
nassau county summer camp 2026,CM - Nonbranded - Geo Priorities (MxCx),Summer Camps,Phrase match (close variant),None,0,4,0.00,0.00,OK,,Appears relevant
kids camps summer 2026 near me,CM - Nonbranded - Geo Priorities (MxCx),Summer Camps,Phrase match,None,0,2,0.00,0.00,OK,,Appears relevant
hofstra summer soccer camp,CM - Nonbranded - Geo Priorities (MxCx),Soccer Camps,Phrase match,None,0,2,0.00,0.00,OK,,Appears relevant
basketball camps in westchester,CM - Nonbranded - Geo Priorities (MxCx),Basketball Camp,Phrase match,None,1,1,0.92,0.00,OK,,Appears relevant
basketball camp summer 2026,CM - Nonbranded - Geo Priorities (MxCx),Basketball Camp,Phrase match,None,0,1,0.00,0.00,OK,,Appears relevant
piers summer camp,CM - Nonbranded - Geo Priorities (MxCx),Sports Camps,Phrase match (close variant),None,0,3,0.00,0.00,OK,,Appears relevant
camp for 4 year olds,CM - Nonbranded - Geo Priorities (MxCx),Summer Camps,Phrase match (close variant),None,0,3,0.00,0.00,OK,,Appears relevant
oyster bay summer camp,CM - Nonbranded - Geo Priorities (MxCx),Summer Camps,Phrase match,None,0,15,0.00,0.00,OK,,Appears relevant
town of huntington summer camp 2026,CM - Nonbranded - Geo Priorities (MxCx),Soccer Camps,Phrase match (close variant),None,0,1,0.00,0.00,OK,,Appears relevant
gold star camp huntington ny,CM - Nonbranded - Geo Priorities (MxCx),Sports Camps,Phrase match (close variant),None,1,3,2.89,0.00,OK,,Appears relevant
summer soccer camps 2025,CM - Nonbranded - Geo Priorities (MxCx),Soccer Camps,Phrase match,None,0,0,0.00,0.00,OK,,Appears relevant
hofstra summer camps,CM - Competitors - OldW - (Mx.Clicks),Competitors,Exact match,Added,0,4,0.00,0.00,OK,,Competitor matched: 'hofstra'
hofstra university summer camp,CM - Competitors - OldW - (Mx.Clicks),Competitors,Exact match (close variant),None,0,4,0.00,0.00,OK,,Competitor matched: 'hofstra'
future stars cerca de mi,CM - Branded (Mx.Clicks),Future Stars Camp Brand,Phrase match,None,1,1,0.08,0.00,OK,,Brand term matched: 'future stars'
future stars soccer camp,CM - Branded (Mx.Clicks),Future Stars Camp Brand,Phrase match,None,0,0,0.00,0.00,OK,,Brand term matched: 'future stars'
escuela de basketball,CM - pMax - Portland (MxConv),--,Performance Max,None,0,0,0.00,0.00,OK,,Appears relevant for Portland market
good summer camp near me,CM - pMax - Portland (MxConv),--,Performance Max,None,0,0,0.00,0.00,OK,,Appears relevant for Portland market
cardinal camp,CM - pMax - Portland (MxConv),--,Performance Max,None,0,0,0.00,0.00,OK,,Appears relevant for Portland market
volleyball girls,CM - pMax - Portland (MxConv),--,Performance Max,None,0,0,0.00,0.00,OK,,Appears relevant for Portland market
volleyball near me,CM - pMax - Portland (MxConv),--,Performance Max,None,0,0,0.00,0.00,OK,,Appears relevant for Portland market
baseball kids league,CM - pMax - Portland (MxConv),--,Performance Max,None,0,0,0.00,0.00,OK,,Appears relevant for Portland market
red bulls soccer camp reviews,CM - pMax - Portland (MxConv),--,Performance Max,None,0,0,0.00,0.00,OK,,Appears relevant for Portland market
soccer programs near me,CM - pMax - Portland (MxConv),--,Performance Max,None,0,0,0.00,0.00,OK,,Appears relevant for Portland market
lego league robotics competition,CM - pMax - Portland (MxConv),--,Performance Max,None,0,0,0.00,0.00,OK,,Appears relevant for Portland market
youth programs near me,CM - pMax - Portland (MxConv),--,Performance Max,None,0,0,0.00,0.00,OK,,Appears relevant for Portland market
ymca camp near me,CM - pMax - Portland (MxConv),--,Performance Max,None,0,0,0.00,0.00,OK,,Appears relevant for Portland market
summer baseball camps 2025,CM - pMax - Portland (MxConv),--,Performance Max,None,0,0,0.00,0.00,OK,,Appears relevant for Portland market
endless adventures summer camp,CM - Nonbranded - Other Geos (MxConv),Tennis Camps,Broad match,None,0,3,0.00,0.00,OK,,Appears relevant
baseball camp westchester ny,CM - Nonbranded - Other Geos (MxConv),Baseball Camps,Phrase match (close variant),None,0,0,0.00,0.00,OK,,Appears relevant
dance camp,CM - Non Brand - PMax,--,Performance Max,None,0,1,0.00,0.00,OK,,Appears relevant for Portland market
sports camps in westchester,CM - Non Brand - PMax,--,Performance Max,None,0,2,0.00,0.00,OK,,Appears relevant for Portland market
volleyball near me,CM - Non Brand - PMax,--,Performance Max,None,0,9,0.00,0.00,OK,,Appears relevant for Portland market
horseback riding class,CM - Non Brand - PMax,--,Performance Max,None,0,2,0.00,0.00,OK,,Appears relevant for Portland market
swimming lessons for kids near me,CM - Non Brand - PMax,--,Performance Max,None,0,1,0.00,0.00,OK,,Appears relevant for Portland market
summer little league baseball,CM - Non Brand - PMax,--,Performance Max,None,0,2,0.00,0.00,OK,,Appears relevant for Portland market
soccer shots near me,CM - Non Brand - PMax,--,Performance Max,None,0,2,0.00,0.00,OK,,Appears relevant for Portland market
pony rides,CM - Non Brand - PMax,--,Performance Max,None,0,2,0.00,0.00,OK,,Appears relevant for Portland market
dedication sports facility,CM - Non Brand - PMax,--,Performance Max,None,2,1,0.08,0.00,OK,,Appears relevant for Portland market
basketball camp long island,CM - Nonbranded - Geo Priorities (MxCx),Basketball Camp,Exact match (close variant),None,4,12,9.93,0.00,OK,,Appears relevant
theatre summer camps near me,CM - Nonbranded - Geo Priorities (MxCx),Summer Camps,Phrase match,None,0,1,0.00,0.00,OK,,Appears relevant
summer camp great neck,CM - Nonbranded - Geo Priorities (MxCx),Summer Camps,Phrase match,None,0,1,0.00,0.00,OK,,Appears relevant
track camp long island,CM - Nonbranded - Geo Priorities (MxCx),Sports Camps,Phrase match (close variant),None,0,2,0.00,0.00,OK,,Appears relevant
hidden pond park summer camp,CM - Nonbranded - Geo Priorities (MxCx),Summer Camps,Phrase match,None,0,1,0.00,0.00,OK,,Appears relevant
long island summer programs,CM - Nonbranded - Geo Priorities (MxCx),Summer Camps,Phrase match (close variant),None,0,1,0.00,0.00,OK,,Appears relevant
indoor basketball camp near me,CM - Nonbranded - Geo Priorities (MxCx),Basketball Camp,Phrase match (close variant),None,0,1,0.00,0.00,OK,,Appears relevant
best volleyball camps in the us,CM - Nonbranded - Geo Priorities (MxCx),Volleyball Camps,Phrase match,None,0,1,0.00,0.00,OK,,Appears relevant
summer camp farmingdale ny,CM - Nonbranded - Geo Priorities (MxCx),Summer Camps,Phrase match (close variant),None,0,1,0.00,0.00,OK,,Appears relevant
local basketball camps,CM - Nonbranded - Geo Priorities (MxCx),Basketball Camp,Exact match (close variant),None,0,0,0.00,0.00,OK,,Appears relevant
future stars tennis camp,CM - Branded (Mx.Clicks),Future Stars Camp Brand,Phrase match,None,3,7,2.97,0.00,OK,,Brand term matched: 'future stars'
future stars 2025,CM - Branded (Mx.Clicks),Future Stars Camp Brand,Phrase match,None,0,0,0.00,0.00,OK,,Brand term matched: 'future stars'
north yarmouth academy camp,CM - pMax - Portland (MxConv),--,Performance Max,None,0,4,0.00,0.00,OK,,Appears relevant for Portland market
life summer camp,CM - pMax - Portland (MxConv),--,Performance Max,None,0,0,0.00,0.00,OK,,Appears relevant for Portland market
softball summer camps 2025,CM - pMax - Portland (MxConv),--,Performance Max,None,0,0,0.00,0.00,OK,,Appears relevant for Portland market
free summer camps in the bronx,CM - pMax - Portland (MxConv),--,Performance Max,None,0,0,0.00,0.00,OK,,Appears relevant for Portland market
youth soccer,CM - pMax - Portland (MxConv),--,Performance Max,None,0,0,0.00,0.00,OK,,Appears relevant for Portland market
softball camp 2025,CM - pMax - Portland (MxConv),--,Performance Max,None,0,0,0.00,0.00,OK,,Appears relevant for Portland market
family attractions near me,CM - pMax - Portland (MxConv),--,Performance Max,None,0,0,0.00,0.00,OK,,Appears relevant for Portland market
fsc camps,CM - pMax - Portland (MxConv),--,Performance Max,None,0,0,0.00,0.00,OK,,Appears relevant for Portland market
basketball trick shots,CM - pMax - Portland (MxConv),--,Performance Max,None,0,0,0.00,0.00,OK,,Appears relevant for Portland market
camps in new rochelle,CM - pMax - Portland (MxConv),--,Performance Max,None,0,0,0.00,0.00,OK,,Appears relevant for Portland market
horseback riding camp,CM - pMax - Portland (MxConv),--,Performance Max,None,0,0,0.00,0.00,OK,,Appears relevant for Portland market
summer tennis,CM - pMax - Portland (MxConv),--,Performance Max,None,0,0,0.00,0.00,OK,,Appears relevant for Portland market
summer camp lunch,CM - pMax - Portland (MxConv),--,Performance Max,None,0,0,0.00,0.00,OK,,Appears relevant for Portland market
st francis prep cheerleading,CM - pMax - Portland (MxConv),--,Performance Max,None,0,0,0.00,0.00,OK,,Appears relevant for Portland market
gvo kids,CM - pMax - Portland (MxConv),--,Performance Max,None,0,0,0.00,0.00,OK,,Appears relevant for Portland market
gms camp,CM - pMax - Portland (MxConv),--,Performance Max,None,0,0,0.00,0.00,OK,,Appears relevant for Portland market
extreme adventures,CM - Non Brand - PMax,--,Performance Max,None,0,1,0.00,0.00,OK,,Appears relevant for Portland market
circus,CM - Non Brand - PMax,--,Performance Max,None,0,4,0.00,0.00,OK,,Appears relevant for Portland market
x10 lacrosse camp,CM - Non Brand - PMax,--,Performance Max,None,0,2,0.00,0.00,OK,,Appears relevant for Portland market
volleyball camps near me,CM - Non Brand - PMax,--,Performance Max,None,1,6,1.22,0.00,OK,,Appears relevant for Portland market
football camp,CM - Nonbranded - Other Geos (MxConv),Football Camps,Exact match,Added,0,3,0.00,0.00,OK,,Appears relevant
dance camp near me,CM - Nonbranded - Geo Priorities (MxCx),Dance Camps,Exact match (close variant),None,2,5,4.82,0.00,OK,,Appears relevant
suffolk summer camp,CM - Nonbranded - Geo Priorities (MxCx),Summer Camps,Phrase match,Added,1,2,2.81,0.00,OK,,Appears relevant
day camps,CM - Nonbranded - Geo Priorities (MxCx),Summer Camps,Phrase match (close variant),None,0,4,0.00,0.00,OK,,Appears relevant
summer soccer camp near me,CM - Nonbranded - Geo Priorities (MxCx),Soccer Camps,Phrase match,None,0,1,0.00,0.00,OK,,Appears relevant
commack summer camp,CM - Nonbranded - Geo Priorities (MxCx),Soccer Camps,Phrase match (close variant),None,0,1,0.00,0.00,OK,,Appears relevant
summer camp melville ny,CM - Nonbranded - Geo Priorities (MxCx),Summer Camps,Phrase match,None,0,3,0.00,0.00,OK,,Appears relevant
gymnastics camp,CM - Nonbranded - Geo Priorities (MxCx),Summer Camps,Phrase match (close variant),None,1,13,1.43,0.00,OK,,Has converted - protected from negation
youth summer camp near me,CM - Nonbranded - Geo Priorities (MxCx),Summer Camps,Exact match (close variant),None,0,2,0.00,0.00,OK,,Appears relevant
new hyde park summer camps,CM - Nonbranded - Geo Priorities (MxCx),Summer Camps,Phrase match (close variant),None,0,1,0.00,0.00,OK,,Appears relevant
basketball camp high school,CM - Nonbranded - Geo Priorities (MxCx),Basketball Camp,Phrase match (close variant),None,0,2,0.00,0.00,OK,,Appears relevant
adventure summer,CM - Nonbranded - Geo Priorities (MxCx),Summer Camps,Phrase match (close variant),None,0,2,0.00,0.00,OK,,Appears relevant
tennis camps for kids near me,CM - Nonbranded - Geo Priorities (MxCx),Summer Camps,Phrase match,None,1,5,2.84,0.00,OK,,Appears relevant
hofstra camps,CM - Competitors - OldW - (Mx.Clicks),Competitors,Exact match (close variant),None,2,9,8.28,0.00,OK,,Competitor matched: 'hofstra'
camp for autistic kids near me,CM - pMax - Portland (MxConv),--,Performance Max,None,0,0,0.00,0.00,OK,,Appears relevant for Portland market
fun toddler activities near me,CM - pMax - Portland (MxConv),--,Performance Max,None,0,0,0.00,0.00,OK,,Appears relevant for Portland market
summer lacrosse camps near me,CM - pMax - Portland (MxConv),--,Performance Max,None,0,0,0.00,0.00,OK,,Appears relevant for Portland market
rise up summer camp,CM - pMax - Portland (MxConv),--,Performance Max,None,0,0,0.00,0.00,OK,,Appears relevant for Portland market
snapology summer camp,CM - pMax - Portland (MxConv),--,Performance Max,None,0,0,0.00,0.00,OK,,Appears relevant for Portland market
ymca bayshore summer camp,CM - pMax - Portland (MxConv),--,Performance Max,None,0,0,0.00,0.00,OK,,Appears relevant for Portland market
hit and run baseball camp white plains,CM - Nonbranded - Other Geos (MxConv),Baseball Camps,Phrase match (close variant),None,1,2,3.27,0.00,OK,,Appears relevant
summer camp june 29 july 3,CM - Nonbranded - Other Geos (MxConv),Tennis Camps,Broad match,None,0,2,0.00,0.00,OK,,Appears relevant
summer programs for pre k near me,CM - Nonbranded - Geo Priorities (MxCx),Summer Camps,Phrase match (close variant),None,0,1,0.00,0.00,OK,,Appears relevant
game 7 basketball,CM - Nonbranded - Geo Priorities (MxCx),Basketball Camp,Phrase match (close variant),None,0,1,0.00,0.00,OK,,Appears relevant
liu football camps,CM - Nonbranded - Geo Priorities (MxCx),Football Camps,Phrase match,None,1,2,2.70,0.00,OK,,Appears relevant
summer camps in my area,CM - Nonbranded - Geo Priorities (MxCx),Summer Camps,Exact match (close variant),None,1,6,2.96,0.00,OK,,Appears relevant
kidstrong summer camp,CM - Nonbranded - Geo Priorities (MxCx),Summer Camps,Phrase match (close variant),None,0,1,0.00,0.00,OK,,Appears relevant
half day camp near me,CM - Nonbranded - Geo Priorities (MxCx),Summer Camps,Phrase match,Added,0,2,0.00,0.00,OK,,Appears relevant
soccer camp near me summer 2026,CM - Nonbranded - Geo Priorities (MxCx),Soccer Camps,Phrase match,None,0,1,0.00,0.00,OK,,Appears relevant
st brigid westbury summer camp,CM - Nonbranded - Geo Priorities (MxCx),Summer Camps,Phrase match,None,0,1,0.00,0.00,OK,,Appears relevant
squash camp near me,CM - Nonbranded - Geo Priorities (MxCx),Sports Camps,Phrase match (close variant),None,0,0,0.00,0.00,OK,,Appears relevant
baseball camp near me,CM - Nonbranded - Geo Priorities (MxCx),Baseball Camps,Exact match (close variant),None,0,0,0.00,0.00,OK,,Appears relevant
academia de basquetbol cerca de mi,CM - Non Brand - PMax,--,Performance Max,None,0,2,0.00,0.00,OK,,Appears relevant for Portland market
tennis lesson near me,CM - Non Brand - PMax,--,Performance Max,None,0,1,0.00,0.00,OK,,Appears relevant for Portland market
maine soccer camp,CM - pMax - Portland (MxConv),--,Performance Max,None,0,1,0.00,0.00,OK,,Appears relevant for Portland market
usm camps,CM - pMax - Portland (MxConv),--,Performance Max,None,0,2,0.00,0.00,OK,,Appears relevant for Portland market
girl scout summer camp,CM - pMax - Portland (MxConv),--,Performance Max,None,0,0,0.00,0.00,OK,,Appears relevant for Portland market
middle school basketball,CM - pMax - Portland (MxConv),--,Performance Max,None,0,0,0.00,0.00,OK,,Appears relevant for Portland market
westhampton tennis,CM - pMax - Portland (MxConv),--,Performance Max,None,0,0,0.00,0.00,OK,,Appears relevant for Portland market
volleyball camp,CM - pMax - Portland (MxConv),--,Performance Max,None,0,0,0.00,0.00,OK,,Appears relevant for Portland market
camp mohawk,CM - pMax - Portland (MxConv),--,Performance Max,None,0,0,0.00,0.00,OK,,Appears relevant for Portland market
nike camp volleyball,CM - pMax - Portland (MxConv),--,Performance Max,None,0,0,0.00,0.00,OK,,Appears relevant for Portland market
summer rising contact number,CM - pMax - Portland (MxConv),--,Performance Max,None,0,0,0.00,0.00,OK,,Appears relevant for Portland market
hastings summer camp,CM - pMax - Portland (MxConv),--,Performance Max,None,0,0,0.00,0.00,OK,,Appears relevant for Portland market
circus arts,CM - pMax - Portland (MxConv),--,Performance Max,None,0,0,0.00,0.00,OK,,Appears relevant for Portland market
camp cms,CM - pMax - Portland (MxConv),--,Performance Max,None,0,0,0.00,0.00,OK,,Appears relevant for Portland market
baseball catching lessons near me,CM - pMax - Portland (MxConv),--,Performance Max,None,0,0,0.00,0.00,OK,,Appears relevant for Portland market
soccer classes near me,CM - pMax - Portland (MxConv),--,Performance Max,None,0,0,0.00,0.00,OK,,Appears relevant for Portland market
volleyball camps near me,CM - pMax - Portland (MxConv),--,Performance Max,None,0,0,0.00,0.00,OK,,Appears relevant for Portland market
soccer camp for kids,CM - Nonbranded - Geo Priorities (MxCx),Soccer Camps,Exact match (close variant),Added,0,4,0.00,0.00,OK,,Appears relevant
sports summer camps near me,CM - Nonbranded - Geo Priorities (MxCx),Sports Camps,Exact match (close variant),Added,2,9,5.56,0.00,OK,,Appears relevant
summer school near me,CM - Nonbranded - Geo Priorities (MxCx),Summer Camps,Phrase match (close variant),None,0,4,0.00,0.00,OK,,Appears relevant
summer camp dance near me,CM - Nonbranded - Geo Priorities (MxCx),Dance Camps,Exact match (close variant),None,0,2,0.00,0.00,OK,,Appears relevant
summer youth near me,CM - Nonbranded - Geo Priorities (MxCx),Soccer Camps,Exact match (close variant),None,0,2,0.00,0.00,OK,,Appears relevant
summer camp long island 2026,CM - Nonbranded - Geo Priorities (MxCx),Summer Camps,Phrase match (close variant),None,0,2,0.00,0.00,OK,,Appears relevant
youth volleyball camp,CM - Nonbranded - Geo Priorities (MxCx),Volleyball Camps,Exact match (close variant),None,1,2,2.49,0.00,OK,,Appears relevant
esports camp,CM - Nonbranded - Geo Priorities (MxCx),Sports Camps,Phrase match (close variant),None,0,1,0.00,0.00,OK,,Appears relevant
summer camp for 12 year old girls,CM - Nonbranded - Geo Priorities (MxCx),Soccer Camps,Phrase match (close variant),None,0,1,0.00,0.00,OK,,Appears relevant
fdu basketball camp,CM - Nonbranded - Geo Priorities (MxCx),Basketball Camp,Phrase match,None,0,2,0.00,0.00,OK,,Appears relevant
kindercare summer camp,CM - Nonbranded - Geo Priorities (MxCx),Summer Camps,Phrase match,None,0,1,0.00,0.00,OK,,Appears relevant
flag football camps near me,CM - Nonbranded - Geo Priorities (MxCx),Football Camps,Phrase match (close variant),None,0,1,0.00,0.00,OK,,Appears relevant
camps in new york,CM - Nonbranded - Geo Priorities (MxCx),Summer Camps,Phrase match (close variant),None,0,1,0.00,0.00,OK,,Appears relevant
summer sports for kids near me,CM - Nonbranded - Geo Priorities (MxCx),Sports Camps,Phrase match (close variant),None,0,1,0.00,0.00,OK,,Appears relevant
tennis clinics near me,CM - Nonbranded - Geo Priorities (MxCx),Tennis Camps,Broad match,None,0,0,0.00,0.00,OK,,Appears relevant
summer volleyball near me,CM - Nonbranded - Geo Priorities (MxCx),Volleyball Camps,Exact match (close variant),None,0,0,0.00,0.00,OK,,Appears relevant
volleyball camp for girls near me,CM - Nonbranded - Geo Priorities (MxCx),Volleyball Camps,Phrase match,None,0,0,0.00,0.00,OK,,Appears relevant
summer soccer clinics near me,CM - Nonbranded - Geo Priorities (MxCx),Summer Camps,Phrase match (close variant),None,0,0,0.00,0.00,OK,,Appears relevant
softball camp near me,CM - Nonbranded - Geo Priorities (MxCx),Sports Camps,Phrase match (close variant),None,0,0,0.00,0.00,OK,,Appears relevant
future stars volleyball camp,CM - Branded (Mx.Clicks),Future Stars Camp Brand,Phrase match,None,3,6,1.27,0.00,OK,,Brand term matched: 'future stars'
future stars patchogue,CM - Branded (Mx.Clicks),Future Stars Camp Brand,Phrase match (close variant),None,8,14,1.77,0.00,OK,,Brand term matched: 'future stars'
summer soccer camps 2026 near me,CM - Non Brand - PMax,--,Performance Max,None,0,1,0.00,0.00,OK,,Appears relevant for Portland market
dance arts development center,CM - Non Brand - PMax,--,Performance Max,None,0,1,0.00,0.00,OK,,Appears relevant for Portland market
equine camp near me,CM - Non Brand - PMax,--,Performance Max,None,0,1,0.00,0.00,OK,,Appears relevant for Portland market
pga camps,CM - Non Brand - PMax,--,Performance Max,None,0,1,0.00,0.00,OK,,Appears relevant for Portland market
shooting stars camp,CM - Non Brand - PMax,--,Performance Max,None,1,1,3.30,0.00,OK,,Appears relevant for Portland market
summer day camps westchester,CM - Non Brand - PMax,--,Performance Max,None,0,2,0.00,0.00,OK,,Appears relevant for Portland market
lacrosse clubs,CM - Non Brand - PMax,--,Performance Max,None,0,1,0.00,0.00,OK,,Appears relevant for Portland market
waynflete summer camp,CM - pMax - Portland (MxConv),--,Performance Max,None,0,10,0.00,0.00,OK,,Appears relevant for Portland market
tennis racket for 8 year old,CM - pMax - Portland (MxConv),--,Performance Max,None,0,1,0.00,0.00,OK,,Appears relevant for Portland market
baseball regeln einfach erklärt,CM - pMax - Portland (MxConv),--,Performance Max,None,0,0,0.00,0.00,OK,,Appears relevant for Portland market
free summer camp norwalk ct,CM - pMax - Portland (MxConv),--,Performance Max,None,0,0,0.00,0.00,OK,,Appears relevant for Portland market
tennis summer camp,CM - pMax - Portland (MxConv),--,Performance Max,None,0,0,0.00,0.00,OK,,Appears relevant for Portland market
campamento de futbol,CM - pMax - Portland (MxConv),--,Performance Max,None,0,0,0.00,0.00,OK,,Appears relevant for Portland market
horse riding lessons for 5 year olds,CM - pMax - Portland (MxConv),--,Performance Max,None,0,0,0.00,0.00,OK,,Appears relevant for Portland market
soccer for 3 5 year olds near me,CM - pMax - Portland (MxConv),--,Performance Max,None,0,0,0.00,0.00,OK,,Appears relevant for Portland market
hamden parks and rec summer camp,CM - pMax - Portland (MxConv),--,Performance Max,None,0,0,0.00,0.00,OK,,Appears relevant for Portland market
soccer academy near me open now,CM - pMax - Portland (MxConv),--,Performance Max,None,0,0,0.00,0.00,OK,,Appears relevant for Portland market
equestrian,CM - pMax - Portland (MxConv),--,Performance Max,None,0,0,0.00,0.00,OK,,Appears relevant for Portland market
kids soccer near me,CM - pMax - Portland (MxConv),--,Performance Max,None,0,0,0.00,0.00,OK,,Appears relevant for Portland market
free summer camp,CM - pMax - Portland (MxConv),--,Performance Max,None,0,0,0.00,0.00,OK,,Appears relevant for Portland market
free summer camp newark nj,CM - pMax - Portland (MxConv),--,Performance Max,None,0,0,0.00,0.00,OK,,Appears relevant for Portland market
ymca summer camp patchogue,CM - pMax - Portland (MxConv),--,Performance Max,None,0,0,0.00,0.00,OK,,Appears relevant for Portland market
escuela de basquetbol cerca de mi,CM - pMax - Portland (MxConv),--,Performance Max,None,0,0,0.00,0.00,OK,,Appears relevant for Portland market
basketball moves to add to your bag,CM - pMax - Portland (MxConv),--,Performance Max,None,0,0,0.00,0.00,OK,,Appears relevant for Portland market
best golf camps for juniors,CM - pMax - Portland (MxConv),--,Performance Max,None,0,0,0.00,0.00,OK,,Appears relevant for Portland market
syc camp,CM - pMax - Portland (MxConv),--,Performance Max,None,0,0,0.00,0.00,OK,,Appears relevant for Portland market
horseback riding west hempstead,CM - pMax - Portland (MxConv),--,Performance Max,None,0,0,0.00,0.00,OK,,Appears relevant for Portland market
field hockey youth,CM - Non Brand - PMax,--,Performance Max,None,0,1,0.00,0.00,OK,,Appears relevant for Portland market
cheerleading near me,CM - Non Brand - PMax,--,Performance Max,None,1,3,1.09,0.00,OK,,Appears relevant for Portland market
pickleball summer camp near me,CM - Non Brand - PMax,--,Performance Max,None,0,1,0.00,0.00,OK,,Appears relevant for Portland market
town of islip camps,CM - Non Brand - PMax,--,Performance Max,None,0,1,0.00,0.00,OK,,Appears relevant for Portland market
summer camps southampton,CM - Non Brand - PMax,--,Performance Max,None,1,2,0.77,0.00,OK,,Appears relevant for Portland market
swimming camp near me,CM - Non Brand - PMax,--,Performance Max,None,0,1,0.00,0.00,OK,,Appears relevant for Portland market
youth flag football,CM - Non Brand - PMax,--,Performance Max,None,0,2,0.00,0.00,OK,,Appears relevant for Portland market
driving range outdoor near me,CM - Non Brand - PMax,--,Performance Max,None,0,1,0.00,0.00,OK,,Appears relevant for Portland market
soccer camps near me,CM - Nonbranded - Geo Priorities (MxCx),Soccer Camps,Phrase match (close variant),Added,0,1,0.00,0.00,OK,,Appears relevant
dance camps,CM - Nonbranded - Geo Priorities (MxCx),Dance Camps,Exact match,Added,0,3,0.00,0.00,OK,,Appears relevant
nassau county summer camp cantiague park,CM - Nonbranded - Geo Priorities (MxCx),Summer Camps,Phrase match (close variant),None,0,2,0.00,0.00,OK,,Appears relevant
ny summer camp,CM - Nonbranded - Geo Priorities (MxCx),Soccer Camps,Phrase match (close variant),None,0,1,0.00,0.00,OK,,Appears relevant
central islip summer camp,CM - Nonbranded - Geo Priorities (MxCx),Summer Camps,Phrase match (close variant),None,0,1,0.00,0.00,OK,,Appears relevant
huntington day camp,CM - Nonbranded - Geo Priorities (MxCx),Summer Camps,Phrase match (close variant),None,0,2,0.00,0.00,OK,,Appears relevant
saint mary's summer camps,CM - Nonbranded - Geo Priorities (MxCx),Summer Camps,Phrase match (close variant),None,0,1,0.00,0.00,OK,,Appears relevant
great neck summer camp,CM - Nonbranded - Geo Priorities (MxCx),Summer Camps,Phrase match (close variant),None,0,1,0.00,0.00,OK,,Appears relevant
volleyball beginners near me,CM - Nonbranded - Geo Priorities (MxCx),Volleyball Camps,Phrase match (close variant),None,0,16,0.00,0.00,OK,,Appears relevant
camp walden dates,CM - Nonbranded - Geo Priorities (MxCx),Summer Camps,Phrase match (close variant),None,0,1,0.00,0.00,OK,,Appears relevant
indoor basketball camp near me,CM - Nonbranded - Geo Priorities (MxCx),Basketball Camp,Phrase match,None,0,3,0.00,0.00,OK,,Appears relevant
elmsford day camp,CM - Nonbranded - Geo Priorities (MxCx),Summer Camps,Phrase match (close variant),None,0,1,0.00,0.00,OK,,Appears relevant
teen summer camps near me,CM - Nonbranded - Geo Priorities (MxCx),Summer Camps,Phrase match,None,2,6,4.64,0.00,OK,,Appears relevant
bay shore summer camps,CM - Nonbranded - Geo Priorities (MxCx),Summer Camps,Phrase match,None,0,1,0.00,0.00,OK,,Appears relevant
volleyball summer camp 2026,CM - Nonbranded - Geo Priorities (MxCx),Volleyball Camps,Phrase match,None,0,8,0.00,0.00,OK,,Appears relevant
flexwork sports camp,CM - Nonbranded - Geo Priorities (MxCx),Sports Camps,Phrase match,None,0,4,0.00,0.00,OK,,Appears relevant
teen art camp,CM - Nonbranded - Geo Priorities (MxCx),Summer Camps,Phrase match (close variant),None,0,1,0.00,0.00,OK,,Appears relevant
long island teen camps,CM - Nonbranded - Geo Priorities (MxCx),Summer Camps,Exact match (close variant),None,0,4,0.00,0.00,OK,,Appears relevant
west islip summer camps,CM - Nonbranded - Geo Priorities (MxCx),Summer Camps,Phrase match,None,0,4,0.00,0.00,OK,,Appears relevant
youth soccer summer camp,CM - Nonbranded - Geo Priorities (MxCx),Soccer Camps,Exact match (close variant),None,0,1,0.00,0.00,OK,,Appears relevant
day camps for kids near me,CM - Nonbranded - Geo Priorities (MxCx),Summer Camps,Phrase match (close variant),None,0,1,0.00,0.00,OK,,Appears relevant
camp rus,CM - Competitors - OldW - (Mx.Clicks),Competitors,Exact match (close variant),None,0,4,0.00,0.00,OK,,Competitor matched: 'camp rus'
volleyball camps in westchester ny,CM - Nonbranded - Other Geos (MxConv),Volleyball Camps,Phrase match,None,0,0,0.00,0.00,OK,,Appears relevant
tennis summer camp 2026 near me,CM - Nonbranded - Other Geos (MxConv),Tennis Camps,Phrase match,None,0,3,0.00,0.00,OK,,Appears relevant
dance camp kids near me,CM - Nonbranded - Other Geos (MxConv),Dance Camps,Exact match (close variant),None,0,3,0.00,0.00,OK,,Appears relevant
lacrosse goalie camps 2026,CM - Nonbranded - Other Geos (MxConv),Lacrosse Camps,Phrase match (close variant),None,0,2,0.00,0.00,OK,,Appears relevant
brunswick's best summer camp,CM - pMax - Portland (MxConv),--,Performance Max,None,0,1,0.00,0.00,OK,,Appears relevant for Portland market
kids tennis,CM - pMax - Portland (MxConv),--,Performance Max,None,0,0,0.00,0.00,OK,,Appears relevant for Portland market
summer camp for teens,CM - pMax - Portland (MxConv),--,Performance Max,None,0,0,0.00,0.00,OK,,Appears relevant for Portland market
basketball for 5 year olds near me,CM - pMax - Portland (MxConv),--,Performance Max,None,0,0,0.00,0.00,OK,,Appears relevant for Portland market
big fish summer camp,CM - pMax - Portland (MxConv),--,Performance Max,None,0,0,0.00,0.00,OK,,Appears relevant for Portland market
camp anchor 2011,CM - pMax - Portland (MxConv),--,Performance Max,None,0,0,0.00,0.00,OK,,Appears relevant for Portland market
football for kids near me,CM - pMax - Portland (MxConv),--,Performance Max,None,0,0,0.00,0.00,OK,,Appears relevant for Portland market
golf camps for teens,CM - pMax - Portland (MxConv),--,Performance Max,None,0,0,0.00,0.00,OK,,Appears relevant for Portland market
how do you get better at dribbling in basketball,CM - pMax - Portland (MxConv),--,Performance Max,None,0,0,0.00,0.00,OK,,Appears relevant for Portland market
mikan drill,CM - pMax - Portland (MxConv),--,Performance Max,None,0,0,0.00,0.00,OK,,Appears relevant for Portland market
chess lessons near me,CM - pMax - Portland (MxConv),--,Performance Max,None,0,0,0.00,0.00,OK,,Appears relevant for Portland market
things to do near me,CM - Non Brand - PMax,--,Performance Max,None,0,13,0.00,0.00,OK,,Appears relevant for Portland market
ymca camps,CM - Non Brand - PMax,--,Performance Max,None,0,3,0.00,0.00,OK,,Appears relevant for Portland market
camp carousel hicksville,CM - Nonbranded - Geo Priorities (MxCx),Summer Camps,Phrase match (close variant),None,0,1,0.00,0.00,OK,,Appears relevant
trade school summer camp,CM - Nonbranded - Geo Priorities (MxCx),Summer Camps,Phrase match,None,0,2,0.00,0.00,OK,,Appears relevant
long island basketball camps,CM - Nonbranded - Geo Priorities (MxCx),Basketball Camp,Exact match,Added,0,2,0.00,0.00,OK,,Appears relevant
coleman country day camp tuition,CM - Nonbranded - Geo Priorities (MxCx),Summer Camps,Phrase match (close variant),None,1,1,2.83,0.00,OK,,Appears relevant
summer dance camps near me,CM - Nonbranded - Geo Priorities (MxCx),Summer Camps,Phrase match,None,0,1,0.00,0.00,OK,,Appears relevant
tnt softball camp,CM - Nonbranded - Geo Priorities (MxCx),Softball Camps,Phrase match,None,0,2,0.00,0.00,OK,,Appears relevant
commack summer camp,CM - Nonbranded - Geo Priorities (MxCx),Summer Camps,Phrase match,None,0,1,0.00,0.00,OK,,Appears relevant
mineola summer camp,CM - Nonbranded - Geo Priorities (MxCx),Summer Camps,Phrase match,None,0,9,0.00,0.00,OK,,Appears relevant
young people's day camp of long island,CM - Nonbranded - Geo Priorities (MxCx),Summer Camps,Phrase match,None,0,1,0.00,0.00,OK,,Appears relevant
drop in camps for kids near me,CM - Nonbranded - Geo Priorities (MxCx),Summer Camps,Phrase match,None,0,2,0.00,0.00,OK,,Appears relevant
local soccer camps,CM - Nonbranded - Geo Priorities (MxCx),Soccer Camps,Exact match (close variant),Added,0,2,0.00,0.00,OK,,Appears relevant
youth volleyball summer camp near me,CM - Nonbranded - Geo Priorities (MxCx),Volleyball Camps,Exact match (close variant),None,0,0,0.00,0.00,OK,,Appears relevant
tennis country club near me,CM - Nonbranded - Geo Priorities (MxCx),Tennis Camps,Broad match,None,0,0,0.00,0.00,OK,,Appears relevant
ll bean camp,CM - pMax - Portland (MxConv),--,Performance Max,None,0,2,0.00,0.00,OK,,Appears relevant for Portland market
university of southern maine baseball camp,CM - pMax - Portland (MxConv),--,Performance Max,None,1,2,4.46,0.00,OK,,Appears relevant for Portland market
tennis racket youth size,CM - pMax - Portland (MxConv),--,Performance Max,None,1,2,1.13,0.00,OK,,Appears relevant for Portland market
future soccer,CM - pMax - Portland (MxConv),--,Performance Max,None,0,0,0.00,0.00,OK,,Appears relevant for Portland market
summer bible school near me,CM - pMax - Portland (MxConv),--,Performance Max,None,0,0,0.00,0.00,OK,,Appears relevant for Portland market
soccer clubs near me,CM - pMax - Portland (MxConv),--,Performance Max,None,0,0,0.00,0.00,OK,,Appears relevant for Portland market
beginner volleyball classes,CM - pMax - Portland (MxConv),--,Performance Max,None,0,0,0.00,0.00,OK,,Appears relevant for Portland market
hamptons day camp,CM - pMax - Portland (MxConv),--,Performance Max,None,0,0,0.00,0.00,OK,,Appears relevant for Portland market
campus camp,CM - pMax - Portland (MxConv),--,Performance Max,None,0,0,0.00,0.00,OK,,Appears relevant for Portland market
camping kids activities,CM - pMax - Portland (MxConv),--,Performance Max,None,0,0,0.00,0.00,OK,,Appears relevant for Portland market
gcds summer camp,CM - pMax - Portland (MxConv),--,Performance Max,None,0,0,0.00,0.00,OK,,Appears relevant for Portland market
baseball summer camp,CM - Nonbranded - Other Geos (MxConv),Baseball Camps,Exact match (close variant),Added,0,2,0.00,0.00,OK,,Appears relevant
flag football near me,CM - Non Brand - PMax,--,Performance Max,None,0,1,0.00,0.00,OK,,Appears relevant for Portland market
british swim school near me,CM - Non Brand - PMax,--,Performance Max,None,0,1,0.00,0.00,OK,,Appears relevant for Portland market
ymca summer camp bay shore,CM - Non Brand - PMax,--,Performance Max,None,0,1,0.00,0.00,OK,,Appears relevant for Portland market
greenwich tennis club,CM - Non Brand - PMax,--,Performance Max,None,0,2,0.00,0.00,OK,,Appears relevant for Portland market
youth lacrosse near me,CM - Non Brand - PMax,--,Performance Max,None,0,2,0.00,0.00,OK,,Appears relevant for Portland market
tennis lessons greenwich ct,CM - Non Brand - PMax,--,Performance Max,None,0,1,0.00,0.00,OK,,Appears relevant for Portland market
tennis east,CM - Non Brand - PMax,--,Performance Max,None,0,1,0.00,0.00,OK,,Appears relevant for Portland market
tennis summer camp near me,CM - Non Brand - PMax,--,Performance Max,None,1,2,8.35,0.00,OK,,Appears relevant for Portland market
art camp near me,CM - Non Brand - PMax,--,Performance Max,None,1,6,1.67,0.00,OK,,Appears relevant for Portland market
tennis racket size for 4 year old,CM - Non Brand - PMax,--,Performance Max,None,0,1,0.00,0.00,OK,,Appears relevant for Portland market
flag football girls camp,CM - Nonbranded - Geo Priorities (MxCx),Football Camps,Phrase match,None,1,3,1.48,0.00,OK,,Appears relevant
hope lutheran summer camp,CM - Nonbranded - Geo Priorities (MxCx),Summer Camps,Phrase match,None,1,1,2.93,0.00,OK,,Appears relevant
summer camp for 13 year old boys,CM - Nonbranded - Geo Priorities (MxCx),Summer Camps,Phrase match (close variant),None,0,2,0.00,0.00,OK,,Appears relevant
camp for 13 year olds near me,CM - Nonbranded - Geo Priorities (MxCx),Summer Camps,Phrase match (close variant),None,1,5,1.01,0.00,OK,,Appears relevant
wildcats camp 2026,CM - Nonbranded - Geo Priorities (MxCx),Basketball Camp,Phrase match (close variant),None,0,2,0.00,0.00,OK,,Appears relevant
notre dame girls soccer camp,CM - Nonbranded - Geo Priorities (MxCx),Soccer Camps,Phrase match,None,0,1,0.00,0.00,OK,,Appears relevant
kings lacrosse camp,CM - Nonbranded - Geo Priorities (MxCx),Lacrosse Camps,Phrase match (close variant),None,1,1,2.74,0.00,OK,,Appears relevant
lake champion glen spey ny,CM - Nonbranded - Geo Priorities (MxCx),Summer Camps,Phrase match (close variant),None,0,2,0.00,0.00,OK,,Appears relevant
basketball camps near,CM - Nonbranded - Geo Priorities (MxCx),Basketball Camp,Exact match (close variant),None,0,2,0.00,0.00,OK,,Appears relevant
flag football camp summer,CM - Nonbranded - Geo Priorities (MxCx),Football Camps,Exact match (close variant),None,0,1,0.00,0.00,OK,,Appears relevant
camp kids,CM - Nonbranded - Geo Priorities (MxCx),Summer Camps,Exact match (close variant),None,0,1,0.00,0.00,OK,,Appears relevant
brentwood summer programs,CM - Nonbranded - Geo Priorities (MxCx),Summer Camps,Phrase match (close variant),None,2,4,4.71,0.00,OK,,Appears relevant
st aidans summer camp,CM - Nonbranded - Geo Priorities (MxCx),Summer Camps,Phrase match,None,0,1,0.00,0.00,OK,,Appears relevant
flag football camps near me,CM - Nonbranded - Geo Priorities (MxCx),Football Camps,Exact match (close variant),None,0,1,0.00,0.00,OK,,Appears relevant
future stars camp,CM - Branded (Mx.Clicks),Future Stars Camp Brand,Exact match,Added,139,265,183.16,14.05,OK,,Has converted - protected from negation
future stars volleyball,CM - Branded (Mx.Clicks),Future Stars Camp Brand,Phrase match,None,0,0,0.00,0.00,OK,,Brand term matched: 'future stars'
maine camps,CM - pMax - Portland (MxConv),--,Performance Max,None,0,1,0.00,0.00,OK,,Appears relevant for Portland market
wild life camp,CM - pMax - Portland (MxConv),--,Performance Max,None,0,1,0.00,0.00,OK,,Appears relevant for Portland market
freedom school summer program,CM - pMax - Portland (MxConv),--,Performance Max,None,0,0,0.00,0.00,OK,,Appears relevant for Portland market
super star camp,CM - pMax - Portland (MxConv),--,Performance Max,None,0,0,0.00,0.00,OK,,Appears relevant for Portland market
connecticut camp america,CM - pMax - Portland (MxConv),--,Performance Max,None,0,0,0.00,0.00,OK,,Appears relevant for Portland market
kellenberg summer camp,CM - pMax - Portland (MxConv),--,Performance Max,None,0,0,0.00,0.00,OK,,Appears relevant for Portland market
crestwood camp,CM - pMax - Portland (MxConv),--,Performance Max,None,0,0,0.00,0.00,OK,,Appears relevant for Portland market
kids exercise videos,CM - pMax - Portland (MxConv),--,Performance Max,None,0,0,0.00,0.00,OK,,Appears relevant for Portland market
lavnercampsandprograms com,CM - pMax - Portland (MxConv),--,Performance Max,None,0,0,0.00,0.00,OK,,Appears relevant for Portland market
camp kingsmont,CM - pMax - Portland (MxConv),--,Performance Max,None,0,0,0.00,0.00,OK,,Appears relevant for Portland market
gle lacrosse,CM - pMax - Portland (MxConv),--,Performance Max,None,0,0,0.00,0.00,OK,,Appears relevant for Portland market
soccer camps near me summer 2026,CM - Nonbranded - Geo Priorities (MxCx),Soccer Camps,Phrase match,None,0,2,0.00,0.00,OK,,Appears relevant
hofstra cheer camp,CM - Nonbranded - Geo Priorities (MxCx),Summer Camps,Phrase match (close variant),None,0,1,0.00,0.00,OK,,Appears relevant
firehouse summer camp,CM - Nonbranded - Geo Priorities (MxCx),Summer Camps,Phrase match,None,0,1,0.00,0.00,OK,,Appears relevant
campamento de verano,CM - Nonbranded - Geo Priorities (MxCx),Summer Camps,Exact match (close variant),None,0,4,0.00,0.00,OK,,Appears relevant
horizon summer camp,CM - Nonbranded - Geo Priorities (MxCx),Summer Camps,Phrase match,None,0,1,0.00,0.00,OK,,Appears relevant
school break camps near me,CM - Nonbranded - Geo Priorities (MxCx),Summer Camps,Phrase match (close variant),None,1,1,2.64,0.00,OK,,Appears relevant
camp for 13 year olds near me,CM - Nonbranded - Geo Priorities (MxCx),Soccer Camps,Phrase match (close variant),None,1,2,1.01,0.00,OK,,Appears relevant
performing arts camp,CM - Nonbranded - Geo Priorities (MxCx),Summer Camps,Phrase match (close variant),None,0,1,0.00,0.00,OK,,Appears relevant
herricks summer camp 2026,CM - Nonbranded - Geo Priorities (MxCx),Summer Camps,Phrase match,None,0,1,0.00,0.00,OK,,Appears relevant
softball camp long island,CM - Nonbranded - Geo Priorities (MxCx),Softball Camps,Phrase match,None,0,1,0.00,0.00,OK,,Appears relevant
july summer camps for kids,CM - Nonbranded - Geo Priorities (MxCx),Summer Camps,Phrase match,None,0,2,0.00,0.00,OK,,Appears relevant
for kids summer camp,CM - Nonbranded - Geo Priorities (MxCx),Soccer Camps,Exact match (close variant),None,0,1,0.00,0.00,OK,,Appears relevant
summer camp kids,CM - Nonbranded - Geo Priorities (MxCx),Soccer Camps,Exact match (close variant),None,0,2,0.00,0.00,OK,,Appears relevant
soccer camp for 6 year olds,CM - Nonbranded - Geo Priorities (MxCx),Soccer Camps,Phrase match (close variant),None,0,2,0.00,0.00,OK,,Appears relevant
middle school football camps,CM - Nonbranded - Geo Priorities (MxCx),Football Camps,Phrase match,None,0,0,0.00,0.00,OK,,Appears relevant
summer tennis camp,CM - Nonbranded - Geo Priorities (MxCx),Tennis Camps,Exact match (close variant),None,0,0,0.00,0.00,OK,,Appears relevant
volleyball camps 2025 near me,CM - Nonbranded - Geo Priorities (MxCx),Volleyball Camps,Phrase match,None,0,0,0.00,0.00,OK,,Appears relevant
tennis for 5 year olds near me,CM - Nonbranded - Other Geos (MxConv),Tennis Camps,Broad match,None,0,2,0.00,0.00,OK,,Appears relevant
girls volleyball teams,CM - Non Brand - PMax,--,Performance Max,None,0,1,0.00,0.00,OK,,Appears relevant for Portland market
basketball classes near me,CM - Non Brand - PMax,--,Performance Max,None,0,1,0.00,0.00,OK,,Appears relevant for Portland market
adult swim lessons near me,CM - Non Brand - PMax,--,Performance Max,None,0,1,0.00,0.00,OK,,Appears relevant for Portland market
golf classes near me,CM - Non Brand - PMax,--,Performance Max,None,0,1,0.00,0.00,OK,,Appears relevant for Portland market
attractions,CM - Non Brand - PMax,--,Performance Max,None,0,1,0.00,0.00,OK,,Appears relevant for Portland market
hofstra day camp,CM - Competitors - OldW - (Mx.Clicks),Competitors,Exact match (close variant),None,0,2,0.00,0.00,OK,,Competitor matched: 'hofstra'
future stars hershey baseball tournament,CM - Branded (Mx.Clicks),Future Stars Camp Brand,Phrase match,None,0,0,0.00,0.00,OK,,Brand term matched: 'future stars'
ymca camp,CM - pMax - Portland (MxConv),--,Performance Max,None,0,2,0.00,0.00,OK,,Appears relevant for Portland market
softball clubs near me,CM - pMax - Portland (MxConv),--,Performance Max,None,0,1,0.00,0.00,OK,,Appears relevant for Portland market
summer camps for rising kindergarten,CM - pMax - Portland (MxConv),--,Performance Max,None,0,1,0.00,0.00,OK,,Appears relevant for Portland market
summer camp scarborough maine,CM - pMax - Portland (MxConv),--,Performance Max,None,0,2,0.00,0.00,OK,,Appears relevant for Portland market
softball clinics near me,CM - pMax - Portland (MxConv),--,Performance Max,None,0,0,0.00,0.00,OK,,Appears relevant for Portland market
youth golf camps near me,CM - pMax - Portland (MxConv),--,Performance Max,None,0,0,0.00,0.00,OK,,Appears relevant for Portland market
tennis academy near me,CM - pMax - Portland (MxConv),--,Performance Max,None,0,0,0.00,0.00,OK,,Appears relevant for Portland market
chess class kids,CM - pMax - Portland (MxConv),--,Performance Max,None,0,0,0.00,0.00,OK,,Appears relevant for Portland market
jouk soccer,CM - pMax - Portland (MxConv),--,Performance Max,None,0,0,0.00,0.00,OK,,Appears relevant for Portland market
cooperstown allstar village,CM - pMax - Portland (MxConv),--,Performance Max,None,0,0,0.00,0.00,OK,,Appears relevant for Portland market
kids golf lessons,CM - pMax - Portland (MxConv),--,Performance Max,None,0,0,0.00,0.00,OK,,Appears relevant for Portland market
summer baseball camps near me,CM - pMax - Portland (MxConv),--,Performance Max,None,0,0,0.00,0.00,OK,,Appears relevant for Portland market
baseball for dummies,CM - pMax - Portland (MxConv),--,Performance Max,None,0,0,0.00,0.00,OK,,Appears relevant for Portland market
westchester raiders youth football,CM - pMax - Portland (MxConv),--,Performance Max,None,0,0,0.00,0.00,OK,,Appears relevant for Portland market
mineola summer camp,CM - Nonbranded - Other Geos (MxConv),Tennis Camps,Broad match,None,0,3,0.00,0.00,OK,,Appears relevant
hoopgroup camp,CM - Nonbranded - Other Geos (MxConv),Basketball Camp,Phrase match (close variant),None,0,1,0.00,0.00,OK,,Appears relevant
basketball camp summer 2026,CM - Nonbranded - Other Geos (MxConv),Basketball Camp,Phrase match,None,0,1,0.00,0.00,OK,,Appears relevant
patriots football camp,CM - Nonbranded - Other Geos (MxConv),Football Camps,Phrase match,None,0,1,0.00,0.00,OK,,Appears relevant
football camps,CM - Nonbranded - Other Geos (MxConv),Football Camps,Exact match,Added,1,5,28.04,1.00,OK,,Has converted - protected from negation
baseball camps westchester ny,CM - Nonbranded - Geo Priorities (MxCx),Summer Camps,Phrase match (close variant),None,0,2,0.00,0.00,OK,,Appears relevant
bam summer camp,CM - Nonbranded - Geo Priorities (MxCx),Summer Camps,Phrase match,None,0,1,0.00,0.00,OK,,Appears relevant
hastings on hudson camp,CM - Nonbranded - Geo Priorities (MxCx),Summer Camps,Phrase match (close variant),None,0,1,0.00,0.00,OK,,Appears relevant
endicott football camp,CM - Nonbranded - Geo Priorities (MxCx),Football Camps,Phrase match,None,0,1,0.00,0.00,OK,,Appears relevant
camp crestwood long island,CM - Nonbranded - Geo Priorities (MxCx),Summer Camps,Phrase match (close variant),None,0,2,0.00,0.00,OK,,Appears relevant
summer programs for kids long island,CM - Nonbranded - Geo Priorities (MxCx),Summer Camps,Exact match (close variant),None,0,2,0.00,0.00,OK,,Appears relevant
week camps for kids near me,CM - Nonbranded - Geo Priorities (MxCx),Summer Camps,Phrase match,None,0,1,0.00,0.00,OK,,Appears relevant
softball camp long island,CM - Nonbranded - Geo Priorities (MxCx),Softball Camps,Phrase match (close variant),None,1,1,2.63,0.00,OK,,Appears relevant
rvc rec center summer camp,CM - Nonbranded - Geo Priorities (MxCx),Soccer Camps,Phrase match (close variant),None,0,1,0.00,0.00,OK,,Appears relevant
peconic bay camp,CM - Nonbranded - Geo Priorities (MxCx),Summer Camps,Phrase match (close variant),None,0,1,0.00,0.00,OK,,Appears relevant
harbor island camp,CM - Nonbranded - Geo Priorities (MxCx),Summer Camps,Phrase match (close variant),None,0,1,0.00,0.00,OK,,Appears relevant
long island day camps,CM - Nonbranded - Geo Priorities (MxCx),Summer Camps,Exact match (close variant),None,0,12,0.00,0.00,OK,,Appears relevant
camp a,CM - Nonbranded - Geo Priorities (MxCx),Summer Camps,Phrase match (close variant),None,0,1,0.00,0.00,OK,,Appears relevant
summer camps for teenagers near me,CM - Nonbranded - Geo Priorities (MxCx),Summer Camps,Phrase match,None,0,3,0.00,0.00,OK,,Appears relevant
art camp westchester,CM - Nonbranded - Geo Priorities (MxCx),Summer Camps,Phrase match (close variant),None,0,2,0.00,0.00,OK,,Appears relevant
brunswick camp,CM - Nonbranded - Geo Priorities (MxCx),Summer Camps,Phrase match (close variant),None,0,2,0.00,0.00,OK,,Appears relevant
kid strong camp,CM - Nonbranded - Geo Priorities (MxCx),Summer Camps,Phrase match,None,0,1,0.00,0.00,OK,,Appears relevant
basketball camps for youth,CM - Nonbranded - Geo Priorities (MxCx),Basketball Camp,Exact match (close variant),None,0,0,0.00,0.00,OK,,Appears relevant
future camp,CM - Non Brand - PMax,--,Performance Max,None,2,3,6.74,2.00,OK,,Has converted - protected from negation
camp invention,CM - Non Brand - PMax,--,Performance Max,None,0,4,0.00,0.00,OK,,Appears relevant for Portland market
wrestling camps,CM - Non Brand - PMax,--,Performance Max,None,0,1,0.00,0.00,OK,,Appears relevant for Portland market
academia de béisbol,CM - Non Brand - PMax,--,Performance Max,None,0,1,0.00,0.00,OK,,Appears relevant for Portland market
driftwood camp,CM - Competitors - OldW - (Mx.Clicks),Competitors,Exact match,Added,2,6,8.22,0.00,OK,,Competitor matched: 'driftwood'
future stars camp patchogue,CM - Branded (Mx.Clicks),Future Stars Camp Brand,Exact match (close variant),None,0,0,0.00,0.00,OK,,Brand term matched: 'future stars'
apex summer camp,CM - pMax - Portland (MxConv),--,Performance Max,None,0,1,0.00,0.00,OK,,Appears relevant for Portland market
summer camp brunswick maine,CM - pMax - Portland (MxConv),--,Performance Max,None,0,1,0.00,0.00,OK,,Appears relevant for Portland market
chelsea piers stamford camp,CM - pMax - Portland (MxConv),--,Performance Max,None,0,0,0.00,0.00,OK,,Appears relevant for Portland market
stamford recreation camps,CM - pMax - Portland (MxConv),--,Performance Max,None,0,0,0.00,0.00,OK,,Appears relevant for Portland market
stagedoor manor,CM - pMax - Portland (MxConv),--,Performance Max,None,0,0,0.00,0.00,OK,,Appears relevant for Portland market
cheerleader near me,CM - pMax - Portland (MxConv),--,Performance Max,None,0,0,0.00,0.00,OK,,Appears relevant for Portland market
golf camp for kids near me,CM - pMax - Portland (MxConv),--,Performance Max,None,0,0,0.00,0.00,OK,,Appears relevant for Portland market
children's aid wagon road camp,CM - pMax - Portland (MxConv),--,Performance Max,None,0,0,0.00,0.00,OK,,Appears relevant for Portland market
columbia university sports camps,CM - pMax - Portland (MxConv),--,Performance Max,None,0,0,0.00,0.00,OK,,Appears relevant for Portland market
football for kids,CM - pMax - Portland (MxConv),--,Performance Max,None,0,0,0.00,0.00,OK,,Appears relevant for Portland market
level up basketball camp,CM - pMax - Portland (MxConv),--,Performance Max,None,0,0,0.00,0.00,OK,,Appears relevant for Portland market
dartmouth football camp,CM - Nonbranded - Other Geos (MxConv),Football Camps,Phrase match,None,0,1,0.00,0.00,OK,,Appears relevant
white plains camp,CM - Nonbranded - Other Geos (MxConv),Tennis Camps,Broad match,None,0,1,0.00,0.00,OK,,Appears relevant
soccer camp long island,CM - Nonbranded - Geo Priorities (MxCx),Soccer Camps,Phrase match,None,4,19,8.34,0.00,OK,,Appears relevant
hofstra university volleyball camp,CM - Nonbranded - Geo Priorities (MxCx),Volleyball Camps,Phrase match,None,0,2,0.00,0.00,OK,,Appears relevant
girls flag football camp summer 2026,CM - Nonbranded - Geo Priorities (MxCx),Football Camps,Phrase match,None,0,1,0.00,0.00,OK,,Appears relevant
camp echo bay,CM - Nonbranded - Geo Priorities (MxCx),Summer Camps,Phrase match (close variant),None,0,1,0.00,0.00,OK,,Appears relevant
basketball clinic for kids near me,CM - Nonbranded - Geo Priorities (MxCx),Basketball Camp,Phrase match (close variant),None,0,1,0.00,0.00,OK,,Appears relevant
level up summer camp,CM - Nonbranded - Geo Priorities (MxCx),Summer Camps,Phrase match,None,0,1,0.00,0.00,OK,,Appears relevant
summercamp near me,CM - Nonbranded - Geo Priorities (MxCx),Summer Camps,Exact match (close variant),None,0,4,0.00,0.00,OK,,Appears relevant
park summer camp near me,CM - Nonbranded - Geo Priorities (MxCx),Summer Camps,Phrase match,None,0,2,0.00,0.00,OK,,Appears relevant
summer camp themes 2026,CM - Nonbranded - Geo Priorities (MxCx),Summer Camps,Phrase match,None,1,1,1.91,0.00,OK,,Appears relevant
day camps long island,CM - Nonbranded - Geo Priorities (MxCx),Summer Camps,Phrase match (close variant),None,0,2,0.00,0.00,OK,,Appears relevant
cheer summer camps,CM - Nonbranded - Geo Priorities (MxCx),Summer Camps,Phrase match,None,0,1,0.00,0.00,OK,,Appears relevant
softball camp,CM - Nonbranded - Geo Priorities (MxCx),Softball Camps,Exact match (close variant),None,1,6,2.73,0.00,OK,,Appears relevant
town of hempstead summer camp 2026,CM - Nonbranded - Geo Priorities (MxCx),Soccer Camps,Phrase match (close variant),None,1,5,1.64,0.00,OK,,Appears relevant
camp barrett valley stream,CM - Nonbranded - Geo Priorities (MxCx),Summer Camps,Phrase match (close variant),None,0,3,0.00,0.00,OK,,Appears relevant
baseball camps long island,CM - Nonbranded - Geo Priorities (MxCx),Summer Camps,Phrase match (close variant),None,0,5,0.00,0.00,OK,,Appears relevant
kids volleyball summer camp near me,CM - Nonbranded - Geo Priorities (MxCx),Volleyball Camps,Exact match (close variant),None,0,0,0.00,0.00,OK,,Appears relevant
soccer leagues for 13 year olds,CM - Non Brand - PMax,--,Performance Max,None,0,2,0.00,0.00,OK,,Appears relevant for Portland market
camp mohawk,CM - Non Brand - PMax,--,Performance Max,None,0,1,0.00,0.00,OK,,Appears relevant for Portland market
elwood sports camp,CM - Non Brand - PMax,--,Performance Max,None,0,2,0.00,0.00,OK,,Appears relevant for Portland market
what to do near me,CM - Non Brand - PMax,--,Performance Max,None,0,1,0.00,0.00,OK,,Appears relevant for Portland market
tennis camp for kids,CM - Non Brand - PMax,--,Performance Max,None,0,2,0.00,0.00,OK,,Appears relevant for Portland market
stem camp for kids near me,CM - Non Brand - PMax,--,Performance Max,None,0,1,0.00,0.00,OK,,Appears relevant for Portland market
camp luhi,CM - Competitors - OldW - (Mx.Clicks),Competitors,Exact match (close variant),None,0,1,0.00,0.00,OK,,Competitor matched: 'luhi'
southampton tennis,CM - Nonbranded - Other Geos (MxConv),Tennis Camps,Broad match,None,0,3,0.00,0.00,OK,,Appears relevant
basketball camps westchester,CM - Nonbranded - Other Geos (MxConv),Basketball Camp,Phrase match,None,0,1,0.00,0.00,OK,,Appears relevant
basketball camp,CM - Nonbranded - Geo Priorities (MxCx),Basketball Camp,Exact match,Added,5,55,11.48,0.00,OK,,Appears relevant
summer camps for kids,CM - Nonbranded - Geo Priorities (MxCx),Summer Camps,Exact match (close variant),Added,1,6,2.83,0.00,OK,,Appears relevant
hofstra volleyball camp,CM - Nonbranded - Geo Priorities (MxCx),Volleyball Camps,Phrase match,None,0,5,0.00,0.00,OK,,Appears relevant
long island health and racquet summer camp,CM - Nonbranded - Geo Priorities (MxCx),Summer Camps,Phrase match (close variant),None,0,1,0.00,0.00,OK,,Appears relevant
kids summer golf camp,CM - Nonbranded - Geo Priorities (MxCx),Summer Camps,Phrase match,None,0,2,0.00,0.00,OK,,Appears relevant
long island health and racquet summer camp,CM - Nonbranded - Geo Priorities (MxCx),Sports Camps,Phrase match (close variant),None,0,3,0.00,0.00,OK,,Appears relevant
summer programs for kids near me,CM - Nonbranded - Geo Priorities (MxCx),Soccer Camps,Phrase match (close variant),None,0,2,0.00,0.00,OK,,Appears relevant
laconda camp,CM - Nonbranded - Geo Priorities (MxCx),Summer Camps,Phrase match (close variant),None,1,2,2.84,0.00,OK,,Appears relevant
nasa camp for kids,CM - Nonbranded - Geo Priorities (MxCx),Summer Camps,Phrase match,None,0,1,0.00,0.00,OK,,Appears relevant
fencing summer camp,CM - Nonbranded - Geo Priorities (MxCx),Sports Camps,Phrase match (close variant),None,1,1,1.08,0.00,OK,,Appears relevant
horizon summer camp near me,CM - Nonbranded - Geo Priorities (MxCx),Summer Camps,Phrase match,None,0,3,0.00,0.00,OK,,Appears relevant
summer camp smithtown,CM - Nonbranded - Geo Priorities (MxCx),Summer Camps,Phrase match,None,1,3,2.98,0.00,OK,,Appears relevant
longwood camp,CM - Nonbranded - Geo Priorities (MxCx),Summer Camps,Phrase match (close variant),None,0,1,0.00,0.00,OK,,Appears relevant
summer camp 12 year old boy,CM - Nonbranded - Geo Priorities (MxCx),Summer Camps,Phrase match (close variant),None,0,1,0.00,0.00,OK,,Appears relevant
local day camps near me,CM - Nonbranded - Geo Priorities (MxCx),Summer Camps,Exact match (close variant),None,0,4,0.00,0.00,OK,,Appears relevant
cap summer camp,CM - Nonbranded - Geo Priorities (MxCx),Summer Camps,Phrase match,None,0,4,0.00,0.00,OK,,Appears relevant
fall tennis lessons near me,CM - Nonbranded - Geo Priorities (MxCx),Tennis Camps,Broad match,None,0,0,0.00,0.00,OK,,Appears relevant
usm stem camp,CM - pMax - Portland (MxConv),--,Performance Max,None,0,1,0.00,0.00,OK,,Appears relevant for Portland market
maine summer camps,CM - pMax - Portland (MxConv),--,Performance Max,None,2,4,3.47,0.00,OK,,Appears relevant for Portland market
fiddlehead summer camp,CM - pMax - Portland (MxConv),--,Performance Max,None,1,2,1.41,0.00,OK,,Appears relevant for Portland market
tennis southampton,CM - pMax - Portland (MxConv),--,Performance Max,None,0,0,0.00,0.00,OK,,Appears relevant for Portland market
rolling river day camp,CM - pMax - Portland (MxConv),--,Performance Max,None,0,0,0.00,0.00,OK,,Appears relevant for Portland market
free soccer class for kids,CM - pMax - Portland (MxConv),--,Performance Max,None,0,0,0.00,0.00,OK,,Appears relevant for Portland market
ymca camp patchogue,CM - pMax - Portland (MxConv),--,Performance Max,None,0,0,0.00,0.00,OK,,Appears relevant for Portland market
cardinal soccer camps,CM - pMax - Portland (MxConv),--,Performance Max,None,0,0,0.00,0.00,OK,,Appears relevant for Portland market
lacrosse training near me,CM - pMax - Portland (MxConv),--,Performance Max,None,0,0,0.00,0.00,OK,,Appears relevant for Portland market
enrichment camp,CM - pMax - Portland (MxConv),--,Performance Max,None,0,0,0.00,0.00,OK,,Appears relevant for Portland market
indoor soccer for 6 year olds,CM - pMax - Portland (MxConv),--,Performance Max,None,0,0,0.00,0.00,OK,,Appears relevant for Portland market
horse riding kids near me,CM - pMax - Portland (MxConv),--,Performance Max,None,0,0,0.00,0.00,OK,,Appears relevant for Portland market
jcc stamford summer camp,CM - pMax - Portland (MxConv),--,Performance Max,None,0,0,0.00,0.00,OK,,Appears relevant for Portland market
suny purchase summer camps,CM - pMax - Portland (MxConv),--,Performance Max,None,0,0,0.00,0.00,OK,,Appears relevant for Portland market
tennis kids lessons,CM - pMax - Portland (MxConv),--,Performance Max,None,0,0,0.00,0.00,OK,,Appears relevant for Portland market
youth basketball coaching near me,CM - pMax - Portland (MxConv),--,Performance Max,None,0,0,0.00,0.00,OK,,Appears relevant for Portland market
free basketball programs in the bronx,CM - pMax - Portland (MxConv),--,Performance Max,None,0,0,0.00,0.00,OK,,Appears relevant for Portland market
10 minute warm up,CM - pMax - Portland (MxConv),--,Performance Max,None,0,0,0.00,0.00,OK,,Appears relevant for Portland market
brunswick sports camp,CM - Non Brand - PMax,--,Performance Max,None,1,2,10.37,0.00,OK,,Appears relevant for Portland market
apex tennis,CM - Non Brand - PMax,--,Performance Max,None,0,1,0.00,0.00,OK,,Appears relevant for Portland market
safety swim,CM - Non Brand - PMax,--,Performance Max,None,0,1,0.00,0.00,OK,,Appears relevant for Portland market
fitter and faster swim camps,CM - Non Brand - PMax,--,Performance Max,None,0,1,0.00,0.00,OK,,Appears relevant for Portland market
swing school near me,CM - Non Brand - PMax,--,Performance Max,None,0,2,0.00,0.00,OK,,Appears relevant for Portland market
volleyball teams for girls,CM - Non Brand - PMax,--,Performance Max,None,0,1,0.00,0.00,OK,,Appears relevant for Portland market
soccerstars,CM - Non Brand - PMax,--,Performance Max,None,0,1,0.00,0.00,OK,,Appears relevant for Portland market
soccer near me toddler,CM - Non Brand - PMax,--,Performance Max,None,0,1,0.00,0.00,OK,,Appears relevant for Portland market
stem camps near me,CM - Non Brand - PMax,--,Performance Max,None,0,3,0.00,0.00,OK,,Appears relevant for Portland market
summer camp for kids,CM - Non Brand - PMax,--,Performance Max,None,0,1,0.00,0.00,OK,,Appears relevant for Portland market
dance competition for kids,CM - Non Brand - PMax,--,Performance Max,None,0,1,0.00,0.00,OK,,Appears relevant for Portland market
lacrosse camps near me,CM - Nonbranded - Other Geos (MxConv),Lacrosse Camps,Exact match,Added,0,4,0.00,0.00,OK,,Appears relevant
grand slam tennis camp,CM - Nonbranded - Other Geos (MxConv),Tennis Camps,Phrase match,None,0,1,0.00,0.00,OK,,Appears relevant
tennis innovators summer camp,CM - Nonbranded - Geo Priorities (MxCx),Summer Camps,Phrase match,None,0,1,0.00,0.00,OK,,Appears relevant
summer camps that allow phones,CM - Nonbranded - Geo Priorities (MxCx),Summer Camps,Phrase match (close variant),None,1,1,1.48,0.00,OK,,Appears relevant
elwood school district summer camp,CM - Nonbranded - Geo Priorities (MxCx),Summer Camps,Phrase match,None,0,1,0.00,0.00,OK,,Appears relevant
soccer summer camp 4 year old,CM - Nonbranded - Geo Priorities (MxCx),Soccer Camps,Phrase match,None,0,5,0.00,0.00,OK,,Appears relevant
volleyball camps,CM - Nonbranded - Geo Priorities (MxCx),Volleyball Camps,Exact match (close variant),Added,0,1,0.00,0.00,OK,,Appears relevant
summer baseball camps,CM - Nonbranded - Geo Priorities (MxCx),Summer Camps,Phrase match,None,1,10,2.58,0.00,OK,,Appears relevant
summer camp wantagh ny,CM - Nonbranded - Geo Priorities (MxCx),Summer Camps,Phrase match,None,0,3,0.00,0.00,OK,,Appears relevant
local summer camps near me,CM - Nonbranded - Geo Priorities (MxCx),Summer Camps,Exact match (close variant),None,0,1,0.00,0.00,OK,,Appears relevant
summer camp brentwood,CM - Nonbranded - Geo Priorities (MxCx),Summer Camps,Phrase match,None,0,1,0.00,0.00,OK,,Appears relevant
afternoon camp near me,CM - Nonbranded - Geo Priorities (MxCx),Summer Camps,Phrase match (close variant),None,0,1,0.00,0.00,OK,,Appears relevant
dance camps ny,CM - Nonbranded - Geo Priorities (MxCx),Dance Camps,Phrase match,None,0,0,0.00,0.00,OK,,Appears relevant
summer camps kids,CM - Nonbranded - Geo Priorities (MxCx),Summer Camps,Exact match (close variant),None,0,0,0.00,0.00,OK,,Appears relevant
indoor volleyball near me,CM - Nonbranded - Geo Priorities (MxCx),Volleyball Camps,Phrase match (close variant),None,0,0,0.00,0.00,OK,,Appears relevant
une basketball camp 2026,CM - pMax - Portland (MxConv),--,Performance Max,None,0,6,0.00,0.00,OK,,Appears relevant for Portland market
cooper flagg camp maine,CM - pMax - Portland (MxConv),--,Performance Max,None,0,1,0.00,0.00,OK,,Appears relevant for Portland market
art summer camp for 5 year olds,CM - pMax - Portland (MxConv),--,Performance Max,None,0,0,0.00,0.00,OK,,Appears relevant for Portland market
day camp,CM - pMax - Portland (MxConv),--,Performance Max,None,0,0,0.00,0.00,OK,,Appears relevant for Portland market
escuelas de futbol para ninos,CM - pMax - Portland (MxConv),--,Performance Max,None,0,0,0.00,0.00,OK,,Appears relevant for Portland market
hamptons camp,CM - pMax - Portland (MxConv),--,Performance Max,None,0,0,0.00,0.00,OK,,Appears relevant for Portland market
what do you do on rainy days,CM - pMax - Portland (MxConv),--,Performance Max,None,0,0,0.00,0.00,OK,,Appears relevant for Portland market
holtsville ymca camp,CM - pMax - Portland (MxConv),--,Performance Max,None,0,0,0.00,0.00,OK,,Appears relevant for Portland market
ymca summer camp 2025 price,CM - pMax - Portland (MxConv),--,Performance Max,None,0,0,0.00,0.00,OK,,Appears relevant for Portland market
suny purchase summer high school,CM - pMax - Portland (MxConv),--,Performance Max,None,0,0,0.00,0.00,OK,,Appears relevant for Portland market
kids soccer tryouts near me,CM - pMax - Portland (MxConv),--,Performance Max,None,0,0,0.00,0.00,OK,,Appears relevant for Portland market
port jefferson summer camp,CM - pMax - Portland (MxConv),--,Performance Max,None,0,0,0.00,0.00,OK,,Appears relevant for Portland market
horse stables near me,CM - Non Brand - PMax,--,Performance Max,None,0,2,0.00,0.00,OK,,Appears relevant for Portland market
town of hempstead swim lessons,CM - Non Brand - PMax,--,Performance Max,None,0,1,0.00,0.00,OK,,Appears relevant for Portland market
camprus,CM - Non Brand - PMax,--,Performance Max,None,0,2,0.00,0.00,OK,,Appears relevant for Portland market
trapeze class,CM - Non Brand - PMax,--,Performance Max,None,0,2,0.00,0.00,OK,,Appears relevant for Portland market
future stars camp counselor,CM - Branded (Mx.Clicks),Future Stars Camp Brand,Phrase match,None,0,1,0.00,0.00,OK,,Brand term matched: 'future stars'
kids camp,CM - Nonbranded - Other Geos (MxConv),Tennis Camps,Broad match,None,0,1,0.00,0.00,OK,,Appears relevant
usdan,CM - pMax - Portland (MxConv),--,Performance Max,None,0,0,0.00,0.00,OK,,Appears relevant for Portland market
horse riding lessons near me,CM - pMax - Portland (MxConv),--,Performance Max,None,0,0,0.00,0.00,OK,,Appears relevant for Portland market
rye neck volleyball,CM - pMax - Portland (MxConv),--,Performance Max,None,0,0,0.00,0.00,OK,,Appears relevant for Portland market
adult tennis lessons near me,CM - pMax - Portland (MxConv),--,Performance Max,None,0,0,0.00,0.00,OK,,Appears relevant for Portland market
blitz football camp,CM - pMax - Portland (MxConv),--,Performance Max,None,0,0,0.00,0.00,OK,,Appears relevant for Portland market
volleyball summer camps,CM - pMax - Portland (MxConv),--,Performance Max,None,0,0,0.00,0.00,OK,,Appears relevant for Portland market
3 year old basketball near me,CM - pMax - Portland (MxConv),--,Performance Max,None,0,0,0.00,0.00,OK,,Appears relevant for Portland market
town of babylon summer camp 2025,CM - pMax - Portland (MxConv),--,Performance Max,None,0,0,0.00,0.00,OK,,Appears relevant for Portland market
purchase camp,CM - pMax - Portland (MxConv),--,Performance Max,None,0,0,0.00,0.00,OK,,Appears relevant for Portland market
clase de softbol,CM - pMax - Portland (MxConv),--,Performance Max,None,0,0,0.00,0.00,OK,,Appears relevant for Portland market
lacrosse camp,CM - Non Brand - PMax,--,Performance Max,None,0,3,0.00,0.00,OK,,Appears relevant for Portland market
outdoor fun near me,CM - Non Brand - PMax,--,Performance Max,None,0,2,0.00,0.00,OK,,Appears relevant for Portland market
day activities for kids near me,CM - Non Brand - PMax,--,Performance Max,None,1,2,2.66,0.00,OK,,Appears relevant for Portland market
game on camps,CM - Non Brand - PMax,--,Performance Max,None,0,1,0.00,0.00,OK,,Appears relevant for Portland market
summer camp for teenagers,CM - Non Brand - PMax,--,Performance Max,None,0,1,0.00,0.00,OK,,Appears relevant for Portland market
horseback riding camp,CM - Nonbranded - Geo Priorities (MxCx),Horseback Riding,Exact match (close variant),None,0,7,0.00,0.00,OK,,Appears relevant
harbor country day school camp,CM - Nonbranded - Geo Priorities (MxCx),Summer Camps,Phrase match (close variant),None,0,3,0.00,0.00,OK,,Appears relevant
liu lacrosse camp,CM - Nonbranded - Geo Priorities (MxCx),Lacrosse Camps,Phrase match (close variant),None,1,4,1.29,0.00,OK,,Appears relevant
hofstra kids summer camp,CM - Nonbranded - Geo Priorities (MxCx),Summer Camps,Phrase match,None,2,3,5.58,0.00,OK,,Appears relevant
candy summer camp,CM - Nonbranded - Geo Priorities (MxCx),Summer Camps,Phrase match (close variant),None,0,1,0.00,0.00,OK,,Appears relevant
baseball camps in nassau county,CM - Nonbranded - Geo Priorities (MxCx),Summer Camps,Phrase match (close variant),None,0,2,0.00,0.00,OK,,Appears relevant
academic camps for summer,CM - Nonbranded - Geo Priorities (MxCx),Summer Camps,Phrase match,None,0,2,0.00,0.00,OK,,Appears relevant
local camps,CM - Nonbranded - Geo Priorities (MxCx),Summer Camps,Exact match (close variant),None,0,1,0.00,0.00,OK,,Appears relevant
summer programs for high school students near me,CM - Nonbranded - Geo Priorities (MxCx),Summer Camps,Phrase match (close variant),None,0,3,0.00,0.00,OK,,Appears relevant
glen cove golf course summer camp,CM - Nonbranded - Geo Priorities (MxCx),Summer Camps,Phrase match,None,0,2,0.00,0.00,OK,,Appears relevant
tennis summer camp,CM - Nonbranded - Geo Priorities (MxCx),Tennis Camps,Exact match,Added,0,0,0.00,0.00,OK,,Appears relevant
volleyball camp near me for kids,CM - Nonbranded - Geo Priorities (MxCx),Volleyball Camps,Phrase match,None,0,0,0.00,0.00,OK,,Appears relevant
girls basketball summer camp 2025,CM - Nonbranded - Geo Priorities (MxCx),Basketball Camp,Phrase match,None,0,0,0.00,0.00,OK,,Appears relevant
indoor volleyball camps near me,CM - Nonbranded - Geo Priorities (MxCx),Volleyball Camps,Phrase match,None,0,0,0.00,0.00,OK,,Appears relevant
future star,CM - Branded (Mx.Clicks),Future Stars Camp Brand,Phrase match,None,3,5,5.31,0.00,OK,,Brand term matched: 'future star'
future stars camp locations,CM - Branded (Mx.Clicks),Future Stars Camp Brand,Exact match (close variant),None,1,4,0.76,0.00,OK,,Brand term matched: 'future stars'
tennis coaching,CM - Nonbranded - Other Geos (MxConv),Tennis Camps,Broad match,None,0,1,0.00,0.00,OK,,Appears relevant
cheerleaders,CM - pMax - Portland (MxConv),--,Performance Max,None,0,1,0.00,0.00,OK,,Appears relevant for Portland market
sailing terms,CM - pMax - Portland (MxConv),--,Performance Max,None,0,1,0.00,0.00,OK,,Appears relevant for Portland market
soccer class for kids,CM - pMax - Portland (MxConv),--,Performance Max,None,0,0,0.00,0.00,OK,,Appears relevant for Portland market
girls lacrosse summer camps 2025,CM - pMax - Portland (MxConv),--,Performance Max,None,0,0,0.00,0.00,OK,,Appears relevant for Portland market
baseball camps for 13 year olds near me,CM - pMax - Portland (MxConv),--,Performance Max,None,0,0,0.00,0.00,OK,,Appears relevant for Portland market
aspatuck tennis club,CM - pMax - Portland (MxConv),--,Performance Max,None,0,0,0.00,0.00,OK,,Appears relevant for Portland market
kennybrook camp,CM - pMax - Portland (MxConv),--,Performance Max,None,0,0,0.00,0.00,OK,,Appears relevant for Portland market
magic camp,CM - pMax - Portland (MxConv),--,Performance Max,None,0,0,0.00,0.00,OK,,Appears relevant for Portland market
flag football ankle breakers,CM - pMax - Portland (MxConv),--,Performance Max,None,0,0,0.00,0.00,OK,,Appears relevant for Portland market
kids summer programs near me,CM - pMax - Portland (MxConv),--,Performance Max,None,0,0,0.00,0.00,OK,,Appears relevant for Portland market
iona basketball camp,CM - pMax - Portland (MxConv),--,Performance Max,None,0,0,0.00,0.00,OK,,Appears relevant for Portland market
st anthony's summer camps,CM - pMax - Portland (MxConv),--,Performance Max,None,0,0,0.00,0.00,OK,,Appears relevant for Portland market
winter camps for adults,CM - pMax - Portland (MxConv),--,Performance Max,None,0,0,0.00,0.00,OK,,Appears relevant for Portland market
soccer coach near me,CM - pMax - Portland (MxConv),--,Performance Max,None,0,0,0.00,0.00,OK,,Appears relevant for Portland market
cit program summer camp,CM - pMax - Portland (MxConv),--,Performance Max,None,0,0,0.00,0.00,OK,,Appears relevant for Portland market
world of discovery summer day camp,CM - pMax - Portland (MxConv),--,Performance Max,None,0,0,0.00,0.00,OK,,Appears relevant for Portland market
tennis for toddlers,CM - pMax - Portland (MxConv),--,Performance Max,None,0,0,0.00,0.00,OK,,Appears relevant for Portland market
summer soccer registration near me,CM - pMax - Portland (MxConv),--,Performance Max,None,0,0,0.00,0.00,OK,,Appears relevant for Portland market
art camp long island,CM - Nonbranded - Geo Priorities (MxCx),Summer Camps,Phrase match (close variant),None,0,1,0.00,0.00,OK,,Appears relevant
summer camps for 10 year olds,CM - Nonbranded - Geo Priorities (MxCx),Soccer Camps,Phrase match (close variant),None,0,4,0.00,0.00,OK,,Appears relevant
summer art programs for kids,CM - Nonbranded - Geo Priorities (MxCx),Summer Camps,Phrase match (close variant),None,0,1,0.00,0.00,OK,,Appears relevant
sports camp near me,CM - Nonbranded - Geo Priorities (MxCx),Sports Camps,Phrase match (close variant),None,0,1,0.00,0.00,OK,,Appears relevant
be the best lacrosse camp,CM - Nonbranded - Geo Priorities (MxCx),Lacrosse Camps,Phrase match (close variant),None,0,1,0.00,0.00,OK,,Appears relevant
language summer camp near me,CM - Nonbranded - Geo Priorities (MxCx),Summer Camps,Phrase match,None,0,1,0.00,0.00,OK,,Appears relevant
baseball camp near me summer 2026,CM - Nonbranded - Geo Priorities (MxCx),Summer Camps,Phrase match,None,0,3,0.00,0.00,OK,,Appears relevant
all girls summer camp near me,CM - Nonbranded - Geo Priorities (MxCx),Summer Camps,Phrase match,None,1,4,2.80,0.00,OK,,Appears relevant
summer camp hicksville,CM - Nonbranded - Geo Priorities (MxCx),Summer Camps,Phrase match (close variant),None,0,1,0.00,0.00,OK,,Appears relevant
libero volleyball camp,CM - Nonbranded - Geo Priorities (MxCx),Volleyball Camps,Phrase match,None,0,2,0.00,0.00,OK,,Appears relevant
under each individual camp bay shore ny 11706 united states,CM - Nonbranded - Geo Priorities (MxCx),Tennis Camps,Broad match,None,0,0,0.00,0.00,OK,,Appears relevant
ymca sport camp,CM - Non Brand - PMax,--,Performance Max,None,0,1,0.00,0.00,OK,,Appears relevant for Portland market
gymnastics deer park,CM - Non Brand - PMax,--,Performance Max,None,0,1,0.00,0.00,OK,,Appears relevant for Portland market
academy volleyball,CM - Non Brand - PMax,--,Performance Max,None,0,1,0.00,0.00,OK,,Appears relevant for Portland market
ymca,CM - Non Brand - PMax,--,Performance Max,None,0,5,0.00,0.00,OK,,Appears relevant for Portland market
pierce country day camp roslyn,CM - Competitors - OldW - (Mx.Clicks),Competitors,Exact match (close variant),None,0,1,0.00,0.00,OK,,Competitor matched: 'pierce'
oasis day camp,CM - Competitors - OldW - (Mx.Clicks),Competitors,Exact match,Added,0,14,0.00,0.00,OK,,Competitor matched: 'oasis'
swimming summer camp,CM - pMax - Portland (MxConv),--,Performance Max,None,0,1,0.00,0.00,OK,,Appears relevant for Portland market
summer camps in maine,CM - pMax - Portland (MxConv),--,Performance Max,None,0,1,0.00,0.00,OK,,Appears relevant for Portland market
all star camp,CM - pMax - Portland (MxConv),--,Performance Max,None,0,0,0.00,0.00,OK,,Appears relevant for Portland market
hamptons things to do,CM - pMax - Portland (MxConv),--,Performance Max,None,0,0,0.00,0.00,OK,,Appears relevant for Portland market
basketball camp,CM - pMax - Portland (MxConv),--,Performance Max,None,0,0,0.00,0.00,OK,,Appears relevant for Portland market
patchogue soccer,CM - pMax - Portland (MxConv),--,Performance Max,None,0,0,0.00,0.00,OK,,Appears relevant for Portland market
ymca camps,CM - pMax - Portland (MxConv),--,Performance Max,None,0,0,0.00,0.00,OK,,Appears relevant for Portland market
futstars,CM - pMax - Portland (MxConv),--,Performance Max,None,0,0,0.00,0.00,OK,,Appears relevant for Portland market
little league baseball near me,CM - pMax - Portland (MxConv),--,Performance Max,None,0,0,0.00,0.00,OK,,Appears relevant for Portland market
basketball clubs near me,CM - pMax - Portland (MxConv),--,Performance Max,None,0,0,0.00,0.00,OK,,Appears relevant for Portland market
boundless adventures camp,CM - pMax - Portland (MxConv),--,Performance Max,None,0,0,0.00,0.00,OK,,Appears relevant for Portland market
summer for kids,CM - Non Brand - PMax,--,Performance Max,None,0,2,0.00,0.00,OK,,Appears relevant for Portland market
stars camp,CM - Non Brand - PMax,--,Performance Max,None,0,2,0.00,0.00,OK,,Appears relevant for Portland market
volleyball boys camp,CM - Non Brand - PMax,--,Performance Max,None,0,1,0.00,0.00,OK,,Appears relevant for Portland market
best volleyball setter camp,CM - Nonbranded - Geo Priorities (MxCx),Volleyball Camps,Phrase match,None,0,1,0.00,0.00,OK,,Appears relevant
lindenhurst summer camp 2026,CM - Nonbranded - Geo Priorities (MxCx),Summer Camps,Phrase match (close variant),None,0,1,0.00,0.00,OK,,Appears relevant
summer lacrosse camp,CM - Nonbranded - Geo Priorities (MxCx),Lacrosse Camps,Exact match (close variant),None,0,3,0.00,0.00,OK,,Appears relevant
summer camps nassau county,CM - Nonbranded - Geo Priorities (MxCx),Summer Camps,Phrase match (close variant),None,0,4,0.00,0.00,OK,,Appears relevant
big chief school and camp,CM - Nonbranded - Geo Priorities (MxCx),Summer Camps,Phrase match (close variant),None,0,2,0.00,0.00,OK,,Appears relevant
harrison summer camps 2026,CM - Nonbranded - Geo Priorities (MxCx),Summer Camps,Phrase match,None,0,1,0.00,0.00,OK,,Appears relevant
summer daycare near me,CM - Nonbranded - Geo Priorities (MxCx),Summer Camps,Phrase match (close variant),None,0,1,0.00,0.00,OK,,Appears relevant
step it up basketball camp,CM - Nonbranded - Geo Priorities (MxCx),Basketball Camp,Phrase match,None,0,2,0.00,0.00,OK,,Appears relevant
greenwich summer camp,CM - Nonbranded - Geo Priorities (MxCx),Summer Camps,Phrase match (close variant),None,0,1,0.00,0.00,OK,,Appears relevant
summer soccer for 6 year olds,CM - Nonbranded - Geo Priorities (MxCx),Soccer Camps,Phrase match (close variant),None,0,0,0.00,0.00,OK,,Appears relevant
island quest day camp long island,CM - Nonbranded - Geo Priorities (MxCx),Summer Camps,Phrase match (close variant),None,0,0,0.00,0.00,OK,,Appears relevant
golf camps for kids near me,CM - Nonbranded - Geo Priorities (MxCx),Summer Camps,Phrase match (close variant),None,0,0,0.00,0.00,OK,,Appears relevant
lax camp,CM - Nonbranded - Other Geos (MxConv),Lacrosse Camps,Exact match (close variant),None,0,2,0.00,0.00,OK,,Appears relevant
fastbreak kids,CM - Nonbranded - Other Geos (MxConv),Basketball Camp,Phrase match (close variant),None,1,3,5.80,0.00,OK,,Appears relevant
baseball camps summer 2026,CM - Nonbranded - Other Geos (MxConv),Baseball Camps,Phrase match (close variant),None,0,1,0.00,0.00,OK,,Appears relevant
gorham arts alliance summer camp,CM - pMax - Portland (MxConv),--,Performance Max,None,0,2,0.00,0.00,OK,,Appears relevant for Portland market
broadway bootcamp,CM - pMax - Portland (MxConv),--,Performance Max,None,0,0,0.00,0.00,OK,,Appears relevant for Portland market
maplewood day camp wantagh,CM - pMax - Portland (MxConv),--,Performance Max,None,0,0,0.00,0.00,OK,,Appears relevant for Portland market
little league baseball sign ups near me,CM - pMax - Portland (MxConv),--,Performance Max,None,0,0,0.00,0.00,OK,,Appears relevant for Portland market
sports camps summer 2025,CM - pMax - Portland (MxConv),--,Performance Max,None,0,0,0.00,0.00,OK,,Appears relevant for Portland market
esf camp greenwich,CM - pMax - Portland (MxConv),--,Performance Max,None,0,0,0.00,0.00,OK,,Appears relevant for Portland market
develup basketball,CM - pMax - Portland (MxConv),--,Performance Max,None,0,0,0.00,0.00,OK,,Appears relevant for Portland market
drama summer camp,CM - pMax - Portland (MxConv),--,Performance Max,None,0,0,0.00,0.00,OK,,Appears relevant for Portland market
plainedge soccer,CM - pMax - Portland (MxConv),--,Performance Max,None,0,0,0.00,0.00,OK,,Appears relevant for Portland market
camp mah kee nac winter office,CM - pMax - Portland (MxConv),--,Performance Max,None,0,0,0.00,0.00,OK,,Appears relevant for Portland market
kids volleyball summer camp near me,CM - pMax - Portland (MxConv),--,Performance Max,None,0,0,0.00,0.00,OK,,Appears relevant for Portland market
world of discovery day camp,CM - pMax - Portland (MxConv),--,Performance Max,None,0,0,0.00,0.00,OK,,Appears relevant for Portland market
giants youth football camp,CM - pMax - Portland (MxConv),--,Performance Max,None,0,0,0.00,0.00,OK,,Appears relevant for Portland market
tennis racket size for kids,CM - pMax - Portland (MxConv),--,Performance Max,None,0,0,0.00,0.00,OK,,Appears relevant for Portland market
basketball summer camps 2025 near me,CM - pMax - Portland (MxConv),--,Performance Max,None,0,0,0.00,0.00,OK,,Appears relevant for Portland market
free summer camps for 5 year olds near me,CM - pMax - Portland (MxConv),--,Performance Max,None,0,0,0.00,0.00,OK,,Appears relevant for Portland market
soccer summer near me,CM - Non Brand - PMax,--,Performance Max,None,0,1,0.00,0.00,OK,,Appears relevant for Portland market
youth bat measurements,CM - Non Brand - PMax,--,Performance Max,None,0,1,0.00,0.00,OK,,Appears relevant for Portland market
kids day out li,CM - Non Brand - PMax,--,Performance Max,None,0,1,0.00,0.00,OK,,Appears relevant for Portland market
tennis camp near me summer 2026,CM - Non Brand - PMax,--,Performance Max,None,0,3,0.00,0.00,OK,,Appears relevant for Portland market
volleyball summer camps near me,CM - Nonbranded - Geo Priorities (MxCx),Volleyball Camps,Exact match (close variant),None,1,1,1.48,0.00,OK,,Appears relevant
june camps for kids,CM - Nonbranded - Geo Priorities (MxCx),Soccer Camps,Phrase match (close variant),None,0,1,0.00,0.00,OK,,Appears relevant
bergen county day camps,CM - Nonbranded - Geo Priorities (MxCx),Summer Camps,Phrase match (close variant),None,0,3,0.00,0.00,OK,,Appears relevant
swimming summer camp near me,CM - Nonbranded - Geo Priorities (MxCx),Summer Camps,Phrase match,None,1,2,1.36,0.00,OK,,Appears relevant
hidden pond park summer camp,CM - Nonbranded - Geo Priorities (MxCx),Summer Camps,Phrase match (close variant),None,0,1,0.00,0.00,OK,,Appears relevant
volleyball camps long island,CM - Nonbranded - Geo Priorities (MxCx),Summer Camps,Phrase match (close variant),None,0,6,0.00,0.00,OK,,Appears relevant
summer soccer for kids near me,CM - Nonbranded - Geo Priorities (MxCx),Soccer Camps,Phrase match (close variant),None,1,4,1.27,0.00,OK,,Appears relevant
hofstra soccer camp,CM - Nonbranded - Geo Priorities (MxCx),Soccer Camps,Phrase match (close variant),None,0,1,0.00,0.00,OK,,Appears relevant
camp nesher 2026,CM - Nonbranded - Geo Priorities (MxCx),Summer Camps,Phrase match (close variant),None,0,1,0.00,0.00,OK,,Appears relevant
summer youth basketball,CM - Nonbranded - Geo Priorities (MxCx),Basketball Camp,Phrase match (close variant),None,0,1,0.00,0.00,OK,,Appears relevant
hollingworth science camp,CM - Nonbranded - Geo Priorities (MxCx),Summer Camps,Phrase match (close variant),None,0,1,0.00,0.00,OK,,Appears relevant
volleyball youth near me,CM - Nonbranded - Geo Priorities (MxCx),Volleyball Camps,Exact match (close variant),None,0,0,0.00,0.00,OK,,Appears relevant
summer soccer camps near me,CM - Nonbranded - Geo Priorities (MxCx),Summer Camps,Phrase match,None,0,0,0.00,0.00,OK,,Appears relevant
seton hill football camp,CM - Nonbranded - Other Geos (MxConv),Football Camps,Phrase match,None,0,1,0.00,0.00,OK,,Appears relevant
greenport summer camp,CM - Nonbranded - Other Geos (MxConv),Tennis Camps,Broad match,None,0,1,0.00,0.00,OK,,Appears relevant
summer school near me,CM - Nonbranded - Other Geos (MxConv),Tennis Camps,Broad match,None,1,6,2.90,0.00,OK,,Appears relevant
basketball camps near me,CM - Nonbranded - Other Geos (MxConv),Summer Camps,Phrase match (close variant),None,0,0,0.00,0.00,OK,,Appears relevant
summer baseball camps near me,CM - Nonbranded - Other Geos (MxConv),Baseball Camps,Exact match (close variant),None,0,1,0.00,0.00,OK,,Appears relevant
empire baseball summer camp,CM - Nonbranded - Other Geos (MxConv),Baseball Camps,Phrase match (close variant),None,0,1,0.00,0.00,OK,,Appears relevant
kids camp near me,CM - Nonbranded - Other Geos (MxConv),Tennis Camps,Broad match,None,0,2,0.00,0.00,OK,,Appears relevant
charlie camp football,CM - Nonbranded - Other Geos (MxConv),Football Camps,Phrase match (close variant),None,0,2,0.00,0.00,OK,,Appears relevant
summer camp,CM - pMax - Portland (MxConv),--,Performance Max,None,0,10,0.00,0.00,OK,,Appears relevant for Portland market
ymca white plains summer camp,CM - pMax - Portland (MxConv),--,Performance Max,None,0,0,0.00,0.00,OK,,Appears relevant for Portland market
pal summer camp,CM - pMax - Portland (MxConv),--,Performance Max,None,0,0,0.00,0.00,OK,,Appears relevant for Portland market
summer camp reviews,CM - pMax - Portland (MxConv),--,Performance Max,None,0,0,0.00,0.00,OK,,Appears relevant for Portland market
northshore summer camp,CM - pMax - Portland (MxConv),--,Performance Max,None,0,0,0.00,0.00,OK,,Appears relevant for Portland market
football camp near me,CM - pMax - Portland (MxConv),--,Performance Max,None,0,0,0.00,0.00,OK,,Appears relevant for Portland market
work at camp,CM - pMax - Portland (MxConv),--,Performance Max,None,0,0,0.00,0.00,OK,,Appears relevant for Portland market
soccer club,CM - pMax - Portland (MxConv),--,Performance Max,None,0,0,0.00,0.00,OK,,Appears relevant for Portland market
camp for kids with special needs,CM - pMax - Portland (MxConv),--,Performance Max,None,0,0,0.00,0.00,OK,,Appears relevant for Portland market
nike football skills camp,CM - pMax - Portland (MxConv),--,Performance Max,None,0,0,0.00,0.00,OK,,Appears relevant for Portland market
nike lacrosse camp,CM - pMax - Portland (MxConv),--,Performance Max,None,0,0,0.00,0.00,OK,,Appears relevant for Portland market
doe summer school,CM - pMax - Portland (MxConv),--,Performance Max,None,0,0,0.00,0.00,OK,,Appears relevant for Portland market
stars camp,CM - pMax - Portland (MxConv),--,Performance Max,None,0,0,0.00,0.00,OK,,Appears relevant for Portland market
cheer motions,CM - pMax - Portland (MxConv),--,Performance Max,None,0,0,0.00,0.00,OK,,Appears relevant for Portland market
ny ymca camps,CM - pMax - Portland (MxConv),--,Performance Max,None,0,0,0.00,0.00,OK,,Appears relevant for Portland market
hamptons tennis camp,CM - pMax - Portland (MxConv),--,Performance Max,None,0,0,0.00,0.00,OK,,Appears relevant for Portland market
volleyball camps connecticut,CM - pMax - Portland (MxConv),--,Performance Max,None,0,0,0.00,0.00,OK,,Appears relevant for Portland market
art camp for kids,CM - pMax - Portland (MxConv),--,Performance Max,None,0,0,0.00,0.00,OK,,Appears relevant for Portland market
allstar sports camp,CM - pMax - Portland (MxConv),--,Performance Max,None,0,0,0.00,0.00,OK,,Appears relevant for Portland market
futurestar,CM - pMax - Portland (MxConv),--,Performance Max,None,0,0,0.00,0.00,OK,,Appears relevant for Portland market
soccer 3 year old near me,CM - Non Brand - PMax,--,Performance Max,None,0,1,0.00,0.00,OK,,Appears relevant for Portland market
volleyball programs near me,CM - Non Brand - PMax,--,Performance Max,None,1,4,0.27,0.00,OK,,Appears relevant for Portland market
gyms for kids near me,CM - Non Brand - PMax,--,Performance Max,None,0,1,0.00,0.00,OK,,Appears relevant for Portland market
swim near me,CM - Non Brand - PMax,--,Performance Max,None,1,3,0.01,0.00,OK,,Appears relevant for Portland market
summer activities for teens near me,CM - Non Brand - PMax,--,Performance Max,None,0,1,0.00,0.00,OK,,Appears relevant for Portland market
beginner pickleball near me,CM - Non Brand - PMax,--,Performance Max,None,0,2,0.00,0.00,OK,,Appears relevant for Portland market
pickleball camp for kids near me,CM - Nonbranded - Geo Priorities (MxCx),Summer Camps,Phrase match,None,0,1,0.00,0.00,OK,,Appears relevant
camps for children,CM - Nonbranded - Geo Priorities (MxCx),Summer Camps,Phrase match (close variant),None,0,1,0.00,0.00,OK,,Appears relevant
summer camp near me 4 year old,CM - Nonbranded - Geo Priorities (MxCx),Summer Camps,Phrase match,None,0,1,0.00,0.00,OK,,Appears relevant
summer camp deer park,CM - Nonbranded - Geo Priorities (MxCx),Summer Camps,Phrase match (close variant),None,0,1,0.00,0.00,OK,,Appears relevant
day camps,CM - Nonbranded - Geo Priorities (MxCx),Summer Camps,Exact match (close variant),None,0,2,0.00,0.00,OK,,Appears relevant
summer camps for teens near me,CM - Nonbranded - Geo Priorities (MxCx),Soccer Camps,Exact match (close variant),None,0,2,0.00,0.00,OK,,Appears relevant
summer camps,CM - Nonbranded - Geo Priorities (MxCx),Soccer Camps,Exact match (close variant),None,0,6,0.00,0.00,OK,,Appears relevant
softball summer camps near me,CM - Nonbranded - Geo Priorities (MxCx),Softball Camps,Exact match (close variant),None,0,2,0.00,0.00,OK,,Appears relevant
notre dame lacrosse camps,CM - Nonbranded - Geo Priorities (MxCx),Lacrosse Camps,Phrase match (close variant),None,0,1,0.00,0.00,OK,,Appears relevant
camp programs near me,CM - Nonbranded - Geo Priorities (MxCx),Summer Camps,Exact match (close variant),None,0,3,0.00,0.00,OK,,Appears relevant
teen camps near me,CM - Nonbranded - Geo Priorities (MxCx),Soccer Camps,Phrase match (close variant),None,0,3,0.00,0.00,OK,,Appears relevant
summer camp for 6 year olds,CM - Nonbranded - Geo Priorities (MxCx),Summer Camps,Phrase match (close variant),None,0,1,0.00,0.00,OK,,Appears relevant
equine camp near me,CM - Nonbranded - Geo Priorities (MxCx),Horseback Riding,Phrase match (close variant),None,0,1,0.00,0.00,OK,,Appears relevant
summer camp cost,CM - Nonbranded - Geo Priorities (MxCx),Summer Camps,Phrase match,None,1,3,2.79,0.00,OK,,Appears relevant
basketball summer camp for kids,CM - Nonbranded - Geo Priorities (MxCx),Basketball Camp,Exact match (close variant),None,0,1,0.00,0.00,OK,,Appears relevant
ramapo day camp prices,CM - Nonbranded - Geo Priorities (MxCx),Summer Camps,Phrase match (close variant),None,0,1,0.00,0.00,OK,,Appears relevant
lacrosse beginner camps,CM - Nonbranded - Geo Priorities (MxCx),Lacrosse Camps,Exact match (close variant),None,0,0,0.00,0.00,OK,,Appears relevant
5 star basketball camp,CM - pMax - Portland (MxConv),--,Performance Max,None,0,0,0.00,0.00,OK,,Appears relevant for Portland market
cos cob camp,CM - pMax - Portland (MxConv),--,Performance Max,None,0,0,0.00,0.00,OK,,Appears relevant for Portland market
beach volleyball for teens,CM - pMax - Portland (MxConv),--,Performance Max,None,0,0,0.00,0.00,OK,,Appears relevant for Portland market
swimming lessons summer camp near me,CM - pMax - Portland (MxConv),--,Performance Max,None,0,0,0.00,0.00,OK,,Appears relevant for Portland market
brookhaven summer camp,CM - pMax - Portland (MxConv),--,Performance Max,None,0,0,0.00,0.00,OK,,Appears relevant for Portland market
point guard camp 2025,CM - pMax - Portland (MxConv),--,Performance Max,None,0,0,0.00,0.00,OK,,Appears relevant for Portland market
nike camps,CM - pMax - Portland (MxConv),--,Performance Max,None,0,0,0.00,0.00,OK,,Appears relevant for Portland market
cheap kids summer camp,CM - pMax - Portland (MxConv),--,Performance Max,None,0,0,0.00,0.00,OK,,Appears relevant for Portland market
rdc quarterback camp,CM - pMax - Portland (MxConv),--,Performance Max,None,0,0,0.00,0.00,OK,,Appears relevant for Portland market
bronx recreation centers summer programs,CM - pMax - Portland (MxConv),--,Performance Max,None,0,0,0.00,0.00,OK,,Appears relevant for Portland market
basketball team near me,CM - Non Brand - PMax,--,Performance Max,None,1,2,0.01,0.00,OK,,Appears relevant for Portland market
toddler summer camps,CM - Non Brand - PMax,--,Performance Max,None,0,1,0.00,0.00,OK,,Appears relevant for Portland market
sport clubs for teens near me,CM - Non Brand - PMax,--,Performance Max,None,0,1,0.00,0.00,OK,,Appears relevant for Portland market
nature camp westchester,CM - Non Brand - PMax,--,Performance Max,None,0,1,0.00,0.00,OK,,Appears relevant for Portland market
summer school near me,CM - Non Brand - PMax,--,Performance Max,None,0,2,0.00,0.00,OK,,Appears relevant for Portland market
basketball camps long island,CM - Nonbranded - Geo Priorities (MxCx),Basketball Camp,Exact match,Added,1,3,1.53,0.00,OK,,Appears relevant
summer youth basketball camps near me,CM - Nonbranded - Geo Priorities (MxCx),Basketball Camp,Exact match (close variant),None,0,1,0.00,0.00,OK,,Appears relevant
whitestone summer camp,CM - Nonbranded - Geo Priorities (MxCx),Summer Camps,Phrase match,None,0,3,0.00,0.00,OK,,Appears relevant
youth summer golf camps near me,CM - Nonbranded - Geo Priorities (MxCx),Summer Camps,Phrase match (close variant),None,0,1,0.00,0.00,OK,,Appears relevant
melville summer camps,CM - Nonbranded - Geo Priorities (MxCx),Summer Camps,Phrase match,None,0,2,0.00,0.00,OK,,Appears relevant
animal camps for kids near me,CM - Nonbranded - Geo Priorities (MxCx),Summer Camps,Phrase match,None,0,1,0.00,0.00,OK,,Appears relevant
summer day camps long island,CM - Nonbranded - Geo Priorities (MxCx),Summer Camps,Exact match (close variant),None,0,2,0.00,0.00,OK,,Appears relevant
art summer camp long island,CM - Nonbranded - Geo Priorities (MxCx),Summer Camps,Phrase match (close variant),None,0,1,0.00,0.00,OK,,Appears relevant
summer rec camp,CM - Nonbranded - Geo Priorities (MxCx),Summer Camps,Exact match (close variant),None,0,2,0.00,0.00,OK,,Appears relevant
summer camps for 15 year old,CM - Nonbranded - Geo Priorities (MxCx),Summer Camps,Phrase match (close variant),None,0,1,0.00,0.00,OK,,Appears relevant
rising star summer camp,CM - Nonbranded - Geo Priorities (MxCx),Sports Camps,Phrase match (close variant),None,1,2,1.97,0.00,OK,,Appears relevant
college football camps,CM - Nonbranded - Geo Priorities (MxCx),Football Camps,Phrase match,None,0,1,0.00,0.00,OK,,Appears relevant
volleyball camps summer 2026 near me,CM - Nonbranded - Geo Priorities (MxCx),Volleyball Camps,Phrase match,None,1,5,1.29,0.00,OK,,Appears relevant
new york summer camp for kids,CM - Nonbranded - Geo Priorities (MxCx),Summer Camps,Phrase match,None,0,2,0.00,0.00,OK,,Appears relevant
brentwood summer camp,CM - Nonbranded - Geo Priorities (MxCx),Summer Camps,Phrase match,None,0,1,0.00,0.00,OK,,Appears relevant
pll camp,CM - Nonbranded - Geo Priorities (MxCx),Sports Camps,Phrase match (close variant),None,0,1,0.00,0.00,OK,,Appears relevant
boys volleyball camps near me,CM - Nonbranded - Geo Priorities (MxCx),Volleyball Camps,Phrase match,None,0,2,0.00,0.00,OK,,Appears relevant
science camp for 4 year olds,CM - Nonbranded - Geo Priorities (MxCx),Summer Camps,Phrase match (close variant),None,0,2,0.00,0.00,OK,,Appears relevant
theater summer camp,CM - Nonbranded - Geo Priorities (MxCx),Summer Camps,Phrase match,None,0,5,0.00,0.00,OK,,Appears relevant
long island camps,CM - Nonbranded - Geo Priorities (MxCx),Summer Camps,Exact match (close variant),None,1,7,1.84,0.00,OK,,Appears relevant
luhi summer,CM - Competitors - OldW - (Mx.Clicks),Competitors,Exact match (close variant),None,0,2,0.00,0.00,OK,,Competitor matched: 'luhi'
riverside sports camp,CM - Nonbranded - Other Geos (MxConv),Tennis Camps,Broad match,None,0,1,0.00,0.00,OK,,Appears relevant
summer camp westchester ny,CM - Nonbranded - Other Geos (MxConv),Tennis Camps,Broad match,None,0,2,0.00,0.00,OK,,Appears relevant
free ymca summer camp,CM - pMax - Portland (MxConv),--,Performance Max,None,0,0,0.00,0.00,OK,,Appears relevant for Portland market
camp lee mar,CM - pMax - Portland (MxConv),--,Performance Max,None,0,0,0.00,0.00,OK,,Appears relevant for Portland market
youth lacrosse games,CM - pMax - Portland (MxConv),--,Performance Max,None,0,0,0.00,0.00,OK,,Appears relevant for Portland market
children activities near me,CM - pMax - Portland (MxConv),--,Performance Max,None,0,0,0.00,0.00,OK,,Appears relevant for Portland market
regeneration summer camp,CM - pMax - Portland (MxConv),--,Performance Max,None,0,0,0.00,0.00,OK,,Appears relevant for Portland market
summer camp in stamford ct,CM - pMax - Portland (MxConv),--,Performance Max,None,0,0,0.00,0.00,OK,,Appears relevant for Portland market
summer job camp counselor,CM - pMax - Portland (MxConv),--,Performance Max,None,0,0,0.00,0.00,OK,,Appears relevant for Portland market
field hockey camps for beginners near me,CM - pMax - Portland (MxConv),--,Performance Max,None,0,0,0.00,0.00,OK,,Appears relevant for Portland market
art school for kids near me,CM - pMax - Portland (MxConv),--,Performance Max,None,0,0,0.00,0.00,OK,,Appears relevant for Portland market
camp counselor,CM - pMax - Portland (MxConv),--,Performance Max,None,0,0,0.00,0.00,OK,,Appears relevant for Portland market
soccer teams for 11 year olds near me,CM - pMax - Portland (MxConv),--,Performance Max,None,0,0,0.00,0.00,OK,,Appears relevant for Portland market
future summer camp,CM - pMax - Portland (MxConv),--,Performance Max,None,0,0,0.00,0.00,OK,,Appears relevant for Portland market
kids art classes near me,CM - Non Brand - PMax,--,Performance Max,None,0,3,0.00,0.00,OK,,Appears relevant for Portland market
basketball lessons near me,CM - Non Brand - PMax,--,Performance Max,None,0,1,0.00,0.00,OK,,Appears relevant for Portland market
teen acting classes near me,CM - Non Brand - PMax,--,Performance Max,None,1,3,1.70,0.00,OK,,Appears relevant for Portland market
robotic near me,CM - Non Brand - PMax,--,Performance Max,None,0,2,0.00,0.00,OK,,Appears relevant for Portland market
summer camps with availability near me,CM - Non Brand - PMax,--,Performance Max,None,0,2,0.00,0.00,OK,,Appears relevant for Portland market
pickleball camp for kids near me,CM - Nonbranded - Geo Priorities (MxCx),Sports Camps,Phrase match (close variant),None,0,1,0.00,0.00,OK,,Appears relevant
volleyball camps in westchester ny,CM - Nonbranded - Geo Priorities (MxCx),Volleyball Camps,Phrase match,None,0,3,0.00,0.00,OK,,Appears relevant
summer camp for 12 year old girls,CM - Nonbranded - Geo Priorities (MxCx),Summer Camps,Phrase match,None,0,2,0.00,0.00,OK,,Appears relevant
liu volleyball camp,CM - Nonbranded - Geo Priorities (MxCx),Volleyball Camps,Phrase match,None,0,1,0.00,0.00,OK,,Appears relevant
badger day camp,CM - Nonbranded - Geo Priorities (MxCx),Sports Camps,Phrase match (close variant),None,0,3,0.00,0.00,OK,,Appears relevant
summer camps for kids near me,CM - Nonbranded - Geo Priorities (MxCx),Summer Camps,Exact match (close variant),None,3,18,8.51,0.00,OK,,Appears relevant
north hempstead summer camp,CM - Nonbranded - Geo Priorities (MxCx),Summer Camps,Phrase match,None,0,1,0.00,0.00,OK,,Appears relevant
gymnastics camps near me,CM - Nonbranded - Geo Priorities (MxCx),Sports Camps,Phrase match (close variant),None,1,1,1.21,0.00,OK,,Appears relevant
summer camp 12 year old boy,CM - Nonbranded - Geo Priorities (MxCx),Summer Camps,Phrase match,None,0,2,0.00,0.00,OK,,Appears relevant
camps by me,CM - Nonbranded - Geo Priorities (MxCx),Summer Camps,Exact match (close variant),None,0,2,0.00,0.00,OK,,Appears relevant
track camp summer 2026,CM - Nonbranded - Geo Priorities (MxCx),Sports Camps,Phrase match (close variant),None,1,2,2.84,0.00,OK,,Appears relevant
elmsford summer camp,CM - Nonbranded - Geo Priorities (MxCx),Summer Camps,Phrase match,None,0,2,0.00,0.00,OK,,Appears relevant
hills west basketball camp,CM - Nonbranded - Geo Priorities (MxCx),Basketball Camp,Phrase match,None,0,1,0.00,0.00,OK,,Appears relevant
lego camp long island,CM - Nonbranded - Geo Priorities (MxCx),Summer Camps,Phrase match (close variant),None,0,6,0.00,0.00,OK,,Appears relevant
coop camp mamaroneck,CM - Nonbranded - Geo Priorities (MxCx),Summer Camps,Phrase match (close variant),None,0,1,0.00,0.00,OK,,Appears relevant
mma camp,CM - Nonbranded - Geo Priorities (MxCx),Sports Camps,Phrase match (close variant),None,0,2,0.00,0.00,OK,,Appears relevant
summer camp ossining ny,CM - Nonbranded - Geo Priorities (MxCx),Summer Camps,Phrase match,None,0,2,0.00,0.00,OK,,Appears relevant
camp future stars,CM - Branded (Mx.Clicks),Future Stars Camp Brand,Exact match (close variant),None,4,7,7.83,0.00,OK,,Brand term matched: 'future stars'
st joseph's future stars camp,CM - Branded (Mx.Clicks),Future Stars Camp Brand,Phrase match,None,2,4,7.14,1.70,OK,,Has converted - protected from negation
une basketball camp,CM - pMax - Portland (MxConv),--,Performance Max,None,0,4,0.00,0.00,OK,,Appears relevant for Portland market
sua sponte lacrosse camp,CM - pMax - Portland (MxConv),--,Performance Max,None,0,1,0.00,0.00,OK,,Appears relevant for Portland market
cheverus camp,CM - pMax - Portland (MxConv),--,Performance Max,None,0,3,0.00,0.00,OK,,Appears relevant for Portland market
summer camp near me for 9 year olds,CM - pMax - Portland (MxConv),--,Performance Max,None,0,2,0.00,0.00,OK,,Appears relevant for Portland market
putnam valley summer camp,CM - pMax - Portland (MxConv),--,Performance Max,None,0,0,0.00,0.00,OK,,Appears relevant for Portland market
indoor soccer for kids near me,CM - pMax - Portland (MxConv),--,Performance Max,None,0,0,0.00,0.00,OK,,Appears relevant for Portland market
chestnut ridge racquet club,CM - pMax - Portland (MxConv),--,Performance Max,None,0,0,0.00,0.00,OK,,Appears relevant for Portland market
youth soccer near me,CM - pMax - Portland (MxConv),--,Performance Max,None,0,0,0.00,0.00,OK,,Appears relevant for Portland market
summer programs for 4 year olds,CM - pMax - Portland (MxConv),--,Performance Max,None,0,0,0.00,0.00,OK,,Appears relevant for Portland market
tennis coaching near me,CM - pMax - Portland (MxConv),--,Performance Max,None,0,0,0.00,0.00,OK,,Appears relevant for Portland market
basketball classes near me,CM - pMax - Portland (MxConv),--,Performance Max,None,0,0,0.00,0.00,OK,,Appears relevant for Portland market
sua sponte lacrosse,CM - Nonbranded - Other Geos (MxConv),Lacrosse Camps,Phrase match (close variant),None,0,1,0.00,0.00,OK,,Appears relevant
apex tennis camp,CM - Nonbranded - Other Geos (MxConv),Tennis Camps,Phrase match,None,0,4,0.00,0.00,OK,,Appears relevant
westhampton summer camps,CM - Nonbranded - Other Geos (MxConv),Summer Camps,Exact match (close variant),None,0,0,0.00,0.00,OK,,Appears relevant
levittown summer camp,CM - Nonbranded - Geo Priorities (MxCx),Summer Camps,Phrase match,None,0,1,0.00,0.00,OK,,Appears relevant
soccer camps,CM - Nonbranded - Geo Priorities (MxCx),Soccer Camps,Exact match,Added,1,10,2.77,0.00,OK,,Appears relevant
st james summer camp 2026,CM - Nonbranded - Geo Priorities (MxCx),Summer Camps,Phrase match,None,0,1,0.00,0.00,OK,,Appears relevant
camp sparks,CM - Nonbranded - Geo Priorities (MxCx),Summer Camps,Phrase match (close variant),None,0,2,0.00,0.00,OK,,Appears relevant
girls scouts camp 2026,CM - Nonbranded - Geo Priorities (MxCx),Summer Camps,Phrase match (close variant),None,0,1,0.00,0.00,OK,,Appears relevant
cheapest summer camp,CM - Nonbranded - Geo Priorities (MxCx),Summer Camps,Phrase match,None,1,1,2.85,0.00,OK,,Appears relevant
camps in ny state,CM - Nonbranded - Geo Priorities (MxCx),Summer Camps,Phrase match (close variant),None,0,2,0.00,0.00,OK,,Appears relevant
equine camp near me,CM - Nonbranded - Geo Priorities (MxCx),Horseback Riding,Exact match (close variant),None,0,1,0.00,0.00,OK,,Appears relevant
softball clinic,CM - Nonbranded - Geo Priorities (MxCx),Softball Camps,Phrase match (close variant),None,0,1,0.00,0.00,OK,,Appears relevant
beaver lake day camp,CM - Nonbranded - Geo Priorities (MxCx),Summer Camps,Phrase match (close variant),None,0,1,0.00,0.00,OK,,Appears relevant
summer youth camp,CM - Nonbranded - Geo Priorities (MxCx),Summer Camps,Phrase match (close variant),None,0,1,0.00,0.00,OK,,Appears relevant
football camps near me,CM - Nonbranded - Geo Priorities (MxCx),Football Camps,Exact match,Added,1,10,2.77,0.00,OK,,Appears relevant
summer camp ages,CM - Nonbranded - Geo Priorities (MxCx),Summer Camps,Phrase match,None,0,2,0.00,0.00,OK,,Appears relevant
volleyball camp for kids,CM - Nonbranded - Geo Priorities (MxCx),Volleyball Camps,Exact match (close variant),None,0,1,0.00,0.00,OK,,Appears relevant
tennis summer camps,CM - Nonbranded - Geo Priorities (MxCx),Summer Camps,Phrase match,None,0,4,0.00,0.00,OK,,Appears relevant
summer sports camps near me,CM - Nonbranded - Geo Priorities (MxCx),Sports Camps,Exact match (close variant),None,2,3,5.68,0.00,OK,,Appears relevant
soccer camp summer,CM - Nonbranded - Geo Priorities (MxCx),Soccer Camps,Exact match (close variant),None,0,2,0.00,0.00,OK,,Appears relevant
summer girls basketball,CM - Nonbranded - Geo Priorities (MxCx),Basketball Camp,Phrase match (close variant),None,1,1,1.17,0.00,OK,,Appears relevant
one river school summer camp,CM - Nonbranded - Geo Priorities (MxCx),Summer Camps,Phrase match,None,0,1,0.00,0.00,OK,,Appears relevant
camps for 5 year olds near me,CM - Nonbranded - Geo Priorities (MxCx),Summer Camps,Phrase match (close variant),None,0,2,0.00,0.00,OK,,Appears relevant
st francis prep volleyball camp 2026,CM - Nonbranded - Geo Priorities (MxCx),Volleyball Camps,Phrase match,None,0,3,0.00,0.00,OK,,Appears relevant
camp alvernia centerport ny,CM - Nonbranded - Geo Priorities (MxCx),Sports Camps,Phrase match (close variant),None,1,1,2.90,0.00,OK,,Appears relevant
teens summer programs,CM - Nonbranded - Geo Priorities (MxCx),Soccer Camps,Exact match (close variant),None,0,2,0.00,0.00,OK,,Appears relevant
music camp for kids near me,CM - Nonbranded - Geo Priorities (MxCx),Summer Camps,Phrase match,None,0,1,0.00,0.00,OK,,Appears relevant
tennis club near me,CM - Nonbranded - Geo Priorities (MxCx),Tennis Camps,Broad match,None,0,0,0.00,0.00,OK,,Appears relevant
basketball summer camps,CM - Nonbranded - Geo Priorities (MxCx),Basketball Camp,Exact match (close variant),Added,0,0,0.00,0.00,OK,,Appears relevant
kids tennis,CM - Nonbranded - Geo Priorities (MxCx),Tennis Camps,Broad match,None,0,0,0.00,0.00,OK,,Appears relevant
summer camps deer park,CM - Nonbranded - Geo Priorities (MxCx),Summer Camps,Phrase match (close variant),None,0,0,0.00,0.00,OK,,Appears relevant
knicks kids basketball camp,CM - Non Brand - PMax,--,Performance Max,None,0,1,0.00,0.00,OK,,Appears relevant for Portland market
boys basketball camps near me,CM - Non Brand - PMax,--,Performance Max,None,0,1,0.00,0.00,OK,,Appears relevant for Portland market
fall lacrosse near me,CM - Non Brand - PMax,--,Performance Max,None,0,3,0.00,0.00,OK,,Appears relevant for Portland market
summer camp for teenagers near me,CM - Non Brand - PMax,--,Performance Max,None,0,1,0.00,0.00,OK,,Appears relevant for Portland market
basketball camps,CM - Non Brand - PMax,--,Performance Max,None,0,1,0.00,0.00,OK,,Appears relevant for Portland market
kenwal camp melville,CM - Competitors - OldW - (Mx.Clicks),Competitors,Exact match (close variant),None,0,1,0.00,0.00,OK,,Competitor matched: 'kenwal'
future stars lacrosse camps,CM - Branded (Mx.Clicks),Future Stars Camp Brand,Phrase match,None,0,0,0.00,0.00,OK,,Brand term matched: 'future stars'
usm summer camps,CM - pMax - Portland (MxConv),--,Performance Max,None,0,10,0.00,0.00,OK,,Appears relevant for Portland market
one day camp near me,CM - pMax - Portland (MxConv),--,Performance Max,None,0,1,0.00,0.00,OK,,Appears relevant for Portland market
lacrosse goalie clinics near me,CM - pMax - Portland (MxConv),--,Performance Max,None,0,1,0.00,0.00,OK,,Appears relevant for Portland market
flag football camp,CM - pMax - Portland (MxConv),--,Performance Max,None,0,0,0.00,0.00,OK,,Appears relevant for Portland market
swim camp,CM - pMax - Portland (MxConv),--,Performance Max,None,0,0,0.00,0.00,OK,,Appears relevant for Portland market
robotics summer camp near me,CM - pMax - Portland (MxConv),--,Performance Max,None,0,0,0.00,0.00,OK,,Appears relevant for Portland market
esf riverdale,CM - pMax - Portland (MxConv),--,Performance Max,None,0,0,0.00,0.00,OK,,Appears relevant for Portland market
patchogue medford summer camp,CM - pMax - Portland (MxConv),--,Performance Max,None,0,0,0.00,0.00,OK,,Appears relevant for Portland market
join the circus,CM - pMax - Portland (MxConv),--,Performance Max,None,0,0,0.00,0.00,OK,,Appears relevant for Portland market
basketball camps near me 2025,CM - pMax - Portland (MxConv),--,Performance Max,None,0,0,0.00,0.00,OK,,Appears relevant for Portland market
ymca,CM - pMax - Portland (MxConv),--,Performance Max,None,0,0,0.00,0.00,OK,,Appears relevant for Portland market
basic basketball camp,CM - pMax - Portland (MxConv),--,Performance Max,None,0,0,0.00,0.00,OK,,Appears relevant for Portland market
elite skills basketball camp,CM - pMax - Portland (MxConv),--,Performance Max,None,0,0,0.00,0.00,OK,,Appears relevant for Portland market
riverhead summer camp,CM - Nonbranded - Other Geos (MxConv),Tennis Camps,Broad match,None,0,6,0.00,0.00,OK,,Appears relevant
dance camp near me,CM - Nonbranded - Other Geos (MxConv),Dance Camps,Exact match (close variant),None,0,1,0.00,0.00,OK,,Appears relevant
scarsdale summer camp,CM - Nonbranded - Other Geos (MxConv),Tennis Camps,Broad match,None,0,2,0.00,0.00,OK,,Appears relevant
jaxson dart football camp,CM - Nonbranded - Other Geos (MxConv),Football Camps,Phrase match,None,0,7,0.00,0.00,OK,,Appears relevant
dance camp westchester ny,CM - Nonbranded - Other Geos (MxConv),Dance Camps,Phrase match,None,0,0,0.00,0.00,OK,,Appears relevant
tennis classes for adults near me,CM - Non Brand - PMax,--,Performance Max,None,0,2,0.00,0.00,OK,,Appears relevant for Portland market
tennis camp,CM - Non Brand - PMax,--,Performance Max,None,0,5,0.00,0.00,OK,,Appears relevant for Portland market
four seasons golf club,CM - Non Brand - PMax,--,Performance Max,None,0,2,0.00,0.00,OK,,Appears relevant for Portland market
wave volleyball camp,CM - Nonbranded - Geo Priorities (MxCx),Volleyball Camps,Phrase match,None,0,1,0.00,0.00,OK,,Appears relevant
suffolk summer camps 2026,CM - Nonbranded - Geo Priorities (MxCx),Summer Camps,Phrase match (close variant),None,1,2,1.80,0.00,OK,,Appears relevant
kids baseball camp,CM - Nonbranded - Geo Priorities (MxCx),Summer Camps,Phrase match,None,0,1,0.00,0.00,OK,,Appears relevant
walden summer camp,CM - Nonbranded - Geo Priorities (MxCx),Summer Camps,Phrase match,None,0,2,0.00,0.00,OK,,Appears relevant
theater camp near me,CM - Nonbranded - Geo Priorities (MxCx),Summer Camps,Phrase match (close variant),None,4,11,5.56,0.00,OK,,Appears relevant
tumbling summer camp,CM - Nonbranded - Geo Priorities (MxCx),Sports Camps,Phrase match (close variant),None,0,2,0.00,0.00,OK,,Appears relevant
wrestle camp,CM - Nonbranded - Geo Priorities (MxCx),Sports Camps,Phrase match (close variant),None,0,1,0.00,0.00,OK,,Appears relevant
summer camp programs near me,CM - Nonbranded - Geo Priorities (MxCx),Summer Camps,Exact match (close variant),None,0,5,0.00,0.00,OK,,Appears relevant
merrick woods camp,CM - Nonbranded - Geo Priorities (MxCx),Summer Camps,Phrase match (close variant),None,0,10,0.00,0.00,OK,,Appears relevant
libero camp near me,CM - Nonbranded - Geo Priorities (MxCx),Sports Camps,Phrase match (close variant),None,0,1,0.00,0.00,OK,,Appears relevant
local summer day camps,CM - Nonbranded - Geo Priorities (MxCx),Summer Camps,Exact match (close variant),None,0,1,0.00,0.00,OK,,Appears relevant
fitness summer camp for kids,CM - Nonbranded - Geo Priorities (MxCx),Sports Camps,Phrase match (close variant),None,0,1,0.00,0.00,OK,,Appears relevant
hofstra kids camp,CM - Competitors - OldW - (Mx.Clicks),Competitors,Exact match (close variant),None,0,2,0.00,0.00,OK,,Competitor matched: 'hofstra'
ymca camp of maine,CM - pMax - Portland (MxConv),--,Performance Max,None,0,8,0.00,0.00,OK,,Appears relevant for Portland market
usm swish camp,CM - pMax - Portland (MxConv),--,Performance Max,None,3,4,9.08,0.00,OK,,Appears relevant for Portland market
highschool hoops,CM - pMax - Portland (MxConv),--,Performance Max,None,0,0,0.00,0.00,OK,,Appears relevant for Portland market
circus,CM - pMax - Portland (MxConv),--,Performance Max,None,0,0,0.00,0.00,OK,,Appears relevant for Portland market
youth softball summer camps 2024 near me,CM - pMax - Portland (MxConv),--,Performance Max,None,0,0,0.00,0.00,OK,,Appears relevant for Portland market
ymca summer camp in the bronx,CM - pMax - Portland (MxConv),--,Performance Max,None,0,0,0.00,0.00,OK,,Appears relevant for Portland market
volleyball camps summer 2025 near me,CM - pMax - Portland (MxConv),--,Performance Max,None,0,0,0.00,0.00,OK,,Appears relevant for Portland market
sailing for dummies,CM - Non Brand - PMax,--,Performance Max,None,1,2,1.07,0.00,OK,,Appears relevant for Portland market
4 year old gymnastics near me,CM - Non Brand - PMax,--,Performance Max,None,0,1,0.00,0.00,OK,,Appears relevant for Portland market
swim camp,CM - Non Brand - PMax,--,Performance Max,None,0,4,0.00,0.00,OK,,Appears relevant for Portland market
tumbling classes for toddlers,CM - Non Brand - PMax,--,Performance Max,None,0,2,0.00,0.00,OK,,Appears relevant for Portland market
purchase college,CM - Non Brand - PMax,--,Performance Max,None,0,1,0.00,0.00,OK,,Appears relevant for Portland market
summer sports for toddlers,CM - Non Brand - PMax,--,Performance Max,None,0,1,0.00,0.00,OK,,Appears relevant for Portland market
soccer camps summer 2026,CM - Nonbranded - Geo Priorities (MxCx),Soccer Camps,Phrase match,None,6,6,12.78,0.00,OK,,Appears relevant
all girls camp near me,CM - Nonbranded - Geo Priorities (MxCx),Summer Camps,Phrase match (close variant),None,2,7,5.72,0.00,OK,,Appears relevant
camp cody,CM - Nonbranded - Geo Priorities (MxCx),Summer Camps,Phrase match (close variant),None,1,2,2.85,0.00,OK,,Appears relevant
summer programs for 15 year olds near me,CM - Nonbranded - Geo Priorities (MxCx),Soccer Camps,Phrase match (close variant),None,0,1,0.00,0.00,OK,,Appears relevant
pierce camp roslyn,CM - Nonbranded - Geo Priorities (MxCx),Summer Camps,Phrase match (close variant),None,0,2,0.00,0.00,OK,,Appears relevant
day camp for 4 year olds,CM - Nonbranded - Geo Priorities (MxCx),Summer Camps,Phrase match (close variant),None,0,5,0.00,0.00,OK,,Appears relevant
girls summer volleyball camps,CM - Nonbranded - Geo Priorities (MxCx),Volleyball Camps,Phrase match,None,0,1,0.00,0.00,OK,,Appears relevant
summer camp hicksville ny,CM - Nonbranded - Geo Priorities (MxCx),Summer Camps,Phrase match,None,0,2,0.00,0.00,OK,,Appears relevant
farmingdale summer camp,CM - Nonbranded - Geo Priorities (MxCx),Summer Camps,Phrase match (close variant),Added,0,1,0.00,0.00,OK,,Appears relevant
east islip summer camp,CM - Nonbranded - Geo Priorities (MxCx),Summer Camps,Phrase match (close variant),None,0,1,0.00,0.00,OK,,Appears relevant
timberlake summer camp,CM - Nonbranded - Geo Priorities (MxCx),Summer Camps,Phrase match,None,0,1,0.00,0.00,OK,,Appears relevant
summer camp 2026,CM - Nonbranded - Geo Priorities (MxCx),Summer Camps,Phrase match,None,1,4,1.74,0.00,OK,,Appears relevant
camp anchor long island,CM - Nonbranded - Geo Priorities (MxCx),Summer Camps,Phrase match (close variant),None,0,1,0.00,0.00,OK,,Appears relevant
basketball clinic,CM - Nonbranded - Geo Priorities (MxCx),Basketball Camp,Phrase match (close variant),None,0,4,0.00,0.00,OK,,Appears relevant
soccer camp long island,CM - Nonbranded - Geo Priorities (MxCx),Summer Camps,Phrase match (close variant),None,0,9,0.00,0.00,OK,,Appears relevant
summer volleyball camps 2026,CM - Nonbranded - Geo Priorities (MxCx),Volleyball Camps,Phrase match,None,2,4,3.89,0.00,OK,,Appears relevant
fabio buttitta day camp,CM - Nonbranded - Geo Priorities (MxCx),Summer Camps,Phrase match (close variant),None,0,1,0.00,0.00,OK,,Appears relevant
miss sue's day camp,CM - Nonbranded - Geo Priorities (MxCx),Summer Camps,Phrase match (close variant),None,0,2,0.00,0.00,OK,,Appears relevant
basketball camp on long island,CM - Nonbranded - Geo Priorities (MxCx),Summer Camps,Phrase match (close variant),None,0,2,0.00,0.00,OK,,Appears relevant
summer camps near me for 13 year olds,CM - Nonbranded - Geo Priorities (MxCx),Summer Camps,Phrase match,None,0,0,0.00,0.00,OK,,Appears relevant
kids tennis summer camp near me,CM - Nonbranded - Other Geos (MxConv),Tennis Camps,Phrase match,None,0,1,0.00,0.00,OK,,Appears relevant
full day tennis camp,CM - Nonbranded - Other Geos (MxConv),Tennis Camps,Phrase match,None,1,3,10.33,0.00,OK,,Appears relevant
summer camp kids,CM - Nonbranded - Other Geos (MxConv),Tennis Camps,Broad match,None,0,1,0.00,0.00,OK,,Appears relevant
red hots lacrosse camp,CM - Nonbranded - Other Geos (MxConv),Lacrosse Camps,Phrase match (close variant),None,0,1,0.00,0.00,OK,,Appears relevant
sports camps near me,CM - Nonbranded - Other Geos (MxConv),Tennis Camps,Broad match,None,0,3,0.00,0.00,OK,,Appears relevant
little star summer camp,CM - Nonbranded - Other Geos (MxConv),Summer Camps,Phrase match,None,0,0,0.00,0.00,OK,,Appears relevant
camps in southampton ny,CM - Nonbranded - Other Geos (MxConv),Summer Camps,Exact match (close variant),None,0,0,0.00,0.00,OK,,Appears relevant
volleyball summer camps,CM - Nonbranded - Geo Priorities (MxCx),Volleyball Camps,Exact match (close variant),None,0,3,0.00,0.00,OK,,Appears relevant
baldwin summer camp 2026,CM - Nonbranded - Geo Priorities (MxCx),Summer Camps,Phrase match,None,0,3,0.00,0.00,OK,,Appears relevant
judo summer camp,CM - Nonbranded - Geo Priorities (MxCx),Sports Camps,Phrase match (close variant),None,0,1,0.00,0.00,OK,,Appears relevant
hawthorne summer camp,CM - Nonbranded - Geo Priorities (MxCx),Summer Camps,Phrase match,None,0,1,0.00,0.00,OK,,Appears relevant
laurel hill summer camp,CM - Nonbranded - Geo Priorities (MxCx),Summer Camps,Phrase match (close variant),None,0,1,0.00,0.00,OK,,Appears relevant
summer camp suffolk,CM - Nonbranded - Geo Priorities (MxCx),Summer Camps,Phrase match,None,0,1,0.00,0.00,OK,,Appears relevant
gymnastic camp near me,CM - Nonbranded - Geo Priorities (MxCx),Sports Camps,Phrase match (close variant),None,1,2,2.90,0.00,OK,,Appears relevant
volleyball camp in new york,CM - Nonbranded - Geo Priorities (MxCx),Volleyball Camps,Phrase match,None,1,7,2.02,0.00,OK,,Appears relevant
camps in nassau county,CM - Nonbranded - Geo Priorities (MxCx),Summer Camps,Phrase match (close variant),None,0,6,0.00,0.00,OK,,Appears relevant
sachem cys summer camp,CM - Nonbranded - Geo Priorities (MxCx),Summer Camps,Phrase match,None,0,3,0.00,0.00,OK,,Appears relevant
lavner education summer camp,CM - Nonbranded - Geo Priorities (MxCx),Summer Camps,Phrase match,None,0,1,0.00,0.00,OK,,Appears relevant
summer camps on long island,CM - Nonbranded - Geo Priorities (MxCx),Summer Camps,Exact match (close variant),None,4,20,9.21,0.00,OK,,Appears relevant
camp pembroke,CM - pMax - Portland (MxConv),--,Performance Max,None,0,1,0.00,0.00,OK,,Appears relevant for Portland market
infield ready position,CM - pMax - Portland (MxConv),--,Performance Max,None,0,0,0.00,0.00,OK,,Appears relevant for Portland market
donovan mitchell camp,CM - pMax - Portland (MxConv),--,Performance Max,None,0,0,0.00,0.00,OK,,Appears relevant for Portland market
nike sports camps,CM - pMax - Portland (MxConv),--,Performance Max,None,0,0,0.00,0.00,OK,,Appears relevant for Portland market
east end explorer camp,CM - pMax - Portland (MxConv),--,Performance Max,None,0,0,0.00,0.00,OK,,Appears relevant for Portland market
basketball camp for kids,CM - Nonbranded - Other Geos (MxConv),Basketball Camp,Exact match (close variant),None,0,2,0.00,0.00,OK,,Appears relevant
summer day camps,CM - Nonbranded - Other Geos (MxConv),Tennis Camps,Broad match,None,0,3,0.00,0.00,OK,,Appears relevant
tennis courta near me,CM - Nonbranded - Other Geos (MxConv),Tennis Camps,Broad match,None,0,2,0.00,0.00,OK,,Appears relevant
day camp,CM - Nonbranded - Other Geos (MxConv),Tennis Camps,Broad match,None,0,2,0.00,0.00,OK,,Appears relevant
suny purchase camps,CM - Nonbranded - Other Geos (MxConv),Summer Camps,Phrase match,None,0,0,0.00,0.00,OK,,Appears relevant
school camp,CM - Nonbranded - Geo Priorities (MxCx),Summer Camps,Phrase match (close variant),None,0,1,0.00,0.00,OK,,Appears relevant
art camp for 12 year olds,CM - Nonbranded - Geo Priorities (MxCx),Summer Camps,Phrase match (close variant),None,0,1,0.00,0.00,OK,,Appears relevant
qb camps,CM - Nonbranded - Geo Priorities (MxCx),Football Camps,Phrase match (close variant),None,1,1,1.44,0.00,OK,,Appears relevant
cheerleading summer camps,CM - Nonbranded - Geo Priorities (MxCx),Summer Camps,Phrase match,None,0,0,0.00,0.00,OK,,Appears relevant
soccer camp near me,CM - Non Brand - PMax,--,Performance Max,None,1,11,8.44,0.00,OK,,Appears relevant for Portland market
tennis school,CM - Non Brand - PMax,--,Performance Max,None,0,2,0.00,0.00,OK,,Appears relevant for Portland market
girls summer volleyball camps,CM - Non Brand - PMax,--,Performance Max,None,1,3,2.27,0.00,OK,,Appears relevant for Portland market
toddler baseball programs near me,CM - Non Brand - PMax,--,Performance Max,None,0,1,0.00,0.00,OK,,Appears relevant for Portland market
ballet summer camp,CM - Non Brand - PMax,--,Performance Max,None,1,4,1.50,0.00,OK,,Appears relevant for Portland market
oasis summer camp,CM - Competitors - OldW - (Mx.Clicks),Competitors,Exact match,Added,1,3,3.89,0.00,OK,,Competitor matched: 'oasis'
future stars westchester,CM - Branded (Mx.Clicks),Future Stars Camp Brand,Phrase match,None,0,0,0.00,0.00,OK,,Brand term matched: 'future stars'
adventure camp white plains,CM - Nonbranded - Other Geos (MxConv),Tennis Camps,Broad match,None,0,1,0.00,0.00,OK,,Appears relevant
regulation size soccer ball,CM - pMax - Portland (MxConv),--,Performance Max,None,0,1,0.00,0.00,OK,,Appears relevant for Portland market
sailing theory,CM - pMax - Portland (MxConv),--,Performance Max,None,0,2,0.00,0.00,OK,,Appears relevant for Portland market
summertech purchase college,CM - pMax - Portland (MxConv),--,Performance Max,None,0,0,0.00,0.00,OK,,Appears relevant for Portland market
boys camps near me,CM - pMax - Portland (MxConv),--,Performance Max,None,0,0,0.00,0.00,OK,,Appears relevant for Portland market
soccer ball for 8 year old,CM - pMax - Portland (MxConv),--,Performance Max,None,0,0,0.00,0.00,OK,,Appears relevant for Portland market
just play soccer club,CM - pMax - Portland (MxConv),--,Performance Max,None,0,0,0.00,0.00,OK,,Appears relevant for Portland market
tennis racket size for 11 year old,CM - pMax - Portland (MxConv),--,Performance Max,None,0,0,0.00,0.00,OK,,Appears relevant for Portland market
ymca summer camp white plains,CM - pMax - Portland (MxConv),--,Performance Max,None,0,0,0.00,0.00,OK,,Appears relevant for Portland market
summer basketball camp,CM - pMax - Portland (MxConv),--,Performance Max,None,0,0,0.00,0.00,OK,,Appears relevant for Portland market
kids fitness classes near me,CM - pMax - Portland (MxConv),--,Performance Max,None,0,0,0.00,0.00,OK,,Appears relevant for Portland market
grenville baker summer camp,CM - pMax - Portland (MxConv),--,Performance Max,None,0,0,0.00,0.00,OK,,Appears relevant for Portland market
chaim day camp,CM - pMax - Portland (MxConv),--,Performance Max,None,0,0,0.00,0.00,OK,,Appears relevant for Portland market
soccer camp,CM - Nonbranded - Geo Priorities (MxCx),Soccer Camps,Exact match (close variant),None,5,38,13.01,0.77,OK,,Has converted - protected from negation
teen volleyball summer camp,CM - Nonbranded - Geo Priorities (MxCx),Volleyball Camps,Exact match (close variant),None,0,3,0.00,0.00,OK,,Appears relevant
smithtown summer recreation 2026,CM - Nonbranded - Geo Priorities (MxCx),Summer Camps,Phrase match (close variant),None,0,1,0.00,0.00,OK,,Appears relevant
day camps on long island,CM - Nonbranded - Geo Priorities (MxCx),Summer Camps,Exact match (close variant),None,2,4,5.60,0.00,OK,,Appears relevant
summer soccer near me,CM - Nonbranded - Geo Priorities (MxCx),Soccer Camps,Exact match (close variant),None,0,5,0.00,0.00,OK,,Appears relevant
echo lake camp new york,CM - Nonbranded - Geo Priorities (MxCx),Summer Camps,Phrase match (close variant),None,0,1,0.00,0.00,OK,,Appears relevant
soccer stars camp,CM - Nonbranded - Geo Priorities (MxCx),Soccer Camps,Phrase match,None,1,1,1.97,0.00,OK,,Appears relevant
summer day camp for kids near me,CM - Nonbranded - Geo Priorities (MxCx),Summer Camps,Exact match (close variant),None,0,1,0.00,0.00,OK,,Appears relevant
longwood summer camp,CM - Nonbranded - Geo Priorities (MxCx),Summer Camps,Phrase match,None,0,1,0.00,0.00,OK,,Appears relevant
football camps 2026,CM - Nonbranded - Geo Priorities (MxCx),Football Camps,Phrase match,None,0,2,0.00,0.00,OK,,Appears relevant
horse riding camps for kids,CM - Nonbranded - Geo Priorities (MxCx),Horseback Riding,Phrase match,None,1,4,3.51,0.00,OK,,Appears relevant
summer basketball near me for kids,CM - Nonbranded - Geo Priorities (MxCx),Basketball Camp,Phrase match (close variant),None,0,6,0.00,0.00,OK,,Appears relevant
greek orthodox summer camp,CM - Nonbranded - Geo Priorities (MxCx),Summer Camps,Phrase match,None,0,1,0.00,0.00,OK,,Appears relevant
summer camp smithtown ny,CM - Nonbranded - Geo Priorities (MxCx),Summer Camps,Phrase match,None,0,1,0.00,0.00,OK,,Appears relevant
frenchwoods,CM - Nonbranded - Geo Priorities (MxCx),Summer Camps,Phrase match (close variant),None,0,1,0.00,0.00,OK,,Appears relevant
golf camps for kids near me,CM - Non Brand - PMax,--,Performance Max,None,0,5,0.00,0.00,OK,,Appears relevant for Portland market
swimming school near me,CM - Non Brand - PMax,--,Performance Max,None,0,2,0.00,0.00,OK,,Appears relevant for Portland market
men's basketball league near me,CM - Non Brand - PMax,--,Performance Max,None,0,1,0.00,0.00,OK,,Appears relevant for Portland market
easy kid lunches,CM - Non Brand - PMax,--,Performance Max,None,0,1,0.00,0.00,OK,,Appears relevant for Portland market
future stars brentwood,CM - Branded (Mx.Clicks),Future Stars Camp Brand,Phrase match,None,1,17,1.18,0.00,OK,,Brand term matched: 'future stars'
nike volleyball camp,CM - pMax - Portland (MxConv),--,Performance Max,None,0,1,0.00,0.00,OK,,Appears relevant for Portland market
day camps near me for teens,CM - pMax - Portland (MxConv),--,Performance Max,None,0,1,0.00,0.00,OK,,Appears relevant for Portland market
beautiful nautical words,CM - pMax - Portland (MxConv),--,Performance Max,None,0,1,0.00,0.00,OK,,Appears relevant for Portland market
kid strong camp,CM - pMax - Portland (MxConv),--,Performance Max,None,0,0,0.00,0.00,OK,,Appears relevant for Portland market
free soccer programs for kids,CM - pMax - Portland (MxConv),--,Performance Max,None,0,0,0.00,0.00,OK,,Appears relevant for Portland market
summer camp brentwood,CM - pMax - Portland (MxConv),--,Performance Max,None,0,0,0.00,0.00,OK,,Appears relevant for Portland market
acting classes near me for kids,CM - pMax - Portland (MxConv),--,Performance Max,None,0,0,0.00,0.00,OK,,Appears relevant for Portland market
red robin camp,CM - pMax - Portland (MxConv),--,Performance Max,None,0,0,0.00,0.00,OK,,Appears relevant for Portland market
그립 잡는 법,CM - pMax - Portland (MxConv),--,Performance Max,None,0,0,0.00,0.00,OK,,Appears relevant for Portland market
scikidz summer camp,CM - pMax - Portland (MxConv),--,Performance Max,None,0,0,0.00,0.00,OK,,Appears relevant for Portland market
sports for 3 year old near me,CM - pMax - Portland (MxConv),--,Performance Max,None,0,0,0.00,0.00,OK,,Appears relevant for Portland market
hockey camp near me,CM - pMax - Portland (MxConv),--,Performance Max,None,0,0,0.00,0.00,OK,,Appears relevant for Portland market
summer camp greenwich,CM - pMax - Portland (MxConv),--,Performance Max,None,0,0,0.00,0.00,OK,,Appears relevant for Portland market
armonk tennis camp,CM - Nonbranded - Other Geos (MxConv),Tennis Camps,Phrase match,None,0,1,0.00,0.00,OK,,Appears relevant
summer camp 6 year old near me,CM - Non Brand - PMax,--,Performance Max,None,1,2,1.62,0.00,OK,,Appears relevant for Portland market
golf camp for kids near me,CM - Non Brand - PMax,--,Performance Max,None,0,6,0.00,0.00,OK,,Appears relevant for Portland market
southampton movie theater,CM - Non Brand - PMax,--,Performance Max,None,0,1,0.00,0.00,OK,,Appears relevant for Portland market
lacrosse camps,CM - Non Brand - PMax,--,Performance Max,None,0,2,0.00,0.00,OK,,Appears relevant for Portland market
farmindale,CM - Non Brand - PMax,--,Performance Max,None,0,1,0.00,0.00,OK,,Appears relevant for Portland market
basketball summer camps near me,CM - Non Brand - PMax,--,Performance Max,None,2,8,5.08,0.00,OK,,Appears relevant for Portland market
summer basketball camps near me,CM - Nonbranded - Geo Priorities (MxCx),Basketball Camp,Phrase match,Added,0,1,0.00,0.00,OK,,Appears relevant
science camp for kids near me,CM - Nonbranded - Geo Priorities (MxCx),Summer Camps,Phrase match,None,0,1,0.00,0.00,OK,,Appears relevant
hofstra cheer camp,CM - Nonbranded - Geo Priorities (MxCx),Sports Camps,Phrase match (close variant),None,0,1,0.00,0.00,OK,,Appears relevant
summer camp 5 year old,CM - Nonbranded - Geo Priorities (MxCx),Summer Camps,Phrase match,None,0,1,0.00,0.00,OK,,Appears relevant
summer camps for 13 year olds near me,CM - Nonbranded - Geo Priorities (MxCx),Summer Camps,Phrase match,None,1,2,2.21,0.00,OK,,Appears relevant
paquatuck camp,CM - Nonbranded - Geo Priorities (MxCx),Summer Camps,Phrase match (close variant),None,0,1,0.00,0.00,OK,,Appears relevant
summer theater camp near me,CM - Nonbranded - Geo Priorities (MxCx),Summer Camps,Phrase match,None,0,2,0.00,0.00,OK,,Appears relevant
day camp for 12 year olds,CM - Nonbranded - Geo Priorities (MxCx),Soccer Camps,Phrase match (close variant),None,0,2,0.00,0.00,OK,,Appears relevant
hofstra summer day camp,CM - Nonbranded - Geo Priorities (MxCx),Summer Camps,Phrase match,None,1,2,2.93,0.00,OK,,Appears relevant
dodgeball camp,CM - Nonbranded - Geo Priorities (MxCx),Sports Camps,Phrase match (close variant),None,0,2,0.00,0.00,OK,,Appears relevant
summer camps out west,CM - Nonbranded - Geo Priorities (MxCx),Summer Camps,Phrase match (close variant),None,0,1,0.00,0.00,OK,,Appears relevant
summer camp basketball,CM - Nonbranded - Geo Priorities (MxCx),Basketball Camp,Exact match (close variant),None,1,4,1.25,0.00,OK,,Appears relevant
lady tiger basketball camp,CM - Nonbranded - Geo Priorities (MxCx),Basketball Camp,Phrase match,None,0,1,0.00,0.00,OK,,Appears relevant
soccer training camps near me,CM - Nonbranded - Geo Priorities (MxCx),Soccer Camps,Exact match (close variant),None,1,4,1.75,0.00,OK,,Appears relevant
future stars adventure camp,CM - Branded (Mx.Clicks),Future Stars Camp Brand,Phrase match,None,0,2,0.00,0.00,OK,,Brand term matched: 'future stars'
future stars long island,CM - Branded (Mx.Clicks),Future Stars Camp Brand,Exact match (close variant),None,0,0,0.00,0.00,OK,,Brand term matched: 'future stars'
future stars hockey,CM - Branded (Mx.Clicks),Future Stars Camp Brand,Phrase match,None,0,0,0.00,0.00,OK,,Brand term matched: 'future stars'
ojll lacrosse,CM - pMax - Portland (MxConv),--,Performance Max,None,0,0,0.00,0.00,OK,,Appears relevant for Portland market
st anthony's basketball camp,CM - pMax - Portland (MxConv),--,Performance Max,None,0,0,0.00,0.00,OK,,Appears relevant for Portland market
baseball for 5 year olds,CM - pMax - Portland (MxConv),--,Performance Max,None,0,0,0.00,0.00,OK,,Appears relevant for Portland market
esf camp,CM - pMax - Portland (MxConv),--,Performance Max,None,0,0,0.00,0.00,OK,,Appears relevant for Portland market
academy experience soccer camp,CM - pMax - Portland (MxConv),--,Performance Max,None,0,0,0.00,0.00,OK,,Appears relevant for Portland market
st joseph's camp,CM - pMax - Portland (MxConv),--,Performance Max,None,0,0,0.00,0.00,OK,,Appears relevant for Portland market
cool tricks to do underwater in a pool,CM - pMax - Portland (MxConv),--,Performance Max,None,0,0,0.00,0.00,OK,,Appears relevant for Portland market
basketball clinic for youth near me,CM - pMax - Portland (MxConv),--,Performance Max,None,0,0,0.00,0.00,OK,,Appears relevant for Portland market
job camp,CM - pMax - Portland (MxConv),--,Performance Max,None,0,0,0.00,0.00,OK,,Appears relevant for Portland market
summer sports,CM - pMax - Portland (MxConv),--,Performance Max,None,0,0,0.00,0.00,OK,,Appears relevant for Portland market
pink pony club kids,CM - pMax - Portland (MxConv),--,Performance Max,None,0,0,0.00,0.00,OK,,Appears relevant for Portland market
camps for children with disabilities,CM - pMax - Portland (MxConv),--,Performance Max,None,0,0,0.00,0.00,OK,,Appears relevant for Portland market
soccer stars,CM - pMax - Portland (MxConv),--,Performance Max,None,0,0,0.00,0.00,OK,,Appears relevant for Portland market
half day summer camps near me,CM - Nonbranded - Geo Priorities (MxCx),Summer Camps,Phrase match,None,1,4,2.13,0.00,OK,,Appears relevant
basketball camp westchester,CM - Nonbranded - Geo Priorities (MxCx),Basketball Camp,Phrase match,None,0,1,0.00,0.00,OK,,Appears relevant
camps for teens,CM - Nonbranded - Geo Priorities (MxCx),Summer Camps,Phrase match (close variant),None,0,1,0.00,0.00,OK,,Appears relevant
camp next week near me,CM - Nonbranded - Geo Priorities (MxCx),Summer Camps,Phrase match (close variant),None,0,2,0.00,0.00,OK,,Appears relevant
multisports camp near me,CM - Nonbranded - Geo Priorities (MxCx),Summer Camps,Phrase match (close variant),None,0,1,0.00,0.00,OK,,Appears relevant
spartan camp for kids,CM - Nonbranded - Geo Priorities (MxCx),Summer Camps,Phrase match,None,0,1,0.00,0.00,OK,,Appears relevant
game 7 basketball camp,CM - Nonbranded - Geo Priorities (MxCx),Basketball Camp,Phrase match,None,0,2,0.00,0.00,OK,,Appears relevant
camp cummings brewster ny,CM - Nonbranded - Geo Priorities (MxCx),Summer Camps,Phrase match (close variant),None,0,2,0.00,0.00,OK,,Appears relevant
liu soccer camp,CM - Nonbranded - Geo Priorities (MxCx),Summer Camps,Phrase match (close variant),None,0,8,0.00,0.00,OK,,Appears relevant
cortlandt manor summer camp,CM - Nonbranded - Geo Priorities (MxCx),Summer Camps,Phrase match,None,0,2,0.00,0.00,OK,,Appears relevant
wildcat summer camp 2026,CM - Nonbranded - Geo Priorities (MxCx),Sports Camps,Phrase match (close variant),None,0,2,0.00,0.00,OK,,Appears relevant
camp adventure chappaqua,CM - Nonbranded - Geo Priorities (MxCx),Summer Camps,Phrase match (close variant),None,0,2,0.00,0.00,OK,,Appears relevant
deer park summer camps,CM - Nonbranded - Geo Priorities (MxCx),Summer Camps,Phrase match,None,0,2,0.00,0.00,OK,,Appears relevant
swim camp summer 2026,CM - Nonbranded - Geo Priorities (MxCx),Summer Camps,Phrase match,None,0,1,0.00,0.00,OK,,Appears relevant
farmingdale college summer camp,CM - Nonbranded - Geo Priorities (MxCx),Sports Camps,Phrase match (close variant),None,1,1,2.87,0.00,OK,,Appears relevant
rec volleyball near me,CM - Nonbranded - Geo Priorities (MxCx),Volleyball Camps,Phrase match (close variant),None,0,0,0.00,0.00,OK,,Appears relevant
kids soccer camp,CM - Nonbranded - Geo Priorities (MxCx),Soccer Camps,Exact match (close variant),None,0,0,0.00,0.00,OK,,Appears relevant
horseback riding lessons greenwich ct,CM - Non Brand - PMax,--,Performance Max,None,0,1,0.00,0.00,OK,,Appears relevant for Portland market
basketball camp queens,CM - Non Brand - PMax,--,Performance Max,None,0,1,0.00,0.00,OK,,Appears relevant for Portland market
sachem camp,CM - Non Brand - PMax,--,Performance Max,None,0,1,0.00,0.00,OK,,Appears relevant for Portland market
tennis lessons near me,CM - Non Brand - PMax,--,Performance Max,None,1,3,0.79,0.00,OK,,Appears relevant for Portland market
attractions cerca de mi,CM - Non Brand - PMax,--,Performance Max,None,0,3,0.00,0.00,OK,,Appears relevant for Portland market
lacrosse goalie camps,CM - Non Brand - PMax,--,Performance Max,None,0,2,0.00,0.00,OK,,Appears relevant for Portland market
windward camp,CM - Non Brand - PMax,--,Performance Max,None,0,1,0.00,0.00,OK,,Appears relevant for Portland market
luhi summer camp,CM - Competitors - OldW - (Mx.Clicks),Competitors,Exact match,Added,11,185,43.84,0.00,OK,,Competitor matched: 'luhi'
3d lacrosse,CM - pMax - Portland (MxConv),--,Performance Max,None,0,1,0.00,0.00,OK,,Appears relevant for Portland market
rising star baseball camp,CM - pMax - Portland (MxConv),--,Performance Max,None,0,0,0.00,0.00,OK,,Appears relevant for Portland market
archery camp,CM - pMax - Portland (MxConv),--,Performance Max,None,0,0,0.00,0.00,OK,,Appears relevant for Portland market
west hills day camp,CM - pMax - Portland (MxConv),--,Performance Max,None,0,0,0.00,0.00,OK,,Appears relevant for Portland market
gymnastics camp,CM - pMax - Portland (MxConv),--,Performance Max,None,0,0,0.00,0.00,OK,,Has converted - protected from negation
south hampton tennis,CM - pMax - Portland (MxConv),--,Performance Max,None,0,0,0.00,0.00,OK,,Appears relevant for Portland market
training camp football,CM - pMax - Portland (MxConv),--,Performance Max,None,0,0,0.00,0.00,OK,,Appears relevant for Portland market
the windward school summer program westchester,CM - pMax - Portland (MxConv),--,Performance Max,None,0,0,0.00,0.00,OK,,Appears relevant for Portland market
basketball for 10 year olds near me,CM - pMax - Portland (MxConv),--,Performance Max,None,0,0,0.00,0.00,OK,,Appears relevant for Portland market
soccer camp,CM - pMax - Portland (MxConv),--,Performance Max,None,0,0,0.00,0.00,OK,,Has converted - protected from negation
aaron judge baseball camp 2025,CM - pMax - Portland (MxConv),--,Performance Max,None,0,0,0.00,0.00,OK,,Appears relevant for Portland market
redzone flag football,CM - pMax - Portland (MxConv),--,Performance Max,None,0,0,0.00,0.00,OK,,Appears relevant for Portland market
girls basketball camps near me,CM - pMax - Portland (MxConv),--,Performance Max,None,0,0,0.00,0.00,OK,,Appears relevant for Portland market
lacrosse summer camp,CM - pMax - Portland (MxConv),--,Performance Max,None,0,0,0.00,0.00,OK,,Appears relevant for Portland market
summer camp positions,CM - pMax - Portland (MxConv),--,Performance Max,None,0,0,0.00,0.00,OK,,Appears relevant for Portland market
williams college softball camp,CM - pMax - Portland (MxConv),--,Performance Max,None,0,0,0.00,0.00,OK,,Appears relevant for Portland market
summer theater camps near me,CM - Nonbranded - Geo Priorities (MxCx),Summer Camps,Phrase match,None,1,3,1.42,0.00,OK,,Appears relevant
summer camps for tweens,CM - Nonbranded - Geo Priorities (MxCx),Soccer Camps,Exact match (close variant),None,0,1,0.00,0.00,OK,,Appears relevant
horseback riding camp long island,CM - Nonbranded - Geo Priorities (MxCx),Horseback Riding,Phrase match (close variant),None,0,5,0.00,0.00,OK,,Appears relevant
summer kids golf camp near me,CM - Nonbranded - Geo Priorities (MxCx),Summer Camps,Phrase match,None,0,1,0.00,0.00,OK,,Appears relevant
camp saradac,CM - Nonbranded - Geo Priorities (MxCx),Summer Camps,Phrase match (close variant),None,0,1,0.00,0.00,OK,,Appears relevant
cheer camp near me summer,CM - Nonbranded - Geo Priorities (MxCx),Sports Camps,Phrase match (close variant),None,0,1,0.00,0.00,OK,,Appears relevant
summer camps new hyde park,CM - Nonbranded - Geo Priorities (MxCx),Summer Camps,Phrase match,None,0,7,0.00,0.00,OK,,Appears relevant
summer schools for 5 year olds,CM - Nonbranded - Geo Priorities (MxCx),Summer Camps,Phrase match (close variant),None,0,1,0.00,0.00,OK,,Appears relevant
pine bush summer camp,CM - Nonbranded - Geo Priorities (MxCx),Summer Camps,Phrase match,None,0,1,0.00,0.00,OK,,Appears relevant
summer camps long island nassau county,CM - Nonbranded - Geo Priorities (MxCx),Summer Camps,Phrase match (close variant),None,0,1,0.00,0.00,OK,,Appears relevant
camps kids near me,CM - Nonbranded - Geo Priorities (MxCx),Summer Camps,Phrase match (close variant),None,0,1,0.00,0.00,OK,,Appears relevant
lynn university lacrosse camp,CM - Nonbranded - Geo Priorities (MxCx),Lacrosse Camps,Phrase match (close variant),None,0,1,0.00,0.00,OK,,Appears relevant
mineola summer camps,CM - Nonbranded - Geo Priorities (MxCx),Summer Camps,Phrase match,None,0,1,0.00,0.00,OK,,Appears relevant
flexwork sports camps 2026 schedule,CM - Nonbranded - Geo Priorities (MxCx),Sports Camps,Phrase match,None,0,1,0.00,0.00,OK,,Appears relevant
freeport summer camp,CM - Nonbranded - Geo Priorities (MxCx),Summer Camps,Phrase match,None,0,1,0.00,0.00,OK,,Appears relevant
youth volleyball summer camp near me,CM - Nonbranded - Geo Priorities (MxCx),Volleyball Camps,Phrase match,None,0,0,0.00,0.00,OK,,Appears relevant
volleyball private lessons near me,CM - Nonbranded - Geo Priorities (MxCx),Volleyball Camps,Phrase match (close variant),None,0,0,0.00,0.00,OK,,Appears relevant
tennis camp,CM - Nonbranded - Geo Priorities (MxCx),Tennis Camps,Exact match,Added,0,0,0.00,0.00,OK,,Appears relevant
future stars summer camps,CM - Branded (Mx.Clicks),Future Stars Camp Brand,Exact match (close variant),None,9,21,6.45,0.00,OK,,Brand term matched: 'future stars'
t9 flag football,CM - Non Brand - PMax,--,Performance Max,None,0,1,0.00,0.00,OK,,Appears relevant for Portland market
boundless adventures,CM - Non Brand - PMax,--,Performance Max,None,0,1,0.00,0.00,OK,,Appears relevant for Portland market
pitching training near me,CM - Non Brand - PMax,--,Performance Max,None,0,1,0.00,0.00,OK,,Appears relevant for Portland market
eevb,CM - Non Brand - PMax,--,Performance Max,None,0,2,0.00,0.00,OK,,Appears relevant for Portland market
southampton golf near me,CM - Non Brand - PMax,--,Performance Max,None,0,1,0.00,0.00,OK,,Appears relevant for Portland market
softball batting cage near me,CM - Non Brand - PMax,--,Performance Max,None,0,2,0.00,0.00,OK,,Appears relevant for Portland market
hyrox training near me,CM - Non Brand - PMax,--,Performance Max,None,0,1,0.00,0.00,OK,,Appears relevant for Portland market
i9 football camp,CM - Nonbranded - Other Geos (MxConv),Football Camps,Phrase match,None,0,2,0.00,0.00,OK,,Appears relevant
hampton racquet camp,CM - Nonbranded - Other Geos (MxConv),Tennis Camps,Phrase match (close variant),None,0,2,0.00,0.00,OK,,Appears relevant
summer camps white plains,CM - Nonbranded - Other Geos (MxConv),Tennis Camps,Broad match,None,0,3,0.00,0.00,OK,,Appears relevant
summer camp in valley stream,CM - pMax - Portland (MxConv),--,Performance Max,None,0,0,0.00,0.00,OK,,Appears relevant for Portland market
programas de verano para niños gratis cerca de mi,CM - pMax - Portland (MxConv),--,Performance Max,None,0,0,0.00,0.00,OK,,Appears relevant for Portland market
soccer camp hamptons,CM - pMax - Portland (MxConv),--,Performance Max,None,0,0,0.00,0.00,OK,,Appears relevant for Portland market
free summer programs in the bronx,CM - pMax - Portland (MxConv),--,Performance Max,None,0,0,0.00,0.00,OK,,Appears relevant for Portland market
kids soccer training near me,CM - pMax - Portland (MxConv),--,Performance Max,None,0,0,0.00,0.00,OK,,Appears relevant for Portland market
stony brook football camp,CM - pMax - Portland (MxConv),--,Performance Max,None,0,0,0.00,0.00,OK,,Appears relevant for Portland market
special needs summer camp,CM - pMax - Portland (MxConv),--,Performance Max,None,0,0,0.00,0.00,OK,,Appears relevant for Portland market
art camp,CM - pMax - Portland (MxConv),--,Performance Max,None,0,0,0.00,0.00,OK,,Appears relevant for Portland market
horseback riding for kids near me,CM - pMax - Portland (MxConv),--,Performance Max,None,0,0,0.00,0.00,OK,,Appears relevant for Portland market
summer camp in connecticut,CM - pMax - Portland (MxConv),--,Performance Max,None,0,0,0.00,0.00,OK,,Appears relevant for Portland market
purchase college summer camp,CM - pMax - Portland (MxConv),--,Performance Max,None,0,0,0.00,0.00,OK,,Appears relevant for Portland market
fitness blender warm up,CM - pMax - Portland (MxConv),--,Performance Max,None,0,0,0.00,0.00,OK,,Appears relevant for Portland market
trick of soccer,CM - pMax - Portland (MxConv),--,Performance Max,None,0,0,0.00,0.00,OK,,Appears relevant for Portland market
riders camp hamptons,CM - pMax - Portland (MxConv),--,Performance Max,None,0,0,0.00,0.00,OK,,Appears relevant for Portland market
baseball leagues near me,CM - pMax - Portland (MxConv),--,Performance Max,None,0,0,0.00,0.00,OK,,Appears relevant for Portland market
lacrosse camp near me,CM - Nonbranded - Geo Priorities (MxCx),Lacrosse Camps,Exact match (close variant),None,1,6,2.87,0.00,OK,,Appears relevant
basketball camp,CM - Nonbranded - Geo Priorities (MxCx),Basketball Camp,Exact match (close variant),Added,0,6,0.00,0.00,OK,,Appears relevant
tlc family of camps,CM - Nonbranded - Geo Priorities (MxCx),Summer Camps,Phrase match (close variant),None,0,1,0.00,0.00,OK,,Appears relevant
summer camp near me,CM - Nonbranded - Geo Priorities (MxCx),Summer Camps,Exact match (close variant),Added,0,10,0.00,0.00,OK,,Appears relevant
hicksville summer camp,CM - Nonbranded - Geo Priorities (MxCx),Summer Camps,Phrase match,None,0,6,0.00,0.00,OK,,Appears relevant
summer rowing camps 2026,CM - Nonbranded - Geo Priorities (MxCx),Summer Camps,Phrase match,None,0,1,0.00,0.00,OK,,Appears relevant
soccer summer camp 2026 near me,CM - Nonbranded - Geo Priorities (MxCx),Summer Camps,Phrase match,None,0,1,0.00,0.00,OK,,Appears relevant
history camp for kids,CM - Nonbranded - Geo Priorities (MxCx),Summer Camps,Phrase match,None,0,3,0.00,0.00,OK,,Appears relevant
summer camp lacrosse,CM - Nonbranded - Geo Priorities (MxCx),Lacrosse Camps,Exact match (close variant),None,0,3,0.00,0.00,OK,,Appears relevant
central islip summer programs,CM - Nonbranded - Geo Priorities (MxCx),Summer Camps,Phrase match (close variant),None,0,3,0.00,0.00,OK,,Appears relevant
summer camp programs for kids,CM - Nonbranded - Geo Priorities (MxCx),Summer Camps,Exact match (close variant),None,0,1,0.00,0.00,OK,,Appears relevant
rye rec camp,CM - Nonbranded - Geo Priorities (MxCx),Summer Camps,Phrase match (close variant),None,0,2,0.00,0.00,OK,,Appears relevant
day camp,CM - Nonbranded - Geo Priorities (MxCx),Summer Camps,Exact match (close variant),None,0,4,0.00,0.00,OK,,Appears relevant
hillside summer camp,CM - Nonbranded - Geo Priorities (MxCx),Soccer Camps,Phrase match (close variant),None,0,1,0.00,0.00,OK,,Appears relevant
summer camp in long island,CM - Nonbranded - Geo Priorities (MxCx),Summer Camps,Exact match (close variant),None,0,3,0.00,0.00,OK,,Appears relevant
holiday camp,CM - Nonbranded - Geo Priorities (MxCx),Summer Camps,Phrase match (close variant),None,0,1,0.00,0.00,OK,,Appears relevant
summer camps for 5 year olds,CM - Nonbranded - Geo Priorities (MxCx),Summer Camps,Phrase match (close variant),None,0,2,0.00,0.00,OK,,Appears relevant
summer camp for kids near me,CM - Nonbranded - Geo Priorities (MxCx),Summer Camps,Exact match (close variant),None,1,9,1.32,0.00,OK,,Appears relevant
music camps long island,CM - Nonbranded - Geo Priorities (MxCx),Summer Camps,Phrase match (close variant),None,0,2,0.00,0.00,OK,,Appears relevant
half day camps near me,CM - Nonbranded - Geo Priorities (MxCx),Summer Camps,Phrase match (close variant),None,0,1,0.00,0.00,OK,,Appears relevant
cheer and dance camps,CM - Non Brand - PMax,--,Performance Max,None,0,1,0.00,0.00,OK,,Appears relevant for Portland market
summer camp sports near me,CM - Non Brand - PMax,--,Performance Max,None,1,2,4.62,0.00,OK,,Appears relevant for Portland market
outdoor activities near me,CM - Non Brand - PMax,--,Performance Max,None,0,2,0.00,0.00,OK,,Appears relevant for Portland market
future stars diving camp,CM - Branded (Mx.Clicks),Future Stars Camp Brand,Phrase match,None,1,6,1.77,0.00,OK,,Brand term matched: 'future stars'
future stars syosset,CM - Branded (Mx.Clicks),Future Stars Camp Brand,Phrase match,None,1,4,4.01,0.00,OK,,Brand term matched: 'future stars'
lego robotics camp,CM - pMax - Portland (MxConv),--,Performance Max,None,0,1,0.00,0.00,OK,,Appears relevant for Portland market
esports camps near me,CM - pMax - Portland (MxConv),--,Performance Max,None,0,0,0.00,0.00,OK,,Appears relevant for Portland market
kids golf lessons near me,CM - pMax - Portland (MxConv),--,Performance Max,None,0,0,0.00,0.00,OK,,Appears relevant for Portland market
ymca summer camp westchester,CM - pMax - Portland (MxConv),--,Performance Max,None,0,0,0.00,0.00,OK,,Appears relevant for Portland market
swimming pool school,CM - pMax - Portland (MxConv),--,Performance Max,None,0,0,0.00,0.00,OK,,Appears relevant for Portland market
volleyball training,CM - pMax - Portland (MxConv),--,Performance Max,None,0,0,0.00,0.00,OK,,Appears relevant for Portland market
future camps,CM - pMax - Portland (MxConv),--,Performance Max,None,0,0,0.00,0.00,OK,,Appears relevant for Portland market
mohawk day camp white plains,CM - pMax - Portland (MxConv),--,Performance Max,None,0,0,0.00,0.00,OK,,Appears relevant for Portland market
play golf with me,CM - pMax - Portland (MxConv),--,Performance Max,None,0,0,0.00,0.00,OK,,Appears relevant for Portland market
long island basketball camp,CM - Nonbranded - Geo Priorities (MxCx),Basketball Camp,Exact match (close variant),None,0,5,0.00,0.00,OK,,Appears relevant
long island summer soccer camps,CM - Nonbranded - Geo Priorities (MxCx),Summer Camps,Phrase match,None,1,3,1.28,0.00,OK,,Appears relevant
basketball camp for kids near me,CM - Nonbranded - Geo Priorities (MxCx),Basketball Camp,Exact match (close variant),None,1,4,1.95,0.00,OK,,Appears relevant
basketball camp august,CM - Nonbranded - Geo Priorities (MxCx),Basketball Camp,Phrase match,None,0,2,0.00,0.00,OK,,Appears relevant
east meadow summer camp,CM - Nonbranded - Geo Priorities (MxCx),Summer Camps,Phrase match,None,1,4,3.98,0.00,OK,,Appears relevant
timber lake camp tuition,CM - Nonbranded - Geo Priorities (MxCx),Summer Camps,Phrase match (close variant),None,0,1,0.00,0.00,OK,,Appears relevant
hofstra university summer camp,CM - Nonbranded - Geo Priorities (MxCx),Summer Camps,Phrase match,None,0,2,0.00,0.00,OK,,Appears relevant
basketball camps near me for kids,CM - Nonbranded - Geo Priorities (MxCx),Basketball Camp,Exact match (close variant),None,0,1,0.00,0.00,OK,,Appears relevant
st francis prep summer camp 2026,CM - Nonbranded - Geo Priorities (MxCx),Summer Camps,Phrase match,None,1,4,2.74,0.00,OK,,Appears relevant
summer camps near freeport ny,CM - Nonbranded - Geo Priorities (MxCx),Summer Camps,Phrase match (close variant),None,0,1,0.00,0.00,OK,,Appears relevant
summer camps for swimming,CM - Nonbranded - Geo Priorities (MxCx),Summer Camps,Phrase match,None,1,2,2.93,0.00,OK,,Appears relevant
summer football camps 2026,CM - Nonbranded - Geo Priorities (MxCx),Football Camps,Phrase match,None,1,2,2.78,0.00,OK,,Appears relevant
summer camp for 3 year olds near me,CM - Nonbranded - Geo Priorities (MxCx),Summer Camps,Phrase match,None,0,2,0.00,0.00,OK,,Appears relevant
gymnastic summer camp,CM - Nonbranded - Geo Priorities (MxCx),Sports Camps,Phrase match (close variant),None,0,3,0.00,0.00,OK,,Appears relevant
swimming camp near me,CM - Nonbranded - Geo Priorities (MxCx),Summer Camps,Phrase match (close variant),None,0,1,0.00,0.00,OK,,Appears relevant
ron cooper football camps,CM - Nonbranded - Geo Priorities (MxCx),Football Camps,Phrase match,None,0,1,0.00,0.00,OK,,Appears relevant
lacrosse camps summer 2026,CM - Non Brand - PMax,--,Performance Max,None,1,4,3.45,0.00,OK,,Appears relevant for Portland market
soccer camp,CM - Non Brand - PMax,--,Performance Max,None,2,11,2.80,0.00,OK,,Has converted - protected from negation
basketball clinics for kids near me,CM - Non Brand - PMax,--,Performance Max,None,0,1,0.00,0.00,OK,,Appears relevant for Portland market
golf schools for seniors,CM - Non Brand - PMax,--,Performance Max,None,0,1,0.00,0.00,OK,,Appears relevant for Portland market
southampton massage,CM - Non Brand - PMax,--,Performance Max,None,0,1,0.00,0.00,OK,,Appears relevant for Portland market
soccer camp portland maine,CM - pMax - Portland (MxConv),--,Performance Max,None,0,1,0.00,0.00,OK,,Appears relevant for Portland market
camp osprey freeport maine,CM - pMax - Portland (MxConv),--,Performance Max,None,0,1,0.00,0.00,OK,,Appears relevant for Portland market
2025 uca cheer camp dance,CM - pMax - Portland (MxConv),--,Performance Max,None,0,0,0.00,0.00,OK,,Appears relevant for Portland market
westhampton summer camp,CM - pMax - Portland (MxConv),--,Performance Max,None,0,0,0.00,0.00,OK,,Appears relevant for Portland market
westfair swim camp,CM - pMax - Portland (MxConv),--,Performance Max,None,0,0,0.00,0.00,OK,,Appears relevant for Portland market
boys volleyball near me,CM - pMax - Portland (MxConv),--,Performance Max,None,0,0,0.00,0.00,OK,,Appears relevant for Portland market
greenburgh summer camp,CM - pMax - Portland (MxConv),--,Performance Max,None,0,0,0.00,0.00,OK,,Appears relevant for Portland market
tennis racket sizes for kids,CM - pMax - Portland (MxConv),--,Performance Max,None,0,0,0.00,0.00,OK,,Appears relevant for Portland market
camp crunchlabs,CM - pMax - Portland (MxConv),--,Performance Max,None,0,0,0.00,0.00,OK,,Appears relevant for Portland market
youth soccer tournaments,CM - pMax - Portland (MxConv),--,Performance Max,None,0,0,0.00,0.00,OK,,Appears relevant for Portland market
volleyball club cerca de mi,CM - pMax - Portland (MxConv),--,Performance Max,None,0,0,0.00,0.00,OK,,Appears relevant for Portland market
kids stretches,CM - pMax - Portland (MxConv),--,Performance Max,None,0,0,0.00,0.00,OK,,Appears relevant for Portland market
summer camp programs near me,CM - pMax - Portland (MxConv),--,Performance Max,None,0,0,0.00,0.00,OK,,Appears relevant for Portland market
jmta summer camp,CM - Nonbranded - Other Geos (MxConv),Tennis Camps,Phrase match (close variant),None,0,2,0.00,0.00,OK,,Appears relevant
popular summer camps,CM - Nonbranded - Other Geos (MxConv),Tennis Camps,Broad match,None,0,1,0.00,0.00,OK,,Appears relevant
westchester kids,CM - Nonbranded - Other Geos (MxConv),Tennis Camps,Broad match,None,0,1,0.00,0.00,OK,,Appears relevant
volleyball camp westchester ny,CM - Nonbranded - Other Geos (MxConv),Volleyball Camps,Phrase match,None,0,0,0.00,0.00,OK,,Appears relevant
olss summer camp,CM - Nonbranded - Geo Priorities (MxCx),Summer Camps,Phrase match,None,0,1,0.00,0.00,OK,,Appears relevant
hofstra soccer camp,CM - Nonbranded - Geo Priorities (MxCx),Soccer Camps,Phrase match,None,2,7,2.89,0.00,OK,,Appears relevant
boys gymnastics summer camp,CM - Nonbranded - Geo Priorities (MxCx),Summer Camps,Phrase match,None,1,1,2.22,0.00,OK,,Appears relevant
soccer in the park,CM - Nonbranded - Geo Priorities (MxCx),Soccer Camps,Phrase match (close variant),None,0,7,0.00,0.00,OK,,Appears relevant
soccer camp summer 2026,CM - Nonbranded - Geo Priorities (MxCx),Soccer Camps,Phrase match,None,0,1,0.00,0.00,OK,,Appears relevant
long island summer camps,CM - Nonbranded - Geo Priorities (MxCx),Summer Camps,Exact match (close variant),None,2,24,3.78,1.00,OK,,Has converted - protected from negation
summer gymnastics camps near me,CM - Nonbranded - Geo Priorities (MxCx),Summer Camps,Phrase match,None,1,1,2.12,0.00,OK,,Appears relevant
music camp long island,CM - Nonbranded - Geo Priorities (MxCx),Summer Camps,Phrase match (close variant),None,0,2,0.00,0.00,OK,,Appears relevant
baseball summer camps near me,CM - Nonbranded - Geo Priorities (MxCx),Summer Camps,Phrase match,None,0,1,0.00,0.00,OK,,Appears relevant
summer youth tennis,CM - Nonbranded - Geo Priorities (MxCx),Summer Camps,Phrase match (close variant),None,0,2,0.00,0.00,OK,,Appears relevant
world cup soccer camps near me,CM - Nonbranded - Geo Priorities (MxCx),Soccer Camps,Phrase match,None,0,1,0.00,0.00,OK,,Appears relevant
indoor soccer camp,CM - Non Brand - PMax,--,Performance Max,None,0,1,0.00,0.00,OK,,Appears relevant for Portland market
ymca summer programs,CM - Non Brand - PMax,--,Performance Max,None,0,3,0.00,0.00,OK,,Appears relevant for Portland market
ninja warrior summer camp,CM - Non Brand - PMax,--,Performance Max,None,0,1,0.00,0.00,OK,,Appears relevant for Portland market
horse riding near greenwich ct,CM - Non Brand - PMax,--,Performance Max,None,0,1,0.00,0.00,OK,,Appears relevant for Portland market
youth programs near me,CM - Non Brand - PMax,--,Performance Max,None,0,2,0.00,0.00,OK,,Appears relevant for Portland market
lacrosse travel teams near me,CM - Non Brand - PMax,--,Performance Max,None,0,4,0.00,0.00,OK,,Appears relevant for Portland market
volleyball summer camps near me,CM - Non Brand - PMax,--,Performance Max,None,1,3,0.91,0.00,OK,,Appears relevant for Portland market
future stars nassau community college,CM - Branded (Mx.Clicks),Future Stars Camp Brand,Phrase match (close variant),None,0,0,0.00,0.00,OK,,Brand term matched: 'future stars'
future stars camp long island,CM - Branded (Mx.Clicks),Future Stars Camp Brand,Phrase match,None,0,0,0.00,0.00,OK,,Brand term matched: 'future stars'
saugerties tennis camp,CM - Nonbranded - Other Geos (MxConv),Tennis Camps,Phrase match,None,0,2,0.00,0.00,OK,,Appears relevant
indoor pitching practice,CM - pMax - Portland (MxConv),--,Performance Max,None,0,1,0.00,0.00,OK,,Appears relevant for Portland market
theater camp,CM - pMax - Portland (MxConv),--,Performance Max,None,0,1,0.00,0.00,OK,,Appears relevant for Portland market
summer school 2025,CM - pMax - Portland (MxConv),--,Performance Max,None,0,0,0.00,0.00,OK,,Appears relevant for Portland market
cosmetology summer camp for kids,CM - pMax - Portland (MxConv),--,Performance Max,None,0,0,0.00,0.00,OK,,Appears relevant for Portland market
riverhead recreation summer camp,CM - pMax - Portland (MxConv),--,Performance Max,None,0,0,0.00,0.00,OK,,Appears relevant for Portland market
camp anchor,CM - pMax - Portland (MxConv),--,Performance Max,None,0,0,0.00,0.00,OK,,Appears relevant for Portland market
catholic summer camps near me,CM - pMax - Portland (MxConv),--,Performance Max,None,0,0,0.00,0.00,OK,,Appears relevant for Portland market
youth volleyball near me,CM - pMax - Portland (MxConv),--,Performance Max,None,0,0,0.00,0.00,OK,,Appears relevant for Portland market
common sense baseball,CM - pMax - Portland (MxConv),--,Performance Max,None,0,0,0.00,0.00,OK,,Appears relevant for Portland market
basketball camp for the summer,CM - pMax - Portland (MxConv),--,Performance Max,None,0,0,0.00,0.00,OK,,Appears relevant for Portland market
horseback riding camps near me,CM - pMax - Portland (MxConv),--,Performance Max,None,0,0,0.00,0.00,OK,,Appears relevant for Portland market
camps westchester,CM - pMax - Portland (MxConv),--,Performance Max,None,0,0,0.00,0.00,OK,,Appears relevant for Portland market
ducks baseball camp,CM - pMax - Portland (MxConv),--,Performance Max,None,0,0,0.00,0.00,OK,,Appears relevant for Portland market
baseball training near me,CM - pMax - Portland (MxConv),--,Performance Max,None,0,0,0.00,0.00,OK,,Appears relevant for Portland market
tennis westhampton,CM - pMax - Portland (MxConv),--,Performance Max,None,0,0,0.00,0.00,OK,,Appears relevant for Portland market
basketball camp for kids,CM - pMax - Portland (MxConv),--,Performance Max,None,0,0,0.00,0.00,OK,,Appears relevant for Portland market
soccer for 6 year old,CM - pMax - Portland (MxConv),--,Performance Max,None,0,0,0.00,0.00,OK,,Appears relevant for Portland market
camp greenwich ct,CM - pMax - Portland (MxConv),--,Performance Max,None,0,0,0.00,0.00,OK,,Appears relevant for Portland market
nassau county summer programs,CM - Nonbranded - Geo Priorities (MxCx),Summer Camps,Phrase match (close variant),None,0,3,0.00,0.00,OK,,Appears relevant
calvary tabernacle summer camp,CM - Nonbranded - Geo Priorities (MxCx),Summer Camps,Phrase match,None,0,2,0.00,0.00,OK,,Appears relevant
camp kenwal melville,CM - Nonbranded - Geo Priorities (MxCx),Summer Camps,Phrase match (close variant),None,0,1,0.00,0.00,OK,,Appears relevant
science camp,CM - Nonbranded - Geo Priorities (MxCx),Summer Camps,Phrase match (close variant),None,0,2,0.00,0.00,OK,,Appears relevant
valhalla summer camp,CM - Nonbranded - Geo Priorities (MxCx),Summer Camps,Phrase match,None,0,1,0.00,0.00,OK,,Appears relevant
capital summer camp,CM - Nonbranded - Geo Priorities (MxCx),Summer Camps,Phrase match,None,0,4,0.00,0.00,OK,,Appears relevant
kid summer programs near me,CM - Nonbranded - Geo Priorities (MxCx),Summer Camps,Exact match (close variant),None,0,1,0.00,0.00,OK,,Appears relevant
esf summer camps near me,CM - Nonbranded - Geo Priorities (MxCx),Summer Camps,Phrase match,None,0,1,0.00,0.00,OK,,Appears relevant
9 year old summer camp near me,CM - Nonbranded - Geo Priorities (MxCx),Summer Camps,Phrase match,None,0,2,0.00,0.00,OK,,Appears relevant
summer day camps,CM - Nonbranded - Geo Priorities (MxCx),Summer Camps,Exact match (close variant),None,0,2,0.00,0.00,OK,,Appears relevant
kidstrong day camp,CM - Nonbranded - Geo Priorities (MxCx),Summer Camps,Phrase match (close variant),None,0,2,0.00,0.00,OK,,Appears relevant
summer camp for 2nd graders,CM - Nonbranded - Geo Priorities (MxCx),Soccer Camps,Phrase match (close variant),None,0,2,0.00,0.00,OK,,Appears relevant
camps for 12 year olds near me,CM - Nonbranded - Geo Priorities (MxCx),Summer Camps,Phrase match (close variant),None,0,2,0.00,0.00,OK,,Appears relevant
rye recreation summer camp,CM - Nonbranded - Geo Priorities (MxCx),Summer Camps,Phrase match,None,0,1,0.00,0.00,OK,,Appears relevant
x10 lacrosse camp,CM - Nonbranded - Geo Priorities (MxCx),Lacrosse Camps,Phrase match (close variant),None,0,2,0.00,0.00,OK,,Appears relevant
ossining summer camp,CM - Nonbranded - Geo Priorities (MxCx),Soccer Camps,Phrase match (close variant),None,0,1,0.00,0.00,OK,,Appears relevant
kids strong summer camp,CM - Nonbranded - Geo Priorities (MxCx),Summer Camps,Phrase match,None,0,1,0.00,0.00,OK,,Appears relevant
cheerleading camp,CM - Nonbranded - Geo Priorities (MxCx),Summer Camps,Phrase match (close variant),None,1,3,2.84,0.00,OK,,Appears relevant
basketball court near me,CM - Non Brand - PMax,--,Performance Max,None,0,1,0.00,0.00,OK,,Appears relevant for Portland market
10 things to do this summer,CM - Non Brand - PMax,--,Performance Max,None,0,1,0.00,0.00,OK,,Appears relevant for Portland market
kids summer camp,CM - Non Brand - PMax,--,Performance Max,None,0,5,0.00,0.00,OK,,Appears relevant for Portland market
3d printing,CM - Non Brand - PMax,--,Performance Max,None,0,2,0.00,0.00,OK,,Appears relevant for Portland market
soccer brentwood,CM - Non Brand - PMax,--,Performance Max,None,0,1,0.00,0.00,OK,,Appears relevant for Portland market
ninja classes near me,CM - Non Brand - PMax,--,Performance Max,None,0,1,0.00,0.00,OK,,Appears relevant for Portland market
private baseball lessons near me,CM - Non Brand - PMax,--,Performance Max,None,0,1,0.00,0.00,OK,,Appears relevant for Portland market
mad science,CM - Non Brand - PMax,--,Performance Max,None,0,3,0.00,0.00,OK,,Appears relevant for Portland market
sleep over camp near me,CM - Non Brand - PMax,--,Performance Max,None,0,1,0.00,0.00,OK,,Appears relevant for Portland market
sports camps near me,CM - Non Brand - PMax,--,Performance Max,None,0,1,0.00,0.00,OK,,Appears relevant for Portland market
theatre camp near me,CM - Non Brand - PMax,--,Performance Max,None,0,1,0.00,0.00,OK,,Appears relevant for Portland market
girls volleyball,CM - Non Brand - PMax,--,Performance Max,None,0,2,0.00,0.00,OK,,Appears relevant for Portland market
soccer 4 year olds,CM - Non Brand - PMax,--,Performance Max,None,0,2,0.00,0.00,OK,,Appears relevant for Portland market
westchester basketball camp,CM - Non Brand - PMax,--,Performance Max,None,0,4,0.00,0.00,OK,,Appears relevant for Portland market
stem camp near me,CM - Non Brand - PMax,--,Performance Max,None,0,1,0.00,0.00,OK,,Appears relevant for Portland market
camp kaylie location,CM - Nonbranded - Geo Priorities (MxCx),Summer Camps,Phrase match (close variant),None,0,2,0.00,0.00,OK,,Appears relevant
teen camps long island,CM - Nonbranded - Geo Priorities (MxCx),Summer Camps,Exact match (close variant),None,0,3,0.00,0.00,OK,,Appears relevant
summer day camps for kids near me,CM - Nonbranded - Geo Priorities (MxCx),Summer Camps,Exact match (close variant),None,0,2,0.00,0.00,OK,,Appears relevant
swimming camp,CM - Nonbranded - Geo Priorities (MxCx),Summer Camps,Phrase match (close variant),None,0,2,0.00,0.00,OK,,Appears relevant
maplewood camp wantagh,CM - Nonbranded - Geo Priorities (MxCx),Summer Camps,Phrase match (close variant),None,0,5,0.00,0.00,OK,,Appears relevant
bedford hills summer camp,CM - Nonbranded - Geo Priorities (MxCx),Summer Camps,Phrase match (close variant),None,0,1,0.00,0.00,OK,,Appears relevant
girls summer volleyball camps near me,CM - Nonbranded - Geo Priorities (MxCx),Volleyball Camps,Phrase match,None,0,2,0.00,0.00,OK,,Appears relevant
tarrytown music hall summer camp,CM - Nonbranded - Geo Priorities (MxCx),Summer Camps,Phrase match (close variant),None,0,1,0.00,0.00,OK,,Appears relevant
summer camp volleyball,CM - Nonbranded - Geo Priorities (MxCx),Volleyball Camps,Exact match (close variant),None,0,0,0.00,0.00,OK,,Appears relevant
swimming camp,CM - pMax - Portland (MxConv),--,Performance Max,None,0,1,0.00,0.00,OK,,Appears relevant for Portland market
tennis camp maine,CM - pMax - Portland (MxConv),--,Performance Max,None,1,4,2.32,0.00,OK,,Appears relevant for Portland market
high school size soccer ball,CM - pMax - Portland (MxConv),--,Performance Max,None,1,1,0.30,0.00,OK,,Appears relevant for Portland market
summer baseball camps,CM - pMax - Portland (MxConv),--,Performance Max,None,0,0,0.00,0.00,OK,,Appears relevant for Portland market
girls summer softball leagues near me,CM - pMax - Portland (MxConv),--,Performance Max,None,0,0,0.00,0.00,OK,,Appears relevant for Portland market
liffl flag football,CM - pMax - Portland (MxConv),--,Performance Max,None,0,0,0.00,0.00,OK,,Appears relevant for Portland market
camp oratam,CM - pMax - Portland (MxConv),--,Performance Max,None,0,0,0.00,0.00,OK,,Appears relevant for Portland market
volleyball club near me,CM - pMax - Portland (MxConv),--,Performance Max,None,0,0,0.00,0.00,OK,,Appears relevant for Portland market
summer sports camps,CM - pMax - Portland (MxConv),--,Performance Max,None,0,0,0.00,0.00,OK,,Appears relevant for Portland market
horse riding school near me,CM - pMax - Portland (MxConv),--,Performance Max,None,0,0,0.00,0.00,OK,,Appears relevant for Portland market
free bronx summer camps,CM - pMax - Portland (MxConv),--,Performance Max,None,0,0,0.00,0.00,OK,,Appears relevant for Portland market
batting cages near me,CM - Non Brand - PMax,--,Performance Max,None,0,6,0.00,0.00,OK,,Appears relevant for Portland market
coding camps near me,CM - Non Brand - PMax,--,Performance Max,None,0,2,0.00,0.00,OK,,Appears relevant for Portland market
what is an adult size soccer ball,CM - Non Brand - PMax,--,Performance Max,None,0,1,0.00,0.00,OK,,Appears relevant for Portland market
just hoops basketball,CM - Non Brand - PMax,--,Performance Max,None,0,3,0.00,0.00,OK,,Appears relevant for Portland market
theater programs near me for kids,CM - Non Brand - PMax,--,Performance Max,None,0,3,0.00,0.00,OK,,Appears relevant for Portland market
esf summer camp,CM - Non Brand - PMax,--,Performance Max,None,0,1,0.00,0.00,OK,,Appears relevant for Portland market
boxing riverhead,CM - Non Brand - PMax,--,Performance Max,None,0,1,0.00,0.00,OK,,Appears relevant for Portland market
rising stars basketball,CM - Non Brand - PMax,--,Performance Max,None,0,1,0.00,0.00,OK,,Appears relevant for Portland market
buckley day camp,CM - Competitors - OldW - (Mx.Clicks),Competitors,Exact match (close variant),None,8,56,31.35,0.00,OK,,Competitor matched: 'buckley'
daily summer camp near me,CM - Nonbranded - Other Geos (MxConv),Tennis Camps,Broad match,None,0,2,0.00,0.00,OK,,Appears relevant
summer camp riverhead ny,CM - Nonbranded - Other Geos (MxConv),Tennis Camps,Broad match,None,0,2,0.00,0.00,OK,,Appears relevant
cheverus basketball camp,CM - Nonbranded - Other Geos (MxConv),Basketball Camp,Phrase match,None,1,4,3.41,0.00,OK,,Appears relevant
lacrosse camp near me,CM - Nonbranded - Other Geos (MxConv),Lacrosse Camps,Exact match (close variant),None,1,8,1.88,0.00,OK,,Appears relevant
sua sponte lacrosse camp,CM - Nonbranded - Other Geos (MxConv),Lacrosse Camps,Phrase match (close variant),None,0,2,0.00,0.00,OK,,Appears relevant
tia new rochelle,CM - Nonbranded - Other Geos (MxConv),Tennis Camps,Broad match,None,0,1,0.00,0.00,OK,,Appears relevant
tennis clubs around me,CM - Nonbranded - Other Geos (MxConv),Tennis Camps,Broad match,None,0,2,0.00,0.00,OK,,Appears relevant
arthur ashe kids day 2026,CM - Nonbranded - Other Geos (MxConv),Tennis Camps,Broad match,None,0,1,0.00,0.00,OK,,Appears relevant
boys lacrosse camp,CM - Nonbranded - Other Geos (MxConv),Lacrosse Camps,Phrase match (close variant),None,0,0,0.00,0.00,OK,,Appears relevant
summer camp hampton,CM - Nonbranded - Other Geos (MxConv),Summer Camps,Phrase match,None,0,0,0.00,0.00,OK,,Appears relevant
summer camp near me,CM - pMax - Portland (MxConv),--,Performance Max,None,0,2,0.00,0.00,OK,,Appears relevant for Portland market
camp north star,CM - pMax - Portland (MxConv),--,Performance Max,None,0,1,0.00,0.00,OK,,Appears relevant for Portland market
boys basketball camps,CM - pMax - Portland (MxConv),--,Performance Max,None,0,2,0.00,0.00,OK,,Appears relevant for Portland market
half day summer camps near me,CM - pMax - Portland (MxConv),--,Performance Max,None,0,0,0.00,0.00,OK,,Appears relevant for Portland market
indoor activities for kids near me,CM - pMax - Portland (MxConv),--,Performance Max,None,0,0,0.00,0.00,OK,,Appears relevant for Portland market
ymca summer program,CM - pMax - Portland (MxConv),--,Performance Max,None,0,0,0.00,0.00,OK,,Appears relevant for Portland market
steve and kate's cobble hill,CM - pMax - Portland (MxConv),--,Performance Max,None,0,0,0.00,0.00,OK,,Appears relevant for Portland market
is cheerleading gymnastics,CM - pMax - Portland (MxConv),--,Performance Max,None,0,0,0.00,0.00,OK,,Appears relevant for Portland market
volleyball fall league near me,CM - pMax - Portland (MxConv),--,Performance Max,None,0,0,0.00,0.00,OK,,Appears relevant for Portland market
brentwood summer school,CM - pMax - Portland (MxConv),--,Performance Max,None,0,0,0.00,0.00,OK,,Appears relevant for Portland market
suny purchase summer,CM - pMax - Portland (MxConv),--,Performance Max,None,0,0,0.00,0.00,OK,,Appears relevant for Portland market
soccer training for kids near me,CM - pMax - Portland (MxConv),--,Performance Max,None,0,0,0.00,0.00,OK,,Appears relevant for Portland market
kids attraction near me,CM - pMax - Portland (MxConv),--,Performance Max,None,0,0,0.00,0.00,OK,,Appears relevant for Portland market
golf lesson for kids,CM - pMax - Portland (MxConv),--,Performance Max,None,0,0,0.00,0.00,OK,,Appears relevant for Portland market
district 25 cheer expo,CM - pMax - Portland (MxConv),--,Performance Max,None,0,0,0.00,0.00,OK,,Appears relevant for Portland market
club de basquetbol cerca de mi cerca de mi,CM - Non Brand - PMax,--,Performance Max,None,0,1,0.00,0.00,OK,,Appears relevant for Portland market
sports camp westchester,CM - Non Brand - PMax,--,Performance Max,None,0,1,0.00,0.00,OK,,Appears relevant for Portland market
patchogue dance studio,CM - Non Brand - PMax,--,Performance Max,None,0,1,0.00,0.00,OK,,Appears relevant for Portland market
multisports,CM - Non Brand - PMax,--,Performance Max,None,0,1,0.00,0.00,OK,,Appears relevant for Portland market
psg summer camp 2026,CM - Non Brand - PMax,--,Performance Max,None,0,1,0.00,0.00,OK,,Appears relevant for Portland market
summer camp oceanside ny,CM - Nonbranded - Geo Priorities (MxCx),Summer Camps,Phrase match,None,0,3,0.00,0.00,OK,,Appears relevant
toh lacrosse camp,CM - Nonbranded - Geo Priorities (MxCx),Lacrosse Camps,Phrase match (close variant),None,0,1,0.00,0.00,OK,,Appears relevant
saint john's basketball camp,CM - Nonbranded - Geo Priorities (MxCx),Basketball Camp,Phrase match,None,0,2,0.00,0.00,OK,,Appears relevant
children summer camps near me,CM - Nonbranded - Geo Priorities (MxCx),Summer Camps,Exact match (close variant),None,0,1,0.00,0.00,OK,,Appears relevant
camps for kids in the summer,CM - Nonbranded - Geo Priorities (MxCx),Soccer Camps,Exact match (close variant),None,0,1,0.00,0.00,OK,,Appears relevant
young people's day camp central islip,CM - Nonbranded - Geo Priorities (MxCx),Summer Camps,Phrase match (close variant),None,0,1,0.00,0.00,OK,,Appears relevant
good summer camps near me,CM - Nonbranded - Geo Priorities (MxCx),Summer Camps,Phrase match (close variant),None,0,3,0.00,0.00,OK,,Appears relevant
three village summer camp 2026,CM - Nonbranded - Geo Priorities (MxCx),Summer Camps,Phrase match,None,0,4,0.00,0.00,OK,,Appears relevant
camp edey bayport,CM - Nonbranded - Geo Priorities (MxCx),Summer Camps,Phrase match (close variant),None,0,2,0.00,0.00,OK,,Appears relevant
youth soccer summer camp,CM - Nonbranded - Geo Priorities (MxCx),Soccer Camps,Phrase match,None,0,1,0.00,0.00,OK,,Appears relevant
camp robin hood dates,CM - Nonbranded - Geo Priorities (MxCx),Summer Camps,Phrase match (close variant),None,0,1,0.00,0.00,OK,,Appears relevant
basketball camps for high schoolers near me,CM - Nonbranded - Geo Priorities (MxCx),Basketball Camp,Phrase match,None,0,0,0.00,0.00,OK,,Appears relevant
maine juniors volleyball camp,CM - pMax - Portland (MxConv),--,Performance Max,None,1,4,1.87,0.00,OK,,Appears relevant for Portland market
freeport rec summer camp,CM - pMax - Portland (MxConv),--,Performance Max,None,0,0,0.00,0.00,OK,,Appears relevant for Portland market
horse riding stamford ct,CM - pMax - Portland (MxConv),--,Performance Max,None,0,0,0.00,0.00,OK,,Appears relevant for Portland market
njpac summer camp,CM - pMax - Portland (MxConv),--,Performance Max,None,0,0,0.00,0.00,OK,,Appears relevant for Portland market
horse riding near me,CM - pMax - Portland (MxConv),--,Performance Max,None,0,0,0.00,0.00,OK,,Appears relevant for Portland market
volleyball classes for beginners near me,CM - pMax - Portland (MxConv),--,Performance Max,None,0,0,0.00,0.00,OK,,Appears relevant for Portland market
stop being nervous subliminal,CM - pMax - Portland (MxConv),--,Performance Max,None,0,0,0.00,0.00,OK,,Appears relevant for Portland market
don bosco summer camp 2025,CM - pMax - Portland (MxConv),--,Performance Max,None,0,0,0.00,0.00,OK,,Appears relevant for Portland market
bilingual summer camp near me,CM - pMax - Portland (MxConv),--,Performance Max,None,0,0,0.00,0.00,OK,,Appears relevant for Portland market
flag football 4 year olds,CM - pMax - Portland (MxConv),--,Performance Max,None,0,0,0.00,0.00,OK,,Appears relevant for Portland market
island quest day camp,CM - pMax - Portland (MxConv),--,Performance Max,None,0,0,0.00,0.00,OK,,Appears relevant for Portland market
coleman day camp,CM - pMax - Portland (MxConv),--,Performance Max,None,0,0,0.00,0.00,OK,,Appears relevant for Portland market
revolution field hockey camps,CM - pMax - Portland (MxConv),--,Performance Max,None,0,0,0.00,0.00,OK,,Appears relevant for Portland market
rising star summer camp,CM - pMax - Portland (MxConv),--,Performance Max,None,0,0,0.00,0.00,OK,,Appears relevant for Portland market
summer camp life,CM - pMax - Portland (MxConv),--,Performance Max,None,0,0,0.00,0.00,OK,,Appears relevant for Portland market
cinemakidz,CM - pMax - Portland (MxConv),--,Performance Max,None,0,0,0.00,0.00,OK,,Appears relevant for Portland market
gnarly dance,CM - pMax - Portland (MxConv),--,Performance Max,None,0,0,0.00,0.00,OK,,Appears relevant for Portland market
southampton tennis club,CM - pMax - Portland (MxConv),--,Performance Max,None,0,0,0.00,0.00,OK,,Appears relevant for Portland market
summer camp long island,CM - Nonbranded - Other Geos (MxConv),Tennis Camps,Broad match,None,0,2,0.00,0.00,OK,,Appears relevant
hofstra baseball camp,CM - Nonbranded - Other Geos (MxConv),Baseball Camps,Phrase match (close variant),None,0,2,0.00,0.00,OK,,Appears relevant
summer camps this week,CM - Nonbranded - Other Geos (MxConv),Tennis Camps,Broad match,None,0,1,0.00,0.00,OK,,Appears relevant
summer baseball camps,CM - Nonbranded - Other Geos (MxConv),Baseball Camps,Exact match (close variant),Added,0,1,0.00,0.00,OK,,Appears relevant
kids tennis racket size,CM - Non Brand - PMax,--,Performance Max,None,0,1,0.00,0.00,OK,,Appears relevant for Portland market
horsebacking riding,CM - Non Brand - PMax,--,Performance Max,None,0,1,0.00,0.00,OK,,Appears relevant for Portland market
swimming summer camp,CM - Non Brand - PMax,--,Performance Max,None,0,1,0.00,0.00,OK,,Appears relevant for Portland market
purchase sports camp,CM - Non Brand - PMax,--,Performance Max,None,0,3,0.00,0.00,OK,,Appears relevant for Portland market
lacrosse camps near me,CM - Nonbranded - Geo Priorities (MxCx),Lacrosse Camps,Exact match,Added,1,2,0.58,0.00,OK,,Appears relevant
summer camps suffolk county,CM - Nonbranded - Geo Priorities (MxCx),Summer Camps,Phrase match,None,1,6,2.57,0.00,OK,,Appears relevant
horseback riding camp ny,CM - Nonbranded - Geo Priorities (MxCx),Horseback Riding,Phrase match (close variant),None,0,2,0.00,0.00,OK,,Appears relevant
day camp near me,CM - Nonbranded - Geo Priorities (MxCx),Summer Camps,Phrase match (close variant),Added,0,1,0.00,0.00,OK,,Appears relevant
summer daycare for 5 year olds,CM - Nonbranded - Geo Priorities (MxCx),Summer Camps,Phrase match (close variant),None,0,3,0.00,0.00,OK,,Appears relevant
summer camp 5th grade,CM - Nonbranded - Geo Priorities (MxCx),Soccer Camps,Phrase match (close variant),None,0,1,0.00,0.00,OK,,Appears relevant
golf camps long island,CM - Nonbranded - Geo Priorities (MxCx),Summer Camps,Phrase match (close variant),None,0,1,0.00,0.00,OK,,Appears relevant
sports camps near me,CM - Nonbranded - Geo Priorities (MxCx),Sports Camps,Phrase match (close variant),Added,0,1,0.00,0.00,OK,,Appears relevant
brentwood summer camps,CM - Nonbranded - Geo Priorities (MxCx),Summer Camps,Phrase match,None,0,2,0.00,0.00,OK,,Appears relevant
summer football camps near me,CM - Nonbranded - Geo Priorities (MxCx),Football Camps,Exact match (close variant),None,1,1,2.74,0.00,OK,,Appears relevant
volleyball girls near me,CM - Nonbranded - Geo Priorities (MxCx),Volleyball Camps,Phrase match (close variant),None,1,3,2.65,0.00,OK,,Appears relevant
nassau county summer camp 2026,CM - Nonbranded - Geo Priorities (MxCx),Summer Camps,Phrase match,None,0,4,0.00,0.00,OK,,Appears relevant
wildcats sports camp huntington ny,CM - Nonbranded - Geo Priorities (MxCx),Sports Camps,Phrase match,None,0,1,0.00,0.00,OK,,Appears relevant
speed and agility summer camp,CM - Nonbranded - Geo Priorities (MxCx),Sports Camps,Phrase match (close variant),None,0,5,0.00,0.00,OK,,Appears relevant
hofstra baseball camp,CM - Nonbranded - Geo Priorities (MxCx),Summer Camps,Phrase match (close variant),None,0,1,0.00,0.00,OK,,Appears relevant
basketball camp for 7 year olds,CM - Nonbranded - Geo Priorities (MxCx),Basketball Camp,Phrase match (close variant),None,0,2,0.00,0.00,OK,,Appears relevant
soccer camps near me summer,CM - Nonbranded - Geo Priorities (MxCx),Soccer Camps,Exact match (close variant),None,1,2,2.95,0.00,OK,,Appears relevant
summer sports camps for kids,CM - Nonbranded - Geo Priorities (MxCx),Sports Camps,Exact match (close variant),None,0,1,0.00,0.00,OK,,Appears relevant
summer tennis camps near me,CM - Nonbranded - Geo Priorities (MxCx),Tennis Camps,Exact match (close variant),None,0,0,0.00,0.00,OK,,Appears relevant
softball clinics long island,CM - Nonbranded - Geo Priorities (MxCx),Sports Camps,Phrase match (close variant),None,0,0,0.00,0.00,OK,,Appears relevant
future stars basketball camp,CM - Branded (Mx.Clicks),Future Stars Camp Brand,Phrase match,None,3,6,3.59,0.00,OK,,Brand term matched: 'future stars'
future stars cheerleading camp,CM - Branded (Mx.Clicks),Future Stars Camp Brand,Phrase match,None,0,0,0.00,0.00,OK,,Brand term matched: 'future stars'
long island soccer camp,CM - Nonbranded - Geo Priorities (MxCx),Soccer Camps,Phrase match,None,0,3,0.00,0.00,OK,,Appears relevant
basketball summer camps long island,CM - Nonbranded - Geo Priorities (MxCx),Basketball Camp,Exact match (close variant),None,0,2,0.00,0.00,OK,,Appears relevant
hicksville middle school summer camp,CM - Nonbranded - Geo Priorities (MxCx),Summer Camps,Phrase match (close variant),None,0,1,0.00,0.00,OK,,Appears relevant
camp for kid,CM - Nonbranded - Geo Priorities (MxCx),Summer Camps,Phrase match (close variant),None,0,1,0.00,0.00,OK,,Appears relevant
basketball camp kids,CM - Nonbranded - Geo Priorities (MxCx),Basketball Camp,Exact match (close variant),None,0,3,0.00,0.00,OK,,Appears relevant
suffolk summer camp,CM - Nonbranded - Geo Priorities (MxCx),Soccer Camps,Phrase match (close variant),None,0,1,0.00,0.00,OK,,Appears relevant
goalie camp soccer,CM - Nonbranded - Geo Priorities (MxCx),Soccer Camps,Phrase match,None,0,2,0.00,0.00,OK,,Appears relevant
suffolk county day camps,CM - Nonbranded - Geo Priorities (MxCx),Summer Camps,Phrase match (close variant),None,0,3,0.00,0.00,OK,,Appears relevant
booster camp smithtown,CM - Nonbranded - Geo Priorities (MxCx),Summer Camps,Phrase match (close variant),None,0,1,0.00,0.00,OK,,Appears relevant
cantiague park summer camp,CM - Nonbranded - Geo Priorities (MxCx),Summer Camps,Phrase match,None,0,1,0.00,0.00,OK,,Appears relevant
commack school district summer camp,CM - Nonbranded - Geo Priorities (MxCx),Summer Camps,Phrase match,None,0,1,0.00,0.00,OK,,Appears relevant
summer lacrosse camps long island,CM - Nonbranded - Geo Priorities (MxCx),Summer Camps,Phrase match,None,0,5,0.00,0.00,OK,,Appears relevant
hofstra basketball summer camp,CM - Nonbranded - Geo Priorities (MxCx),Summer Camps,Phrase match,None,0,4,0.00,0.00,OK,,Appears relevant
best summer camps in new york,CM - Nonbranded - Geo Priorities (MxCx),Summer Camps,Phrase match,None,0,1,0.00,0.00,OK,,Appears relevant
child camp,CM - Nonbranded - Geo Priorities (MxCx),Summer Camps,Exact match (close variant),None,0,1,0.00,0.00,OK,,Appears relevant
summer camps on long island,CM - Nonbranded - Geo Priorities (MxCx),Summer Camps,Phrase match (close variant),None,0,1,0.00,0.00,OK,,Appears relevant
kickboxing summer camp,CM - Nonbranded - Geo Priorities (MxCx),Sports Camps,Phrase match (close variant),None,1,2,2.83,0.00,OK,,Appears relevant
sports camp westchester,CM - Nonbranded - Geo Priorities (MxCx),Sports Camps,Phrase match,None,0,0,0.00,0.00,OK,,Appears relevant
portland rec summer camp,CM - pMax - Portland (MxConv),--,Performance Max,None,0,2,0.00,0.00,OK,,Appears relevant for Portland market
westbrook summer camps,CM - pMax - Portland (MxConv),--,Performance Max,None,0,1,0.00,0.00,OK,,Appears relevant for Portland market
hacker summer camp,CM - pMax - Portland (MxConv),--,Performance Max,None,0,0,0.00,0.00,OK,,Appears relevant for Portland market
béisbol cerca de mí,CM - pMax - Portland (MxConv),--,Performance Max,None,0,0,0.00,0.00,OK,,Appears relevant for Portland market
escuela de basketball para niños cerca de mi,CM - pMax - Portland (MxConv),--,Performance Max,None,0,0,0.00,0.00,OK,,Appears relevant for Portland market
wildcat summer camp 2025,CM - pMax - Portland (MxConv),--,Performance Max,None,0,0,0.00,0.00,OK,,Appears relevant for Portland market
youth cheerleading near me for beginners,CM - pMax - Portland (MxConv),--,Performance Max,None,0,0,0.00,0.00,OK,,Appears relevant for Portland market
basketball for kids,CM - pMax - Portland (MxConv),--,Performance Max,None,0,0,0.00,0.00,OK,,Appears relevant for Portland market
summer camp island,CM - pMax - Portland (MxConv),--,Performance Max,None,0,0,0.00,0.00,OK,,Appears relevant for Portland market
macarthur cheerleading,CM - pMax - Portland (MxConv),--,Performance Max,None,0,0,0.00,0.00,OK,,Appears relevant for Portland market
camp counselor application,CM - pMax - Portland (MxConv),--,Performance Max,None,0,0,0.00,0.00,OK,,Appears relevant for Portland market
adirondack lacrosse,CM - pMax - Portland (MxConv),--,Performance Max,None,0,0,0.00,0.00,OK,,Appears relevant for Portland market
hampton baseball camp,CM - pMax - Portland (MxConv),--,Performance Max,None,0,0,0.00,0.00,OK,,Appears relevant for Portland market
summer school stamford ct,CM - pMax - Portland (MxConv),--,Performance Max,None,0,0,0.00,0.00,OK,,Appears relevant for Portland market
star camp,CM - pMax - Portland (MxConv),--,Performance Max,None,0,0,0.00,0.00,OK,,Appears relevant for Portland market
chess camp,CM - pMax - Portland (MxConv),--,Performance Max,None,0,0,0.00,0.00,OK,,Appears relevant for Portland market
clubhouse kids,CM - pMax - Portland (MxConv),--,Performance Max,None,0,0,0.00,0.00,OK,,Appears relevant for Portland market
raiders youth football,CM - pMax - Portland (MxConv),--,Performance Max,None,0,0,0.00,0.00,OK,,Appears relevant for Portland market
westchester summer camps,CM - Nonbranded - Other Geos (MxConv),Tennis Camps,Broad match,None,0,4,0.00,0.00,OK,,Appears relevant
baby golfer video,CM - Non Brand - PMax,--,Performance Max,None,0,1,0.00,0.00,OK,,Appears relevant for Portland market
basketball kids,CM - Non Brand - PMax,--,Performance Max,None,0,1,0.00,0.00,OK,,Appears relevant for Portland market
jsports academy,CM - Non Brand - PMax,--,Performance Max,None,0,1,0.00,0.00,OK,,Appears relevant for Portland market
hayground camp,CM - Non Brand - PMax,--,Performance Max,None,0,1,0.00,0.00,OK,,Appears relevant for Portland market
white plains swimming lessons,CM - Non Brand - PMax,--,Performance Max,None,0,1,0.00,0.00,OK,,Appears relevant for Portland market
hofstra volleyball camp,CM - Non Brand - PMax,--,Performance Max,None,0,2,0.00,0.00,OK,,Appears relevant for Portland market
batting cage near me,CM - Non Brand - PMax,--,Performance Max,None,0,2,0.00,0.00,OK,,Appears relevant for Portland market
pierce camp,CM - Competitors - OldW - (Mx.Clicks),Competitors,Exact match (close variant),None,2,45,8.07,0.00,OK,,Competitor matched: 'pierce'
future stars adventure camp,CM - Branded (Mx.Clicks),Future Stars Camp Brand,Exact match (close variant),None,1,3,2.12,0.00,OK,,Brand term matched: 'future stars'
greenwich basketball camp,CM - Nonbranded - Other Geos (MxConv),Basketball Camp,Phrase match,None,1,3,5.65,0.00,OK,,Appears relevant
bates baseball camp,CM - Nonbranded - Other Geos (MxConv),Baseball Camps,Phrase match (close variant),None,0,1,0.00,0.00,OK,,Appears relevant
basketball camps westchester,CM - Nonbranded - Other Geos (MxConv),Basketball Camp,Phrase match (close variant),None,0,1,0.00,0.00,OK,,Appears relevant
steps lacrosse camp,CM - Nonbranded - Other Geos (MxConv),Lacrosse Camps,Phrase match (close variant),None,0,2,0.00,0.00,OK,,Appears relevant
patriots football camp for kids,CM - Nonbranded - Other Geos (MxConv),Football Camps,Phrase match,None,0,1,0.00,0.00,OK,,Appears relevant
all stars summer camp,CM - Nonbranded - Other Geos (MxConv),Summer Camps,Phrase match,None,0,0,0.00,0.00,OK,,Appears relevant
volleyball camps westchester ny,CM - Nonbranded - Other Geos (MxConv),Volleyball Camps,Phrase match,None,0,0,0.00,0.00,OK,,Appears relevant
camp arcadia maine,CM - pMax - Portland (MxConv),--,Performance Max,None,0,2,0.00,0.00,OK,,Appears relevant for Portland market
summer soccer camps near me for kids,CM - pMax - Portland (MxConv),--,Performance Max,None,0,2,0.00,0.00,OK,,Appears relevant for Portland market
sua sponte lacrosse,CM - pMax - Portland (MxConv),--,Performance Max,None,1,1,2.63,0.00,OK,,Appears relevant for Portland market
college training camp,CM - pMax - Portland (MxConv),--,Performance Max,None,0,0,0.00,0.00,OK,,Appears relevant for Portland market
sports classes for 2 year olds near me,CM - pMax - Portland (MxConv),--,Performance Max,None,0,0,0.00,0.00,OK,,Appears relevant for Portland market
size soccer ball for 6 year old,CM - pMax - Portland (MxConv),--,Performance Max,None,0,0,0.00,0.00,OK,,Appears relevant for Portland market
chess classes for kids,CM - pMax - Portland (MxConv),--,Performance Max,None,0,0,0.00,0.00,OK,,Appears relevant for Portland market
sunrise day camp,CM - pMax - Portland (MxConv),--,Performance Max,None,0,0,0.00,0.00,OK,,Appears relevant for Portland market
summer camp near me 3 year old,CM - pMax - Portland (MxConv),--,Performance Max,None,0,0,0.00,0.00,OK,,Appears relevant for Portland market
play soccer near me,CM - pMax - Portland (MxConv),--,Performance Max,None,0,0,0.00,0.00,OK,,Appears relevant for Portland market
volleyball classes near me,CM - pMax - Portland (MxConv),--,Performance Max,None,0,0,0.00,0.00,OK,,Appears relevant for Portland market
abrakadoodle summer camp,CM - pMax - Portland (MxConv),--,Performance Max,None,0,0,0.00,0.00,OK,,Appears relevant for Portland market
rising star camp,CM - pMax - Portland (MxConv),--,Performance Max,None,0,0,0.00,0.00,OK,,Appears relevant for Portland market
baseball camp long island,CM - Nonbranded - Geo Priorities (MxCx),Summer Camps,Phrase match (close variant),None,0,2,0.00,0.00,OK,,Appears relevant
summer camps garden city,CM - Nonbranded - Geo Priorities (MxCx),Summer Camps,Phrase match,None,0,1,0.00,0.00,OK,,Appears relevant
1 week camps near me,CM - Nonbranded - Geo Priorities (MxCx),Summer Camps,Phrase match (close variant),None,0,1,0.00,0.00,OK,,Appears relevant
kids day camps near me,CM - Nonbranded - Geo Priorities (MxCx),Summer Camps,Exact match (close variant),None,1,1,2.79,0.00,OK,,Appears relevant
commack summer camps,CM - Nonbranded - Geo Priorities (MxCx),Summer Camps,Phrase match,None,0,1,0.00,0.00,OK,,Appears relevant
camps near me for summer,CM - Nonbranded - Geo Priorities (MxCx),Summer Camps,Exact match (close variant),None,0,4,0.00,0.00,OK,,Appears relevant
camps for summer,CM - Nonbranded - Geo Priorities (MxCx),Summer Camps,Exact match (close variant),None,0,2,0.00,0.00,OK,,Appears relevant
westbury camp near me,CM - Nonbranded - Geo Priorities (MxCx),Summer Camps,Phrase match (close variant),None,0,3,0.00,0.00,OK,,Appears relevant
hauppauge basketball camp,CM - Nonbranded - Geo Priorities (MxCx),Basketball Camp,Phrase match,None,1,2,1.64,0.00,OK,,Appears relevant
gymnastics summer camp near me,CM - Nonbranded - Geo Priorities (MxCx),Sports Camps,Phrase match (close variant),None,0,2,0.00,0.00,OK,,Appears relevant
floral park summer camp,CM - Nonbranded - Geo Priorities (MxCx),Summer Camps,Phrase match,None,0,1,0.00,0.00,OK,,Appears relevant
best soccer camps near me,CM - Nonbranded - Geo Priorities (MxCx),Soccer Camps,Phrase match (close variant),None,0,1,0.00,0.00,OK,,Appears relevant
13 year old summer camps near me,CM - Nonbranded - Geo Priorities (MxCx),Summer Camps,Phrase match,None,3,2,5.12,0.00,OK,,Appears relevant
goalie camp,CM - Nonbranded - Geo Priorities (MxCx),Sports Camps,Phrase match (close variant),None,0,3,0.00,0.00,OK,,Appears relevant
campus camps blue point,CM - Nonbranded - Geo Priorities (MxCx),Summer Camps,Phrase match (close variant),None,0,1,0.00,0.00,OK,,Appears relevant
high school lacrosse camps,CM - Nonbranded - Geo Priorities (MxCx),Lacrosse Camps,Phrase match (close variant),None,1,1,2.75,0.00,OK,,Appears relevant
kids camps near me,CM - Nonbranded - Geo Priorities (MxCx),Summer Camps,Exact match (close variant),None,0,2,0.00,0.00,OK,,Appears relevant
soccer school,CM - Nonbranded - Geo Priorities (MxCx),Soccer Camps,Exact match,Added,0,4,0.00,0.00,OK,,Appears relevant
swim camp westchester ny,CM - Nonbranded - Geo Priorities (MxCx),Summer Camps,Phrase match (close variant),None,0,0,0.00,0.00,OK,,Appears relevant
tennis lessons near me,CM - Nonbranded - Geo Priorities (MxCx),Tennis Camps,Broad match,None,0,0,0.00,0.00,OK,,Appears relevant
summer camp new hyde park,CM - Nonbranded - Geo Priorities (MxCx),Summer Camps,Phrase match (close variant),None,0,0,0.00,0.00,OK,,Appears relevant
camp innovation,CM - Non Brand - PMax,--,Performance Max,None,0,4,0.00,0.00,OK,,Appears relevant for Portland market
free summer activities for kids,CM - Non Brand - PMax,--,Performance Max,None,0,2,0.00,0.00,OK,,Appears relevant for Portland market
day camps queens,CM - Non Brand - PMax,--,Performance Max,None,0,1,0.00,0.00,OK,,Appears relevant for Portland market
youth basketball classes,CM - Non Brand - PMax,--,Performance Max,None,0,1,0.00,0.00,OK,,Appears relevant for Portland market
future stars lacrosse camp,CM - Branded (Mx.Clicks),Future Stars Camp Brand,Phrase match,None,1,2,0.98,0.00,OK,,Brand term matched: 'future stars'
st joseph's volleyball camp,CM - pMax - Portland (MxConv),--,Performance Max,None,1,2,4.19,0.00,OK,,Appears relevant for Portland market
fcs camps,CM - pMax - Portland (MxConv),--,Performance Max,None,0,2,0.00,0.00,OK,,Appears relevant for Portland market
cheer toe touch,CM - pMax - Portland (MxConv),--,Performance Max,None,0,0,0.00,0.00,OK,,Appears relevant for Portland market
cheerleading and tumbling near me,CM - pMax - Portland (MxConv),--,Performance Max,None,0,0,0.00,0.00,OK,,Appears relevant for Portland market
camp mataponi,CM - pMax - Portland (MxConv),--,Performance Max,None,0,0,0.00,0.00,OK,,Appears relevant for Portland market
iona prep camp,CM - pMax - Portland (MxConv),--,Performance Max,None,0,0,0.00,0.00,OK,,Appears relevant for Portland market
southampton camp,CM - pMax - Portland (MxConv),--,Performance Max,None,0,0,0.00,0.00,OK,,Appears relevant for Portland market
nike soccer camps near me,CM - pMax - Portland (MxConv),--,Performance Max,None,0,0,0.00,0.00,OK,,Appears relevant for Portland market
summer camps medford,CM - pMax - Portland (MxConv),--,Performance Max,None,0,0,0.00,0.00,OK,,Appears relevant for Portland market
cheerleading camps near me,CM - pMax - Portland (MxConv),--,Performance Max,None,0,0,0.00,0.00,OK,,Appears relevant for Portland market
volleyball clinics,CM - pMax - Portland (MxConv),--,Performance Max,None,0,0,0.00,0.00,OK,,Appears relevant for Portland market
swimming club,CM - pMax - Portland (MxConv),--,Performance Max,None,0,0,0.00,0.00,OK,,Appears relevant for Portland market
club fit tennis camp,CM - pMax - Portland (MxConv),--,Performance Max,None,0,0,0.00,0.00,OK,,Appears relevant for Portland market
junior celtics camp,CM - Nonbranded - Other Geos (MxConv),Basketball Camp,Phrase match (close variant),None,0,1,0.00,0.00,OK,,Appears relevant
kids united,CM - Non Brand - PMax,--,Performance Max,None,0,2,0.00,0.00,OK,,Appears relevant for Portland market
kids golf cerca de mi,CM - Non Brand - PMax,--,Performance Max,None,0,1,0.00,0.00,OK,,Appears relevant for Portland market
hofstra edu camp,CM - Non Brand - PMax,--,Performance Max,None,0,2,0.00,0.00,OK,,Appears relevant for Portland market
sagaponack golf,CM - Non Brand - PMax,--,Performance Max,None,0,2,0.00,0.00,OK,,Appears relevant for Portland market
golf for 3 year olds near me,CM - Non Brand - PMax,--,Performance Max,None,0,1,0.00,0.00,OK,,Appears relevant for Portland market
horse riding kids,CM - Non Brand - PMax,--,Performance Max,None,0,3,0.00,0.00,OK,,Appears relevant for Portland market
baseball batting cages near me,CM - Non Brand - PMax,--,Performance Max,None,1,2,0.01,0.00,OK,,Appears relevant for Portland market
volleyball for kids near me,CM - Nonbranded - Geo Priorities (MxCx),Volleyball Camps,Phrase match (close variant),None,2,5,2.94,0.00,OK,,Appears relevant
horseback riding camp ny,CM - Nonbranded - Geo Priorities (MxCx),Horseback Riding,Phrase match,None,1,1,1.12,0.00,OK,,Appears relevant
summer camps for 2 year olds,CM - Nonbranded - Geo Priorities (MxCx),Summer Camps,Phrase match,None,1,2,2.88,0.00,OK,,Appears relevant
harbor summer camp,CM - Nonbranded - Geo Priorities (MxCx),Summer Camps,Phrase match,None,0,2,0.00,0.00,OK,,Appears relevant
reasonable summer camps near me,CM - Nonbranded - Geo Priorities (MxCx),Summer Camps,Phrase match,None,0,1,0.00,0.00,OK,,Appears relevant
girls volleyball camp,CM - Nonbranded - Geo Priorities (MxCx),Volleyball Camps,Phrase match,None,0,3,0.00,0.00,OK,,Appears relevant
summer camps for kids long island,CM - Nonbranded - Geo Priorities (MxCx),Summer Camps,Exact match (close variant),None,1,2,2.82,0.00,OK,,Appears relevant
lake grove summer camp,CM - Nonbranded - Geo Priorities (MxCx),Summer Camps,Phrase match,None,1,5,2.98,0.00,OK,,Appears relevant
summer camp near me 4 year old,CM - Nonbranded - Geo Priorities (MxCx),Summer Camps,Phrase match (close variant),None,0,2,0.00,0.00,OK,,Appears relevant
springfield college football camp,CM - Nonbranded - Geo Priorities (MxCx),Football Camps,Phrase match,None,0,1,0.00,0.00,OK,,Appears relevant
ymcali org camp,CM - Nonbranded - Geo Priorities (MxCx),Summer Camps,Phrase match (close variant),None,0,2,0.00,0.00,OK,,Appears relevant
gymnastics summer camp,CM - Nonbranded - Geo Priorities (MxCx),Sports Camps,Phrase match (close variant),None,0,0,0.00,0.00,OK,,Appears relevant
nike soccer camps,CM - pMax - Portland (MxConv),--,Performance Max,None,0,2,0.00,0.00,OK,,Appears relevant for Portland market
sports camp,CM - pMax - Portland (MxConv),--,Performance Max,None,0,1,0.00,0.00,OK,,Appears relevant for Portland market
volleyball training classes near me,CM - pMax - Portland (MxConv),--,Performance Max,None,0,0,0.00,0.00,OK,,Appears relevant for Portland market
camp poco,CM - pMax - Portland (MxConv),--,Performance Max,None,0,0,0.00,0.00,OK,,Appears relevant for Portland market
volleyball teams near me,CM - pMax - Portland (MxConv),--,Performance Max,None,0,0,0.00,0.00,OK,,Appears relevant for Portland market
camp combe,CM - pMax - Portland (MxConv),--,Performance Max,None,0,0,0.00,0.00,OK,,Appears relevant for Portland market
henry kaufman camp,CM - pMax - Portland (MxConv),--,Performance Max,None,0,0,0.00,0.00,OK,,Appears relevant for Portland market
summer adventure camp near me,CM - pMax - Portland (MxConv),--,Performance Max,None,0,0,0.00,0.00,OK,,Appears relevant for Portland market
st joes camp,CM - pMax - Portland (MxConv),--,Performance Max,None,0,0,0.00,0.00,OK,,Appears relevant for Portland market
town of hempstead lacrosse camp,CM - pMax - Portland (MxConv),--,Performance Max,None,0,0,0.00,0.00,OK,,Appears relevant for Portland market
southampton golf range,CM - Non Brand - PMax,--,Performance Max,None,0,2,0.00,0.00,OK,,Appears relevant for Portland market
purchase summer camp,CM - Non Brand - PMax,--,Performance Max,None,0,1,0.00,0.00,OK,,Appears relevant for Portland market
nike volleyball camp,CM - Non Brand - PMax,--,Performance Max,None,0,2,0.00,0.00,OK,,Appears relevant for Portland market
paintball near me,CM - Non Brand - PMax,--,Performance Max,None,0,1,0.00,0.00,OK,,Appears relevant for Portland market
youth leadership program near me,CM - Non Brand - PMax,--,Performance Max,None,0,2,0.00,0.00,OK,,Appears relevant for Portland market
campamento de verano para niños,CM - Nonbranded - Geo Priorities (MxCx),Summer Camps,Phrase match (close variant),None,0,2,0.00,0.00,OK,,Appears relevant
campamentos de verano new york,CM - Nonbranded - Geo Priorities (MxCx),Summer Camps,Phrase match (close variant),None,0,5,0.00,0.00,OK,,Appears relevant
lacrosse camps in new york,CM - Nonbranded - Geo Priorities (MxCx),Lacrosse Camps,Exact match (close variant),None,0,1,0.00,0.00,OK,,Appears relevant
merrick woods day camp,CM - Nonbranded - Geo Priorities (MxCx),Summer Camps,Phrase match (close variant),None,0,2,0.00,0.00,OK,,Appears relevant
summer camp 2 days a week,CM - Nonbranded - Geo Priorities (MxCx),Summer Camps,Phrase match,None,0,1,0.00,0.00,OK,,Appears relevant
teen art camps near me,CM - Nonbranded - Geo Priorities (MxCx),Summer Camps,Phrase match (close variant),None,0,2,0.00,0.00,OK,,Appears relevant
suffolk summer camps 2026,CM - Nonbranded - Geo Priorities (MxCx),Summer Camps,Phrase match,None,0,2,0.00,0.00,OK,,Appears relevant
summer camp cit programs near me,CM - Nonbranded - Geo Priorities (MxCx),Summer Camps,Phrase match,None,0,5,0.00,0.00,OK,,Appears relevant
westchester county camps,CM - Nonbranded - Geo Priorities (MxCx),Summer Camps,Phrase match (close variant),None,0,1,0.00,0.00,OK,,Appears relevant
tennis camp for kids,CM - Nonbranded - Geo Priorities (MxCx),Summer Camps,Phrase match (close variant),None,0,1,0.00,0.00,OK,,Appears relevant
red storm volleyball camp,CM - Nonbranded - Geo Priorities (MxCx),Volleyball Camps,Phrase match,None,0,1,0.00,0.00,OK,,Appears relevant
destination science long island,CM - Nonbranded - Geo Priorities (MxCx),Summer Camps,Phrase match (close variant),None,0,3,0.00,0.00,OK,,Appears relevant
day camps for kids near me,CM - Nonbranded - Geo Priorities (MxCx),Summer Camps,Exact match (close variant),None,0,1,0.00,0.00,OK,,Appears relevant
kindergarten camps near me,CM - Nonbranded - Geo Priorities (MxCx),Summer Camps,Phrase match (close variant),None,0,2,0.00,0.00,OK,,Appears relevant
summer camp fencing,CM - Nonbranded - Geo Priorities (MxCx),Sports Camps,Phrase match (close variant),None,1,2,0.82,0.00,OK,,Appears relevant
old westbury camp,CM - Nonbranded - Geo Priorities (MxCx),Summer Camps,Exact match (close variant),Added,0,7,0.00,0.00,OK,,Appears relevant
camp jericho,CM - Nonbranded - Geo Priorities (MxCx),Summer Camps,Phrase match (close variant),None,0,2,0.00,0.00,OK,,Appears relevant
robotics camp long island,CM - Nonbranded - Geo Priorities (MxCx),Summer Camps,Phrase match (close variant),None,1,2,1.79,0.00,OK,,Appears relevant
garden city pool camp,CM - Nonbranded - Geo Priorities (MxCx),Summer Camps,Phrase match (close variant),None,0,2,0.00,0.00,OK,,Appears relevant
greenburgh camp,CM - Nonbranded - Geo Priorities (MxCx),Summer Camps,Phrase match (close variant),None,0,1,0.00,0.00,OK,,Appears relevant
basketball summer camp long island,CM - Nonbranded - Geo Priorities (MxCx),Basketball Camp,Phrase match,None,0,2,0.00,0.00,OK,,Appears relevant
basketball camp westchester ny,CM - Nonbranded - Geo Priorities (MxCx),Basketball Camp,Phrase match,Added,0,0,0.00,0.00,OK,,Has converted - protected from negation
pierce camp roslyn,CM - Competitors - OldW - (Mx.Clicks),Competitors,Exact match (close variant),None,1,13,4.69,0.00,OK,,Competitor matched: 'pierce'
summer camp westchester,CM - Nonbranded - Other Geos (MxConv),Tennis Camps,Broad match,None,0,3,0.00,0.00,OK,,Appears relevant
points of sail,CM - pMax - Portland (MxConv),--,Performance Max,None,0,1,0.00,0.00,OK,,Appears relevant for Portland market
best size tennis racket for 6 year old,CM - pMax - Portland (MxConv),--,Performance Max,None,1,2,0.49,0.00,OK,,Appears relevant for Portland market
cheverus summer camp 2026,CM - pMax - Portland (MxConv),--,Performance Max,None,0,1,0.00,0.00,OK,,Appears relevant for Portland market
longwood soccer camp,CM - pMax - Portland (MxConv),--,Performance Max,None,0,0,0.00,0.00,OK,,Appears relevant for Portland market
free summer camps queens,CM - pMax - Portland (MxConv),--,Performance Max,None,0,0,0.00,0.00,OK,,Appears relevant for Portland market
softball camp,CM - pMax - Portland (MxConv),--,Performance Max,None,0,0,0.00,0.00,OK,,Appears relevant for Portland market
kids horse riding near me,CM - pMax - Portland (MxConv),--,Performance Max,None,0,0,0.00,0.00,OK,,Appears relevant for Portland market
brewstew camp,CM - pMax - Portland (MxConv),--,Performance Max,None,0,0,0.00,0.00,OK,,Appears relevant for Portland market
summer volleyball camps near me,CM - pMax - Portland (MxConv),--,Performance Max,None,0,0,0.00,0.00,OK,,Appears relevant for Portland market
crestwood day camp,CM - pMax - Portland (MxConv),--,Performance Max,None,0,0,0.00,0.00,OK,,Appears relevant for Portland market
things to do near me today with kids,CM - pMax - Portland (MxConv),--,Performance Max,None,0,0,0.00,0.00,OK,,Appears relevant for Portland market
volleyball brentwood,CM - pMax - Portland (MxConv),--,Performance Max,None,0,0,0.00,0.00,OK,,Appears relevant for Portland market
como aprender a batear beisbol,CM - pMax - Portland (MxConv),--,Performance Max,None,0,0,0.00,0.00,OK,,Appears relevant for Portland market
youth academy near me,CM - pMax - Portland (MxConv),--,Performance Max,None,0,0,0.00,0.00,OK,,Appears relevant for Portland market
kids volleyball,CM - pMax - Portland (MxConv),--,Performance Max,None,0,0,0.00,0.00,OK,,Appears relevant for Portland market
rafa tennis camp,CM - Nonbranded - Other Geos (MxConv),Tennis Camps,Phrase match,None,0,1,0.00,0.00,OK,,Appears relevant
nfl youth football camps 2026,CM - Nonbranded - Other Geos (MxConv),Football Camps,Phrase match,None,0,1,0.00,0.00,OK,,Appears relevant
tyler kolek basketball camp,CM - Nonbranded - Other Geos (MxConv),Basketball Camp,Phrase match,None,0,1,0.00,0.00,OK,,Appears relevant
football camp westchester ny,CM - Nonbranded - Other Geos (MxConv),Football Camps,Phrase match,None,0,0,0.00,0.00,OK,,Appears relevant
basketball coaching near me,CM - Non Brand - PMax,--,Performance Max,None,0,1,0.00,0.00,OK,,Appears relevant for Portland market
star summer camp,CM - Non Brand - PMax,--,Performance Max,None,0,1,0.00,0.00,OK,,Appears relevant for Portland market
camp harlam,CM - Non Brand - PMax,--,Performance Max,None,0,3,0.00,0.00,OK,,Appears relevant for Portland market
boundless adventures camp,CM - Non Brand - PMax,--,Performance Max,None,0,2,0.00,0.00,OK,,Appears relevant for Portland market
summer camp westhampton beach,CM - Non Brand - PMax,--,Performance Max,None,0,2,0.00,0.00,OK,,Appears relevant for Portland market
golf kids lessons,CM - Non Brand - PMax,--,Performance Max,None,0,3,0.00,0.00,OK,,Appears relevant for Portland market
golf summer camp near me,CM - Nonbranded - Geo Priorities (MxCx),Summer Camps,Phrase match,None,0,1,0.00,0.00,OK,,Appears relevant
camp oxford guilford,CM - Nonbranded - Geo Priorities (MxCx),Summer Camps,Phrase match (close variant),None,0,1,0.00,0.00,OK,,Appears relevant
soccer summer near me,CM - Nonbranded - Geo Priorities (MxCx),Soccer Camps,Exact match (close variant),None,0,1,0.00,0.00,OK,,Appears relevant
parkour summer camp,CM - Nonbranded - Geo Priorities (MxCx),Summer Camps,Phrase match (close variant),None,0,1,0.00,0.00,OK,,Appears relevant
volleyball rec near me,CM - Nonbranded - Geo Priorities (MxCx),Volleyball Camps,Phrase match (close variant),None,0,2,0.00,0.00,OK,,Appears relevant
sachem summer camp 2026,CM - Nonbranded - Geo Priorities (MxCx),Summer Camps,Phrase match,None,0,2,0.00,0.00,OK,,Appears relevant
summer sports camp,CM - Nonbranded - Geo Priorities (MxCx),Sports Camps,Exact match (close variant),Added,0,4,0.00,0.00,OK,,Appears relevant
go away camp,CM - Nonbranded - Geo Priorities (MxCx),Summer Camps,Phrase match (close variant),None,0,2,0.00,0.00,OK,,Appears relevant
waverly summer camp,CM - Nonbranded - Geo Priorities (MxCx),Summer Camps,Phrase match (close variant),None,1,1,2.18,0.00,OK,,Appears relevant
volleyball courses near me,CM - Nonbranded - Geo Priorities (MxCx),Volleyball Camps,Exact match (close variant),None,2,3,5.71,0.00,OK,,Appears relevant
summer basketball long island,CM - Nonbranded - Geo Priorities (MxCx),Basketball Camp,Exact match (close variant),None,0,4,0.00,0.00,OK,,Appears relevant
montessori school summer camp near me,CM - Nonbranded - Geo Priorities (MxCx),Summer Camps,Phrase match (close variant),None,1,2,1.40,0.00,OK,,Appears relevant
lacrosse camps summer 2026 near me,CM - Nonbranded - Geo Priorities (MxCx),Lacrosse Camps,Phrase match,None,0,2,0.00,0.00,OK,,Appears relevant
summer programs for kids in long island,CM - Nonbranded - Geo Priorities (MxCx),Summer Camps,Exact match (close variant),None,0,1,0.00,0.00,OK,,Appears relevant
summer camp for 13 year olds near me,CM - Nonbranded - Geo Priorities (MxCx),Summer Camps,Phrase match,None,0,1,0.00,0.00,OK,,Appears relevant
camp for kids summer,CM - Nonbranded - Geo Priorities (MxCx),Summer Camps,Exact match (close variant),None,0,2,0.00,0.00,OK,,Appears relevant
soccer for summer near me,CM - Nonbranded - Geo Priorities (MxCx),Summer Camps,Phrase match (close variant),None,0,1,0.00,0.00,OK,,Appears relevant
summer volleyball camps 2025,CM - Nonbranded - Geo Priorities (MxCx),Volleyball Camps,Phrase match,None,0,0,0.00,0.00,OK,,Appears relevant
tennis westhampton,CM - Nonbranded - Other Geos (MxConv),Tennis Camps,Broad match,None,0,1,0.00,0.00,OK,,Appears relevant
summer camps near me,CM - Nonbranded - Other Geos (MxConv),Tennis Camps,Broad match,None,0,1,0.00,0.00,OK,,Has converted - protected from negation
summer camp farmingdale,CM - Nonbranded - Other Geos (MxConv),Summer Camps,Phrase match,None,0,0,0.00,0.00,OK,,Appears relevant
summer camp options near me,CM - pMax - Portland (MxConv),--,Performance Max,None,0,0,0.00,0.00,OK,,Appears relevant for Portland market
summer basketball camps near me,CM - pMax - Portland (MxConv),--,Performance Max,None,0,0,0.00,0.00,OK,,Appears relevant for Portland market
volleyball summer camp 2025 near me,CM - pMax - Portland (MxConv),--,Performance Max,None,0,0,0.00,0.00,OK,,Appears relevant for Portland market
summer youth orientation,CM - pMax - Portland (MxConv),--,Performance Max,None,0,0,0.00,0.00,OK,,Appears relevant for Portland market
sportime summer camp,CM - pMax - Portland (MxConv),--,Performance Max,None,0,0,0.00,0.00,OK,,Appears relevant for Portland market
soccer camp for toddlers near me,CM - pMax - Portland (MxConv),--,Performance Max,None,0,0,0.00,0.00,OK,,Appears relevant for Portland market
usdan camp,CM - pMax - Portland (MxConv),--,Performance Max,None,0,0,0.00,0.00,OK,,Appears relevant for Portland market
mad science near me,CM - Non Brand - PMax,--,Performance Max,None,0,1,0.00,0.00,OK,,Appears relevant for Portland market
cyo soccer near me,CM - Non Brand - PMax,--,Performance Max,None,0,1,0.00,0.00,OK,,Appears relevant for Portland market
ymca patchogue summer camp,CM - Non Brand - PMax,--,Performance Max,None,0,1,0.00,0.00,OK,,Appears relevant for Portland market
attractions near me,CM - Non Brand - PMax,--,Performance Max,None,1,5,0.31,0.00,OK,,Appears relevant for Portland market
camp chen a wanda,CM - Non Brand - PMax,--,Performance Max,None,0,1,0.00,0.00,OK,,Appears relevant for Portland market
summer basketball camp,CM - Non Brand - PMax,--,Performance Max,None,0,1,0.00,0.00,OK,,Appears relevant for Portland market
softball near me,CM - Non Brand - PMax,--,Performance Max,None,0,2,0.00,0.00,OK,,Appears relevant for Portland market
volleyball programs near me,CM - Nonbranded - Geo Priorities (MxCx),Volleyball Camps,Exact match,Added,0,2,0.00,0.00,OK,,Appears relevant
summer soccer camps,CM - Nonbranded - Geo Priorities (MxCx),Soccer Camps,Phrase match (close variant),None,0,1,0.00,0.00,OK,,Appears relevant
art camp for kids near me,CM - Nonbranded - Geo Priorities (MxCx),Summer Camps,Phrase match,None,1,7,2.90,0.00,OK,,Appears relevant
park camp,CM - Nonbranded - Geo Priorities (MxCx),Summer Camps,Phrase match (close variant),None,0,3,0.00,0.00,OK,,Appears relevant
coleman country day camp freeport,CM - Nonbranded - Geo Priorities (MxCx),Summer Camps,Phrase match (close variant),None,0,1,0.00,0.00,OK,,Appears relevant
summer camp for kids,CM - Nonbranded - Geo Priorities (MxCx),Summer Camps,Exact match (close variant),Added,1,18,2.95,0.00,OK,,Appears relevant
summer athletic camps near me,CM - Nonbranded - Geo Priorities (MxCx),Sports Camps,Phrase match (close variant),None,0,1,0.00,0.00,OK,,Appears relevant
basketball camps westchester,CM - Nonbranded - Geo Priorities (MxCx),Basketball Camp,Phrase match,None,0,1,0.00,0.00,OK,,Appears relevant
summer sports camps for kids,CM - Nonbranded - Geo Priorities (MxCx),Sports Camps,Phrase match,None,0,1,0.00,0.00,OK,,Appears relevant
pierce camp long island,CM - Nonbranded - Geo Priorities (MxCx),Summer Camps,Phrase match (close variant),None,0,1,0.00,0.00,OK,,Appears relevant
merrick woods summer camp,CM - Nonbranded - Geo Priorities (MxCx),Summer Camps,Phrase match (close variant),None,0,1,0.00,0.00,OK,,Appears relevant
day campos,CM - Nonbranded - Geo Priorities (MxCx),Summer Camps,Exact match (close variant),None,0,2,0.00,0.00,OK,,Appears relevant
camps near me for summer near me,CM - Nonbranded - Geo Priorities (MxCx),Summer Camps,Exact match (close variant),None,0,1,0.00,0.00,OK,,Appears relevant
all american summer camp,CM - Nonbranded - Geo Priorities (MxCx),Summer Camps,Phrase match,None,0,2,0.00,0.00,OK,,Appears relevant
top summer camps,CM - Nonbranded - Geo Priorities (MxCx),Soccer Camps,Phrase match (close variant),None,0,1,0.00,0.00,OK,,Appears relevant
revolution volleyball camp,CM - Nonbranded - Geo Priorities (MxCx),Volleyball Camps,Phrase match,None,0,1,0.00,0.00,OK,,Appears relevant
summer camp suffolk county,CM - Nonbranded - Geo Priorities (MxCx),Summer Camps,Phrase match (close variant),None,0,1,0.00,0.00,OK,,Appears relevant
children's camp near me,CM - Nonbranded - Geo Priorities (MxCx),Summer Camps,Exact match (close variant),None,0,1,0.00,0.00,OK,,Appears relevant
camps for 10 year olds,CM - Nonbranded - Geo Priorities (MxCx),Summer Camps,Phrase match (close variant),None,1,2,2.91,0.00,OK,,Appears relevant
gold medal gymnastics camp,CM - Nonbranded - Geo Priorities (MxCx),Summer Camps,Phrase match (close variant),None,0,1,0.00,0.00,OK,,Appears relevant
crossfit camp near me,CM - Nonbranded - Geo Priorities (MxCx),Sports Camps,Phrase match (close variant),None,0,0,0.00,0.00,OK,,Appears relevant
fernwood cove,CM - pMax - Portland (MxConv),--,Performance Max,None,0,1,0.00,0.00,OK,,Appears relevant for Portland market
camp flagship 2026,CM - pMax - Portland (MxConv),--,Performance Max,None,0,1,0.00,0.00,OK,,Appears relevant for Portland market
kid lunch ideas,CM - pMax - Portland (MxConv),--,Performance Max,None,1,1,0.71,0.00,OK,,Appears relevant for Portland market
ross camp hamptons,CM - pMax - Portland (MxConv),--,Performance Max,None,0,0,0.00,0.00,OK,,Appears relevant for Portland market
ivy league camp,CM - pMax - Portland (MxConv),--,Performance Max,None,0,0,0.00,0.00,OK,,Appears relevant for Portland market
flag football near me for girl,CM - pMax - Portland (MxConv),--,Performance Max,None,0,0,0.00,0.00,OK,,Appears relevant for Portland market
summer football camps 2025,CM - pMax - Portland (MxConv),--,Performance Max,None,0,0,0.00,0.00,OK,,Appears relevant for Portland market
nyc soccer academy,CM - pMax - Portland (MxConv),--,Performance Max,None,0,0,0.00,0.00,OK,,Appears relevant for Portland market
free camps near me,CM - pMax - Portland (MxConv),--,Performance Max,None,0,0,0.00,0.00,OK,,Appears relevant for Portland market
football classes for kids near me,CM - pMax - Portland (MxConv),--,Performance Max,None,0,0,0.00,0.00,OK,,Appears relevant for Portland market
camp rays yonkers,CM - pMax - Portland (MxConv),--,Performance Max,None,0,0,0.00,0.00,OK,,Appears relevant for Portland market
drama camps near me,CM - pMax - Portland (MxConv),--,Performance Max,None,0,0,0.00,0.00,OK,,Appears relevant for Portland market
get ready with me for cheer,CM - pMax - Portland (MxConv),--,Performance Max,None,0,0,0.00,0.00,OK,,Appears relevant for Portland market
summer youth softball,CM - pMax - Portland (MxConv),--,Performance Max,None,0,0,0.00,0.00,OK,,Appears relevant for Portland market
iq lacrosse,CM - pMax - Portland (MxConv),--,Performance Max,None,0,0,0.00,0.00,OK,,Appears relevant for Portland market
volleyball camp for girls,CM - pMax - Portland (MxConv),--,Performance Max,None,0,0,0.00,0.00,OK,,Appears relevant for Portland market
girls basketball leagues near me,CM - Non Brand - PMax,--,Performance Max,None,0,1,0.00,0.00,OK,,Appears relevant for Portland market
ymca sports camps,CM - Non Brand - PMax,--,Performance Max,None,0,2,0.00,0.00,OK,,Appears relevant for Portland market
westchester swim teams,CM - Non Brand - PMax,--,Performance Max,None,0,1,0.00,0.00,OK,,Appears relevant for Portland market
theatre classes for kids near me,CM - Non Brand - PMax,--,Performance Max,None,0,1,0.00,0.00,OK,,Appears relevant for Portland market
summer camps white plains,CM - Non Brand - PMax,--,Performance Max,None,0,1,0.00,0.00,OK,,Appears relevant for Portland market
kid baseball,CM - Non Brand - PMax,--,Performance Max,None,0,1,0.00,0.00,OK,,Appears relevant for Portland market
white plains basketball camp,CM - Non Brand - PMax,--,Performance Max,None,0,1,0.00,0.00,OK,,Appears relevant for Portland market
fast camp port washington,CM - Non Brand - PMax,--,Performance Max,None,0,1,0.00,0.00,OK,,Appears relevant for Portland market
basketball training,CM - Non Brand - PMax,--,Performance Max,None,0,2,0.00,0.00,OK,,Appears relevant for Portland market
lindenhurst soccer club,CM - Non Brand - PMax,--,Performance Max,None,0,1,0.00,0.00,OK,,Appears relevant for Portland market
camp for kids near me,CM - Nonbranded - Geo Priorities (MxCx),Summer Camps,Exact match (close variant),None,0,3,0.00,0.00,OK,,Appears relevant
swimming summer camp,CM - Nonbranded - Geo Priorities (MxCx),Summer Camps,Phrase match,None,1,3,2.85,0.00,OK,,Appears relevant
long island summer camp,CM - Nonbranded - Geo Priorities (MxCx),Summer Camps,Phrase match,Added,0,1,0.00,0.00,OK,,Appears relevant
basketball camps near me for kids,CM - Nonbranded - Geo Priorities (MxCx),Basketball Camp,Phrase match,None,0,1,0.00,0.00,OK,,Appears relevant
summer camps valley stream,CM - Nonbranded - Geo Priorities (MxCx),Summer Camps,Phrase match,None,0,4,0.00,0.00,OK,,Appears relevant
basketball summer camps new york,CM - Nonbranded - Geo Priorities (MxCx),Basketball Camp,Phrase match,None,0,1,0.00,0.00,OK,,Appears relevant
summer camp 4 years old,CM - Nonbranded - Geo Priorities (MxCx),Summer Camps,Phrase match (close variant),None,0,1,0.00,0.00,OK,,Appears relevant
st francis summer camp 2026,CM - Nonbranded - Geo Priorities (MxCx),Summer Camps,Phrase match,None,0,1,0.00,0.00,OK,,Appears relevant
summer gymnastics,CM - Nonbranded - Geo Priorities (MxCx),Summer Camps,Phrase match (close variant),None,0,2,0.00,0.00,OK,,Appears relevant
westhampton tennis,CM - Nonbranded - Other Geos (MxConv),Tennis Camps,Broad match,None,1,3,2.55,0.00,OK,,Appears relevant
northport summer camp,CM - Nonbranded - Other Geos (MxConv),Tennis Camps,Broad match,None,0,2,0.00,0.00,OK,,Appears relevant
baseball camp westchester,CM - Nonbranded - Other Geos (MxConv),Baseball Camps,Phrase match (close variant),None,1,3,10.15,0.00,OK,,Appears relevant
tennis camp 5 year old,CM - Nonbranded - Other Geos (MxConv),Tennis Camps,Phrase match,None,0,3,0.00,0.00,OK,,Appears relevant
usa sports camps,CM - Nonbranded - Other Geos (MxConv),Tennis Camps,Broad match,None,0,1,0.00,0.00,OK,,Appears relevant
summer camp southampton,CM - Nonbranded - Other Geos (MxConv),Summer Camps,Exact match (close variant),None,0,0,0.00,0.00,OK,,Appears relevant
camp ketcha maine,CM - pMax - Portland (MxConv),--,Performance Max,None,0,5,0.00,0.00,OK,,Appears relevant for Portland market
ta basketball camp,CM - pMax - Portland (MxConv),--,Performance Max,None,0,1,0.00,0.00,OK,,Appears relevant for Portland market
girls basketball camp 2026,CM - pMax - Portland (MxConv),--,Performance Max,None,0,1,0.00,0.00,OK,,Appears relevant for Portland market
fc stars soccer camp,CM - pMax - Portland (MxConv),--,Performance Max,None,1,1,3.91,0.00,OK,,Appears relevant for Portland market
our savior basketball camp,CM - pMax - Portland (MxConv),--,Performance Max,None,0,0,0.00,0.00,OK,,Appears relevant for Portland market
connecticut camp,CM - pMax - Portland (MxConv),--,Performance Max,None,0,0,0.00,0.00,OK,,Appears relevant for Portland market
campamentos de verano cerca de mi,CM - pMax - Portland (MxConv),--,Performance Max,None,0,0,0.00,0.00,OK,,Appears relevant for Portland market
tackle football youth,CM - pMax - Portland (MxConv),--,Performance Max,None,0,0,0.00,0.00,OK,,Appears relevant for Portland market
red zone flag football,CM - pMax - Portland (MxConv),--,Performance Max,None,0,0,0.00,0.00,OK,,Appears relevant for Portland market
summer camp ymca,CM - pMax - Portland (MxConv),--,Performance Max,None,0,0,0.00,0.00,OK,,Appears relevant for Portland market
2way lacrosse 2028,CM - pMax - Portland (MxConv),--,Performance Max,None,0,0,0.00,0.00,OK,,Appears relevant for Portland market
golf camp kids,CM - pMax - Portland (MxConv),--,Performance Max,None,0,0,0.00,0.00,OK,,Appears relevant for Portland market
football camps,CM - pMax - Portland (MxConv),--,Performance Max,None,0,0,0.00,0.00,OK,,Has converted - protected from negation
rising stars summer camp,CM - pMax - Portland (MxConv),--,Performance Max,None,0,0,0.00,0.00,OK,,Appears relevant for Portland market
soccer for kids near me,CM - pMax - Portland (MxConv),--,Performance Max,None,0,0,0.00,0.00,OK,,Appears relevant for Portland market
cheerleading gyms near me,CM - pMax - Portland (MxConv),--,Performance Max,None,0,0,0.00,0.00,OK,,Appears relevant for Portland market
kids stretching,CM - pMax - Portland (MxConv),--,Performance Max,None,0,0,0.00,0.00,OK,,Appears relevant for Portland market
north fork campground,CM - pMax - Portland (MxConv),--,Performance Max,None,0,0,0.00,0.00,OK,,Appears relevant for Portland market
chess classes near me,CM - pMax - Portland (MxConv),--,Performance Max,None,0,0,0.00,0.00,OK,,Appears relevant for Portland market
heroy summer camp,CM - pMax - Portland (MxConv),--,Performance Max,None,0,0,0.00,0.00,OK,,Appears relevant for Portland market
things to do with kids,CM - Non Brand - PMax,--,Performance Max,None,0,1,0.00,0.00,OK,,Appears relevant for Portland market
horse clubs,CM - Non Brand - PMax,--,Performance Max,None,0,2,0.00,0.00,OK,,Appears relevant for Portland market
st lukes camp,CM - Non Brand - PMax,--,Performance Max,None,0,1,0.00,0.00,OK,,Appears relevant for Portland market
summer camps for teens,CM - Non Brand - PMax,--,Performance Max,None,0,1,0.00,0.00,OK,,Appears relevant for Portland market
swimming classes near me,CM - Non Brand - PMax,--,Performance Max,None,0,1,0.00,0.00,OK,,Appears relevant for Portland market
free day camps near me,CM - Non Brand - PMax,--,Performance Max,None,0,1,0.00,0.00,OK,,Appears relevant for Portland market
ballet westchester,CM - Non Brand - PMax,--,Performance Max,None,0,1,0.00,0.00,OK,,Appears relevant for Portland market
baseball clinics,CM - Non Brand - PMax,--,Performance Max,None,0,3,0.00,0.00,OK,,Appears relevant for Portland market
volleyball camp long island,CM - Nonbranded - Geo Priorities (MxCx),Summer Camps,Phrase match (close variant),None,1,10,2.11,0.00,OK,,Appears relevant
summer programs teens,CM - Nonbranded - Geo Priorities (MxCx),Summer Camps,Phrase match (close variant),None,0,2,0.00,0.00,OK,,Appears relevant
laurel hill camp setauket,CM - Nonbranded - Geo Priorities (MxCx),Summer Camps,Phrase match (close variant),None,0,2,0.00,0.00,OK,,Appears relevant
teen basketball camps near me,CM - Nonbranded - Geo Priorities (MxCx),Basketball Camp,Exact match (close variant),None,0,1,0.00,0.00,OK,,Appears relevant
soccer summer programs,CM - Nonbranded - Geo Priorities (MxCx),Soccer Camps,Exact match (close variant),None,0,2,0.00,0.00,OK,,Appears relevant
football camp long island ny,CM - Nonbranded - Geo Priorities (MxCx),Summer Camps,Phrase match (close variant),None,1,2,1.68,0.00,OK,,Appears relevant
girls summer volleyball camps near me,CM - Nonbranded - Geo Priorities (MxCx),Volleyball Camps,Phrase match (close variant),None,0,1,0.00,0.00,OK,,Appears relevant
summer volleyball camp,CM - Nonbranded - Geo Priorities (MxCx),Volleyball Camps,Exact match (close variant),None,0,2,0.00,0.00,OK,,Appears relevant
port jefferson summer camp,CM - Nonbranded - Geo Priorities (MxCx),Summer Camps,Phrase match,None,0,2,0.00,0.00,OK,,Appears relevant
summer camp hempstead ny,CM - Nonbranded - Geo Priorities (MxCx),Summer Camps,Phrase match (close variant),None,1,5,2.79,0.00,OK,,Appears relevant
mitchell pehlke lacrosse camp,CM - Nonbranded - Geo Priorities (MxCx),Lacrosse Camps,Phrase match (close variant),None,0,4,0.00,0.00,OK,,Appears relevant
swimming camp long island,CM - Nonbranded - Geo Priorities (MxCx),Sports Camps,Phrase match (close variant),None,0,1,0.00,0.00,OK,,Appears relevant
summer camp in suffolk county ny,CM - Nonbranded - Geo Priorities (MxCx),Soccer Camps,Phrase match (close variant),None,0,0,0.00,0.00,OK,,Appears relevant
volleyball for 9 year old near me,CM - Nonbranded - Geo Priorities (MxCx),Volleyball Camps,Phrase match (close variant),None,0,0,0.00,0.00,OK,,Appears relevant
tennis camp southampton,CM - Nonbranded - Other Geos (MxConv),Tennis Camps,Phrase match,None,0,3,0.00,0.00,OK,,Appears relevant
my tennis com,CM - Nonbranded - Other Geos (MxConv),Tennis Camps,Broad match,None,0,1,0.00,0.00,OK,,Appears relevant
long island health and racquet,CM - Nonbranded - Other Geos (MxConv),Tennis Camps,Broad match,None,0,2,0.00,0.00,OK,,Appears relevant
sportime camp quogue,CM - pMax - Portland (MxConv),--,Performance Max,None,0,0,0.00,0.00,OK,,Appears relevant for Portland market
softball,CM - pMax - Portland (MxConv),--,Performance Max,None,0,0,0.00,0.00,OK,,Appears relevant for Portland market
mega sports camp,CM - pMax - Portland (MxConv),--,Performance Max,None,0,0,0.00,0.00,OK,,Appears relevant for Portland market
youth volleyball near me for 12 year olds,CM - pMax - Portland (MxConv),--,Performance Max,None,0,0,0.00,0.00,OK,,Appears relevant for Portland market
south shore day camp,CM - pMax - Portland (MxConv),--,Performance Max,None,0,0,0.00,0.00,OK,,Appears relevant for Portland market
pac cheer,CM - pMax - Portland (MxConv),--,Performance Max,None,0,0,0.00,0.00,OK,,Appears relevant for Portland market
corey the dribbler,CM - pMax - Portland (MxConv),--,Performance Max,None,0,0,0.00,0.00,OK,,Appears relevant for Portland market
stony brook camp,CM - pMax - Portland (MxConv),--,Performance Max,None,0,0,0.00,0.00,OK,,Appears relevant for Portland market
golf camps for kids near me,CM - pMax - Portland (MxConv),--,Performance Max,None,0,0,0.00,0.00,OK,,Appears relevant for Portland market
zeke camp,CM - pMax - Portland (MxConv),--,Performance Max,None,0,0,0.00,0.00,OK,,Appears relevant for Portland market
day camp near me,CM - pMax - Portland (MxConv),--,Performance Max,None,0,0,0.00,0.00,OK,,Appears relevant for Portland market
liu post summer camp,CM - pMax - Portland (MxConv),--,Performance Max,None,0,0,0.00,0.00,OK,,Appears relevant for Portland market
academia de basketball cerca de mi,CM - Non Brand - PMax,--,Performance Max,None,0,1,0.00,0.00,OK,,Appears relevant for Portland market
girls overnight summer camp,CM - Non Brand - PMax,--,Performance Max,None,0,1,0.00,0.00,OK,,Appears relevant for Portland market
things to do near me for kids,CM - Non Brand - PMax,--,Performance Max,None,0,1,0.00,0.00,OK,,Appears relevant for Portland market
cheer camp,CM - Nonbranded - Geo Priorities (MxCx),Sports Camps,Phrase match (close variant),None,1,10,1.12,0.00,OK,,Appears relevant
summer school in long island,CM - Nonbranded - Geo Priorities (MxCx),Summer Camps,Exact match (close variant),None,0,1,0.00,0.00,OK,,Appears relevant
hofstra lacrosse camp,CM - Nonbranded - Geo Priorities (MxCx),Lacrosse Camps,Phrase match (close variant),None,0,3,0.00,0.00,OK,,Appears relevant
summer camps in nassau county,CM - Nonbranded - Geo Priorities (MxCx),Summer Camps,Phrase match (close variant),None,0,1,0.00,0.00,OK,,Appears relevant
mcdonogh summer camps,CM - Nonbranded - Geo Priorities (MxCx),Soccer Camps,Phrase match (close variant),None,0,1,0.00,0.00,OK,,Appears relevant
future star summer camp,CM - Branded (Mx.Clicks),Future Stars Camp Brand,Exact match (close variant),None,5,9,11.13,1.00,OK,,Has converted - protected from negation
future stars day camps,CM - Branded (Mx.Clicks),Future Stars Camp Brand,Exact match (close variant),None,0,0,0.00,0.00,OK,,Brand term matched: 'future stars'
iroquois summer camp,CM - Nonbranded - Geo Priorities (MxCx),Summer Camps,Phrase match,None,0,1,0.00,0.00,OK,,Appears relevant
herricks summer camp 2026,CM - Nonbranded - Geo Priorities (MxCx),Summer Camps,Phrase match (close variant),None,0,1,0.00,0.00,OK,,Appears relevant
olss summer camp,CM - Nonbranded - Geo Priorities (MxCx),Sports Camps,Phrase match (close variant),None,0,2,0.00,0.00,OK,,Appears relevant
nassau county summer camps,CM - Nonbranded - Geo Priorities (MxCx),Summer Camps,Phrase match,None,0,5,0.00,0.00,OK,,Appears relevant
cheer camp long island,CM - Nonbranded - Geo Priorities (MxCx),Summer Camps,Phrase match (close variant),None,0,2,0.00,0.00,OK,,Appears relevant
best summer camps in america,CM - Nonbranded - Geo Priorities (MxCx),Summer Camps,Phrase match (close variant),None,0,1,0.00,0.00,OK,,Appears relevant
goalkeeper soccer camps,CM - Nonbranded - Geo Priorities (MxCx),Soccer Camps,Phrase match,None,0,3,0.00,0.00,OK,,Appears relevant
spellman summer camp,CM - Nonbranded - Geo Priorities (MxCx),Summer Camps,Phrase match,None,0,2,0.00,0.00,OK,,Appears relevant
st joes camp,CM - Nonbranded - Geo Priorities (MxCx),Sports Camps,Phrase match (close variant),None,0,0,0.00,0.00,OK,,Appears relevant
summer camps suffolk county ny,CM - Nonbranded - Geo Priorities (MxCx),Soccer Camps,Phrase match (close variant),None,0,0,0.00,0.00,OK,,Appears relevant
red storm basketball camp,CM - Nonbranded - Other Geos (MxConv),Basketball Camp,Phrase match,None,0,1,0.00,0.00,OK,,Appears relevant
volleyball 4th grade near me,CM - Nonbranded - Other Geos (MxConv),Volleyball Camps,Phrase match (close variant),None,0,0,0.00,0.00,OK,,Appears relevant
basketball camps near me,CM - pMax - Portland (MxConv),--,Performance Max,None,0,1,0.00,0.00,OK,,Appears relevant for Portland market
summer volleyball clinics,CM - pMax - Portland (MxConv),--,Performance Max,None,0,1,0.00,0.00,OK,,Appears relevant for Portland market
cooper and ace flagg basketball camp,CM - pMax - Portland (MxConv),--,Performance Max,None,1,2,3.19,0.00,OK,,Appears relevant for Portland market
bright star camp,CM - pMax - Portland (MxConv),--,Performance Max,None,0,0,0.00,0.00,OK,,Appears relevant for Portland market
summer camp stamford ct,CM - pMax - Portland (MxConv),--,Performance Max,None,0,0,0.00,0.00,OK,,Appears relevant for Portland market
queens college soccer camp,CM - pMax - Portland (MxConv),--,Performance Max,None,0,0,0.00,0.00,OK,,Appears relevant for Portland market
youth flag football,CM - pMax - Portland (MxConv),--,Performance Max,None,0,0,0.00,0.00,OK,,Appears relevant for Portland market
cooper baseball camp,CM - pMax - Portland (MxConv),--,Performance Max,None,0,0,0.00,0.00,OK,,Appears relevant for Portland market
youth summer baseball camps near me,CM - pMax - Portland (MxConv),--,Performance Max,None,0,0,0.00,0.00,OK,,Appears relevant for Portland market
camp ihc,CM - pMax - Portland (MxConv),--,Performance Max,None,0,0,0.00,0.00,OK,,Appears relevant for Portland market
basketball league for 5 year olds,CM - pMax - Portland (MxConv),--,Performance Max,None,0,0,0.00,0.00,OK,,Appears relevant for Portland market
4 year old cheerleading near me,CM - pMax - Portland (MxConv),--,Performance Max,None,0,0,0.00,0.00,OK,,Appears relevant for Portland market
st john's volleyball camp,CM - pMax - Portland (MxConv),--,Performance Max,None,0,0,0.00,0.00,OK,,Appears relevant for Portland market
squash camps near me,CM - pMax - Portland (MxConv),--,Performance Max,None,0,0,0.00,0.00,OK,,Appears relevant for Portland market
pga summer camp,CM - pMax - Portland (MxConv),--,Performance Max,None,0,0,0.00,0.00,OK,,Appears relevant for Portland market
volleyball clubs,CM - Non Brand - PMax,--,Performance Max,None,0,2,0.00,0.00,OK,,Appears relevant for Portland market
basketball private lessons,CM - Non Brand - PMax,--,Performance Max,None,0,3,0.00,0.00,OK,,Appears relevant for Portland market
aerial near me,CM - Non Brand - PMax,--,Performance Max,None,0,1,0.00,0.00,OK,,Appears relevant for Portland market
camps for kids near me,CM - Non Brand - PMax,--,Performance Max,None,0,1,0.00,0.00,OK,,Appears relevant for Portland market
xtreme dance,CM - Non Brand - PMax,--,Performance Max,None,0,1,0.00,0.00,OK,,Appears relevant for Portland market
adventures near me,CM - Non Brand - PMax,--,Performance Max,None,0,3,0.00,0.00,OK,,Appears relevant for Portland market
camp summit,CM - Nonbranded - Geo Priorities (MxCx),Summer Camps,Phrase match (close variant),None,0,4,0.00,0.00,OK,,Appears relevant
teens camp near me,CM - Nonbranded - Geo Priorities (MxCx),Summer Camps,Phrase match (close variant),None,1,3,2.11,0.00,OK,,Appears relevant
wildcat summer camp 2026,CM - Nonbranded - Geo Priorities (MxCx),Summer Camps,Phrase match,None,0,1,0.00,0.00,OK,,Appears relevant
kidscamp,CM - Nonbranded - Geo Priorities (MxCx),Summer Camps,Phrase match (close variant),None,0,1,0.00,0.00,OK,,Appears relevant
july summer camps for kids,CM - Nonbranded - Geo Priorities (MxCx),Soccer Camps,Phrase match (close variant),None,0,1,0.00,0.00,OK,,Appears relevant
kids pickleball camp,CM - Nonbranded - Geo Priorities (MxCx),Summer Camps,Phrase match,None,0,1,0.00,0.00,OK,,Appears relevant
summer camps for 14 year olds,CM - Nonbranded - Geo Priorities (MxCx),Summer Camps,Phrase match,None,0,2,0.00,0.00,OK,,Appears relevant
spartans basketball camp,CM - Nonbranded - Geo Priorities (MxCx),Basketball Camp,Phrase match,None,1,2,3.46,0.00,OK,,Appears relevant
bolles summer camp 2026,CM - Nonbranded - Geo Priorities (MxCx),Summer Camps,Phrase match,None,0,2,0.00,0.00,OK,,Appears relevant
basketball camps for summer,CM - Nonbranded - Geo Priorities (MxCx),Basketball Camp,Exact match (close variant),None,0,3,0.00,0.00,OK,,Appears relevant
how much does summer camp usually cost,CM - Nonbranded - Geo Priorities (MxCx),Summer Camps,Phrase match,None,0,1,0.00,0.00,OK,,Appears relevant
babylon summer camp,CM - Nonbranded - Geo Priorities (MxCx),Summer Camps,Phrase match (close variant),None,0,3,0.00,0.00,OK,,Appears relevant
amityville summer camp,CM - Nonbranded - Geo Priorities (MxCx),Summer Camps,Phrase match,None,0,1,0.00,0.00,OK,,Appears relevant
mega camps football,CM - Nonbranded - Geo Priorities (MxCx),Football Camps,Phrase match,None,0,1,0.00,0.00,OK,,Appears relevant
long island summer baseball camps,CM - Nonbranded - Geo Priorities (MxCx),Summer Camps,Phrase match,None,0,1,0.00,0.00,OK,,Appears relevant
summer camps near me basketball,CM - Nonbranded - Geo Priorities (MxCx),Basketball Camp,Exact match (close variant),None,0,2,0.00,0.00,OK,,Appears relevant
buckley camp,CM - Competitors - OldW - (Mx.Clicks),Competitors,Exact match,Added,0,6,0.00,0.00,OK,,Competitor matched: 'buckley'
heat baseball summer camp,CM - Nonbranded - Other Geos (MxConv),Baseball Camps,Phrase match (close variant),None,0,2,0.00,0.00,OK,,Appears relevant
scarborough summer camps,CM - pMax - Portland (MxConv),--,Performance Max,None,0,1,0.00,0.00,OK,,Appears relevant for Portland market
size 5 soccer ball,CM - pMax - Portland (MxConv),--,Performance Max,None,0,1,0.00,0.00,OK,,Appears relevant for Portland market
summer camp maine,CM - pMax - Portland (MxConv),--,Performance Max,None,0,3,0.00,0.00,OK,,Appears relevant for Portland market
kids boot camp,CM - pMax - Portland (MxConv),--,Performance Max,None,0,0,0.00,0.00,OK,,Appears relevant for Portland market
volleyball clubs near me girls,CM - pMax - Portland (MxConv),--,Performance Max,None,0,0,0.00,0.00,OK,,Appears relevant for Portland market
st anthony's camp,CM - pMax - Portland (MxConv),--,Performance Max,None,0,0,0.00,0.00,OK,,Appears relevant for Portland market
girls basketball summer camp,CM - pMax - Portland (MxConv),--,Performance Max,None,0,0,0.00,0.00,OK,,Appears relevant for Portland market
basketball summer camp,CM - pMax - Portland (MxConv),--,Performance Max,None,0,0,0.00,0.00,OK,,Appears relevant for Portland market
camp emunah,CM - pMax - Portland (MxConv),--,Performance Max,None,0,0,0.00,0.00,OK,,Appears relevant for Portland market
farmingdale summer camp,CM - Nonbranded - Geo Priorities (MxCx),Summer Camps,Phrase match,Added,0,5,0.00,0.00,OK,,Appears relevant
best soccer summer camps near me,CM - Nonbranded - Geo Priorities (MxCx),Soccer Camps,Exact match (close variant),None,0,2,0.00,0.00,OK,,Appears relevant
volleyball summer camp near me,CM - Nonbranded - Geo Priorities (MxCx),Volleyball Camps,Exact match (close variant),None,0,2,0.00,0.00,OK,,Appears relevant
summer camp smithtown,CM - Nonbranded - Geo Priorities (MxCx),Summer Camps,Phrase match (close variant),None,0,2,0.00,0.00,OK,,Appears relevant
basketball summer camp,CM - Nonbranded - Geo Priorities (MxCx),Basketball Camp,Exact match (close variant),Added,0,2,0.00,0.00,OK,,Appears relevant
volleyball camp kids,CM - Nonbranded - Geo Priorities (MxCx),Volleyball Camps,Phrase match,None,1,1,0.75,0.00,OK,,Appears relevant
summer camp hicksville,CM - Nonbranded - Geo Priorities (MxCx),Summer Camps,Phrase match,None,0,3,0.00,0.00,OK,,Appears relevant
stanford volleyball camp,CM - Nonbranded - Geo Priorities (MxCx),Volleyball Camps,Phrase match,None,0,2,0.00,0.00,OK,,Appears relevant
basketball camp for kids near me,CM - Nonbranded - Geo Priorities (MxCx),Basketball Camp,Phrase match,None,0,3,0.00,0.00,OK,,Appears relevant
ymca summer camp patchogue,CM - Non Brand - PMax,--,Performance Max,None,0,2,0.00,0.00,OK,,Appears relevant for Portland market
british swim school,CM - Non Brand - PMax,--,Performance Max,None,0,6,0.00,0.00,OK,,Appears relevant for Portland market
summer soccer camps,CM - Non Brand - PMax,--,Performance Max,None,0,2,0.00,0.00,OK,,Appears relevant for Portland market
real madrid foundation soccer camps,CM - Non Brand - PMax,--,Performance Max,None,0,2,0.00,0.00,OK,,Appears relevant for Portland market
basketball for 5 year olds,CM - Non Brand - PMax,--,Performance Max,None,0,2,0.00,0.00,OK,,Appears relevant for Portland market
camprus,CM - Competitors - OldW - (Mx.Clicks),Competitors,Exact match (close variant),None,0,6,0.00,0.00,OK,,Competitor matched: 'camprus'
baseball camps,CM - Nonbranded - Other Geos (MxConv),Baseball Camps,Exact match (close variant),None,0,3,0.00,0.00,OK,,Appears relevant
kid camp near me,CM - Nonbranded - Other Geos (MxConv),Tennis Camps,Broad match,None,0,1,0.00,0.00,OK,,Appears relevant
westchester summer day camp,CM - Nonbranded - Other Geos (MxConv),Tennis Camps,Broad match,None,0,2,0.00,0.00,OK,,Appears relevant
basketball camps,CM - pMax - Portland (MxConv),--,Performance Max,None,0,3,0.00,0.00,OK,,Appears relevant for Portland market
portland parks and recreation summer camps,CM - pMax - Portland (MxConv),--,Performance Max,None,0,1,0.00,0.00,OK,,Appears relevant for Portland market
soccer teams near me for kids,CM - pMax - Portland (MxConv),--,Performance Max,None,0,0,0.00,0.00,OK,,Appears relevant for Portland market
seal circus,CM - pMax - Portland (MxConv),--,Performance Max,None,0,0,0.00,0.00,OK,,Appears relevant for Portland market
flag football,CM - pMax - Portland (MxConv),--,Performance Max,None,0,0,0.00,0.00,OK,,Appears relevant for Portland market
knicks basketball camp,CM - pMax - Portland (MxConv),--,Performance Max,None,0,0,0.00,0.00,OK,,Appears relevant for Portland market
lehman college summer camp,CM - pMax - Portland (MxConv),--,Performance Max,None,0,0,0.00,0.00,OK,,Appears relevant for Portland market
boys and girls club shelton ct,CM - pMax - Portland (MxConv),--,Performance Max,None,0,0,0.00,0.00,OK,,Appears relevant for Portland market
stars near me,CM - pMax - Portland (MxConv),--,Performance Max,None,0,0,0.00,0.00,OK,,Appears relevant for Portland market
lilegends,CM - pMax - Portland (MxConv),--,Performance Max,None,0,0,0.00,0.00,OK,,Appears relevant for Portland market
camp paquatuck,CM - pMax - Portland (MxConv),--,Performance Max,None,0,0,0.00,0.00,OK,,Appears relevant for Portland market
co op camp,CM - pMax - Portland (MxConv),--,Performance Max,None,0,0,0.00,0.00,OK,,Appears relevant for Portland market
horse boarding near me,CM - pMax - Portland (MxConv),--,Performance Max,None,0,0,0.00,0.00,OK,,Appears relevant for Portland market
cheerleading camp,CM - pMax - Portland (MxConv),--,Performance Max,None,0,0,0.00,0.00,OK,,Appears relevant for Portland market
hamptons kids activities,CM - pMax - Portland (MxConv),--,Performance Max,None,0,0,0.00,0.00,OK,,Appears relevant for Portland market
art camp near me for kids,CM - pMax - Portland (MxConv),--,Performance Max,None,0,0,0.00,0.00,OK,,Appears relevant for Portland market
liu summer camp,CM - Non Brand - PMax,--,Performance Max,None,0,2,0.00,0.00,OK,,Appears relevant for Portland market
basketball camp for high school,CM - Non Brand - PMax,--,Performance Max,None,1,2,2.60,0.00,OK,,Appears relevant for Portland market
soccer fields near me,CM - Non Brand - PMax,--,Performance Max,None,0,3,0.00,0.00,OK,,Appears relevant for Portland market
summer programs for kids,CM - Non Brand - PMax,--,Performance Max,None,0,1,0.00,0.00,OK,,Appears relevant for Portland market
kids summer camps,CM - Non Brand - PMax,--,Performance Max,None,0,2,0.00,0.00,OK,,Appears relevant for Portland market
horse camp kids,CM - Non Brand - PMax,--,Performance Max,None,0,3,0.00,0.00,OK,,Appears relevant for Portland market
freeport summer camp,CM - Nonbranded - Geo Priorities (MxCx),Summer Camps,Phrase match (close variant),None,0,1,0.00,0.00,OK,,Appears relevant
south shore camps east rockaway,CM - Nonbranded - Geo Priorities (MxCx),Summer Camps,Phrase match (close variant),None,0,1,0.00,0.00,OK,,Appears relevant
kinder ring camp,CM - Nonbranded - Geo Priorities (MxCx),Summer Camps,Phrase match (close variant),None,0,5,0.00,0.00,OK,,Appears relevant
1 summer camp,CM - Nonbranded - Geo Priorities (MxCx),Soccer Camps,Phrase match (close variant),None,0,1,0.00,0.00,OK,,Appears relevant
girls basketball camp,CM - Nonbranded - Geo Priorities (MxCx),Basketball Camp,Phrase match,None,0,4,0.00,0.00,OK,,Appears relevant
basketball camp for girls,CM - Nonbranded - Geo Priorities (MxCx),Basketball Camp,Phrase match,None,1,2,2.06,0.00,OK,,Appears relevant
nassau county camps,CM - Nonbranded - Geo Priorities (MxCx),Summer Camps,Phrase match (close variant),None,0,3,0.00,0.00,OK,,Appears relevant
baseball summer camp long island,CM - Nonbranded - Geo Priorities (MxCx),Summer Camps,Phrase match,None,0,2,0.00,0.00,OK,,Appears relevant
riverhead summer camps,CM - Nonbranded - Geo Priorities (MxCx),Summer Camps,Phrase match,None,0,2,0.00,0.00,OK,,Appears relevant
summer camps 4 year old near me,CM - Nonbranded - Geo Priorities (MxCx),Summer Camps,Phrase match (close variant),None,0,3,0.00,0.00,OK,,Appears relevant
summer camp for 8 year olds,CM - Nonbranded - Geo Priorities (MxCx),Summer Camps,Phrase match,None,0,3,0.00,0.00,OK,,Appears relevant
sjb summer camp,CM - Nonbranded - Geo Priorities (MxCx),Sports Camps,Phrase match (close variant),None,0,1,0.00,0.00,OK,,Appears relevant
lacrosse camp summer 2026,CM - Nonbranded - Geo Priorities (MxCx),Lacrosse Camps,Phrase match,None,0,1,0.00,0.00,OK,,Appears relevant
summer camps for 5 year olds,CM - Nonbranded - Geo Priorities (MxCx),Summer Camps,Phrase match,None,0,1,0.00,0.00,OK,,Appears relevant
longwood summer camp 2026,CM - Nonbranded - Geo Priorities (MxCx),Summer Camps,Phrase match,None,0,1,0.00,0.00,OK,,Appears relevant
summer programs for middle school students,CM - Nonbranded - Geo Priorities (MxCx),Summer Camps,Phrase match (close variant),None,1,1,1.50,0.00,OK,,Appears relevant
summer soccer camps long island,CM - Nonbranded - Geo Priorities (MxCx),Soccer Camps,Phrase match,None,0,0,0.00,0.00,OK,,Appears relevant
luhi summer programs,CM - Competitors - OldW - (Mx.Clicks),Competitors,Exact match (close variant),None,0,8,0.00,0.00,OK,,Competitor matched: 'luhi'
future stars patchogue,CM - Branded (Mx.Clicks),Future Stars Camp Brand,Phrase match,None,4,10,0.45,0.00,OK,,Brand term matched: 'future stars'
volleyball camp for kids near me,CM - Nonbranded - Geo Priorities (MxCx),Volleyball Camps,Phrase match,None,0,1,0.00,0.00,OK,,Appears relevant
west islip summer camp 2026,CM - Nonbranded - Geo Priorities (MxCx),Summer Camps,Phrase match,None,0,2,0.00,0.00,OK,,Appears relevant
three village rec camp,CM - Nonbranded - Geo Priorities (MxCx),Summer Camps,Phrase match (close variant),None,1,2,2.83,0.00,OK,,Appears relevant
camp for 12 year olds near me,CM - Nonbranded - Geo Priorities (MxCx),Summer Camps,Phrase match (close variant),None,0,3,0.00,0.00,OK,,Appears relevant
summer programs for 13 year olds near me,CM - Nonbranded - Geo Priorities (MxCx),Summer Camps,Phrase match (close variant),None,0,2,0.00,0.00,OK,,Appears relevant
writing summer programs for middle schoolers,CM - Nonbranded - Geo Priorities (MxCx),Summer Camps,Phrase match (close variant),None,0,1,0.00,0.00,OK,,Appears relevant
youth summer camps,CM - Nonbranded - Geo Priorities (MxCx),Soccer Camps,Exact match,Added,0,1,0.00,0.00,OK,,Appears relevant
gym summer camp for kids,CM - Nonbranded - Geo Priorities (MxCx),Summer Camps,Phrase match,None,0,2,0.00,0.00,OK,,Appears relevant
gifted summer programs near me,CM - Nonbranded - Geo Priorities (MxCx),Summer Camps,Phrase match (close variant),None,0,1,0.00,0.00,OK,,Appears relevant
patchogue village summer camp,CM - Nonbranded - Geo Priorities (MxCx),Summer Camps,Phrase match,None,0,2,0.00,0.00,OK,,Appears relevant
golf camps for kids near me,CM - Nonbranded - Geo Priorities (MxCx),Summer Camps,Phrase match,None,0,4,0.00,0.00,OK,,Appears relevant
summer sports camps near me,CM - Nonbranded - Geo Priorities (MxCx),Sports Camps,Phrase match (close variant),None,0,3,0.00,0.00,OK,,Appears relevant
tom sawyer day camp,CM - Nonbranded - Geo Priorities (MxCx),Summer Camps,Phrase match (close variant),None,0,1,0.00,0.00,OK,,Appears relevant
east meadow summer camp,CM - Nonbranded - Geo Priorities (MxCx),Summer Camps,Phrase match (close variant),None,0,2,0.00,0.00,OK,,Appears relevant
iroquois springs camp,CM - Nonbranded - Geo Priorities (MxCx),Summer Camps,Phrase match (close variant),None,0,1,0.00,0.00,OK,,Appears relevant
math camp near me,CM - Nonbranded - Geo Priorities (MxCx),Summer Camps,Phrase match (close variant),None,0,1,0.00,0.00,OK,,Appears relevant
camps for kids in the summer,CM - Nonbranded - Geo Priorities (MxCx),Summer Camps,Exact match (close variant),None,0,1,0.00,0.00,OK,,Appears relevant
science camp for kids near me,CM - Nonbranded - Geo Priorities (MxCx),Summer Camps,Phrase match (close variant),None,0,1,0.00,0.00,OK,,Appears relevant
centereach pool summer camp,CM - Nonbranded - Geo Priorities (MxCx),Summer Camps,Phrase match,None,1,2,2.84,0.00,OK,,Appears relevant
island park summer camp,CM - Nonbranded - Geo Priorities (MxCx),Summer Camps,Phrase match (close variant),None,0,1,0.00,0.00,OK,,Appears relevant
phelps lane north babylon summer camp,CM - Nonbranded - Geo Priorities (MxCx),Summer Camps,Phrase match,None,0,1,0.00,0.00,OK,,Appears relevant
volleyball camp for kids near me,CM - Nonbranded - Geo Priorities (MxCx),Volleyball Camps,Exact match (close variant),None,0,1,0.00,0.00,OK,,Appears relevant
kids soccer camps,CM - Nonbranded - Geo Priorities (MxCx),Soccer Camps,Exact match (close variant),Added,1,3,2.77,0.00,OK,,Appears relevant
ossining summer camp 2026,CM - Nonbranded - Geo Priorities (MxCx),Summer Camps,Phrase match,None,0,1,0.00,0.00,OK,,Appears relevant
summer camp huntington,CM - Nonbranded - Geo Priorities (MxCx),Summer Camps,Phrase match,None,0,0,0.00,0.00,OK,,Appears relevant
horse camp near me,CM - Nonbranded - Geo Priorities (MxCx),Horseback Riding,Exact match (close variant),None,0,0,0.00,0.00,OK,,Appears relevant
farmingdale state college summer camp,CM - Nonbranded - Geo Priorities (MxCx),Summer Camps,Phrase match,None,0,0,0.00,0.00,OK,,Appears relevant
tennis camps near me,CM - Nonbranded - Geo Priorities (MxCx),Tennis Camps,Exact match (close variant),None,0,0,0.00,0.00,OK,,Appears relevant
volleyball near me youth,CM - Nonbranded - Geo Priorities (MxCx),Volleyball Camps,Exact match (close variant),None,0,0,0.00,0.00,OK,,Appears relevant
maine volleyball academy,CM - pMax - Portland (MxConv),--,Performance Max,None,0,1,0.00,0.00,OK,,Appears relevant for Portland market
cheerleading near me,CM - pMax - Portland (MxConv),--,Performance Max,None,0,0,0.00,0.00,OK,,Appears relevant for Portland market
westchester basketball camp,CM - pMax - Portland (MxConv),--,Performance Max,None,0,0,0.00,0.00,OK,,Appears relevant for Portland market
camp discovery for kids,CM - pMax - Portland (MxConv),--,Performance Max,None,0,0,0.00,0.00,OK,,Appears relevant for Portland market
westhampton beach learning center,CM - pMax - Portland (MxConv),--,Performance Max,None,0,0,0.00,0.00,OK,,Appears relevant for Portland market
find horseback riding near me,CM - pMax - Portland (MxConv),--,Performance Max,None,0,0,0.00,0.00,OK,,Appears relevant for Portland market
golf kids,CM - pMax - Portland (MxConv),--,Performance Max,None,0,0,0.00,0.00,OK,,Appears relevant for Portland market
stony brook university football camp,CM - pMax - Portland (MxConv),--,Performance Max,None,0,0,0.00,0.00,OK,,Appears relevant for Portland market
girls softball camp,CM - pMax - Portland (MxConv),--,Performance Max,None,0,0,0.00,0.00,OK,,Appears relevant for Portland market
affordable summer camps near me,CM - pMax - Portland (MxConv),--,Performance Max,None,0,0,0.00,0.00,OK,,Appears relevant for Portland market
golf for kids,CM - pMax - Portland (MxConv),--,Performance Max,None,0,0,0.00,0.00,OK,,Appears relevant for Portland market
curve soccer ball kick,CM - pMax - Portland (MxConv),--,Performance Max,None,0,0,0.00,0.00,OK,,Appears relevant for Portland market
tennis training near me,CM - pMax - Portland (MxConv),--,Performance Max,None,0,0,0.00,0.00,OK,,Appears relevant for Portland market
dance and drama summer camp,CM - Nonbranded - Other Geos (MxConv),Dance Camps,Phrase match,None,0,1,0.00,0.00,OK,,Appears relevant
camp near me,CM - Non Brand - PMax,--,Performance Max,None,0,2,0.00,0.00,OK,,Appears relevant for Portland market
tennis 5 year old near me,CM - Non Brand - PMax,--,Performance Max,None,0,4,0.00,0.00,OK,,Appears relevant for Portland market
volleyball in my area,CM - Non Brand - PMax,--,Performance Max,None,1,6,2.12,0.00,OK,,Appears relevant for Portland market
art camps near me,CM - Non Brand - PMax,--,Performance Max,None,0,2,0.00,0.00,OK,,Appears relevant for Portland market
rising stars summer camp,CM - Non Brand - PMax,--,Performance Max,None,0,1,0.00,0.00,OK,,Appears relevant for Portland market
summer volleyball near me,CM - Non Brand - PMax,--,Performance Max,None,1,2,0.01,0.00,OK,,Appears relevant for Portland market
summer camps near me,CM - pMax - Portland (MxConv),--,Performance Max,None,2,4,2.19,0.00,OK,,Has converted - protected from negation
summer day camps southern maine,CM - pMax - Portland (MxConv),--,Performance Max,None,0,2,0.00,0.00,OK,,Appears relevant for Portland market
y camp maine,CM - pMax - Portland (MxConv),--,Performance Max,None,0,2,0.00,0.00,OK,,Appears relevant for Portland market
maine outdoor kids camp,CM - pMax - Portland (MxConv),--,Performance Max,None,1,1,4.82,0.00,OK,,Appears relevant for Portland market
kids lunch ideas for picky eaters,CM - pMax - Portland (MxConv),--,Performance Max,None,1,1,1.70,0.00,OK,,Appears relevant for Portland market
manhattanville college summer camp,CM - pMax - Portland (MxConv),--,Performance Max,None,0,0,0.00,0.00,OK,,Appears relevant for Portland market
soccer goalkeeper camps near me,CM - pMax - Portland (MxConv),--,Performance Max,None,0,0,0.00,0.00,OK,,Appears relevant for Portland market
volleyball tryouts near me,CM - pMax - Portland (MxConv),--,Performance Max,None,0,0,0.00,0.00,OK,,Appears relevant for Portland market
rising stars near me,CM - pMax - Portland (MxConv),--,Performance Max,None,0,0,0.00,0.00,OK,,Appears relevant for Portland market
swim summer camp,CM - pMax - Portland (MxConv),--,Performance Max,None,0,0,0.00,0.00,OK,,Appears relevant for Portland market
mount tom day camp,CM - pMax - Portland (MxConv),--,Performance Max,None,0,0,0.00,0.00,OK,,Appears relevant for Portland market
horse riding camps near me,CM - pMax - Portland (MxConv),--,Performance Max,None,0,0,0.00,0.00,OK,,Appears relevant for Portland market
ct baseball camps,CM - pMax - Portland (MxConv),--,Performance Max,None,0,0,0.00,0.00,OK,,Appears relevant for Portland market
tennis training camp,CM - pMax - Portland (MxConv),--,Performance Max,None,0,0,0.00,0.00,OK,,Appears relevant for Portland market
bronx giants youth football,CM - pMax - Portland (MxConv),--,Performance Max,None,0,0,0.00,0.00,OK,,Appears relevant for Portland market
swimming summer camp near me,CM - Nonbranded - Geo Priorities (MxCx),Sports Camps,Phrase match (close variant),None,0,1,0.00,0.00,OK,,Appears relevant
summer volleyball camps near me,CM - Nonbranded - Geo Priorities (MxCx),Volleyball Camps,Exact match (close variant),None,2,8,5.09,0.00,OK,,Appears relevant
summer teen programs near me,CM - Nonbranded - Geo Priorities (MxCx),Summer Camps,Phrase match (close variant),None,1,2,2.90,0.00,OK,,Appears relevant
soccer camp near me,CM - Nonbranded - Geo Priorities (MxCx),Soccer Camps,Phrase match (close variant),None,0,3,0.00,0.00,OK,,Appears relevant
summer camps near by,CM - Nonbranded - Geo Priorities (MxCx),Summer Camps,Exact match (close variant),None,0,1,0.00,0.00,OK,,Appears relevant
ellenville summer camp,CM - Nonbranded - Geo Priorities (MxCx),Summer Camps,Phrase match,None,0,1,0.00,0.00,OK,,Appears relevant
camp parkwood,CM - Nonbranded - Geo Priorities (MxCx),Summer Camps,Phrase match (close variant),None,0,1,0.00,0.00,OK,,Appears relevant
hofstra basketball camp,CM - Nonbranded - Geo Priorities (MxCx),Summer Camps,Phrase match (close variant),None,0,5,0.00,0.00,OK,,Appears relevant
art camp near me,CM - Nonbranded - Geo Priorities (MxCx),Summer Camps,Phrase match (close variant),None,2,15,5.84,0.00,OK,,Appears relevant
portledge school summer camp,CM - Nonbranded - Geo Priorities (MxCx),Summer Camps,Phrase match,None,0,1,0.00,0.00,OK,,Appears relevant
ncaa basketball camps,CM - Nonbranded - Geo Priorities (MxCx),Basketball Camp,Phrase match,None,0,2,0.00,0.00,OK,,Appears relevant
smithtown summer camp,CM - Nonbranded - Geo Priorities (MxCx),Summer Camps,Phrase match (close variant),None,0,2,0.00,0.00,OK,,Appears relevant
high school camps near me,CM - Nonbranded - Geo Priorities (MxCx),Summer Camps,Phrase match (close variant),None,0,1,0.00,0.00,OK,,Appears relevant
tennis camps long island,CM - Nonbranded - Geo Priorities (MxCx),Summer Camps,Phrase match (close variant),None,4,3,10.04,0.00,OK,,Appears relevant
girls lacrosse camp long island,CM - Nonbranded - Geo Priorities (MxCx),Summer Camps,Phrase match (close variant),None,0,1,0.00,0.00,OK,,Appears relevant
lacrosse camps girls,CM - Nonbranded - Geo Priorities (MxCx),Summer Camps,Phrase match (close variant),None,0,0,0.00,0.00,OK,,Appears relevant
baseball camp,CM - Nonbranded - Geo Priorities (MxCx),Baseball Camps,Exact match (close variant),None,0,0,0.00,0.00,OK,,Appears relevant
crew camp near me,CM - Nonbranded - Geo Priorities (MxCx),Sports Camps,Phrase match (close variant),None,0,0,0.00,0.00,OK,,Appears relevant
baseball camps near me 2025,CM - Nonbranded - Geo Priorities (MxCx),Baseball Camps,Phrase match,None,0,0,0.00,0.00,OK,,Appears relevant
southampton tennis camp,CM - Nonbranded - Other Geos (MxConv),Tennis Camps,Phrase match,None,0,2,0.00,0.00,OK,,Appears relevant
volleyball team near me,CM - Non Brand - PMax,--,Performance Max,None,1,1,0.24,0.00,OK,,Appears relevant for Portland market
hamptons soccer camp,CM - Non Brand - PMax,--,Performance Max,None,0,2,0.00,0.00,OK,,Appears relevant for Portland market
camp huntington,CM - Non Brand - PMax,--,Performance Max,None,0,1,0.00,0.00,OK,,Appears relevant for Portland market
camp consultant,CM - Non Brand - PMax,--,Performance Max,None,0,1,0.00,0.00,OK,,Appears relevant for Portland market
adventure course,CM - Non Brand - PMax,--,Performance Max,None,0,1,0.00,0.00,OK,,Appears relevant for Portland market
acting classes for teens near me,CM - Non Brand - PMax,--,Performance Max,None,0,3,0.00,0.00,OK,,Appears relevant for Portland market
kid camps near me,CM - Non Brand - PMax,--,Performance Max,None,0,1,0.00,0.00,OK,,Appears relevant for Portland market
golf westchester,CM - Non Brand - PMax,--,Performance Max,None,0,1,0.00,0.00,OK,,Appears relevant for Portland market
luhi camp,CM - Competitors - OldW - (Mx.Clicks),Competitors,Exact match,Added,1,36,4.15,0.00,OK,,Competitor matched: 'luhi'
tia tennis white plains,CM - Nonbranded - Other Geos (MxConv),Tennis Camps,Broad match,None,0,1,0.00,0.00,OK,,Appears relevant
camp waziyatah,CM - pMax - Portland (MxConv),--,Performance Max,None,0,2,0.00,0.00,OK,,Appears relevant for Portland market
best kid lunches,CM - pMax - Portland (MxConv),--,Performance Max,None,1,1,1.02,0.00,OK,,Appears relevant for Portland market
camp kieve cost,CM - pMax - Portland (MxConv),--,Performance Max,None,0,1,0.00,0.00,OK,,Appears relevant for Portland market
cheverus sports camp,CM - pMax - Portland (MxConv),--,Performance Max,None,0,1,0.00,0.00,OK,,Appears relevant for Portland market
summer rising 2025,CM - pMax - Portland (MxConv),--,Performance Max,None,0,0,0.00,0.00,OK,,Appears relevant for Portland market
flag football for kids,CM - pMax - Portland (MxConv),--,Performance Max,None,0,0,0.00,0.00,OK,,Appears relevant for Portland market
hofstra baseball camp,CM - pMax - Portland (MxConv),--,Performance Max,None,0,0,0.00,0.00,OK,,Appears relevant for Portland market
st joseph's college summer camp,CM - pMax - Portland (MxConv),--,Performance Max,None,0,0,0.00,0.00,OK,,Appears relevant for Portland market
cheer competitions,CM - pMax - Portland (MxConv),--,Performance Max,None,0,0,0.00,0.00,OK,,Appears relevant for Portland market
free camps for kids near me,CM - pMax - Portland (MxConv),--,Performance Max,None,0,0,0.00,0.00,OK,,Appears relevant for Portland market
summer camp east hampton,CM - pMax - Portland (MxConv),--,Performance Max,None,0,0,0.00,0.00,OK,,Appears relevant for Portland market
horseback riding riverhead,CM - pMax - Portland (MxConv),--,Performance Max,None,0,0,0.00,0.00,OK,,Appears relevant for Portland market
pierce country day camp,CM - pMax - Portland (MxConv),--,Performance Max,None,0,0,0.00,0.00,OK,,Appears relevant for Portland market
super soccer stars united,CM - pMax - Portland (MxConv),--,Performance Max,None,0,0,0.00,0.00,OK,,Appears relevant for Portland market
oorah camp,CM - Nonbranded - Geo Priorities (MxCx),Summer Camps,Phrase match (close variant),None,0,1,0.00,0.00,OK,,Appears relevant
jericho summer camps,CM - Nonbranded - Geo Priorities (MxCx),Summer Camps,Phrase match,None,0,1,0.00,0.00,OK,,Appears relevant
camp westmont near me,CM - Nonbranded - Geo Priorities (MxCx),Summer Camps,Phrase match (close variant),None,0,2,0.00,0.00,OK,,Appears relevant
camp palooza,CM - Nonbranded - Geo Priorities (MxCx),Sports Camps,Phrase match (close variant),None,0,1,0.00,0.00,OK,,Appears relevant
soccer camp for kids near me,CM - Nonbranded - Geo Priorities (MxCx),Soccer Camps,Phrase match,None,1,6,2.20,0.00,OK,,Appears relevant
summer camps 3 year olds near me,CM - Nonbranded - Geo Priorities (MxCx),Summer Camps,Phrase match,None,0,1,0.00,0.00,OK,,Appears relevant
kids summer camps near me,CM - Nonbranded - Geo Priorities (MxCx),Summer Camps,Exact match (close variant),None,0,11,0.00,0.00,OK,,Appears relevant
top ten summer camps,CM - Nonbranded - Geo Priorities (MxCx),Summer Camps,Phrase match,None,0,1,0.00,0.00,OK,,Appears relevant
baseball camp westchester ny,CM - Nonbranded - Geo Priorities (MxCx),Summer Camps,Phrase match (close variant),None,0,1,0.00,0.00,OK,,Appears relevant
noga soccer camp,CM - Nonbranded - Geo Priorities (MxCx),Soccer Camps,Phrase match,None,0,2,0.00,0.00,OK,,Appears relevant
kids of mount sinai summer camp,CM - Nonbranded - Geo Priorities (MxCx),Summer Camps,Phrase match,None,0,2,0.00,0.00,OK,,Appears relevant
great neck summer camps,CM - Nonbranded - Geo Priorities (MxCx),Summer Camps,Phrase match,None,0,1,0.00,0.00,OK,,Appears relevant
girls tennis camp,CM - Nonbranded - Geo Priorities (MxCx),Summer Camps,Phrase match (close variant),None,0,4,0.00,0.00,OK,,Appears relevant
summer camp for 4 year olds,CM - Nonbranded - Geo Priorities (MxCx),Summer Camps,Phrase match,None,0,2,0.00,0.00,OK,,Appears relevant
kids summer sports,CM - Nonbranded - Geo Priorities (MxCx),Sports Camps,Phrase match (close variant),None,1,3,1.94,0.00,OK,,Appears relevant
dodgeball camp near me,CM - Nonbranded - Geo Priorities (MxCx),Summer Camps,Phrase match (close variant),None,0,2,0.00,0.00,OK,,Appears relevant
art camps for kids,CM - Nonbranded - Geo Priorities (MxCx),Summer Camps,Phrase match,None,0,4,0.00,0.00,OK,,Appears relevant
football summer camps near me,CM - Nonbranded - Geo Priorities (MxCx),Summer Camps,Phrase match (close variant),None,0,0,0.00,0.00,OK,,Appears relevant
long island baseball camps,CM - Nonbranded - Geo Priorities (MxCx),Baseball Camps,Phrase match (close variant),None,0,0,0.00,0.00,OK,,Appears relevant
vb camps,CM - Nonbranded - Geo Priorities (MxCx),Volleyball Camps,Exact match (close variant),None,0,0,0.00,0.00,OK,,Appears relevant
livbc summer camp,CM - Nonbranded - Geo Priorities (MxCx),Volleyball Camps,Phrase match (close variant),None,0,0,0.00,0.00,OK,,Appears relevant
summer volleyball clinics near me,CM - Nonbranded - Geo Priorities (MxCx),Volleyball Camps,Exact match (close variant),None,0,0,0.00,0.00,OK,,Appears relevant
summer basketball camps near me,CM - Non Brand - PMax,--,Performance Max,None,0,1,0.00,0.00,OK,,Appears relevant for Portland market
pony camp hamptons,CM - Non Brand - PMax,--,Performance Max,None,0,1,0.00,0.00,OK,,Appears relevant for Portland market
flip flop gymnastics,CM - Non Brand - PMax,--,Performance Max,None,0,1,0.00,0.00,OK,,Appears relevant for Portland market
outdoor batting cages near me,CM - Non Brand - PMax,--,Performance Max,None,0,1,0.00,0.00,OK,,Appears relevant for Portland market
campfire institute,CM - pMax - Portland (MxConv),--,Performance Max,None,0,2,0.00,0.00,OK,,Appears relevant for Portland market
spanish immersion camp near me,CM - pMax - Portland (MxConv),--,Performance Max,None,0,0,0.00,0.00,OK,,Appears relevant for Portland market
westhampton tennis and sport,CM - pMax - Portland (MxConv),--,Performance Max,None,0,0,0.00,0.00,OK,,Appears relevant for Portland market
soccer camp greenwich ct,CM - pMax - Portland (MxConv),--,Performance Max,None,0,0,0.00,0.00,OK,,Appears relevant for Portland market
summer basketball camp 2025,CM - pMax - Portland (MxConv),--,Performance Max,None,0,0,0.00,0.00,OK,,Appears relevant for Portland market
free day camp,CM - pMax - Portland (MxConv),--,Performance Max,None,0,0,0.00,0.00,OK,,Appears relevant for Portland market
dance camp westchester,CM - pMax - Portland (MxConv),--,Performance Max,None,0,0,0.00,0.00,OK,,Appears relevant for Portland market
yerwood center summer camp,CM - pMax - Portland (MxConv),--,Performance Max,None,0,0,0.00,0.00,OK,,Appears relevant for Portland market
volleyball class near me,CM - pMax - Portland (MxConv),--,Performance Max,None,0,0,0.00,0.00,OK,,Appears relevant for Portland market
deer mountain day camp,CM - pMax - Portland (MxConv),--,Performance Max,None,0,0,0.00,0.00,OK,,Appears relevant for Portland market
lynne's riding center,CM - pMax - Portland (MxConv),--,Performance Max,None,0,0,0.00,0.00,OK,,Appears relevant for Portland market
all stars camp,CM - pMax - Portland (MxConv),--,Performance Max,None,0,0,0.00,0.00,OK,,Has converted - protected from negation
camp chippewa armonk,CM - pMax - Portland (MxConv),--,Performance Max,None,0,0,0.00,0.00,OK,,Appears relevant for Portland market
football camps near me,CM - pMax - Portland (MxConv),--,Performance Max,None,0,0,0.00,0.00,OK,,Appears relevant for Portland market
theater camp westchester,CM - pMax - Portland (MxConv),--,Performance Max,None,0,0,0.00,0.00,OK,,Appears relevant for Portland market
cheer clinics near me,CM - pMax - Portland (MxConv),--,Performance Max,None,0,0,0.00,0.00,OK,,Appears relevant for Portland market
camp horseability,CM - pMax - Portland (MxConv),--,Performance Max,None,0,0,0.00,0.00,OK,,Appears relevant for Portland market
size soccer ball 10 year old,CM - pMax - Portland (MxConv),--,Performance Max,None,0,0,0.00,0.00,OK,,Appears relevant for Portland market
tennis lessons near me,CM - pMax - Portland (MxConv),--,Performance Max,None,0,0,0.00,0.00,OK,,Appears relevant for Portland market
challenger camp,CM - pMax - Portland (MxConv),--,Performance Max,None,0,0,0.00,0.00,OK,,Appears relevant for Portland market
perlman camp,CM - pMax - Portland (MxConv),--,Performance Max,None,0,0,0.00,0.00,OK,,Appears relevant for Portland market
central islip soccer club,CM - pMax - Portland (MxConv),--,Performance Max,None,0,0,0.00,0.00,OK,,Appears relevant for Portland market
summer camp camp,CM - Nonbranded - Other Geos (MxConv),Tennis Camps,Broad match,None,0,1,0.00,0.00,OK,,Appears relevant
long island basketball camps,CM - Nonbranded - Other Geos (MxConv),Basketball Camp,Exact match,Added,0,2,0.00,0.00,OK,,Appears relevant
performing arts camp long island,CM - Nonbranded - Geo Priorities (MxCx),Summer Camps,Phrase match (close variant),None,0,1,0.00,0.00,OK,,Appears relevant
rec center camps,CM - Nonbranded - Geo Priorities (MxCx),Summer Camps,Phrase match (close variant),None,0,1,0.00,0.00,OK,,Appears relevant
summer camp for teenagers near me,CM - Nonbranded - Geo Priorities (MxCx),Soccer Camps,Exact match (close variant),None,0,1,0.00,0.00,OK,,Appears relevant
harbor day care summer camp,CM - Nonbranded - Geo Priorities (MxCx),Summer Camps,Phrase match (close variant),None,0,1,0.00,0.00,OK,,Appears relevant
soccer summer camp 2026,CM - Nonbranded - Geo Priorities (MxCx),Soccer Camps,Phrase match,None,1,6,2.76,0.00,OK,,Appears relevant
liu football camp 2026,CM - Nonbranded - Geo Priorities (MxCx),Football Camps,Phrase match,None,0,3,0.00,0.00,OK,,Appears relevant
june camps for kids,CM - Nonbranded - Geo Priorities (MxCx),Summer Camps,Phrase match (close variant),None,0,1,0.00,0.00,OK,,Appears relevant
flag football camps near me,CM - Nonbranded - Geo Priorities (MxCx),Football Camps,Phrase match,None,0,1,0.00,0.00,OK,,Appears relevant
summer sports for kids,CM - Nonbranded - Geo Priorities (MxCx),Sports Camps,Phrase match (close variant),None,0,4,0.00,0.00,OK,,Appears relevant
flag football camp,CM - Nonbranded - Geo Priorities (MxCx),Football Camps,Phrase match,None,0,1,0.00,0.00,OK,,Appears relevant
roslyn summer camp,CM - Nonbranded - Geo Priorities (MxCx),Summer Camps,Phrase match (close variant),None,0,6,0.00,0.00,OK,,Appears relevant
paramount lacrosse camp,CM - Nonbranded - Geo Priorities (MxCx),Lacrosse Camps,Phrase match (close variant),None,1,4,2.77,0.00,OK,,Appears relevant
softball training camps near me,CM - Nonbranded - Geo Priorities (MxCx),Sports Camps,Phrase match (close variant),None,0,0,0.00,0.00,OK,,Appears relevant
gymnastics camp westchester,CM - Nonbranded - Geo Priorities (MxCx),Sports Camps,Phrase match (close variant),None,0,0,0.00,0.00,OK,,Appears relevant
volleyball groups near me,CM - Nonbranded - Geo Priorities (MxCx),Volleyball Camps,Phrase match (close variant),None,0,0,0.00,0.00,OK,,Appears relevant
girls summer volleyball camps near me,CM - Non Brand - PMax,--,Performance Max,None,0,1,0.00,0.00,OK,,Appears relevant for Portland market
ymca summer camp,CM - Non Brand - PMax,--,Performance Max,None,0,12,0.00,0.00,OK,,Appears relevant for Portland market
pro ambitions hockey,CM - Non Brand - PMax,--,Performance Max,None,0,1,0.00,0.00,OK,,Appears relevant for Portland market
summer school programs,CM - Non Brand - PMax,--,Performance Max,None,0,1,0.00,0.00,OK,,Appears relevant for Portland market
oasis summer camp,CM - Competitors - OldW - (Mx.Clicks),Competitors,Exact match (close variant),Added,0,2,0.00,0.00,OK,,Competitor matched: 'oasis'
future stars westbury,CM - Branded (Mx.Clicks),Future Stars Camp Brand,Phrase match,None,0,0,0.00,0.00,OK,,Brand term matched: 'future stars'
volleyball camps in maine,CM - pMax - Portland (MxConv),--,Performance Max,None,0,2,0.00,0.00,OK,,Appears relevant for Portland market
somerset camp for girls,CM - pMax - Portland (MxConv),--,Performance Max,None,0,1,0.00,0.00,OK,,Appears relevant for Portland market
cooper flagg basketball camp maine,CM - pMax - Portland (MxConv),--,Performance Max,None,0,1,0.00,0.00,OK,,Appears relevant for Portland market
first down football camp,CM - pMax - Portland (MxConv),--,Performance Max,None,0,0,0.00,0.00,OK,,Appears relevant for Portland market
basketball day camp near me,CM - pMax - Portland (MxConv),--,Performance Max,None,0,0,0.00,0.00,OK,,Appears relevant for Portland market
theatre summer camps 2025,CM - pMax - Portland (MxConv),--,Performance Max,None,0,0,0.00,0.00,OK,,Appears relevant for Portland market
free baseball clinics near me,CM - pMax - Portland (MxConv),--,Performance Max,None,0,0,0.00,0.00,OK,,Appears relevant for Portland market
cheerleading near me for beginners,CM - pMax - Portland (MxConv),--,Performance Max,None,0,0,0.00,0.00,OK,,Appears relevant for Portland market
cheerleading,CM - pMax - Portland (MxConv),--,Performance Max,None,0,0,0.00,0.00,OK,,Appears relevant for Portland market
adventure camp but bad,CM - pMax - Portland (MxConv),--,Performance Max,None,0,0,0.00,0.00,OK,,Appears relevant for Portland market
tennis lessons in the hamptons,CM - pMax - Portland (MxConv),--,Performance Max,None,0,0,0.00,0.00,OK,,Appears relevant for Portland market
special needs camp,CM - pMax - Portland (MxConv),--,Performance Max,None,0,0,0.00,0.00,OK,,Appears relevant for Portland market
children riding horses,CM - pMax - Portland (MxConv),--,Performance Max,None,0,0,0.00,0.00,OK,,Appears relevant for Portland market
mohawk camp westchester,CM - pMax - Portland (MxConv),--,Performance Max,None,0,0,0.00,0.00,OK,,Appears relevant for Portland market
campamento de verano don bosco,CM - pMax - Portland (MxConv),--,Performance Max,None,0,0,0.00,0.00,OK,,Appears relevant for Portland market
volleyball private lessons near me,CM - Non Brand - PMax,--,Performance Max,None,0,2,0.00,0.00,OK,,Appears relevant for Portland market
basketball camp nassau county,CM - Nonbranded - Geo Priorities (MxCx),Basketball Camp,Phrase match,None,1,12,3.89,0.00,OK,,Appears relevant
summer camps for tweens,CM - Nonbranded - Geo Priorities (MxCx),Summer Camps,Phrase match (close variant),None,0,1,0.00,0.00,OK,,Appears relevant
summer programs for high school students long island,CM - Nonbranded - Geo Priorities (MxCx),Summer Camps,Phrase match (close variant),None,0,1,0.00,0.00,OK,,Appears relevant
flag football camp long island,CM - Nonbranded - Geo Priorities (MxCx),Summer Camps,Phrase match (close variant),None,0,2,0.00,0.00,OK,,Appears relevant
summer basketball camp,CM - Nonbranded - Geo Priorities (MxCx),Basketball Camp,Exact match (close variant),Added,1,2,0.95,0.00,OK,,Appears relevant
suny purchase camp,CM - Nonbranded - Geo Priorities (MxCx),Summer Camps,Phrase match (close variant),None,0,1,0.00,0.00,OK,,Appears relevant
best summer camps long island,CM - Nonbranded - Geo Priorities (MxCx),Summer Camps,Exact match (close variant),None,1,2,2.76,0.00,OK,,Appears relevant
garden city camp,CM - Nonbranded - Geo Priorities (MxCx),Summer Camps,Phrase match (close variant),None,0,1,0.00,0.00,OK,,Appears relevant
tennis camp near me,CM - Nonbranded - Other Geos (MxConv),Tennis Camps,Exact match (close variant),None,0,4,0.00,0.00,OK,,Appears relevant
westhampton tennis and sport,CM - Nonbranded - Other Geos (MxConv),Tennis Camps,Broad match,None,1,5,10.44,0.00,OK,,Appears relevant
lacrosse camps long island,CM - Nonbranded - Geo Priorities (MxCx),Summer Camps,Phrase match (close variant),None,2,27,5.10,0.00,OK,,Appears relevant
summer camp 5th grade,CM - Nonbranded - Geo Priorities (MxCx),Summer Camps,Phrase match,None,0,1,0.00,0.00,OK,,Appears relevant
summer camp near me for kids,CM - Nonbranded - Geo Priorities (MxCx),Summer Camps,Exact match (close variant),None,0,1,0.00,0.00,OK,,Appears relevant
rugby summer camp,CM - Nonbranded - Geo Priorities (MxCx),Summer Camps,Phrase match,None,0,1,0.00,0.00,OK,,Appears relevant
summer camps for 16 year olds,CM - Nonbranded - Geo Priorities (MxCx),Summer Camps,Phrase match (close variant),None,0,2,0.00,0.00,OK,,Appears relevant
summer camp li,CM - Nonbranded - Geo Priorities (MxCx),Summer Camps,Phrase match (close variant),None,0,4,0.00,0.00,OK,,Appears relevant
serious fun children's network camps,CM - Nonbranded - Geo Priorities (MxCx),Summer Camps,Phrase match (close variant),None,0,1,0.00,0.00,OK,,Appears relevant
baseball summer camp,CM - Nonbranded - Geo Priorities (MxCx),Summer Camps,Phrase match,None,0,3,0.00,0.00,OK,,Appears relevant
summer camp soccer,CM - Nonbranded - Geo Priorities (MxCx),Soccer Camps,Phrase match (close variant),None,0,3,0.00,0.00,OK,,Appears relevant
summer camp deer park,CM - Nonbranded - Geo Priorities (MxCx),Summer Camps,Phrase match,None,0,5,0.00,0.00,OK,,Appears relevant
hauppauge soccer camp,CM - Nonbranded - Geo Priorities (MxCx),Soccer Camps,Phrase match,None,0,1,0.00,0.00,OK,,Appears relevant
summer soccer camp near me,CM - Nonbranded - Geo Priorities (MxCx),Summer Camps,Phrase match,None,0,1,0.00,0.00,OK,,Appears relevant
summer camp new hyde park,CM - Nonbranded - Geo Priorities (MxCx),Summer Camps,Phrase match,None,0,1,0.00,0.00,OK,,Appears relevant
haverstraw camp,CM - Nonbranded - Geo Priorities (MxCx),Soccer Camps,Phrase match (close variant),None,0,2,0.00,0.00,OK,,Appears relevant
e12 lacrosse camps,CM - Nonbranded - Geo Priorities (MxCx),Lacrosse Camps,Phrase match (close variant),None,0,1,0.00,0.00,OK,,Appears relevant
summer camps for teens near me,CM - Nonbranded - Geo Priorities (MxCx),Summer Camps,Phrase match,None,0,3,0.00,0.00,OK,,Appears relevant
gymnastics summer camp,CM - Nonbranded - Geo Priorities (MxCx),Summer Camps,Phrase match,None,0,3,0.00,0.00,OK,,Appears relevant
youth summer programs near me,CM - Nonbranded - Geo Priorities (MxCx),Soccer Camps,Exact match (close variant),None,0,1,0.00,0.00,OK,,Appears relevant
one river summer camp,CM - Nonbranded - Geo Priorities (MxCx),Summer Camps,Phrase match,None,0,3,0.00,0.00,OK,,Appears relevant
lacrosse summer camps 2026,CM - Nonbranded - Geo Priorities (MxCx),Lacrosse Camps,Phrase match,None,1,2,2.24,0.00,OK,,Appears relevant
flag football camp,CM - Nonbranded - Geo Priorities (MxCx),Football Camps,Phrase match (close variant),None,0,1,0.00,0.00,OK,,Appears relevant
summer baseball clinics near me,CM - Nonbranded - Geo Priorities (MxCx),Baseball Camps,Exact match (close variant),None,0,0,0.00,0.00,OK,,Appears relevant
camp venture portland maine,CM - pMax - Portland (MxConv),--,Performance Max,None,0,2,0.00,0.00,OK,,Appears relevant for Portland market
usm soccer camp 2026,CM - pMax - Portland (MxConv),--,Performance Max,None,0,1,0.00,0.00,OK,,Appears relevant for Portland market
kids volleyball camp,CM - pMax - Portland (MxConv),--,Performance Max,None,0,0,0.00,0.00,OK,,Appears relevant for Portland market
us lacrosse,CM - pMax - Portland (MxConv),--,Performance Max,None,0,0,0.00,0.00,OK,,Appears relevant for Portland market
kids warm up exercises,CM - pMax - Portland (MxConv),--,Performance Max,None,0,0,0.00,0.00,OK,,Appears relevant for Portland market
youth girl basketball teams near me,CM - pMax - Portland (MxConv),--,Performance Max,None,0,0,0.00,0.00,OK,,Appears relevant for Portland market
pocantico hills day camp,CM - pMax - Portland (MxConv),--,Performance Max,None,0,0,0.00,0.00,OK,,Appears relevant for Portland market
southampton tennis club near me,CM - pMax - Portland (MxConv),--,Performance Max,None,0,0,0.00,0.00,OK,,Appears relevant for Portland market
us sports camp,CM - pMax - Portland (MxConv),--,Performance Max,None,0,0,0.00,0.00,OK,,Appears relevant for Portland market
camp kehila teaneck,CM - pMax - Portland (MxConv),--,Performance Max,None,0,0,0.00,0.00,OK,,Appears relevant for Portland market
camp lokanda,CM - pMax - Portland (MxConv),--,Performance Max,None,0,0,0.00,0.00,OK,,Appears relevant for Portland market
toddler summer programs near me,CM - Non Brand - PMax,--,Performance Max,None,0,1,0.00,0.00,OK,,Appears relevant for Portland market
trail ride horseback riding,CM - Non Brand - PMax,--,Performance Max,None,0,2,0.00,0.00,OK,,Appears relevant for Portland market
tennis club near me,CM - Non Brand - PMax,--,Performance Max,None,0,4,0.00,0.00,OK,,Appears relevant for Portland market
basketball summer camp 2026,CM - Non Brand - PMax,--,Performance Max,None,0,1,0.00,0.00,OK,,Appears relevant for Portland market
tennis court,CM - Non Brand - PMax,--,Performance Max,None,0,2,0.00,0.00,OK,,Appears relevant for Portland market
skyhawks sports camp,CM - Non Brand - PMax,--,Performance Max,None,0,1,0.00,0.00,OK,,Appears relevant for Portland market
my gym,CM - Non Brand - PMax,--,Performance Max,None,0,1,0.00,0.00,OK,,Appears relevant for Portland market
soccer training near me,CM - Non Brand - PMax,--,Performance Max,None,0,1,0.00,0.00,OK,,Appears relevant for Portland market
private soccer lessons,CM - Non Brand - PMax,--,Performance Max,None,0,1,0.00,0.00,OK,,Appears relevant for Portland market
brentwood summer camp,CM - Non Brand - PMax,--,Performance Max,None,0,1,0.00,0.00,OK,,Appears relevant for Portland market
kids summer camps near me,CM - Nonbranded - Other Geos (MxConv),Tennis Camps,Broad match,None,0,3,0.00,0.00,OK,,Appears relevant
pine tree 2 basketball camp,CM - Nonbranded - Other Geos (MxConv),Basketball Camp,Phrase match,None,0,1,0.00,0.00,OK,,Appears relevant
tcr camp,CM - Nonbranded - Other Geos (MxConv),Tennis Camps,Broad match,None,0,1,0.00,0.00,OK,,Appears relevant
point guard prep camp,CM - Nonbranded - Other Geos (MxConv),Basketball Camp,Phrase match (close variant),None,1,1,3.76,0.00,OK,,Appears relevant
summer programs in westchester ny,CM - Nonbranded - Other Geos (MxConv),Tennis Camps,Broad match,None,0,1,0.00,0.00,OK,,Appears relevant
camps in melville ny,CM - Nonbranded - Geo Priorities (MxCx),Summer Camps,Phrase match (close variant),None,0,4,0.00,0.00,OK,,Appears relevant
day camp,CM - Nonbranded - Geo Priorities (MxCx),Summer Camps,Phrase match (close variant),None,0,5,0.00,0.00,OK,,Appears relevant
boys and girls summer camp 2026,CM - Nonbranded - Geo Priorities (MxCx),Summer Camps,Phrase match,None,1,2,2.94,0.00,OK,,Appears relevant
childcare camps,CM - Nonbranded - Geo Priorities (MxCx),Summer Camps,Phrase match (close variant),None,0,1,0.00,0.00,OK,,Appears relevant
summer camp levittown ny,CM - Nonbranded - Geo Priorities (MxCx),Summer Camps,Phrase match (close variant),None,0,4,0.00,0.00,OK,,Appears relevant
summer camps in smithtown ny,CM - Nonbranded - Geo Priorities (MxCx),Summer Camps,Phrase match,None,0,1,0.00,0.00,OK,,Appears relevant
kids camp near me,CM - Nonbranded - Geo Priorities (MxCx),Summer Camps,Phrase match (close variant),None,1,6,1.42,0.00,OK,,Appears relevant
armonk swim and tennis camp,CM - Nonbranded - Geo Priorities (MxCx),Summer Camps,Phrase match (close variant),None,0,2,0.00,0.00,OK,,Appears relevant
golf camp for kids near me,CM - Nonbranded - Geo Priorities (MxCx),Summer Camps,Phrase match,None,0,5,0.00,0.00,OK,,Appears relevant
nabby day camp,CM - Nonbranded - Geo Priorities (MxCx),Summer Camps,Phrase match (close variant),None,0,2,0.00,0.00,OK,,Appears relevant
tennis camp long island,CM - Nonbranded - Geo Priorities (MxCx),Tennis Camps,Phrase match (close variant),None,0,0,0.00,0.00,OK,,Appears relevant
basketball clinics near me,CM - Nonbranded - Geo Priorities (MxCx),Basketball Camp,Exact match (close variant),Added,0,0,0.00,0.00,OK,,Appears relevant
when do kids switch to size 5 soccer ball,CM - pMax - Portland (MxConv),--,Performance Max,None,0,1,0.00,0.00,OK,,Appears relevant for Portland market
nautical terms,CM - pMax - Portland (MxConv),--,Performance Max,None,1,1,1.44,0.00,OK,,Appears relevant for Portland market
basketball summer camp for kids near me,CM - pMax - Portland (MxConv),--,Performance Max,None,1,2,1.78,0.00,OK,,Appears relevant for Portland market
softball catcher clinics near me,CM - pMax - Portland (MxConv),--,Performance Max,None,0,1,0.00,0.00,OK,,Appears relevant for Portland market
soccer shots,CM - pMax - Portland (MxConv),--,Performance Max,None,0,0,0.00,0.00,OK,,Appears relevant for Portland market
football camp for teens,CM - pMax - Portland (MxConv),--,Performance Max,None,0,0,0.00,0.00,OK,,Appears relevant for Portland market
hofstra tennis camp,CM - pMax - Portland (MxConv),--,Performance Max,None,0,0,0.00,0.00,OK,,Appears relevant for Portland market
pre k cheerleading,CM - pMax - Portland (MxConv),--,Performance Max,None,0,0,0.00,0.00,OK,,Appears relevant for Portland market
soccer moves to beat a defender,CM - pMax - Portland (MxConv),--,Performance Max,None,0,0,0.00,0.00,OK,,Appears relevant for Portland market
swim team near me,CM - pMax - Portland (MxConv),--,Performance Max,None,0,0,0.00,0.00,OK,,Appears relevant for Portland market
red robin day camp,CM - pMax - Portland (MxConv),--,Performance Max,None,0,0,0.00,0.00,OK,,Appears relevant for Portland market
art summer camps near me,CM - pMax - Portland (MxConv),--,Performance Max,None,0,0,0.00,0.00,OK,,Appears relevant for Portland market
escuelas de verano 2025,CM - pMax - Portland (MxConv),--,Performance Max,None,0,0,0.00,0.00,OK,,Appears relevant for Portland market
southampton golf course,CM - Non Brand - PMax,--,Performance Max,None,0,1,0.00,0.00,OK,,Appears relevant for Portland market
horse riding near me,CM - Non Brand - PMax,--,Performance Max,None,0,7,0.00,0.00,OK,,Appears relevant for Portland market
cheap summer camp,CM - Non Brand - PMax,--,Performance Max,None,0,1,0.00,0.00,OK,,Appears relevant for Portland market
super soccer stars,CM - pMax - Portland (MxConv),--,Performance Max,None,0,1,0.00,0.00,OK,,Appears relevant for Portland market
center day camp schedule,CM - pMax - Portland (MxConv),--,Performance Max,None,0,1,0.00,0.00,OK,,Appears relevant for Portland market
agassiz village,CM - pMax - Portland (MxConv),--,Performance Max,None,0,2,0.00,0.00,OK,,Appears relevant for Portland market
roots camp,CM - pMax - Portland (MxConv),--,Performance Max,None,0,1,0.00,0.00,OK,,Appears relevant for Portland market
coleman country day camp,CM - pMax - Portland (MxConv),--,Performance Max,None,0,0,0.00,0.00,OK,,Appears relevant for Portland market
five star camp basketball,CM - pMax - Portland (MxConv),--,Performance Max,None,0,0,0.00,0.00,OK,,Appears relevant for Portland market
boys volleyball camp summer 2025,CM - pMax - Portland (MxConv),--,Performance Max,None,0,0,0.00,0.00,OK,,Appears relevant for Portland market
tennis near me,CM - pMax - Portland (MxConv),--,Performance Max,None,0,0,0.00,0.00,OK,,Appears relevant for Portland market
dance day camp near me,CM - pMax - Portland (MxConv),--,Performance Max,None,0,0,0.00,0.00,OK,,Appears relevant for Portland market
aaron judge camp,CM - pMax - Portland (MxConv),--,Performance Max,None,0,0,0.00,0.00,OK,,Appears relevant for Portland market
basketball camp westchester ny,CM - Nonbranded - Other Geos (MxConv),Basketball Camp,Phrase match,Added,1,10,9.11,2.00,OK,,Has converted - protected from negation
sportime near me,CM - Non Brand - PMax,--,Performance Max,None,0,1,0.00,0.00,OK,,Appears relevant for Portland market
kids near me,CM - Non Brand - PMax,--,Performance Max,None,0,1,0.00,0.00,OK,,Appears relevant for Portland market
basketball,CM - Non Brand - PMax,--,Performance Max,None,0,1,0.00,0.00,OK,,Appears relevant for Portland market
cheerleading,CM - Non Brand - PMax,--,Performance Max,None,0,7,0.00,0.00,OK,,Appears relevant for Portland market
tfa near me,CM - Non Brand - PMax,--,Performance Max,None,0,1,0.00,0.00,OK,,Appears relevant for Portland market
basketball camp for girls,CM - Non Brand - PMax,--,Performance Max,None,0,2,0.00,0.00,OK,,Appears relevant for Portland market
horseback riding lessons near me,CM - Non Brand - PMax,--,Performance Max,None,0,2,0.00,0.00,OK,,Appears relevant for Portland market
toddler summer camp,CM - Non Brand - PMax,--,Performance Max,None,0,2,0.00,0.00,OK,,Appears relevant for Portland market
long island lutheran basketball camp,CM - Nonbranded - Geo Priorities (MxCx),Basketball Camp,Phrase match,None,0,1,0.00,0.00,OK,,Appears relevant
baseball camps near me,CM - Nonbranded - Geo Priorities (MxCx),Summer Camps,Phrase match (close variant),None,1,11,2.87,0.00,OK,,Appears relevant
football camp summer 2026,CM - Nonbranded - Geo Priorities (MxCx),Football Camps,Phrase match,None,0,2,0.00,0.00,OK,,Appears relevant
summer camps for 15 year old,CM - Nonbranded - Geo Priorities (MxCx),Summer Camps,Phrase match,None,0,1,0.00,0.00,OK,,Appears relevant
summer camps in wantagh ny,CM - Nonbranded - Geo Priorities (MxCx),Summer Camps,Phrase match,None,0,1,0.00,0.00,OK,,Appears relevant
libero camp,CM - Nonbranded - Geo Priorities (MxCx),Volleyball Camps,Phrase match (close variant),None,0,1,0.00,0.00,OK,,Appears relevant
pocantico hills summer camp,CM - Nonbranded - Geo Priorities (MxCx),Summer Camps,Phrase match (close variant),None,0,1,0.00,0.00,OK,,Appears relevant
bethpage athletic camp,CM - Nonbranded - Geo Priorities (MxCx),Sports Camps,Phrase match (close variant),None,0,3,0.00,0.00,OK,,Appears relevant
summer camps for 3 year olds,CM - Nonbranded - Geo Priorities (MxCx),Summer Camps,Phrase match (close variant),None,0,1,0.00,0.00,OK,,Appears relevant
cstl camp,CM - Nonbranded - Geo Priorities (MxCx),Summer Camps,Phrase match (close variant),None,0,1,0.00,0.00,OK,,Appears relevant
sayville summer camps,CM - Nonbranded - Geo Priorities (MxCx),Summer Camps,Phrase match,None,0,1,0.00,0.00,OK,,Appears relevant
volleyball camps for beginners near me,CM - Nonbranded - Geo Priorities (MxCx),Volleyball Camps,Phrase match,None,0,0,0.00,0.00,OK,,Appears relevant
what size soccer ball for 8 year old,CM - pMax - Portland (MxConv),--,Performance Max,Excluded,0,1,0.00,0.00,ALREADY EXCLUDED,,Already added as negative
hamptons camps,CM - Nonbranded - Other Geos (MxConv),Tennis Camps,Broad match,Excluded,0,1,0.00,0.00,ALREADY EXCLUDED,,Already added as negative
tennis near me,CM - Nonbranded - Other Geos (MxConv),Tennis Camps,Broad match,Excluded,0,0,0.00,0.00,ALREADY EXCLUDED,,Already added as negative
jaxson dart camp,CM - Nonbranded - Geo Priorities (MxCx),Football Camps,Phrase match (close variant),Excluded,2,6,5.39,0.00,ALREADY EXCLUDED,,Already added as negative
camp summit,CM - Nonbranded - Geo Priorities (MxCx),Soccer Camps,Phrase match (close variant),Excluded,0,1,0.00,0.00,ALREADY EXCLUDED,,Already added as negative
steady buckets,CM - Nonbranded - Other Geos (MxConv),Basketball Camp,Phrase match (close variant),Excluded,0,1,0.00,0.00,ALREADY EXCLUDED,,Already added as negative
camp westchester,CM - Nonbranded - Other Geos (MxConv),Tennis Camps,Broad match,Excluded,0,2,0.00,0.00,ALREADY EXCLUDED,,Already added as negative
primetime camp,CM - Nonbranded - Other Geos (MxConv),Tennis Camps,Broad match,Excluded,0,1,0.00,0.00,ALREADY EXCLUDED,,Already added as negative
camps r us hicksville calendar,CM - Nonbranded - Geo Priorities (MxCx),Summer Camps,Phrase match (close variant),Excluded,0,1,0.00,0.00,ALREADY EXCLUDED,,Already added as negative
driftwood day camp cost,CM - Nonbranded - Geo Priorities (MxCx),Summer Camps,Phrase match (close variant),Excluded,0,1,0.00,0.00,ALREADY EXCLUDED,,Already added as negative
luhi summer camp schedule,CM - Nonbranded - Geo Priorities (MxCx),Summer Camps,Phrase match,Excluded,0,1,0.00,0.00,ALREADY EXCLUDED,,Already added as negative
unh prospect camp,CM - Nonbranded - Geo Priorities (MxCx),Volleyball Camps,Phrase match (close variant),Excluded,0,2,0.00,0.00,ALREADY EXCLUDED,,Already added as negative
how to help shy toddler,CM - pMax - Portland (MxConv),--,Performance Max,Excluded,0,1,0.00,0.00,ALREADY EXCLUDED,,Already added as negative
rec center camps,CM - Nonbranded - Other Geos (MxConv),Tennis Camps,Broad match,Excluded,0,1,0.00,0.00,ALREADY EXCLUDED,,Already added as negative
kidstrong,CM - Nonbranded - Other Geos (MxConv),Tennis Camps,Broad match,Excluded,0,3,0.00,0.00,ALREADY EXCLUDED,,Already added as negative
camp rince ceol,CM - Nonbranded - Geo Priorities (MxCx),Dance Camps,Phrase match (close variant),Excluded,0,1,0.00,0.00,ALREADY EXCLUDED,,Already added as negative
hofstra summer camp 2026,CM - Nonbranded - Geo Priorities (MxCx),Summer Camps,Phrase match (close variant),Excluded,0,1,0.00,0.00,ALREADY EXCLUDED,,Already added as negative
donovan mitchell camp,CM - Nonbranded - Other Geos (MxConv),Basketball Camp,Phrase match (close variant),Excluded,0,2,0.00,0.00,ALREADY EXCLUDED,,Already added as negative
camp june 23,CM - Nonbranded - Other Geos (MxConv),Tennis Camps,Broad match,Excluded,0,2,0.00,0.00,ALREADY EXCLUDED,,Already added as negative
driftwood day camp prices,CM - Nonbranded - Geo Priorities (MxCx),Summer Camps,Phrase match (close variant),Excluded,1,1,2.97,0.00,ALREADY EXCLUDED,,Already added as negative
sport time,CM - Nonbranded - Geo Priorities (MxCx),Tennis Camps,Broad match,Excluded,0,0,0.00,0.00,ALREADY EXCLUDED,,Already added as negative
driftwood day camp melville ny,CM - Nonbranded - Geo Priorities (MxCx),Summer Camps,Phrase match (close variant),Excluded,0,3,0.00,0.00,ALREADY EXCLUDED,,Already added as negative
pfa camp,CM - Nonbranded - Geo Priorities (MxCx),Football Camps,Phrase match (close variant),Excluded,0,1,0.00,0.00,ALREADY EXCLUDED,,Already added as negative
volleyball near me,CM - Nonbranded - Geo Priorities (MxCx),Volleyball Camps,Exact match (close variant),Excluded,0,0,0.00,0.00,ALREADY EXCLUDED,,Already added as negative
esf camp,CM - Nonbranded - Other Geos (MxConv),Tennis Camps,Broad match,Excluded,0,4,0.00,0.00,ALREADY EXCLUDED,,Already added as negative
camps long island,CM - Nonbranded - Geo Priorities (MxCx),Soccer Camps,Phrase match (close variant),Excluded,0,6,0.00,0.00,ALREADY EXCLUDED,,Already added as negative
southampton camp and club,CM - Nonbranded - Other Geos (MxConv),Tennis Camps,Broad match,Excluded,0,1,0.00,0.00,ALREADY EXCLUDED,,Already added as negative
good hitting drills for youth baseball,CM - pMax - Portland (MxConv),--,Performance Max,Excluded,0,1,0.00,0.00,ALREADY EXCLUDED,,Already added as negative
wantagh park camp,CM - Nonbranded - Geo Priorities (MxCx),Soccer Camps,Phrase match (close variant),Excluded,0,3,0.00,0.00,ALREADY EXCLUDED,,Already added as negative
long island university football camps,CM - pMax - Portland (MxConv),--,Performance Max,Excluded,0,1,0.00,0.00,ALREADY EXCLUDED,,Already added as negative
camp condor white plains,CM - Nonbranded - Other Geos (MxConv),Tennis Camps,Broad match,Excluded,0,1,0.00,0.00,ALREADY EXCLUDED,,Already added as negative
top 100 camp 2025,CM - Nonbranded - Geo Priorities (MxCx),Basketball Camp,Phrase match (close variant),Excluded,0,1,0.00,0.00,ALREADY EXCLUDED,,Already added as negative
new york equestrian center,CM - pMax - Portland (MxConv),--,Performance Max,Excluded,0,0,0.00,0.00,ALREADY EXCLUDED,,Already added as negative
westchester recreation,CM - Nonbranded - Other Geos (MxConv),Tennis Camps,Broad match,Excluded,0,1,0.00,0.00,ALREADY EXCLUDED,,Already added as negative
ballet intensives summer 2026,CM - Nonbranded - Geo Priorities (MxCx),Dance Camps,Phrase match (close variant),Excluded,0,1,0.00,0.00,ALREADY EXCLUDED,,Already added as negative
horse camp,CM - Nonbranded - Geo Priorities (MxCx),Horseback Riding,Exact match (close variant),Excluded,0,2,0.00,0.00,ALREADY EXCLUDED,,Already added as negative
kid strong,CM - Nonbranded - Other Geos (MxConv),Tennis Camps,Broad match,Excluded,0,1,0.00,0.00,ALREADY EXCLUDED,,Already added as negative
what size tennis racket for 10 year old,CM - pMax - Portland (MxConv),--,Performance Max,Excluded,1,1,2.82,0.00,ALREADY EXCLUDED,,Already added as negative
pierce day camp prices,CM - Nonbranded - Geo Priorities (MxCx),Summer Camps,Phrase match (close variant),Excluded,0,1,0.00,0.00,ALREADY EXCLUDED,,Already added as negative
all stars camp,CM - Nonbranded - Other Geos (MxConv),Tennis Camps,Broad match,Excluded,1,1,0.12,1.00,ALREADY EXCLUDED,,Already added as negative
kid camps,CM - Nonbranded - Geo Priorities (MxCx),Soccer Camps,Phrase match (close variant),Excluded,0,2,0.00,0.00,ALREADY EXCLUDED,,Already added as negative
usdan summer camp,CM - Nonbranded - Geo Priorities (MxCx),Summer Camps,Phrase match,Excluded,0,0,0.00,0.00,ALREADY EXCLUDED,,Already added as negative
psg camp,CM - Nonbranded - Geo Priorities (MxCx),Soccer Camps,Phrase match (close variant),Excluded,0,2,0.00,0.00,ALREADY EXCLUDED,,Already added as negative
tennis for kids near me,CM - Nonbranded - Geo Priorities (MxCx),Tennis Camps,Broad match,Excluded,0,0,0.00,0.00,ALREADY EXCLUDED,,Already added as negative
child camp,CM - Nonbranded - Geo Priorities (MxCx),Soccer Camps,Phrase match (close variant),Excluded,0,1,0.00,0.00,ALREADY EXCLUDED,,Already added as negative
local camps,CM - Nonbranded - Other Geos (MxConv),Tennis Camps,Broad match,Excluded,0,2,0.00,0.00,ALREADY EXCLUDED,,Already added as negative
suffolk county camp,CM - Nonbranded - Other Geos (MxConv),Tennis Camps,Broad match,Excluded,0,1,0.00,0.00,ALREADY EXCLUDED,,Already added as negative
tennis lessons,CM - Nonbranded - Geo Priorities (MxCx),Tennis Camps,Broad match,Excluded,0,0,0.00,0.00,ALREADY EXCLUDED,,Already added as negative
tennis clubs near me,CM - Nonbranded - Geo Priorities (MxCx),Tennis Camps,Broad match,Excluded,0,0,0.00,0.00,ALREADY EXCLUDED,,Already added as negative
how to play golf for beginners,CM - pMax - Portland (MxConv),--,Performance Max,Excluded,0,1,0.00,0.00,ALREADY EXCLUDED,,Already added as negative
hamptons tennis lessons,CM - Nonbranded - Geo Priorities (MxCx),Tennis Camps,Broad match,Excluded,0,0,0.00,0.00,ALREADY EXCLUDED,,Already added as negative
camps r us near me,CM - Nonbranded - Geo Priorities (MxCx),Summer Camps,Phrase match (close variant),Excluded,0,3,0.00,0.00,ALREADY EXCLUDED,,Already added as negative
boys and girls club camp,CM - Nonbranded - Other Geos (MxConv),Tennis Camps,Broad match,Excluded,0,1,0.00,0.00,ALREADY EXCLUDED,,Already added as negative
what size soccer ball for 9 year old,CM - pMax - Portland (MxConv),--,Performance Max,Excluded,0,1,0.00,0.00,ALREADY EXCLUDED,,Already added as negative
u11 soccer ball size,CM - pMax - Portland (MxConv),--,Performance Max,Excluded,0,1,0.00,0.00,ALREADY EXCLUDED,,Already added as negative
usa talent id camp,CM - Nonbranded - Geo Priorities (MxCx),Football Camps,Phrase match (close variant),Excluded,0,1,0.00,0.00,ALREADY EXCLUDED,,Already added as negative
shibley day camp cost,CM - Nonbranded - Geo Priorities (MxCx),Summer Camps,Phrase match (close variant),Excluded,0,1,0.00,0.00,ALREADY EXCLUDED,,Already added as negative
volleyball near me,CM - Nonbranded - Geo Priorities (MxCx),Volleyball Camps,Phrase match (close variant),Excluded,0,0,0.00,0.00,ALREADY EXCLUDED,,Already added as negative
southampton soccer camp,CM - Nonbranded - Other Geos (MxConv),Football Camps,Phrase match (close variant),Excluded,0,2,0.00,0.00,ALREADY EXCLUDED,,Already added as negative
next level camps,CM - Nonbranded - Other Geos (MxConv),Tennis Camps,Broad match,Excluded,0,1,0.00,0.00,ALREADY EXCLUDED,,Already added as negative
ballet camps summer 2026,CM - Nonbranded - Other Geos (MxConv),Dance Camps,Phrase match (close variant),Excluded,0,2,0.00,0.00,ALREADY EXCLUDED,,Already added as negative
how to dribble good in soccer,CM - pMax - Portland (MxConv),--,Performance Max,Excluded,0,1,0.00,0.00,ALREADY EXCLUDED,,Already added as negative
foundation sports camp,CM - Nonbranded - Geo Priorities (MxCx),Sports Camps,Phrase match,Excluded,0,0,0.00,0.00,ALREADY EXCLUDED,,Already added as negative
future stars parent portal,CM - Branded (Mx.Clicks),Future Stars Camp Brand,Phrase match,Excluded,0,0,0.00,0.00,ALREADY EXCLUDED,,Already added as negative
sports on long island,CM - Nonbranded - Other Geos (MxConv),Tennis Camps,Broad match,Excluded,0,2,0.00,0.00,ALREADY EXCLUDED,,Already added as negative
bballstars411,CM - Nonbranded - Geo Priorities (MxCx),Basketball Camp,Phrase match (close variant),Excluded,1,5,2.74,0.00,ALREADY EXCLUDED,,Already added as negative
kenwal day camp schedule,CM - Nonbranded - Geo Priorities (MxCx),Summer Camps,Phrase match (close variant),Excluded,0,2,0.00,0.00,ALREADY EXCLUDED,,Already added as negative
cli summer intensive,CM - Nonbranded - Geo Priorities (MxCx),Dance Camps,Phrase match (close variant),Excluded,0,1,0.00,0.00,ALREADY EXCLUDED,,Already added as negative
kid strong camp,CM - Nonbranded - Geo Priorities (MxCx),Soccer Camps,Phrase match (close variant),Excluded,0,5,0.00,0.00,ALREADY EXCLUDED,,Already added as negative
southampton camp,CM - Nonbranded - Other Geos (MxConv),Tennis Camps,Broad match,Excluded,1,3,33.07,0.00,ALREADY EXCLUDED,,Already added as negative
merrick woods camp,CM - Nonbranded - Geo Priorities (MxCx),Soccer Camps,Phrase match (close variant),Excluded,1,1,2.85,0.00,ALREADY EXCLUDED,,Already added as negative
mitchell pehlke camp,CM - Nonbranded - Geo Priorities (MxCx),Lacrosse Camps,Phrase match (close variant),Excluded,0,1,0.00,0.00,ALREADY EXCLUDED,,Already added as negative
camp ramapo for children,CM - Nonbranded - Geo Priorities (MxCx),Soccer Camps,Phrase match (close variant),Excluded,0,1,0.00,0.00,ALREADY EXCLUDED,,Already added as negative
scarsdale camp,CM - Nonbranded - Other Geos (MxConv),Tennis Camps,Broad match,Excluded,0,4,0.00,0.00,ALREADY EXCLUDED,,Already added as negative
what size tennis racket for 10 year old boy,CM - pMax - Portland (MxConv),--,Performance Max,Excluded,0,1,0.00,0.00,ALREADY EXCLUDED,,Already added as negative
wesleyan red and black camp,CM - Nonbranded - Geo Priorities (MxCx),Football Camps,Phrase match (close variant),Excluded,0,1,0.00,0.00,ALREADY EXCLUDED,,Already added as negative
what size soccer ball for 10 year old,CM - pMax - Portland (MxConv),--,Performance Max,Excluded,1,1,0.64,0.00,ALREADY EXCLUDED,,Already added as negative
what size soccer ball for 11 year old boy,CM - pMax - Portland (MxConv),--,Performance Max,Excluded,0,1,0.00,0.00,ALREADY EXCLUDED,,Already added as negative
kid soccer ball sizes,CM - pMax - Portland (MxConv),--,Performance Max,Excluded,1,2,1.57,0.00,ALREADY EXCLUDED,,Already added as negative
recreation center near me,CM - Nonbranded - Other Geos (MxConv),Tennis Camps,Broad match,Excluded,0,1,0.00,0.00,ALREADY EXCLUDED,,Already added as negative
kids strong,CM - Nonbranded - Other Geos (MxConv),Tennis Camps,Broad match,Excluded,0,2,0.00,0.00,ALREADY EXCLUDED,,Already added as negative
little league camp,CM - Nonbranded - Other Geos (MxConv),Baseball Camps,Phrase match (close variant),Excluded,0,1,0.00,0.00,ALREADY EXCLUDED,,Already added as negative
what size soccer ball for 3 year old,CM - pMax - Portland (MxConv),--,Performance Max,Excluded,0,1,0.00,0.00,ALREADY EXCLUDED,,Already added as negative
jay fiedler camp,CM - Nonbranded - Geo Priorities (MxCx),Football Camps,Phrase match (close variant),Excluded,0,1,0.00,0.00,ALREADY EXCLUDED,,Already added as negative
ballet summer intensives,CM - Nonbranded - Other Geos (MxConv),Dance Camps,Phrase match (close variant),Excluded,0,1,0.00,0.00,ALREADY EXCLUDED,,Already added as negative
driftwood day camp tuition,CM - Nonbranded - Geo Priorities (MxCx),Summer Camps,Phrase match (close variant),Excluded,2,5,5.87,0.00,ALREADY EXCLUDED,,Already added as negative
u12 soccer ball size,CM - pMax - Portland (MxConv),--,Performance Max,Excluded,0,2,0.00,0.00,ALREADY EXCLUDED,,Already added as negative
how much is the joffrey summer intensive,CM - Nonbranded - Geo Priorities (MxCx),Dance Camps,Phrase match (close variant),Excluded,0,1,0.00,0.00,ALREADY EXCLUDED,,Already added as negative
what to do in melville ny,CM - pMax - Portland (MxConv),--,Performance Max,Excluded,0,1,0.00,0.00,ALREADY EXCLUDED,,Already added as negative
camp forest hills,CM - Nonbranded - Other Geos (MxConv),Tennis Camps,Broad match,Excluded,0,1,0.00,0.00,ALREADY EXCLUDED,,Already added as negative
pitching camp,CM - Nonbranded - Other Geos (MxConv),Baseball Camps,Phrase match (close variant),Excluded,0,2,0.00,0.00,ALREADY EXCLUDED,,Already added as negative
liu mega camp,CM - Nonbranded - Geo Priorities (MxCx),Football Camps,Phrase match (close variant),Excluded,0,4,0.00,0.00,ALREADY EXCLUDED,,Already added as negative
camp palooza,CM - Nonbranded - Geo Priorities (MxCx),Basketball Camp,Phrase match (close variant),Excluded,0,1,0.00,0.00,ALREADY EXCLUDED,,Already added as negative
future stars,CM - pMax - Portland (MxConv),--,Performance Max,Excluded,0,0,0.00,0.00,ALREADY EXCLUDED,,Already added as negative
kids sport near me,CM - Nonbranded - Other Geos (MxConv),Tennis Camps,Broad match,Excluded,0,1,0.00,0.00,ALREADY EXCLUDED,,Already added as negative
what size soccer ball for 6 year old,CM - pMax - Portland (MxConv),--,Performance Max,Excluded,0,4,0.00,0.00,ALREADY EXCLUDED,,Already added as negative
driftwood camp long island,CM - Nonbranded - Geo Priorities (MxCx),Summer Camps,Phrase match (close variant),Excluded,0,1,0.00,0.00,ALREADY EXCLUDED,,Already added as negative
tia white plains,CM - Nonbranded - Other Geos (MxConv),Tennis Camps,Broad match,Excluded,0,1,0.00,0.00,ALREADY EXCLUDED,,Already added as negative
teen camps long island,CM - Nonbranded - Geo Priorities (MxCx),Soccer Camps,Phrase match (close variant),Excluded,0,1,0.00,0.00,ALREADY EXCLUDED,,Already added as negative
kids soccer ball sizes by age,CM - pMax - Portland (MxConv),--,Performance Max,Excluded,0,1,0.00,0.00,ALREADY EXCLUDED,,Already added as negative
westchester county camps,CM - Nonbranded - Other Geos (MxConv),Tennis Camps,Broad match,Excluded,0,3,0.00,0.00,ALREADY EXCLUDED,,Already added as negative
hofstra summer camp 2026,CM - Nonbranded - Geo Priorities (MxCx),Summer Camps,Phrase match,Excluded,1,14,2.87,0.00,ALREADY EXCLUDED,,Already added as negative
jalen brunson camp,CM - Nonbranded - Geo Priorities (MxCx),Basketball Camp,Phrase match (close variant),Excluded,0,1,0.00,0.00,ALREADY EXCLUDED,,Already added as negative
usa talent id camp,CM - Nonbranded - Geo Priorities (MxCx),Soccer Camps,Phrase match (close variant),Excluded,0,1,0.00,0.00,ALREADY EXCLUDED,,Already added as negative
icamp,CM - Nonbranded - Other Geos (MxConv),Tennis Camps,Broad match,Excluded,0,1,0.00,0.00,ALREADY EXCLUDED,,Already added as negative
pierce day camp tuition,CM - Nonbranded - Geo Priorities (MxCx),Summer Camps,Phrase match (close variant),Excluded,1,2,2.78,0.00,ALREADY EXCLUDED,,Already added as negative
town of huntington camp,CM - Nonbranded - Geo Priorities (MxCx),Soccer Camps,Phrase match (close variant),Excluded,0,2,0.00,0.00,ALREADY EXCLUDED,,Already added as negative
affordable sleepaway camps,CM - pMax - Portland (MxConv),--,Performance Max,Excluded,0,3,0.00,0.00,ALREADY EXCLUDED,,Already added as negative
air it out,CM - Nonbranded - Geo Priorities (MxCx),Football Camps,Phrase match (close variant),Excluded,0,1,0.00,0.00,ALREADY EXCLUDED,,Already added as negative
luhi summer camp basketball,CM - Nonbranded - Geo Priorities (MxCx),Basketball Camp,Phrase match,Excluded,0,1,0.00,0.00,ALREADY EXCLUDED,,Already added as negative
camps in westchester ny,CM - Nonbranded - Other Geos (MxConv),Tennis Camps,Broad match,Excluded,0,3,0.00,0.00,ALREADY EXCLUDED,,Already added as negative
soccer ball sizes,CM - pMax - Portland (MxConv),--,Performance Max,Excluded,0,0,0.00,0.00,ALREADY EXCLUDED,,Already added as negative
what size soccer ball for middle school,CM - pMax - Portland (MxConv),--,Performance Max,Excluded,0,1,0.00,0.00,ALREADY EXCLUDED,,Already added as negative
sua sponte camp,CM - Nonbranded - Other Geos (MxConv),Lacrosse Camps,Phrase match (close variant),Excluded,0,2,0.00,0.00,ALREADY EXCLUDED,,Already added as negative
sleepaway camp packing,CM - pMax - Portland (MxConv),--,Performance Max,Excluded,0,1,0.00,0.00,ALREADY EXCLUDED,,Already added as negative
hoops 101,CM - Nonbranded - Geo Priorities (MxCx),Basketball Camp,Phrase match (close variant),Excluded,0,0,0.00,0.00,ALREADY EXCLUDED,,Already added as negative
garden city baseball camp,CM - pMax - Portland (MxConv),--,Performance Max,Excluded,0,1,0.00,0.00,ALREADY EXCLUDED,,Already added as negative
soccer ball size by age,CM - pMax - Portland (MxConv),--,Performance Max,Excluded,0,2,0.00,0.00,ALREADY EXCLUDED,,Already added as negative
schooled in hoops,CM - Nonbranded - Other Geos (MxConv),Basketball Camp,Phrase match (close variant),Excluded,1,2,5.05,0.00,ALREADY EXCLUDED,,Already added as negative
tyler kolek camp,CM - Nonbranded - Geo Priorities (MxCx),Basketball Camp,Phrase match (close variant),Excluded,0,1,0.00,0.00,ALREADY EXCLUDED,,Already added as negative
ymca sleepaway camps,CM - pMax - Portland (MxConv),--,Performance Max,Excluded,0,2,0.00,0.00,ALREADY EXCLUDED,,Already added as negative
game 7 camp,CM - Nonbranded - Geo Priorities (MxCx),Basketball Camp,Phrase match (close variant),Excluded,0,1,0.00,0.00,ALREADY EXCLUDED,,Already added as negative
arsenal camp,CM - Nonbranded - Geo Priorities (MxCx),Soccer Camps,Phrase match (close variant),Excluded,0,3,0.00,0.00,ALREADY EXCLUDED,,Already added as negative
