Search term,Campaign,Ad group,Match type,Added/Excluded,Clicks,Impr.,Cost,Conversions,RECOMMENDATION,NEG LEVEL,REASON
costa rica fishing adventures,Search - Resor,Travel Agent & Agency,Phrase match (close variant),None,0,1,0.00,0.00,ADD NEGATIVE,CAMPAIGN,Competitor term: 'g adventures'
hostels in costa rica on the beach,Search - Resor,Travel Packages,Phrase match (close variant),None,0,1,0.00,0.00,ADD NEGATIVE,CAMPAIGN,Accommodation-only search - not a package buyer: 'hostel'
the westin costa rica,Search - Resor,All-Inclusive & Custom,Phrase match (close variant),None,0,1,0.00,0.00,ADD NEGATIVE,CAMPAIGN,Competitor term: 'westin costa rica'
westin costa rica all inclusive,Search - Resor,All-Inclusive & Custom,Phrase match (close variant),None,1,4,2.88,0.00,ADD NEGATIVE,CAMPAIGN,Competitor term: 'westin costa rica'
the westin costa rica all inclusive,Search - Resor,All-Inclusive & Custom,Phrase match (close variant),None,1,1,1.43,0.00,ADD NEGATIVE,CAMPAIGN,Competitor term: 'westin costa rica'
entercostarica,Search - Resor,All-Inclusive & Custom,Phrase match (close variant),None,0,1,0.00,0.00,ADD NEGATIVE,CAMPAIGN,Competitor term: 'entercostarica'
costco travel packages to costa rica,Search - Resor,Vacation Packages,Phrase match,None,0,1,0.00,0.00,ADD NEGATIVE,CAMPAIGN,Competitor term: 'costco travel'
costa rica fishing trips all inclusive,Search - Resor,Travel Agent & Agency,Phrase match (close variant),None,0,2,0.00,0.00,ADD NEGATIVE,CAMPAIGN,Fishing-specific - separate niche: 'fishing'
costco travel to costa rica,Search - Resor,Trip planner,Phrase match (close variant),None,1,1,1.76,0.00,ADD NEGATIVE,CAMPAIGN,Competitor term: 'costco travel'
costco travel packages costa rica,Search - Resor,Vacation Packages,Phrase match (close variant),None,0,1,0.00,0.00,ADD NEGATIVE,CAMPAIGN,Competitor term: 'costco travel'
costa rica september itinerary,Search - Resor,Travel Agent & Agency,Phrase match (close variant),None,0,1,0.00,0.00,ADD NEGATIVE,CAMPAIGN,DIY research intent - low buying signal: 'itinerary'
costa rica trip itinerary 7 days,Search - Resor,Trip & Vacation,Phrase match (close variant),None,1,1,2.96,0.00,ADD NEGATIVE,CAMPAIGN,DIY research intent - low buying signal: 'itinerary'
all inclusive westin costa rica,Search - Resor,All-Inclusive & Custom,Phrase match (close variant),None,0,1,0.00,0.00,ADD NEGATIVE,CAMPAIGN,Competitor term: 'westin costa rica'
westin costa rica,Search - Resor,All-Inclusive & Custom,Phrase match (close variant),None,0,1,0.00,0.00,ADD NEGATIVE,CAMPAIGN,Competitor term: 'westin costa rica'
westin costa rica,Search - Resor,All-Inclusive & Custom,Phrase match (close variant),None,0,3,0.00,0.00,ADD NEGATIVE,CAMPAIGN,Competitor term: 'westin costa rica'
hostels in costa rica on the beach,Search - Resor,Travel Packages,Phrase match (close variant),None,0,1,0.00,0.00,ADD NEGATIVE,CAMPAIGN,Accommodation-only search - not a package buyer: 'hostel'
costco travel to costa rica,Search - Resor,Travel Packages,Phrase match,None,0,2,0.00,0.00,ADD NEGATIVE,CAMPAIGN,Competitor term: 'costco travel'
club med costa rica,Search - Resor,All-Inclusive & Custom,Phrase match (close variant),None,0,1,0.00,0.00,ADD NEGATIVE,CAMPAIGN,Competitor term: 'club med'
vacaciones de 15 días costa rica,Search - Resor,Travel Packages,Phrase match (close variant),None,0,1,0.00,0.00,ADD NEGATIVE,CAMPAIGN,Spanish-language search - targets US English: 'vacaciones'
7 day itinerary costa rica,Search - Resor,Trip & Vacation,Phrase match (close variant),None,0,1,0.00,0.00,ADD NEGATIVE,CAMPAIGN,DIY research intent - low buying signal: 'itinerary'
westin costa rica all inclusive,Search - Resor,All-Inclusive & Custom,Phrase match (close variant),None,0,1,0.00,0.00,ADD NEGATIVE,CAMPAIGN,Competitor term: 'westin costa rica'
must do things in costa rica,Search - Resor,Trip & Vacation,Phrase match (close variant),None,0,1,0.00,0.00,ADD NEGATIVE,CAMPAIGN,DIY research intent - low buying signal: 'must do'
where to stay in costa rica,Search - Resor,Travel Packages,Phrase match (close variant),None,0,2,0.00,0.00,ADD NEGATIVE,CAMPAIGN,Accommodation-only search - not a package buyer: 'where to stay'
costco travel costa rica,Search - Resor,Vacation Packages,Phrase match (close variant),None,0,2,0.00,0.00,ADD NEGATIVE,CAMPAIGN,Competitor term: 'costco travel'
costco travel packages to costa rica,Search - Resor,Travel Packages,Phrase match,None,0,2,0.00,0.00,ADD NEGATIVE,CAMPAIGN,Competitor term: 'costco travel'
tabacon resort costa rica,Search - Resor,Trip & Vacation,Phrase match (close variant),None,0,1,0.00,0.00,ADD NEGATIVE,CAMPAIGN,Competitor term: 'tabacon'
costco travel costa rica,Search - Resor,Trip & Vacation,Phrase match (close variant),None,1,1,5.41,0.00,ADD NEGATIVE,CAMPAIGN,Competitor term: 'costco travel'
vacaciones 15 dias en costa rica,Search - Resor,Travel Packages,Phrase match (close variant),None,0,1,0.00,0.00,ADD NEGATIVE,CAMPAIGN,Spanish-language search - targets US English: 'vacaciones'
costa rica december itinerary,Search - Resor,Trip & Vacation,Phrase match (close variant),None,1,1,2.32,0.00,ADD NEGATIVE,CAMPAIGN,DIY research intent - low buying signal: 'itinerary'
excursiones en costa rica,Search - Resor,Trip & Vacation,Exact match (close variant),None,0,1,0.00,0.00,ADD NEGATIVE,CAMPAIGN,Short excursion intent - not multi-day package: 'excursion'
excursion in costa rica,Search - Resor,Travel Agent & Agency,Phrase match (close variant),None,0,2,0.00,0.00,ADD NEGATIVE,CAMPAIGN,Short excursion intent - not multi-day package: 'excursion'
the westin costa rica,Search - Resor,All-Inclusive & Custom,Phrase match (close variant),None,0,1,0.00,0.00,ADD NEGATIVE,CAMPAIGN,Competitor term: 'westin costa rica'
costa rica with kids itinerary 7 days,Search - Resor,Family Packages,Phrase match,None,0,2,0.00,0.00,ADD NEGATIVE,CAMPAIGN,DIY research intent - low buying signal: 'itinerary'
costa rica paquetes turisticos,Search - Resor,Travel Packages,Phrase match (close variant),None,0,1,0.00,0.00,ADD NEGATIVE,CAMPAIGN,Spanish-language search - targets US English: 'paquetes'
all inclusive vacations costa rica,Search - Resor,All-Inclusive & Custom,Exact match (close variant),None,0,1,0.00,0.00,ADD NEGATIVE,CAMPAIGN,Competitor term: 'vacations costa rica'
costa rica fishing packages,Search - Resor,Travel Agent & Agency,Phrase match (close variant),None,0,1,0.00,0.00,ADD NEGATIVE,CAMPAIGN,Fishing-specific - separate niche: 'fishing'
costco travel costa rica,Search - Resor,Travel Packages,Phrase match (close variant),None,0,2,0.00,0.00,ADD NEGATIVE,CAMPAIGN,Competitor term: 'costco travel'
costa rica discounts,Search - Resor,Trip planner,Phrase match (close variant),None,0,2,0.00,0.00,ADD NEGATIVE,CAMPAIGN,Budget/cheap intent - not Tulu market: 'discount'
excursiones en costa rica,Search - Resor,Travel Packages,Phrase match (close variant),None,1,1,2.44,0.00,ADD NEGATIVE,CAMPAIGN,Short excursion intent - not multi-day package: 'excursion'
costa rica trip itinerary 7 days,Search - Resor,Travel Agent & Agency,Phrase match (close variant),None,0,1,0.00,0.00,ADD NEGATIVE,CAMPAIGN,DIY research intent - low buying signal: 'itinerary'
must sees in costa rica,Search - Resor,Trip & Vacation,Phrase match (close variant),None,0,1,0.00,0.00,ADD NEGATIVE,CAMPAIGN,DIY research intent - low buying signal: 'must see'
costco travel costa rica,Search - Resor,Travel Packages,Phrase match,None,0,4,0.00,0.00,ADD NEGATIVE,CAMPAIGN,Competitor term: 'costco travel'
guanacaste westin costa rica,Search - Resor,All-Inclusive & Custom,Phrase match (close variant),None,0,1,0.00,0.00,ADD NEGATIVE,CAMPAIGN,Competitor term: 'westin costa rica'
bungalow costa rica,Search - Resor,Travel Packages,Phrase match (close variant),None,0,1,0.00,0.00,ADD NEGATIVE,CAMPAIGN,Budget/cheap intent - not Tulu market: 'low cost'
6 day itinerary costa rica,Search - Resor,Travel Packages,Phrase match (close variant),None,0,1,0.00,0.00,ADD NEGATIVE,CAMPAIGN,DIY research intent - low buying signal: 'itinerary'
costa rica honeymoon itinerary,Search - Resor,Honeymoon & Romance,Exact match (close variant),None,0,1,0.00,0.00,ADD NEGATIVE,CAMPAIGN,DIY research intent - low buying signal: 'itinerary'
costco travel costa rica,Search - Resor,Vacation Packages,Phrase match (close variant),None,0,2,0.00,0.00,ADD NEGATIVE,CAMPAIGN,Competitor term: 'costco travel'
costa rica vacaciones 2026,Search - Resor,Travel Packages,Phrase match (close variant),None,0,1,0.00,0.00,ADD NEGATIVE,CAMPAIGN,Spanish-language search - targets US English: 'vacaciones'
vacaciones a costa rica,Search - Resor,Travel Packages,Phrase match (close variant),None,1,1,3.33,0.00,ADD NEGATIVE,CAMPAIGN,Spanish-language search - targets US English: 'vacaciones'
costa rica 3 days itinerary,Search - Resor,Travel Packages,Phrase match (close variant),None,2,1,9.72,0.00,ADD NEGATIVE,CAMPAIGN,DIY research intent - low buying signal: 'itinerary'
vacaciones en costa rica,Search - Resor,Travel Packages,Phrase match (close variant),None,0,1,0.00,0.00,ADD NEGATIVE,CAMPAIGN,Spanish-language search - targets US English: 'vacaciones'
costa rica excursion,Search - Resor,Travel Packages,Exact match (close variant),None,0,1,0.00,0.00,ADD NEGATIVE,CAMPAIGN,Short excursion intent - not multi-day package: 'excursion'
tabacon costa rica,Search - Resor,Luxury Packages,Phrase match (close variant),None,0,1,0.00,0.00,ADD NEGATIVE,CAMPAIGN,Competitor term: 'tabacon'
day tours costa rica,Search - Resor,Travel Agent & Agency,Phrase match (close variant),None,0,1,0.00,0.00,ADD NEGATIVE,CAMPAIGN,Short excursion intent - not multi-day package: 'day tour'
best tourist spots in costa rica,Search - Resor,Travel Packages,Phrase match (close variant),None,0,1,0.00,0.00,ADD NEGATIVE,CAMPAIGN,DIY research intent - low buying signal: 'tourist'
groupon costa rica deal,Search - Resor,Vacation Packages,Phrase match (close variant),None,0,1,0.00,0.00,ADD NEGATIVE,CAMPAIGN,Budget/cheap intent - not Tulu market: 'deal'
tourist costa rica,Search - Resor,Trip & Vacation,Exact match (close variant),None,0,1,0.00,0.00,ADD NEGATIVE,CAMPAIGN,DIY research intent - low buying signal: 'tourist'
guanacaste westin costa rica,Search - Resor,All-Inclusive & Custom,Phrase match (close variant),None,0,1,0.00,0.00,ADD NEGATIVE,CAMPAIGN,Competitor term: 'westin costa rica'
costco travel costa rica all inclusive,Search - Resor,All-Inclusive & Custom,Phrase match (close variant),None,2,3,8.35,0.00,ADD NEGATIVE,CAMPAIGN,Competitor term: 'costco travel'
costa rica trip itinerary 7 days,Search - Resor,Trip & Vacation,Phrase match (close variant),None,1,1,3.41,0.00,ADD NEGATIVE,CAMPAIGN,DIY research intent - low buying signal: 'itinerary'
paquetes a costa rica,Search - Resor,Travel Packages,Phrase match (close variant),None,0,1,0.00,0.00,ADD NEGATIVE,CAMPAIGN,Spanish-language search - targets US English: 'paquetes'
costco travel packages costa rica,Search - Resor,Travel Packages,Phrase match,None,1,1,2.17,0.00,ADD NEGATIVE,CAMPAIGN,Competitor term: 'costco travel'
westin costa rica all inclusive,Search - Resor,All-Inclusive & Custom,Phrase match (close variant),None,0,2,0.00,0.00,ADD NEGATIVE,CAMPAIGN,Competitor term: 'westin costa rica'
costco travel costa rica,Search - Resor,Vacation Packages,Phrase match (close variant),None,0,1,0.00,0.00,ADD NEGATIVE,CAMPAIGN,Competitor term: 'costco travel'
costco travel costa rica packages,Search - Resor,Travel Packages,Phrase match,None,0,1,0.00,0.00,ADD NEGATIVE,CAMPAIGN,Competitor term: 'costco travel'
paquetes costa rica,Search - Resor,Travel Packages,Phrase match (close variant),None,0,1,0.00,0.00,ADD NEGATIVE,CAMPAIGN,Spanish-language search - targets US English: 'paquetes'
costa rica 3 days itinerary,Search - Resor,Travel Packages,Phrase match (close variant),None,0,1,0.00,0.00,ADD NEGATIVE,CAMPAIGN,DIY research intent - low buying signal: 'itinerary'
costa rica solo female travel itinerary,Search - Resor,Travel Packages,Phrase match (close variant),None,0,1,0.00,0.00,ADD NEGATIVE,CAMPAIGN,DIY research intent - low buying signal: 'itinerary'
hostels costa rica,Search - Resor,Travel Packages,Phrase match (close variant),None,0,1,0.00,0.00,ADD NEGATIVE,CAMPAIGN,Accommodation-only search - not a package buyer: 'hostel'
top 5 tourist attractions in costa rica,Search - Resor,Trip & Vacation,Phrase match (close variant),None,0,3,0.00,0.00,ADD NEGATIVE,CAMPAIGN,DIY research intent - low buying signal: 'tourist'
hostels in costa rica on the beach,Search - Resor,Travel Packages,Phrase match (close variant),None,0,1,0.00,0.00,ADD NEGATIVE,CAMPAIGN,Accommodation-only search - not a package buyer: 'hostel'
costa rica excursion,Search - Resor,Travel Packages,Exact match (close variant),None,1,1,1.46,0.00,ADD NEGATIVE,CAMPAIGN,Short excursion intent - not multi-day package: 'excursion'
getting around costa rica without a car,Search - Resor,Travel Packages,Phrase match (close variant),None,0,2,0.00,0.00,ADD NEGATIVE,CAMPAIGN,DIY research intent - low buying signal: 'getting around'
must do things in costa rica,Search - Resor,Trip & Vacation,Phrase match (close variant),None,0,1,0.00,0.00,ADD NEGATIVE,CAMPAIGN,DIY research intent - low buying signal: 'must do'
costco travel costa rica packages,Search - Resor,Vacation Packages,Phrase match (close variant),None,0,1,0.00,0.00,ADD NEGATIVE,CAMPAIGN,Competitor term: 'costco travel'
hostels in san jose costa rica,Search - Resor,Travel Packages,Phrase match (close variant),None,0,1,0.00,0.00,ADD NEGATIVE,CAMPAIGN,Accommodation-only search - not a package buyer: 'hostel'
tours in costa rica,Search - Resor,Trip & Vacation,Exact match (close variant),None,0,1,0.00,0.00,REVIEW,,"Generic tour search - could be buyer, review manually"
tours in costa rica,Search - Resor,Travel Packages,Exact match (close variant),None,0,1,0.00,0.00,REVIEW,,"Generic tour search - could be buyer, review manually"
tours in costa rica,Search - Resor,Travel Agent & Agency,Phrase match (close variant),None,0,1,0.00,0.00,REVIEW,,"Generic tour search - could be buyer, review manually"
costa rica private tours,Search - Resor,Travel Agent & Agency,Phrase match (close variant),None,0,1,0.00,0.00,REVIEW,,"Generic tour search - could be buyer, review manually"
tours in costa rica,Search - Resor,Trip planner,Exact match (close variant),None,0,7,0.00,0.00,REVIEW,,"Generic tour search - could be buyer, review manually"
best tours in costa rica,Search - Resor,Trip & Vacation,Exact match (close variant),None,0,1,0.00,0.00,REVIEW,,"Generic tour search - could be buyer, review manually"
costa rica expeditions,Search - Resor,Travel Agent & Agency,Phrase match (close variant),None,0,2,0.00,0.00,REVIEW,,"Generic tour search - could be buyer, review manually"
all inclusive resort in costa rica on the beach,Search - Resor,All-Inclusive & Custom,Phrase match (close variant),None,0,1,0.00,0.00,OK,,Appears relevant - luxury package buyer intent
adult only all inclusive costa rica,Search - Resor,All-Inclusive & Custom,Phrase match (close variant),None,0,2,0.00,0.00,OK,,Appears relevant - luxury package buyer intent
hilton costa rica all inclusive,Search - Resor,All-Inclusive & Custom,Phrase match (close variant),None,0,1,0.00,0.00,OK,,Appears relevant - luxury package buyer intent
scuba diving in costa rica for beginners,Search - Resor,Travel Packages,Phrase match (close variant),None,0,1,0.00,0.00,OK,,Appears relevant - luxury package buyer intent
all inclusive vacation in costa rica for a family,Search - Resor,Family Packages,Exact match (close variant),None,0,1,0.00,0.00,OK,,Appears relevant - luxury package buyer intent
fort lauderdale to costa rica,Search - Resor,Travel Packages,Phrase match (close variant),None,0,1,0.00,0.00,OK,,Appears relevant - luxury package buyer intent
costa rica vacations,Search - Resor,Vacation Packages,Exact match (close variant),None,0,2,0.00,0.00,OK,,Appears relevant - luxury package buyer intent
southwest to costa rica,Search - Resor,Travel Packages,Phrase match (close variant),None,2,2,3.18,0.00,OK,,Appears relevant - luxury package buyer intent
trafalgar costa rica,Search - Resor,Trip & Vacation,Phrase match (close variant),None,0,1,0.00,0.00,OK,,Appears relevant - luxury package buyer intent
uvita surf and tour costa rica,Search - Resor,Travel Agent & Agency,Phrase match (close variant),None,0,1,0.00,0.00,OK,,Appears relevant - luxury package buyer intent
best snorkeling spots in costa rica,Search - Resor,Travel Packages,Phrase match (close variant),None,0,1,0.00,0.00,OK,,Appears relevant - luxury package buyer intent
all inclusive packages to costa rica,Search - Resor,All-Inclusive & Custom,Exact match (close variant),None,0,2,0.00,0.00,OK,,Appears relevant - luxury package buyer intent
all inclusive costa rica trips,Search - Resor,All-Inclusive & Custom,Exact match (close variant),None,0,1,0.00,0.00,OK,,Appears relevant - luxury package buyer intent
hilton costa rica,Search - Resor,Travel Packages,Phrase match (close variant),None,1,1,1.94,0.00,OK,,Appears relevant - luxury package buyer intent
groupon to costa rica,Search - Resor,Vacation Packages,Phrase match (close variant),None,1,2,5.28,0.00,OK,,Appears relevant - luxury package buyer intent
intrepid costa rica,Search - Resor,Travel Agent & Agency,Phrase match (close variant),None,0,1,0.00,0.00,OK,,Appears relevant - luxury package buyer intent
all inclusive vacation packages to costa rica,Search - Resor,All-Inclusive & Custom,Exact match (close variant),None,1,2,3.69,0.00,OK,,Appears relevant - luxury package buyer intent
costa rica christmas,Search - Resor,Trip & Vacation,Phrase match (close variant),None,0,1,0.00,0.00,OK,,Appears relevant - luxury package buyer intent
tour costa rica,Search - Resor,Trip planner,Exact match (close variant),None,0,1,0.00,0.00,OK,,Appears relevant - luxury package buyer intent
costa rica packages costco,Search - Resor,Vacation Packages,Phrase match (close variant),None,0,1,0.00,0.00,OK,,Appears relevant - luxury package buyer intent
tavo tours costa rica,Search - Resor,Travel Agent & Agency,Phrase match (close variant),None,0,1,0.00,0.00,OK,,Appears relevant - luxury package buyer intent
costa rica family vacation,Search - Resor,Family Packages,Exact match (close variant),None,1,1,3.03,0.00,OK,,Appears relevant - luxury package buyer intent
boston to san jose costa rica,Search - Resor,Travel Packages,Phrase match (close variant),None,0,1,0.00,0.00,OK,,Appears relevant - luxury package buyer intent
costa rica family vacation packages,Search - Resor,Family Packages,Exact match,Added,0,4,0.00,0.00,OK,,Appears relevant - luxury package buyer intent
costa rica luxury tours,Search - Resor,Luxury Packages,Exact match (close variant),None,1,1,5.15,0.00,OK,,Appears relevant - luxury package buyer intent
costa rica adults only all inclusive,Search - Resor,All-Inclusive & Custom,Phrase match (close variant),None,1,2,2.63,0.46,OK,,Has converted - protected from negation
arenal rides costa rica,Search - Resor,Travel Agent & Agency,Phrase match (close variant),None,0,2,0.00,0.00,OK,,Appears relevant - luxury package buyer intent
la to costa rica,Search - Resor,Travel Packages,Phrase match (close variant),None,0,2,0.00,0.00,OK,,Appears relevant - luxury package buyer intent
5 day costa rica vacation package,Search - Resor,Vacation Packages,Phrase match (close variant),None,1,1,2.14,0.00,OK,,Appears relevant - luxury package buyer intent
things to in costa rica,Search - Resor,Travel Packages,Phrase match (close variant),None,0,1,0.00,0.00,OK,,Appears relevant - luxury package buyer intent
visiting costa rica,Search - Resor,Travel Packages,Exact match (close variant),None,0,1,0.00,0.00,OK,,Appears relevant - luxury package buyer intent
san jose costa rica tours,Search - Resor,Travel Agent & Agency,Phrase match (close variant),None,1,2,2.97,0.00,OK,,Appears relevant - luxury package buyer intent
costco costa rica packages,Search - Resor,Travel Packages,Phrase match (close variant),None,0,1,0.00,0.00,OK,,Appears relevant - luxury package buyer intent
costco costa rica packages,Search - Resor,Vacation Packages,Phrase match (close variant),None,0,2,0.00,0.00,OK,,Appears relevant - luxury package buyer intent
costa rica tours,Search - Resor,Trip planner,Exact match (close variant),None,1,8,6.63,0.00,OK,,Appears relevant - luxury package buyer intent
哥斯达黎加 旅行,Search - Resor,Travel Packages,Phrase match (close variant),None,0,1,0.00,0.00,OK,,Appears relevant - luxury package buyer intent
actividades para hacer en costa rica,Search - Resor,Travel Packages,Phrase match (close variant),None,0,1,0.00,0.00,OK,,Appears relevant - luxury package buyer intent
costa rica all inclusive,Search - Resor,All-Inclusive & Custom,Exact match (close variant),None,5,45,17.13,0.00,OK,,Has converted - protected from negation
trips to costa rica 2027,Search - Resor,Vacation Packages,Phrase match (close variant),None,0,1,0.00,0.00,OK,,Appears relevant - luxury package buyer intent
costa rica family vacations,Search - Resor,Family Packages,Exact match (close variant),None,0,1,0.00,0.00,OK,,Appears relevant - luxury package buyer intent
costa rica from nyc,Search - Resor,Travel Packages,Phrase match (close variant),None,0,1,0.00,0.00,OK,,Appears relevant - luxury package buyer intent
best areas to visit in costa rica,Search - Resor,Trip & Vacation,Phrase match (close variant),None,0,1,0.00,0.00,OK,,Appears relevant - luxury package buyer intent
traveling to costa rica with kids,Search - Resor,Family Packages,Exact match (close variant),None,0,1,0.00,0.00,OK,,Appears relevant - luxury package buyer intent
costa rica all inclusive packages,Search - Resor,All-Inclusive & Custom,Exact match,Added,2,15,4.64,0.00,OK,,Appears relevant - luxury package buyer intent
costa rica packages all inclusive,Search - Resor,All-Inclusive & Custom,Exact match (close variant),None,0,1,0.00,0.00,OK,,Appears relevant - luxury package buyer intent
papagayo costa rica all inclusive,Search - Resor,All-Inclusive & Custom,Phrase match (close variant),None,0,1,0.00,0.00,OK,,Appears relevant - luxury package buyer intent
traveling to costa rica,Search - Resor,Trip & Vacation,Exact match (close variant),None,0,1,0.00,0.00,OK,,Appears relevant - luxury package buyer intent
costa rica honeymoon tour,Search - Resor,Honeymoon & Romance,Exact match (close variant),None,0,1,0.00,0.00,OK,,Appears relevant - luxury package buyer intent
san jose costa rica sjo,Search - Resor,Travel Packages,Phrase match (close variant),None,0,1,0.00,0.00,OK,,Appears relevant - luxury package buyer intent
hilton guanacaste costa rica,Search - Resor,Travel Packages,Phrase match (close variant),None,0,1,0.00,0.00,OK,,Appears relevant - luxury package buyer intent
kosher jaco costa rica,Search - Resor,Trip & Vacation,Phrase match (close variant),None,0,1,0.00,0.00,OK,,Has converted - protected from negation
costa rica tours,Search - Resor,Travel Packages,Exact match (close variant),None,0,2,0.00,0.00,OK,,Appears relevant - luxury package buyer intent
all inclusive resort costa rica,Search - Resor,All-Inclusive & Custom,Exact match (close variant),None,0,4,0.00,0.00,OK,,Appears relevant - luxury package buyer intent
planning a trip to costa rica with kids,Search - Resor,Family Packages,Exact match (close variant),None,0,1,0.00,0.00,OK,,Appears relevant - luxury package buyer intent
what should i do in costa rica,Search - Resor,Trip & Vacation,Phrase match (close variant),None,0,1,0.00,0.00,OK,,Appears relevant - luxury package buyer intent
costa rica tour packages all inclusive,Search - Resor,All-Inclusive & Custom,Exact match (close variant),None,0,4,0.00,0.00,OK,,Appears relevant - luxury package buyer intent
all inclusive costa rica,Search - Resor,All-Inclusive & Custom,Exact match (close variant),None,2,13,4.38,0.48,OK,,Has converted - protected from negation
costa rica vacations,Search - Resor,Trip & Vacation,Exact match (close variant),Added,0,1,0.00,0.00,OK,,Appears relevant - luxury package buyer intent
rio celeste costa rica,Search - Resor,Travel Packages,Phrase match (close variant),None,0,2,0.00,0.00,OK,,Appears relevant - luxury package buyer intent
costa rica all inclusive vacation packages,Search - Resor,All-Inclusive & Custom,Exact match,Added,0,6,0.00,0.00,OK,,Appears relevant - luxury package buyer intent
travel agency to costa rica,Search - Resor,Trip planner,Phrase match (close variant),None,0,1,0.00,0.00,OK,,Appears relevant - luxury package buyer intent
costa rica vacations in december,Search - Resor,Trip & Vacation,Phrase match (close variant),None,1,1,2.07,0.00,OK,,Appears relevant - luxury package buyer intent
best costa rica vacation packages all inclusive,Search - Resor,All-Inclusive & Custom,Exact match (close variant),None,0,1,0.00,0.00,OK,,Appears relevant - luxury package buyer intent
costa rica ritz carlton,Search - Resor,Trip & Vacation,Phrase match (close variant),None,0,1,0.00,0.00,OK,,Appears relevant - luxury package buyer intent
costco costa rica all inclusive,Search - Resor,All-Inclusive & Custom,Phrase match (close variant),None,0,1,0.00,0.00,OK,,Appears relevant - luxury package buyer intent
fora travel costa rica,Search - Resor,Travel Agent & Agency,Phrase match (close variant),None,0,1,0.00,0.00,OK,,Appears relevant - luxury package buyer intent
the best all inclusive resort in costa rica,Search - Resor,All-Inclusive & Custom,Phrase match (close variant),None,0,2,0.00,0.00,OK,,Appears relevant - luxury package buyer intent
monkey tours costa rica,Search - Resor,Travel Agent & Agency,Phrase match (close variant),None,0,2,0.00,0.00,OK,,Appears relevant - luxury package buyer intent
tortuga island costa rica,Search - Resor,Travel Packages,Phrase match (close variant),None,0,1,0.00,0.00,OK,,Appears relevant - luxury package buyer intent
costa rica vacations,Search - Resor,Vacation Packages,Exact match (close variant),None,0,3,0.00,0.00,OK,,Appears relevant - luxury package buyer intent
snorkeling costa rica,Search - Resor,Travel Packages,Phrase match (close variant),None,0,1,0.00,0.00,OK,,Appears relevant - luxury package buyer intent
costa rica bungalows all inclusive,Search - Resor,All-Inclusive & Custom,Phrase match (close variant),None,0,1,0.00,0.00,OK,,Appears relevant - luxury package buyer intent
golf in costa rica,Search - Resor,Trip & Vacation,Phrase match (close variant),None,0,1,0.00,0.00,OK,,Appears relevant - luxury package buyer intent
tamarindo to sjo,Search - Resor,Travel Packages,Phrase match (close variant),None,0,1,0.00,0.00,OK,,Appears relevant - luxury package buyer intent
all inclusive costa rica vacation packages,Search - Resor,All-Inclusive & Custom,Exact match (close variant),None,1,7,4.96,0.00,OK,,Appears relevant - luxury package buyer intent
tour costa rica,Search - Resor,Travel Packages,Exact match (close variant),None,0,1,0.00,0.00,OK,,Appears relevant - luxury package buyer intent
costa rica round trip,Search - Resor,Travel Packages,Phrase match (close variant),None,0,1,0.00,0.00,OK,,Appears relevant - luxury package buyer intent
summer camps in costa rica for kids,Search - Resor,Family Packages,Phrase match (close variant),None,0,1,0.00,0.00,OK,,Appears relevant - luxury package buyer intent
costa rica vacations,Search - Resor,Vacation Packages,Exact match (close variant),None,1,6,2.06,0.00,OK,,Appears relevant - luxury package buyer intent
all inclusive resort costa rica adults only,Search - Resor,All-Inclusive & Custom,Phrase match (close variant),None,0,1,0.00,0.00,OK,,Appears relevant - luxury package buyer intent
trip to costa rica price,Search - Resor,Trip & Vacation,Phrase match (close variant),None,0,1,0.00,0.00,OK,,Appears relevant - luxury package buyer intent
surf in costa rica,Search - Resor,Trip & Vacation,Phrase match (close variant),None,0,1,0.00,0.00,OK,,Appears relevant - luxury package buyer intent
westin all inclusive costa rica,Search - Resor,All-Inclusive & Custom,Phrase match (close variant),None,0,2,0.00,0.00,OK,,Appears relevant - luxury package buyer intent
safari tours costa rica,Search - Resor,Travel Packages,Phrase match (close variant),None,0,1,0.00,0.00,OK,,Appears relevant - luxury package buyer intent
costco trip to costa rica,Search - Resor,Vacation Packages,Phrase match (close variant),None,0,1,0.00,0.00,OK,,Appears relevant - luxury package buyer intent
places to see in costa rica,Search - Resor,Trip & Vacation,Phrase match (close variant),None,0,1,0.00,0.00,OK,,Appears relevant - luxury package buyer intent
bachelor party costa rica,Search - Resor,Trip & Vacation,Phrase match (close variant),None,0,1,0.00,0.00,OK,,Appears relevant - luxury package buyer intent
costa rica ziplining,Search - Resor,Travel Packages,Phrase match (close variant),None,0,1,0.00,0.00,OK,,Appears relevant - luxury package buyer intent
4 season costa rica,Search - Resor,Trip & Vacation,Phrase match (close variant),None,0,1,0.00,0.00,OK,,Appears relevant - luxury package buyer intent
all inclusive in costa rica for families,Search - Resor,All-Inclusive & Custom,Phrase match (close variant),None,0,1,0.00,0.00,OK,,Appears relevant - luxury package buyer intent
costa rica packages costco,Search - Resor,Vacation Packages,Phrase match (close variant),None,0,1,0.00,0.00,OK,,Appears relevant - luxury package buyer intent
costa rica tour,Search - Resor,Trip & Vacation,Exact match,Added,1,5,3.80,0.00,OK,,Appears relevant - luxury package buyer intent
south pacific coast costa rica,Search - Resor,Travel Packages,Phrase match (close variant),None,0,1,0.00,0.00,OK,,Appears relevant - luxury package buyer intent
costco all inclusive costa rica,Search - Resor,All-Inclusive & Custom,Phrase match (close variant),None,0,1,0.00,0.00,OK,,Appears relevant - luxury package buyer intent
where should i go in costa rica for the first time,Search - Resor,Trip & Vacation,Phrase match (close variant),None,0,1,0.00,0.00,OK,,Appears relevant - luxury package buyer intent
my tan feet costa rica,Search - Resor,Travel Agent & Agency,Phrase match (close variant),None,0,5,0.00,0.00,OK,,Appears relevant - luxury package buyer intent
westin playa conchal guanacaste costa rica,Search - Resor,All-Inclusive & Custom,Phrase match (close variant),None,0,1,0.00,0.00,OK,,Appears relevant - luxury package buyer intent
costa rica bachelor party,Search - Resor,Travel Packages,Phrase match (close variant),None,0,1,0.00,0.00,OK,,Appears relevant - luxury package buyer intent
costa rica for first timers,Search - Resor,Travel Agent & Agency,Phrase match (close variant),None,0,1,0.00,0.00,OK,,Appears relevant - luxury package buyer intent
costa rica family travel,Search - Resor,Family Packages,Exact match (close variant),None,0,1,0.00,0.00,OK,,Appears relevant - luxury package buyer intent
all inclusive family resort costa rica,Search - Resor,All-Inclusive & Custom,Phrase match (close variant),None,0,1,0.00,0.00,OK,,Appears relevant - luxury package buyer intent
atv rentals in costa rica,Search - Resor,Travel Packages,Phrase match (close variant),None,0,2,0.00,0.00,OK,,Appears relevant - luxury package buyer intent
trip to costa rica all inclusive,Search - Resor,All-Inclusive & Custom,Exact match (close variant),None,0,2,0.00,0.00,OK,,Appears relevant - luxury package buyer intent
pacifico travel costa rica,Search - Resor,Travel Packages,Phrase match,None,0,2,0.00,0.00,OK,,Appears relevant - luxury package buyer intent
all inclusive resort jaco costa rica,Search - Resor,All-Inclusive & Custom,Phrase match (close variant),None,0,1,0.00,0.00,OK,,Appears relevant - luxury package buyer intent
vacation in costa rica safe,Search - Resor,Travel Packages,Phrase match (close variant),None,0,1,0.00,0.00,OK,,Appears relevant - luxury package buyer intent
donde ir en costa rica,Search - Resor,Travel Packages,Phrase match (close variant),None,0,1,0.00,0.00,OK,,Appears relevant - luxury package buyer intent
trips to costa rica all inclusive,Search - Resor,All-Inclusive & Custom,Exact match (close variant),None,0,3,0.00,0.00,OK,,Appears relevant - luxury package buyer intent
afa costa rica,Search - Resor,Travel Agent & Agency,Phrase match (close variant),None,0,1,0.00,0.00,OK,,Appears relevant - luxury package buyer intent
costa rica all inclusive,Search - Resor,All-Inclusive & Custom,Exact match (close variant),None,12,101,34.87,0.24,OK,,Has converted - protected from negation
best vacation packages to costa rica,Search - Resor,All-Inclusive & Custom,Exact match (close variant),None,1,1,5.86,0.00,OK,,Appears relevant - luxury package buyer intent
india to costa rica,Search - Resor,Travel Packages,Phrase match (close variant),None,0,1,0.00,0.00,OK,,Appears relevant - luxury package buyer intent
groupon costa rica,Search - Resor,Vacation Packages,Phrase match (close variant),None,0,3,0.00,0.00,OK,,Appears relevant - luxury package buyer intent
costa rica drivers,Search - Resor,Travel Packages,Phrase match (close variant),None,0,1,0.00,0.00,OK,,Appears relevant - luxury package buyer intent
priceline costa rica,Search - Resor,Travel Packages,Phrase match (close variant),None,0,1,0.00,0.00,OK,,Appears relevant - luxury package buyer intent
costa rica family vacation all inclusive,Search - Resor,Family Packages,Exact match (close variant),None,1,2,1.26,0.00,OK,,Appears relevant - luxury package buyer intent
should i go to costa rica,Search - Resor,Travel Packages,Phrase match (close variant),None,0,1,0.00,0.00,OK,,Appears relevant - luxury package buyer intent
costa rica winter,Search - Resor,Trip & Vacation,Phrase match (close variant),None,0,1,0.00,0.00,OK,,Appears relevant - luxury package buyer intent
syracuse to costa rica,Search - Resor,Travel Packages,Phrase match (close variant),None,0,1,0.00,0.00,OK,,Appears relevant - luxury package buyer intent
costa rica all inclusive adults only,Search - Resor,All-Inclusive & Custom,Phrase match (close variant),None,0,4,0.00,0.00,OK,,Appears relevant - luxury package buyer intent
costa rica in october,Search - Resor,Travel Packages,Phrase match (close variant),None,0,1,0.00,0.00,OK,,Appears relevant - luxury package buyer intent
costa rica with kids,Search - Resor,Family Packages,Exact match,Added,0,8,0.00,0.00,OK,,Appears relevant - luxury package buyer intent
costa rica monkey tours,Search - Resor,Travel Agent & Agency,Phrase match (close variant),None,0,2,0.00,0.00,OK,,Appears relevant - luxury package buyer intent
santa teresa to la fortuna,Search - Resor,Travel Packages,Phrase match (close variant),None,0,2,0.00,0.00,OK,,Appears relevant - luxury package buyer intent
rythmia costa rica,Search - Resor,Travel Packages,Phrase match (close variant),None,0,2,0.00,0.00,OK,,Appears relevant - luxury package buyer intent
what's there to do in costa rica,Search - Resor,Trip & Vacation,Phrase match (close variant),None,0,1,0.00,0.00,OK,,Appears relevant - luxury package buyer intent
amor arenal costa rica,Search - Resor,Travel Packages,Phrase match (close variant),None,0,1,0.00,0.00,OK,,Appears relevant - luxury package buyer intent
thermal resort costa rica,Search - Resor,Travel Packages,Phrase match (close variant),None,0,1,0.00,0.00,OK,,Appears relevant - luxury package buyer intent
san jose to monteverde costa rica,Search - Resor,Travel Packages,Phrase match (close variant),None,0,1,0.00,0.00,OK,,Appears relevant - luxury package buyer intent
the spring resort and spa costa rica,Search - Resor,Luxury Packages,Phrase match (close variant),None,0,2,0.00,0.00,OK,,Appears relevant - luxury package buyer intent
costa rica tour packages,Search - Resor,Trip planner,Exact match (close variant),None,0,1,0.00,0.00,OK,,Appears relevant - luxury package buyer intent
all inclusive hilton in costa rica,Search - Resor,All-Inclusive & Custom,Phrase match (close variant),None,0,1,0.00,0.00,OK,,Appears relevant - luxury package buyer intent
solo travel in costa rica,Search - Resor,Travel Agent & Agency,Phrase match (close variant),None,0,1,0.00,0.00,OK,,Appears relevant - luxury package buyer intent
all inclusive trips to costa rica,Search - Resor,All-Inclusive & Custom,Exact match (close variant),None,0,5,0.00,0.00,OK,,Appears relevant - luxury package buyer intent
best costa rica tours packages all inclusive,Search - Resor,All-Inclusive & Custom,Exact match (close variant),None,3,4,12.23,0.00,OK,,Appears relevant - luxury package buyer intent
san francisco to costa rica,Search - Resor,Travel Packages,Phrase match (close variant),None,0,1,0.00,0.00,OK,,Appears relevant - luxury package buyer intent
trip to costa rica,Search - Resor,Travel Packages,Exact match,Added,4,29,14.11,0.00,OK,,Appears relevant - luxury package buyer intent
driver in costa rica,Search - Resor,Travel Packages,Phrase match (close variant),None,0,1,0.00,0.00,OK,,Appears relevant - luxury package buyer intent
costa rica san jose tours,Search - Resor,Travel Packages,Phrase match (close variant),None,0,1,0.00,0.00,OK,,Appears relevant - luxury package buyer intent
amor arenal resort,Search - Resor,Honeymoon & Romance,Phrase match (close variant),None,0,1,0.00,0.00,OK,,Appears relevant - luxury package buyer intent
costa rica in december,Search - Resor,Trip & Vacation,Phrase match (close variant),None,0,1,0.00,0.00,OK,,Appears relevant - luxury package buyer intent
costa rican tours,Search - Resor,Travel Agent & Agency,Phrase match (close variant),None,0,1,0.00,0.00,OK,,Appears relevant - luxury package buyer intent
best month to visit costa rica,Search - Resor,Trip & Vacation,Phrase match (close variant),None,0,1,0.00,0.00,OK,,Appears relevant - luxury package buyer intent
best place to go to costa rica,Search - Resor,Travel Agent & Agency,Phrase match (close variant),None,0,1,0.00,0.00,OK,,Appears relevant - luxury package buyer intent
new years costa rica,Search - Resor,Travel Packages,Phrase match (close variant),None,0,1,0.00,0.00,OK,,Appears relevant - luxury package buyer intent
costa rica trip plan,Search - Resor,Trip planner,Exact match (close variant),None,0,1,0.00,0.00,OK,,Appears relevant - luxury package buyer intent
costa rica beach vacation,Search - Resor,Trip & Vacation,Phrase match (close variant),None,0,1,0.00,0.00,OK,,Appears relevant - luxury package buyer intent
best costa rica tours packages,Search - Resor,Travel Packages,Exact match (close variant),None,0,1,0.00,0.00,OK,,Appears relevant - luxury package buyer intent
que se puede hacer en costa rica,Search - Resor,Travel Packages,Phrase match (close variant),None,0,2,0.00,0.00,OK,,Appears relevant - luxury package buyer intent
surf camps costa rica,Search - Resor,Trip & Vacation,Phrase match (close variant),None,0,1,0.00,0.00,OK,,Appears relevant - luxury package buyer intent
round trip to costa rica,Search - Resor,Travel Packages,Phrase match,None,0,2,0.00,0.00,OK,,Appears relevant - luxury package buyer intent
best place to go in costa rica with kids,Search - Resor,Family Packages,Exact match (close variant),None,0,2,0.00,0.00,OK,,Appears relevant - luxury package buyer intent
costa rica luxury tour packages,Search - Resor,Luxury Packages,Exact match (close variant),None,0,1,0.00,0.00,OK,,Appears relevant - luxury package buyer intent
margaritaville beach resort costa rica all inclusive,Search - Resor,All-Inclusive & Custom,Phrase match (close variant),None,0,1,0.00,0.00,OK,,Appears relevant - luxury package buyer intent
tours from guanacaste costa rica,Search - Resor,Travel Agent & Agency,Phrase match (close variant),None,0,1,0.00,0.00,OK,,Appears relevant - luxury package buyer intent
best adult all inclusive costa rica,Search - Resor,All-Inclusive & Custom,Phrase match (close variant),None,0,1,0.00,0.00,OK,,Appears relevant - luxury package buyer intent
best way to do costa rica,Search - Resor,Travel Agent & Agency,Phrase match (close variant),None,0,1,0.00,0.00,OK,,Appears relevant - luxury package buyer intent
groupon costa rica all inclusive,Search - Resor,All-Inclusive & Custom,Phrase match (close variant),None,1,1,1.67,0.00,OK,,Appears relevant - luxury package buyer intent
dream resort costa rica,Search - Resor,Trip & Vacation,Phrase match (close variant),None,0,1,0.00,0.00,OK,,Appears relevant - luxury package buyer intent
costa rica explorations,Search - Resor,Trip & Vacation,Exact match (close variant),None,0,2,0.00,0.00,OK,,Appears relevant - luxury package buyer intent
trafalgar costa rica,Search - Resor,Trip & Vacation,Phrase match (close variant),None,0,1,0.00,0.00,OK,,Appears relevant - luxury package buyer intent
aye tours travel costa rica,Search - Resor,Travel Agent & Agency,Phrase match (close variant),None,0,1,0.00,0.00,OK,,Appears relevant - luxury package buyer intent
costa rica all inclusive,Search - Resor,Vacation Packages,Phrase match (close variant),None,0,2,0.00,0.00,OK,,Has converted - protected from negation
costa rica all inclusive adults only,Search - Resor,All-Inclusive & Custom,Phrase match (close variant),None,1,5,2.88,0.00,OK,,Appears relevant - luxury package buyer intent
parque selvatura monteverde,Search - Resor,Travel Packages,Phrase match (close variant),None,0,1,0.00,0.00,OK,,Appears relevant - luxury package buyer intent
best costa rica all inclusive,Search - Resor,All-Inclusive & Custom,Exact match (close variant),None,0,1,0.00,0.00,OK,,Appears relevant - luxury package buyer intent
destination wedding costa rica all inclusive,Search - Resor,All-Inclusive & Custom,Phrase match (close variant),None,1,1,2.86,0.00,OK,,Appears relevant - luxury package buyer intent
costa rica wedding packages all inclusive,Search - Resor,All-Inclusive & Custom,Phrase match (close variant),None,1,1,5.43,0.00,OK,,Appears relevant - luxury package buyer intent
ziplining in costa rica monteverde,Search - Resor,Travel Packages,Phrase match (close variant),None,0,1,0.00,0.00,OK,,Appears relevant - luxury package buyer intent
tamarindo diria beach resort all inclusive,Search - Resor,All-Inclusive & Custom,Phrase match (close variant),None,0,2,0.00,0.00,OK,,Appears relevant - luxury package buyer intent
pros and cons of visiting costa rica,Search - Resor,Travel Packages,Phrase match (close variant),None,0,1,0.00,0.00,OK,,Appears relevant - luxury package buyer intent
vacation packages to costa rica all inclusive,Search - Resor,All-Inclusive & Custom,Exact match (close variant),None,0,1,0.00,0.00,OK,,Appears relevant - luxury package buyer intent
5 day costa rica vacation package,Search - Resor,Vacation Packages,Phrase match,None,0,1,0.00,0.00,OK,,Appears relevant - luxury package buyer intent
all inclusive resort costa rica,Search - Resor,All-Inclusive & Custom,Exact match (close variant),None,1,3,1.42,0.00,OK,,Appears relevant - luxury package buyer intent
costco costa rica packages,Search - Resor,Travel Packages,Phrase match (close variant),None,0,1,0.00,0.00,OK,,Appears relevant - luxury package buyer intent
india to costa rica,Search - Resor,Travel Packages,Phrase match (close variant),None,0,1,0.00,0.00,OK,,Appears relevant - luxury package buyer intent
tours and transfers costa rica,Search - Resor,Travel Agent & Agency,Phrase match (close variant),None,0,1,0.00,0.00,OK,,Appears relevant - luxury package buyer intent
costa rica all inclusive trip,Search - Resor,All-Inclusive & Custom,Exact match (close variant),None,0,1,0.00,0.00,OK,,Appears relevant - luxury package buyer intent
best locations to stay in costa rica,Search - Resor,Travel Packages,Phrase match (close variant),None,0,1,0.00,0.00,OK,,Appears relevant - luxury package buyer intent
cr connections costa rica transfers tours and lodging,Search - Resor,Travel Packages,Phrase match (close variant),None,0,1,0.00,0.00,OK,,Appears relevant - luxury package buyer intent
yoga retreats in costa rica,Search - Resor,Trip & Vacation,Phrase match (close variant),None,0,1,0.00,0.00,OK,,Appears relevant - luxury package buyer intent
jurassic canyon costa rica,Search - Resor,Travel Packages,Phrase match (close variant),None,0,1,0.00,0.00,OK,,Appears relevant - luxury package buyer intent
tortuga island costa rica,Search - Resor,Travel Packages,Phrase match (close variant),None,0,1,0.00,0.00,OK,,Appears relevant - luxury package buyer intent
summer camp in costa rica,Search - Resor,Trip & Vacation,Phrase match (close variant),None,0,1,0.00,0.00,OK,,Appears relevant - luxury package buyer intent
costa rica honeymoon all inclusive,Search - Resor,Honeymoon & Romance,Exact match (close variant),None,0,1,0.00,0.00,OK,,Appears relevant - luxury package buyer intent
best costa rica tours packages,Search - Resor,Travel Packages,Exact match (close variant),None,0,1,0.00,0.00,OK,,Appears relevant - luxury package buyer intent
costa rica in october,Search - Resor,Travel Packages,Phrase match (close variant),None,0,2,0.00,0.00,OK,,Appears relevant - luxury package buyer intent
tours a costa rica,Search - Resor,Trip & Vacation,Exact match (close variant),None,0,1,0.00,0.00,OK,,Appears relevant - luxury package buyer intent
dmc in costa rica,Search - Resor,Travel Agent & Agency,Exact match (close variant),None,0,2,0.00,0.00,OK,,Appears relevant - luxury package buyer intent
triodeturismo,Search - Resor,Travel Agent & Agency,Phrase match (close variant),None,0,1,0.00,0.00,OK,,Appears relevant - luxury package buyer intent
costa rica family packages,Search - Resor,Family Packages,Exact match,Added,0,1,0.00,0.00,OK,,Appears relevant - luxury package buyer intent
best areas to stay in costa rica,Search - Resor,Travel Packages,Phrase match (close variant),None,0,1,0.00,0.00,OK,,Appears relevant - luxury package buyer intent
costa rica travel costco,Search - Resor,Travel Packages,Phrase match,None,1,1,2.23,0.00,OK,,Appears relevant - luxury package buyer intent
resort in costa rica all inclusive,Search - Resor,All-Inclusive & Custom,Exact match (close variant),None,0,1,0.00,0.00,OK,,Appears relevant - luxury package buyer intent
guias turisticos costa rica,Search - Resor,Travel Packages,Phrase match (close variant),None,0,1,0.00,0.00,OK,,Appears relevant - luxury package buyer intent
all inclusive vacation costa rica,Search - Resor,All-Inclusive & Custom,Exact match (close variant),None,0,1,0.00,0.00,OK,,Appears relevant - luxury package buyer intent
what to visit in costa rica,Search - Resor,Travel Agent & Agency,Phrase match (close variant),None,0,1,0.00,0.00,OK,,Appears relevant - luxury package buyer intent
costa rica vacations all inclusive,Search - Resor,All-Inclusive & Custom,Exact match (close variant),None,0,1,0.00,0.00,OK,,Appears relevant - luxury package buyer intent
trip to costa rica with kids,Search - Resor,Family Packages,Exact match (close variant),None,0,1,0.00,0.00,OK,,Appears relevant - luxury package buyer intent
costa rica vacations,Search - Resor,Trip & Vacation,Exact match (close variant),Added,0,1,0.00,0.00,OK,,Appears relevant - luxury package buyer intent
pacific trade winds tours,Search - Resor,Travel Agent & Agency,Phrase match (close variant),None,0,2,0.00,0.00,OK,,Appears relevant - luxury package buyer intent
best costa rica tours packages,Search - Resor,Travel Agent & Agency,Phrase match (close variant),None,0,1,0.00,0.00,OK,,Appears relevant - luxury package buyer intent
costa rica all inclusive vacation,Search - Resor,All-Inclusive & Custom,Exact match (close variant),None,0,1,0.00,0.00,OK,,Appears relevant - luxury package buyer intent
peninsula papagayo costa rica,Search - Resor,Travel Packages,Phrase match (close variant),None,0,1,0.00,0.00,OK,,Appears relevant - luxury package buyer intent
where should i stay in costa rica,Search - Resor,Travel Packages,Phrase match (close variant),None,0,1,0.00,0.00,OK,,Appears relevant - luxury package buyer intent
costa rica vacation in december,Search - Resor,Trip & Vacation,Phrase match,None,0,1,0.00,0.00,OK,,Appears relevant - luxury package buyer intent
costa rica pickleball vacation,Search - Resor,Trip & Vacation,Phrase match (close variant),None,0,1,0.00,0.00,OK,,Appears relevant - luxury package buyer intent
costa rica travel agency,Search - Resor,Travel Agency,Exact match,Added,0,1,0.00,0.00,OK,,Appears relevant - luxury package buyer intent
costa rica vacations for couples,Search - Resor,Honeymoon & Romance,Exact match (close variant),None,0,1,0.00,0.00,OK,,Appears relevant - luxury package buyer intent
best way to see costa rica,Search - Resor,Travel Agent & Agency,Phrase match (close variant),None,0,1,0.00,0.00,OK,,Appears relevant - luxury package buyer intent
safest place to travel in costa rica,Search - Resor,Travel Packages,Phrase match (close variant),None,0,1,0.00,0.00,OK,,Appears relevant - luxury package buyer intent
costa rica honeymoon packages,Search - Resor,Honeymoon & Romance,Exact match,Added,1,4,3.34,0.00,OK,,Appears relevant - luxury package buyer intent
best costa rica all inclusive vacation packages,Search - Resor,All-Inclusive & Custom,Exact match (close variant),None,1,2,1.05,0.00,OK,,Appears relevant - luxury package buyer intent
vacations to costa rica,Search - Resor,Vacation Packages,Exact match (close variant),None,0,1,0.00,0.00,OK,,Appears relevant - luxury package buyer intent
costco costa rica packages,Search - Resor,Vacation Packages,Phrase match (close variant),None,1,1,1.78,0.00,OK,,Appears relevant - luxury package buyer intent
trips to costa rica 2027,Search - Resor,Vacation Packages,Phrase match (close variant),None,0,1,0.00,0.00,OK,,Appears relevant - luxury package buyer intent
all inclusive in costa rica,Search - Resor,All-Inclusive & Custom,Exact match (close variant),None,2,7,9.78,0.00,OK,,Appears relevant - luxury package buyer intent
costa rica women's retreat,Search - Resor,Trip & Vacation,Phrase match (close variant),None,0,1,0.00,0.00,OK,,Appears relevant - luxury package buyer intent
westin conchal costa rica all inclusive,Search - Resor,All-Inclusive & Custom,Phrase match (close variant),None,0,3,0.00,0.00,OK,,Appears relevant - luxury package buyer intent
costa rica beach vacation packages,Search - Resor,Vacation Packages,Phrase match,None,0,1,0.00,0.00,OK,,Appears relevant - luxury package buyer intent
new years in costa rica,Search - Resor,Trip & Vacation,Phrase match (close variant),None,0,1,0.00,0.00,OK,,Appears relevant - luxury package buyer intent
tour costa rica,Search - Resor,Travel Packages,Phrase match (close variant),None,0,1,0.00,0.00,OK,,Appears relevant - luxury package buyer intent
travel excellence costa rica,Search - Resor,Travel Packages,Phrase match,None,0,1,0.00,0.00,OK,,Appears relevant - luxury package buyer intent
occidental papagayo costa rica,Search - Resor,Travel Packages,Phrase match (close variant),None,0,2,0.00,0.00,OK,,Appears relevant - luxury package buyer intent
family vacation packages to costa rica,Search - Resor,Family Packages,Exact match (close variant),None,0,1,0.00,0.00,OK,,Appears relevant - luxury package buyer intent
costa rica all inclusive wedding,Search - Resor,All-Inclusive & Custom,Phrase match (close variant),None,1,1,2.67,0.00,OK,,Appears relevant - luxury package buyer intent
costa rica surf,Search - Resor,Travel Packages,Phrase match (close variant),None,0,1,0.00,0.00,OK,,Appears relevant - luxury package buyer intent
costa rica all inclusive vacations,Search - Resor,All-Inclusive & Custom,Exact match (close variant),None,0,1,0.00,0.00,OK,,Appears relevant - luxury package buyer intent
occidental papagayo culebra bay costa rica,Search - Resor,All-Inclusive & Custom,Phrase match (close variant),None,0,2,0.00,0.00,OK,,Appears relevant - luxury package buyer intent
w costa rica all inclusive,Search - Resor,All-Inclusive & Custom,Phrase match (close variant),None,0,1,0.00,0.00,OK,,Appears relevant - luxury package buyer intent
costa rica packages all inclusive,Search - Resor,All-Inclusive & Custom,Exact match (close variant),None,0,2,0.00,0.00,OK,,Appears relevant - luxury package buyer intent
costa rica round trip,Search - Resor,Trip & Vacation,Phrase match (close variant),None,0,1,0.00,0.00,OK,,Appears relevant - luxury package buyer intent
costa rica traveling,Search - Resor,Travel Packages,Exact match (close variant),None,1,1,5.84,0.00,OK,,Appears relevant - luxury package buyer intent
costa rica retreats for women,Search - Resor,Travel Packages,Phrase match (close variant),None,0,1,0.00,0.00,OK,,Appears relevant - luxury package buyer intent
costa rica hoteles,Search - Resor,Travel Packages,Phrase match (close variant),None,1,1,2.65,0.00,OK,,Appears relevant - luxury package buyer intent
all inclusive kid friendly costa rica,Search - Resor,Family Packages,Phrase match (close variant),None,0,1,0.00,0.00,OK,,Appears relevant - luxury package buyer intent
women's retreat costa rica 2026,Search - Resor,Travel Packages,Phrase match (close variant),None,0,1,0.00,0.00,OK,,Appears relevant - luxury package buyer intent
jaco tamarindo,Search - Resor,Travel Packages,Phrase match (close variant),None,0,1,0.00,0.00,OK,,Appears relevant - luxury package buyer intent
arenal tours costa rica,Search - Resor,Travel Agent & Agency,Phrase match (close variant),None,0,1,0.00,0.00,OK,,Appears relevant - luxury package buyer intent
costa rica all inclusive family,Search - Resor,Family Packages,Phrase match (close variant),None,1,1,2.15,0.00,OK,,Appears relevant - luxury package buyer intent
costa rica all inclusive,Search - Resor,All-Inclusive & Custom,Exact match (close variant),None,2,13,3.22,0.24,OK,,Has converted - protected from negation
accommodations in costa rica,Search - Resor,Travel Packages,Phrase match (close variant),None,0,1,0.00,0.00,OK,,Appears relevant - luxury package buyer intent
tpv tours costa rica,Search - Resor,Travel Agent & Agency,Phrase match (close variant),None,0,1,0.00,0.00,OK,,Appears relevant - luxury package buyer intent
costa rica dmc,Search - Resor,Travel Agent & Agency,Exact match,Added,0,2,0.00,0.00,OK,,Appears relevant - luxury package buyer intent
costa rica tours,Search - Resor,Trip & Vacation,Exact match (close variant),Added,0,1,0.00,0.00,OK,,Appears relevant - luxury package buyer intent
short term rentals in costa rica,Search - Resor,Trip & Vacation,Phrase match (close variant),None,0,1,0.00,0.00,OK,,Appears relevant - luxury package buyer intent
zoos in costa rica,Search - Resor,Travel Packages,Phrase match (close variant),None,0,1,0.00,0.00,OK,,Appears relevant - luxury package buyer intent
all inclusive costa rica for families,Search - Resor,All-Inclusive & Custom,Phrase match (close variant),None,0,1,0.00,0.00,OK,,Appears relevant - luxury package buyer intent
inside tours cr,Search - Resor,Travel Agent & Agency,Phrase match (close variant),None,0,1,0.00,0.00,OK,,Appears relevant - luxury package buyer intent
costa rica retirement tours,Search - Resor,Travel Agent & Agency,Phrase match (close variant),None,0,1,0.00,0.00,OK,,Appears relevant - luxury package buyer intent
kosher jaco costa rica,Search - Resor,Trip & Vacation,Phrase match (close variant),None,1,1,3.17,0.47,OK,,Has converted - protected from negation
ont to costa rica,Search - Resor,Travel Packages,Phrase match (close variant),None,1,1,1.44,0.00,OK,,Appears relevant - luxury package buyer intent
trips to costa rica,Search - Resor,Vacation Packages,Exact match (close variant),None,0,5,0.00,0.00,OK,,Appears relevant - luxury package buyer intent
frank the tank tours costa rica,Search - Resor,Travel Packages,Phrase match (close variant),None,0,1,0.00,0.00,OK,,Appears relevant - luxury package buyer intent
all inclusive resort costa rica adults only,Search - Resor,All-Inclusive & Custom,Phrase match (close variant),None,0,2,0.00,0.00,OK,,Appears relevant - luxury package buyer intent
costa rica the westin reserva conchal package,Search - Resor,All-Inclusive & Custom,Phrase match (close variant),None,0,2,0.00,0.00,OK,,Appears relevant - luxury package buyer intent
costa rica vacations with kids,Search - Resor,Family Packages,Exact match (close variant),None,0,1,0.00,0.00,OK,,Appears relevant - luxury package buyer intent
the westin reserva conchal costa rica,Search - Resor,All-Inclusive & Custom,Phrase match (close variant),None,0,1,0.00,0.00,OK,,Appears relevant - luxury package buyer intent
where can you see sloths in costa rica,Search - Resor,Travel Packages,Phrase match (close variant),None,0,1,0.00,0.00,OK,,Appears relevant - luxury package buyer intent
costa rica retirement tours,Search - Resor,Travel Agent & Agency,Phrase match (close variant),None,0,1,0.00,0.00,OK,,Appears relevant - luxury package buyer intent
valle dorado tours costa rica,Search - Resor,Travel Agent & Agency,Phrase match (close variant),None,0,1,0.00,0.00,OK,,Appears relevant - luxury package buyer intent
costa rica adventure packages,Search - Resor,Trip planner,Exact match (close variant),None,2,2,18.72,0.00,OK,,Appears relevant - luxury package buyer intent
monkey tours costa rica,Search - Resor,Travel Packages,Phrase match (close variant),None,0,1,0.00,0.00,OK,,Appears relevant - luxury package buyer intent
solo travel costa rica,Search - Resor,Trip & Vacation,Phrase match (close variant),None,1,1,6.10,0.00,OK,,Appears relevant - luxury package buyer intent
costa rica honeymoon package,Search - Resor,Honeymoon & Romance,Exact match (close variant),None,0,1,0.00,0.00,OK,,Appears relevant - luxury package buyer intent
costa rica vacation packages all inclusive,Search - Resor,All-Inclusive & Custom,Exact match (close variant),None,0,3,0.00,0.00,OK,,Appears relevant - luxury package buyer intent
solo travel to costa rica,Search - Resor,Trip & Vacation,Phrase match (close variant),None,1,2,1.98,0.00,OK,,Appears relevant - luxury package buyer intent
costa rica vacation all inclusive,Search - Resor,All-Inclusive & Custom,Exact match (close variant),None,0,1,0.00,0.00,OK,,Appears relevant - luxury package buyer intent
the springs resort and spa costa rica,Search - Resor,Luxury Packages,Phrase match (close variant),None,0,1,0.00,0.00,OK,,Appears relevant - luxury package buyer intent
honeymoon beach costa rica,Search - Resor,Honeymoon & Romance,Phrase match,None,0,1,0.00,0.00,OK,,Appears relevant - luxury package buyer intent
costa rica tours,Search - Resor,Trip planner,Exact match (close variant),None,0,1,0.00,0.00,OK,,Appears relevant - luxury package buyer intent
sfo to costa rica,Search - Resor,Travel Packages,Phrase match (close variant),None,0,1,0.00,0.00,OK,,Appears relevant - luxury package buyer intent
costa rica women's retreat,Search - Resor,Trip & Vacation,Phrase match (close variant),None,1,1,6.27,0.00,OK,,Appears relevant - luxury package buyer intent
waldorf astoria costa rica punta cacique prices,Search - Resor,Trip & Vacation,Phrase match (close variant),None,0,1,0.00,0.00,OK,,Appears relevant - luxury package buyer intent
hiking in costa rica,Search - Resor,Travel Packages,Phrase match (close variant),None,1,2,0.86,0.00,OK,,Appears relevant - luxury package buyer intent
tour to costa rica,Search - Resor,Trip planner,Exact match (close variant),None,0,1,0.00,0.00,OK,,Appears relevant - luxury package buyer intent
all inclusive golf resort costa rica,Search - Resor,All-Inclusive & Custom,Phrase match (close variant),None,0,2,0.00,0.00,OK,,Appears relevant - luxury package buyer intent
costa rica vacations for families,Search - Resor,Family Packages,Exact match (close variant),None,0,1,0.00,0.00,OK,,Appears relevant - luxury package buyer intent
all inclusive in costa rica for families,Search - Resor,All-Inclusive & Custom,Phrase match (close variant),None,0,2,0.00,0.00,OK,,Appears relevant - luxury package buyer intent
costco costa rica trip,Search - Resor,Trip planner,Phrase match (close variant),None,0,1,0.00,0.00,OK,,Appears relevant - luxury package buyer intent
costa rica travel packages,Search - Resor,Trip planner,Exact match,Added,0,9,0.00,0.00,OK,,Appears relevant - luxury package buyer intent
phl to san jose costa rica,Search - Resor,Trip & Vacation,Phrase match (close variant),None,0,2,0.00,0.00,OK,,Appears relevant - luxury package buyer intent
costa rica honeymoon all inclusive,Search - Resor,Honeymoon & Romance,Exact match (close variant),None,0,1,0.00,0.00,OK,,Appears relevant - luxury package buyer intent
costa rica vacation packages,Search - Resor,Trip planner,Exact match,Added,0,8,0.00,0.00,OK,,Appears relevant - luxury package buyer intent
costa rica best trip,Search - Resor,Trip planner,Exact match (close variant),None,0,1,0.00,0.00,OK,,Appears relevant - luxury package buyer intent
women's retreat costa rica 2026,Search - Resor,Travel Packages,Phrase match (close variant),None,0,1,0.00,0.00,OK,,Appears relevant - luxury package buyer intent
costa rica all inclusive,Search - Resor,Vacation Packages,Phrase match (close variant),None,0,1,0.00,0.00,OK,,Has converted - protected from negation
trip to costa rica for two,Search - Resor,Trip planner,Phrase match (close variant),None,0,1,0.00,0.00,OK,,Appears relevant - luxury package buyer intent
costa rica monkey tours,Search - Resor,Travel Agent & Agency,Phrase match (close variant),None,0,1,0.00,0.00,OK,,Appears relevant - luxury package buyer intent
costa rica unique experiences,Search - Resor,Trip & Vacation,Phrase match (close variant),None,0,1,0.00,0.00,OK,,Appears relevant - luxury package buyer intent
tilajari muelle de san carlos,Search - Resor,Trip & Vacation,Phrase match (close variant),None,1,1,6.07,0.00,OK,,Appears relevant - luxury package buyer intent
costa rica family tours,Search - Resor,Family Packages,Exact match (close variant),None,0,1,0.00,0.00,OK,,Appears relevant - luxury package buyer intent
groupon to costa rica,Search - Resor,Travel Packages,Phrase match (close variant),None,1,2,1.64,0.00,OK,,Appears relevant - luxury package buyer intent
trip to costa rica all inclusive,Search - Resor,All-Inclusive & Custom,Exact match (close variant),None,0,1,0.00,0.00,OK,,Appears relevant - luxury package buyer intent
costa rica retreat,Search - Resor,Trip & Vacation,Phrase match (close variant),None,0,1,0.00,0.00,OK,,Appears relevant - luxury package buyer intent
costa rica trip,Search - Resor,Trip & Vacation,Exact match,Added,1,27,1.67,0.00,OK,,Appears relevant - luxury package buyer intent
sjo to quepos,Search - Resor,Travel Packages,Phrase match (close variant),None,0,1,0.00,0.00,OK,,Appears relevant - luxury package buyer intent
all inclusive trip to costa rica,Search - Resor,All-Inclusive & Custom,Exact match (close variant),None,0,3,0.00,0.00,OK,,Appears relevant - luxury package buyer intent
costa rica diving,Search - Resor,Trip & Vacation,Phrase match (close variant),None,0,1,0.00,0.00,OK,,Appears relevant - luxury package buyer intent
to do in costa rica,Search - Resor,Trip & Vacation,Phrase match (close variant),None,1,1,2.10,0.00,OK,,Appears relevant - luxury package buyer intent
ewr to costa rica,Search - Resor,Travel Packages,Phrase match (close variant),None,0,1,0.00,0.00,OK,,Appears relevant - luxury package buyer intent
ritz carlton costa rica,Search - Resor,Travel Packages,Phrase match (close variant),None,0,1,0.00,0.00,OK,,Appears relevant - luxury package buyer intent
travelocity costa rica,Search - Resor,Vacation Packages,Phrase match (close variant),None,0,1,0.00,0.00,OK,,Appears relevant - luxury package buyer intent
tours in san jose costa rica,Search - Resor,Travel Packages,Phrase match (close variant),None,0,1,0.00,0.00,OK,,Appears relevant - luxury package buyer intent
places to stay in costa rica,Search - Resor,Travel Packages,Phrase match (close variant),None,0,1,0.00,0.00,OK,,Appears relevant - luxury package buyer intent
costa rica all inclusive resort,Search - Resor,All-Inclusive & Custom,Exact match (close variant),None,2,6,5.32,0.00,OK,,Appears relevant - luxury package buyer intent
all inclusive in jaco costa rica,Search - Resor,All-Inclusive & Custom,Phrase match (close variant),None,0,1,0.00,0.00,OK,,Appears relevant - luxury package buyer intent
travel to costa rica,Search - Resor,Travel Packages,Exact match (close variant),None,1,2,1.87,0.00,OK,,Appears relevant - luxury package buyer intent
costa rica accommodations,Search - Resor,Trip & Vacation,Phrase match (close variant),None,0,1,0.00,0.00,OK,,Appears relevant - luxury package buyer intent
best area to stay in san jose costa rica,Search - Resor,Trip & Vacation,Phrase match (close variant),None,0,1,0.00,0.00,OK,,Appears relevant - luxury package buyer intent
costa rica nature tour,Search - Resor,Travel Packages,Phrase match (close variant),None,0,2,0.00,0.00,OK,,Appears relevant - luxury package buyer intent
vacation in costa rica,Search - Resor,Trip & Vacation,Exact match,Added,1,3,2.64,0.00,OK,,Appears relevant - luxury package buyer intent
dreams la mareas,Search - Resor,All-Inclusive & Custom,Phrase match (close variant),None,0,2,0.00,0.00,OK,,Appears relevant - luxury package buyer intent
all inclusive in costa rica for families,Search - Resor,All-Inclusive & Custom,Phrase match (close variant),None,0,3,0.00,0.00,OK,,Appears relevant - luxury package buyer intent
travel costa rica,Search - Resor,Travel Packages,Exact match (close variant),None,0,1,0.00,0.00,OK,,Appears relevant - luxury package buyer intent
macua tours costa rica,Search - Resor,Travel Agent & Agency,Phrase match (close variant),None,0,3,0.00,0.00,OK,,Appears relevant - luxury package buyer intent
costa rica vacation spots,Search - Resor,Trip & Vacation,Phrase match (close variant),None,0,1,0.00,0.00,OK,,Appears relevant - luxury package buyer intent
best western jaco beach all inclusive resort costa rica,Search - Resor,All-Inclusive & Custom,Phrase match (close variant),None,0,1,0.00,0.00,OK,,Appears relevant - luxury package buyer intent
solo trip to costa rica,Search - Resor,Travel Packages,Phrase match,None,0,1,0.00,0.00,OK,,Appears relevant - luxury package buyer intent
best western jaco beach all inclusive resort costa rica,Search - Resor,All-Inclusive & Custom,Phrase match (close variant),None,0,1,0.00,0.00,OK,,Appears relevant - luxury package buyer intent
costa rica honeymoon,Search - Resor,Honeymoon & Romance,Exact match,Added,0,11,0.00,0.00,OK,,Appears relevant - luxury package buyer intent
costa rica packages costco,Search - Resor,Vacation Packages,Phrase match,None,0,1,0.00,0.00,OK,,Appears relevant - luxury package buyer intent
costa rica nature tour,Search - Resor,Travel Packages,Phrase match (close variant),None,0,1,0.00,0.00,OK,,Appears relevant - luxury package buyer intent
costco costa rica packages,Search - Resor,Vacation Packages,Phrase match,None,0,4,0.00,0.00,OK,,Appears relevant - luxury package buyer intent
unique stays costa rica,Search - Resor,Trip & Vacation,Phrase match (close variant),None,0,1,0.00,0.00,OK,,Appears relevant - luxury package buyer intent
코스타리카 여행 추천,Search - Resor,Travel Packages,Phrase match (close variant),None,0,2,0.00,0.00,OK,,Appears relevant - luxury package buyer intent
dream las mareas costa rica,Search - Resor,All-Inclusive & Custom,Phrase match (close variant),None,0,2,0.00,0.00,OK,,Appears relevant - luxury package buyer intent
costa rica tour packages all inclusive,Search - Resor,All-Inclusive & Custom,Exact match (close variant),None,0,1,0.00,0.00,OK,,Appears relevant - luxury package buyer intent
should i go to costa rica in july,Search - Resor,Travel Packages,Phrase match (close variant),None,0,1,0.00,0.00,OK,,Appears relevant - luxury package buyer intent
mco to san jose costa rica,Search - Resor,Travel Packages,Phrase match (close variant),None,0,3,0.00,0.00,OK,,Appears relevant - luxury package buyer intent
costa rica tour package,Search - Resor,All-Inclusive & Custom,Exact match (close variant),None,1,1,4.00,0.00,OK,,Appears relevant - luxury package buyer intent
custom tours costa rica,Search - Resor,All-Inclusive & Custom,Exact match (close variant),None,0,1,0.00,0.00,OK,,Appears relevant - luxury package buyer intent
all inclusive in jaco costa rica,Search - Resor,All-Inclusive & Custom,Phrase match (close variant),None,1,1,2.34,0.00,OK,,Appears relevant - luxury package buyer intent
dreams las mareas costa rica,Search - Resor,All-Inclusive & Custom,Phrase match (close variant),None,1,1,3.93,0.00,OK,,Appears relevant - luxury package buyer intent
costa rica rentals with chef,Search - Resor,Trip & Vacation,Phrase match (close variant),None,0,1,0.00,0.00,OK,,Appears relevant - luxury package buyer intent
costa rica tours,Search - Resor,Trip & Vacation,Exact match (close variant),Added,0,1,0.00,0.00,OK,,Appears relevant - luxury package buyer intent
costa rica 5 day vacation,Search - Resor,Travel Packages,Phrase match (close variant),None,0,1,0.00,0.00,OK,,Appears relevant - luxury package buyer intent
campsites in costa rica,Search - Resor,Travel Packages,Phrase match (close variant),None,1,2,1.93,0.00,OK,,Appears relevant - luxury package buyer intent
all inclusive resort costa rica family,Search - Resor,All-Inclusive & Custom,Phrase match (close variant),None,0,1,0.00,0.00,OK,,Appears relevant - luxury package buyer intent
costa rica adventures,Search - Resor,Travel Packages,Phrase match (close variant),None,0,2,0.00,0.00,OK,,Appears relevant - luxury package buyer intent
costa rica tour packages,Search - Resor,Vacation Packages,Exact match (close variant),None,0,1,0.00,0.00,OK,,Appears relevant - luxury package buyer intent
best way to do costa rica,Search - Resor,Travel Packages,Phrase match (close variant),None,0,1,0.00,0.00,OK,,Appears relevant - luxury package buyer intent
best cities to stay in costa rica,Search - Resor,Trip & Vacation,Phrase match (close variant),None,0,1,0.00,0.00,OK,,Appears relevant - luxury package buyer intent
retreats in costa rica,Search - Resor,Trip & Vacation,Phrase match (close variant),None,0,1,0.00,0.00,OK,,Appears relevant - luxury package buyer intent
costa rica local tour companies,Search - Resor,Travel Agent & Agency,Exact match (close variant),None,1,1,5.18,0.00,OK,,Appears relevant - luxury package buyer intent
contiki costa rica,Search - Resor,Travel Packages,Phrase match (close variant),None,0,1,0.00,0.00,OK,,Appears relevant - luxury package buyer intent
costa rica retreats for women,Search - Resor,Trip & Vacation,Phrase match (close variant),None,0,1,0.00,0.00,OK,,Appears relevant - luxury package buyer intent
all inclusive costa rica packages,Search - Resor,All-Inclusive & Custom,Exact match (close variant),None,0,1,0.00,0.00,OK,,Appears relevant - luxury package buyer intent
top destination in costa rica,Search - Resor,Trip & Vacation,Phrase match (close variant),None,0,1,0.00,0.00,OK,,Appears relevant - luxury package buyer intent
atv tours in san jose costa rica,Search - Resor,Trip & Vacation,Phrase match (close variant),None,0,1,0.00,0.00,OK,,Appears relevant - luxury package buyer intent
costa rica family trip,Search - Resor,Family Packages,Exact match,Added,0,1,0.00,0.00,OK,,Appears relevant - luxury package buyer intent
costa rica surf,Search - Resor,Trip & Vacation,Phrase match (close variant),None,0,1,0.00,0.00,OK,,Appears relevant - luxury package buyer intent
costco costa rica vacation packages,Search - Resor,Travel Packages,Phrase match (close variant),None,0,1,0.00,0.00,OK,,Appears relevant - luxury package buyer intent
sjo to santa teresa,Search - Resor,Travel Packages,Phrase match (close variant),None,0,1,0.00,0.00,OK,,Appears relevant - luxury package buyer intent
all inclusive los suenos,Search - Resor,All-Inclusive & Custom,Phrase match (close variant),None,0,2,0.00,0.00,OK,,Appears relevant - luxury package buyer intent
condovac la costa all inclusive,Search - Resor,All-Inclusive & Custom,Phrase match (close variant),None,0,1,0.00,0.00,OK,,Appears relevant - luxury package buyer intent
costa rica family all inclusive,Search - Resor,All-Inclusive & Custom,Phrase match (close variant),None,0,1,0.00,0.00,OK,,Appears relevant - luxury package buyer intent
costa rica all inclusive trips,Search - Resor,All-Inclusive & Custom,Exact match (close variant),None,0,1,0.00,0.00,OK,,Appears relevant - luxury package buyer intent
costa rica dirt bike tours,Search - Resor,Trip & Vacation,Phrase match (close variant),None,0,2,0.00,0.00,OK,,Appears relevant - luxury package buyer intent
ticket to costa rica price,Search - Resor,Travel Packages,Phrase match (close variant),None,1,1,3.46,0.00,OK,,Appears relevant - luxury package buyer intent
must visit places in costa rica,Search - Resor,Trip & Vacation,Phrase match (close variant),None,0,1,0.00,0.00,OK,,Appears relevant - luxury package buyer intent
all inclusive costa rica trip,Search - Resor,All-Inclusive & Custom,Exact match,Added,0,2,0.00,0.00,OK,,Appears relevant - luxury package buyer intent
costa rica in november,Search - Resor,Travel Packages,Phrase match (close variant),None,0,1,0.00,0.00,OK,,Appears relevant - luxury package buyer intent
costa rica in december,Search - Resor,Travel Packages,Phrase match (close variant),None,0,1,0.00,0.00,OK,,Appears relevant - luxury package buyer intent
atv riding in costa rica,Search - Resor,Travel Packages,Phrase match (close variant),None,0,1,0.00,0.00,OK,,Appears relevant - luxury package buyer intent
san jose to arenal,Search - Resor,Travel Packages,Phrase match (close variant),None,0,1,0.00,0.00,OK,,Appears relevant - luxury package buyer intent
all inclusive to costa rica,Search - Resor,All-Inclusive & Custom,Exact match (close variant),None,1,4,1.79,0.00,OK,,Appears relevant - luxury package buyer intent
costa rica villa with chef,Search - Resor,Luxury Packages,Phrase match (close variant),None,0,1,0.00,0.00,OK,,Appears relevant - luxury package buyer intent
costa rica all inclusive resort,Search - Resor,All-Inclusive & Custom,Exact match (close variant),None,0,5,0.00,0.00,OK,,Appears relevant - luxury package buyer intent
best place to stay in costa rica,Search - Resor,Travel Packages,Phrase match (close variant),None,0,1,0.00,0.00,OK,,Appears relevant - luxury package buyer intent
tours en costa rica,Search - Resor,Travel Packages,Phrase match (close variant),None,0,1,0.00,0.00,OK,,Appears relevant - luxury package buyer intent
costa rica in january,Search - Resor,Trip & Vacation,Phrase match (close variant),None,0,1,0.00,0.00,OK,,Appears relevant - luxury package buyer intent
roundtrip costa rica,Search - Resor,Travel Packages,Phrase match (close variant),None,0,1,0.00,0.00,OK,,Appears relevant - luxury package buyer intent
geo expedition cr,Search - Resor,Travel Agent & Agency,Phrase match (close variant),None,0,1,0.00,0.00,OK,,Appears relevant - luxury package buyer intent
trips to san jose costa rica,Search - Resor,Travel Packages,Phrase match,None,0,1,0.00,0.00,OK,,Appears relevant - luxury package buyer intent
tripmasters costa rica,Search - Resor,Travel Packages,Phrase match (close variant),None,0,2,0.00,0.00,OK,,Appears relevant - luxury package buyer intent
plan a trip to costa rica all inclusive,Search - Resor,All-Inclusive & Custom,Exact match (close variant),None,0,1,0.00,0.00,OK,,Appears relevant - luxury package buyer intent
all inclusive vacations in costa rica,Search - Resor,All-Inclusive & Custom,Exact match (close variant),None,1,1,1.67,0.00,OK,,Appears relevant - luxury package buyer intent
best month to visit costa rica,Search - Resor,Travel Packages,Phrase match (close variant),None,0,1,0.00,0.00,OK,,Appears relevant - luxury package buyer intent
5 day costa rica vacation package,Search - Resor,Vacation Packages,Phrase match (close variant),None,0,2,0.00,0.00,OK,,Appears relevant - luxury package buyer intent
caribou beach and jungle resort,Search - Resor,Trip & Vacation,Phrase match (close variant),None,0,1,0.00,0.00,OK,,Appears relevant - luxury package buyer intent
cc beachfront papagayo all inclusive,Search - Resor,All-Inclusive & Custom,Phrase match (close variant),None,0,1,0.00,0.00,OK,,Appears relevant - luxury package buyer intent
all inclusive resort in costa rica for families,Search - Resor,All-Inclusive & Custom,Phrase match (close variant),None,0,2,0.00,0.00,OK,,Appears relevant - luxury package buyer intent
best costa rica all inclusive vacation packages,Search - Resor,All-Inclusive & Custom,Exact match (close variant),None,0,2,0.00,0.00,OK,,Appears relevant - luxury package buyer intent
all inclusive trip to costa rica,Search - Resor,All-Inclusive & Custom,Exact match (close variant),None,0,1,0.00,0.00,OK,,Appears relevant - luxury package buyer intent
costa rica vacation packages,Search - Resor,Vacation Packages,Exact match,Added,5,36,39.57,0.00,OK,,Appears relevant - luxury package buyer intent
costa rica vacation,Search - Resor,Trip & Vacation,Exact match,Added,2,31,6.14,0.00,OK,,Appears relevant - luxury package buyer intent
best all inclusive resort in costa rica,Search - Resor,All-Inclusive & Custom,Phrase match (close variant),None,3,2,5.71,0.00,OK,,Appears relevant - luxury package buyer intent
namu travel,Search - Resor,Travel Agent & Agency,Phrase match (close variant),None,0,1,0.00,0.00,OK,,Appears relevant - luxury package buyer intent
nekajui a ritz carlton,Search - Resor,Luxury Packages,Phrase match (close variant),None,0,2,0.00,0.00,OK,,Appears relevant - luxury package buyer intent
costa rica romantic getaway,Search - Resor,Honeymoon & Romance,Exact match (close variant),None,1,1,1.88,0.00,OK,,Appears relevant - luxury package buyer intent
place in costa rica,Search - Resor,Travel Packages,Phrase match (close variant),None,0,1,0.00,0.00,OK,,Appears relevant - luxury package buyer intent
costa rica wellness retreat 2026,Search - Resor,Travel Packages,Phrase match (close variant),None,0,1,0.00,0.00,OK,,Appears relevant - luxury package buyer intent
costa rica the westin reserva conchal package,Search - Resor,All-Inclusive & Custom,Phrase match (close variant),None,0,1,0.00,0.00,OK,,Appears relevant - luxury package buyer intent
costa rica all inclusive kids,Search - Resor,Family Packages,Phrase match (close variant),None,0,1,0.00,0.00,OK,,Appears relevant - luxury package buyer intent
costa rica tours for families,Search - Resor,Family Packages,Exact match (close variant),None,0,1,0.00,0.00,OK,,Appears relevant - luxury package buyer intent
places to stay in costa rica,Search - Resor,Trip & Vacation,Phrase match (close variant),None,0,1,0.00,0.00,OK,,Appears relevant - luxury package buyer intent
the westin in costa rica,Search - Resor,All-Inclusive & Custom,Phrase match (close variant),None,0,1,0.00,0.00,OK,,Appears relevant - luxury package buyer intent
all inclusive vacations to costa rica,Search - Resor,All-Inclusive & Custom,Exact match (close variant),None,1,3,7.27,0.00,OK,,Appears relevant - luxury package buyer intent
safest place to travel in costa rica,Search - Resor,Trip & Vacation,Phrase match (close variant),None,0,1,0.00,0.00,OK,,Appears relevant - luxury package buyer intent
costa rica packages all inclusive,Search - Resor,All-Inclusive & Custom,Exact match (close variant),None,0,2,0.00,0.00,OK,,Appears relevant - luxury package buyer intent
trips to costa rica,Search - Resor,Travel Packages,Exact match (close variant),None,0,4,0.00,0.00,OK,,Appears relevant - luxury package buyer intent
all inclusive vacation in costa rica,Search - Resor,All-Inclusive & Custom,Exact match (close variant),None,0,1,0.00,0.00,OK,,Appears relevant - luxury package buyer intent
costa rica package,Search - Resor,All-Inclusive & Custom,Exact match (close variant),None,0,1,0.00,0.00,OK,,Appears relevant - luxury package buyer intent
costa rica gate 1 travel,Search - Resor,Trip planner,Phrase match (close variant),None,1,1,1.56,0.00,OK,,Appears relevant - luxury package buyer intent
uvita places to stay,Search - Resor,Trip & Vacation,Phrase match (close variant),None,0,1,0.00,0.00,OK,,Appears relevant - luxury package buyer intent
costa rica groupon,Search - Resor,Vacation Packages,Phrase match (close variant),None,1,2,1.91,0.00,OK,,Appears relevant - luxury package buyer intent
how long do you need in costa rica,Search - Resor,Trip & Vacation,Phrase match (close variant),None,0,1,0.00,0.00,OK,,Appears relevant - luxury package buyer intent
tours en costa rica,Search - Resor,Travel Packages,Phrase match (close variant),None,1,1,2.33,0.00,OK,,Appears relevant - luxury package buyer intent
costa rica trip packages,Search - Resor,All-Inclusive & Custom,Exact match (close variant),None,0,1,0.00,0.00,OK,,Appears relevant - luxury package buyer intent
couples retreat costa rica,Search - Resor,Honeymoon & Romance,Exact match (close variant),None,0,2,0.00,0.00,OK,,Appears relevant - luxury package buyer intent
costa rica rappelling,Search - Resor,Travel Packages,Phrase match (close variant),None,0,1,0.00,0.00,OK,,Appears relevant - luxury package buyer intent
best travel agency for costa rica,Search - Resor,Travel Packages,Phrase match,None,0,1,0.00,0.00,OK,,Appears relevant - luxury package buyer intent
all inclusive wedding packages costa rica,Search - Resor,All-Inclusive & Custom,Phrase match,None,0,1,0.00,0.00,OK,,Appears relevant - luxury package buyer intent
costa rica family vacations,Search - Resor,Family Packages,Exact match (close variant),None,1,8,2.37,0.00,OK,,Appears relevant - luxury package buyer intent
costa rica vacation tour packages,Search - Resor,All-Inclusive & Custom,Exact match (close variant),None,0,1,0.00,0.00,OK,,Appears relevant - luxury package buyer intent
travel agent costa rica,Search - Resor,Travel Agent & Agency,Phrase match (close variant),None,0,1,0.00,0.00,OK,,Appears relevant - luxury package buyer intent
best volcanoes to visit in costa rica,Search - Resor,Travel Packages,Phrase match (close variant),None,0,1,0.00,0.00,OK,,Appears relevant - luxury package buyer intent
tours and transfers costa rica,Search - Resor,Travel Packages,Phrase match (close variant),None,0,1,0.00,0.00,OK,,Appears relevant - luxury package buyer intent
resort en costa rica,Search - Resor,Travel Packages,Phrase match (close variant),None,0,1,0.00,0.00,OK,,Appears relevant - luxury package buyer intent
costa rica vacation package,Search - Resor,Vacation Packages,Exact match,Added,0,1,0.00,0.00,OK,,Appears relevant - luxury package buyer intent
costa rica wedding packages,Search - Resor,Vacation Packages,Phrase match (close variant),None,0,1,0.00,0.00,OK,,Appears relevant - luxury package buyer intent
costa rica points of interest,Search - Resor,Trip & Vacation,Phrase match (close variant),None,0,1,0.00,0.00,OK,,Appears relevant - luxury package buyer intent
trips to costa rica,Search - Resor,Travel Packages,Exact match (close variant),None,1,3,5.85,0.00,OK,,Appears relevant - luxury package buyer intent
westin playa conchal costa rica all inclusive,Search - Resor,All-Inclusive & Custom,Phrase match (close variant),None,0,1,0.00,0.00,OK,,Appears relevant - luxury package buyer intent
beach resort in costa rica,Search - Resor,Travel Packages,Phrase match (close variant),None,0,1,0.00,0.00,OK,,Appears relevant - luxury package buyer intent
playas del coco tours,Search - Resor,Travel Packages,Phrase match (close variant),None,0,1,0.00,0.00,OK,,Appears relevant - luxury package buyer intent
ewr to costa rica,Search - Resor,Travel Packages,Phrase match (close variant),None,0,1,0.00,0.00,OK,,Appears relevant - luxury package buyer intent
family trip to costa rica,Search - Resor,Family Packages,Exact match,Added,3,3,3.94,0.00,OK,,Appears relevant - luxury package buyer intent
costa rica couples vacation,Search - Resor,Honeymoon & Romance,Exact match (close variant),None,0,1,0.00,0.00,OK,,Appears relevant - luxury package buyer intent
nauyaca waterfalls costa rica,Search - Resor,Travel Packages,Phrase match (close variant),None,0,1,0.00,0.00,OK,,Appears relevant - luxury package buyer intent
best cities to visit in costa rica,Search - Resor,Travel Packages,Phrase match (close variant),None,0,1,0.00,0.00,OK,,Appears relevant - luxury package buyer intent
all inclusive in costa rica adults only,Search - Resor,All-Inclusive & Custom,Phrase match (close variant),None,1,4,1.92,0.00,OK,,Appears relevant - luxury package buyer intent
claritas jaco,Search - Resor,Travel Packages,Phrase match (close variant),None,0,1,0.00,0.00,OK,,Appears relevant - luxury package buyer intent
hilton puntarenas costa rica,Search - Resor,All-Inclusive & Custom,Phrase match (close variant),None,1,1,2.24,0.00,OK,,Appears relevant - luxury package buyer intent
lomas del volcan costa rica,Search - Resor,Travel Packages,Phrase match (close variant),None,0,1,0.00,0.00,OK,,Appears relevant - luxury package buyer intent
i want to travel to costa rica,Search - Resor,Travel Packages,Exact match (close variant),None,0,1,0.00,0.00,OK,,Appears relevant - luxury package buyer intent
all inclusive packages to costa rica,Search - Resor,All-Inclusive & Custom,Exact match (close variant),None,2,3,9.43,0.00,OK,,Appears relevant - luxury package buyer intent
vacation packages to costa rica all inclusive,Search - Resor,All-Inclusive & Custom,Exact match (close variant),None,0,2,0.00,0.00,OK,,Appears relevant - luxury package buyer intent
costa rica papagayo all inclusive,Search - Resor,All-Inclusive & Custom,Phrase match (close variant),None,0,1,0.00,0.00,OK,,Appears relevant - luxury package buyer intent
costa rica travel costs,Search - Resor,Trip & Vacation,Phrase match (close variant),None,0,1,0.00,0.00,OK,,Appears relevant - luxury package buyer intent
best costa rica all inclusive,Search - Resor,All-Inclusive & Custom,Exact match (close variant),None,0,1,0.00,0.00,OK,,Appears relevant - luxury package buyer intent
tripmasters costa rica,Search - Resor,Trip planner,Phrase match (close variant),None,0,1,0.00,0.00,OK,,Appears relevant - luxury package buyer intent
costa rica what to see,Search - Resor,Trip & Vacation,Phrase match (close variant),None,0,1,0.00,0.00,OK,,Appears relevant - luxury package buyer intent
surf camp in costa rica,Search - Resor,Trip & Vacation,Phrase match (close variant),None,0,1,0.00,0.00,OK,,Appears relevant - luxury package buyer intent
things to see in costa rica,Search - Resor,Travel Packages,Phrase match (close variant),None,0,1,0.00,0.00,OK,,Appears relevant - luxury package buyer intent
nauyaca waterfall tour,Search - Resor,Travel Agent & Agency,Phrase match (close variant),None,0,1,0.00,0.00,OK,,Appears relevant - luxury package buyer intent
la fortuna costa rica,Search - Resor,Travel Packages,Phrase match (close variant),None,0,1,0.00,0.00,OK,,Appears relevant - luxury package buyer intent
jaco costa rica all inclusive,Search - Resor,All-Inclusive & Custom,Phrase match (close variant),None,0,1,0.00,0.00,OK,,Appears relevant - luxury package buyer intent
vacation packages in costa rica all inclusive,Search - Resor,All-Inclusive & Custom,Exact match (close variant),None,0,1,0.00,0.00,OK,,Appears relevant - luxury package buyer intent
costa rica tours,Search - Resor,Travel Packages,Exact match (close variant),None,3,5,8.17,0.00,OK,,Appears relevant - luxury package buyer intent
nomad america costa rica,Search - Resor,Travel Packages,Phrase match (close variant),None,0,1,0.00,0.00,OK,,Appears relevant - luxury package buyer intent
tours costa rica 2026,Search - Resor,Travel Packages,Phrase match (close variant),None,0,1,0.00,0.00,OK,,Appears relevant - luxury package buyer intent
ny to costa rica,Search - Resor,Travel Packages,Phrase match (close variant),None,0,1,0.00,0.00,OK,,Appears relevant - luxury package buyer intent
toronto to costa rica,Search - Resor,Travel Packages,Phrase match (close variant),None,1,1,1.67,0.00,OK,,Appears relevant - luxury package buyer intent
occidental costa rica,Search - Resor,All-Inclusive & Custom,Phrase match (close variant),None,0,1,0.00,0.00,OK,,Appears relevant - luxury package buyer intent
all inclusive trips to costa rica 2026,Search - Resor,All-Inclusive & Custom,Phrase match (close variant),None,0,1,0.00,0.00,OK,,Has converted - protected from negation
trips to costa rica,Search - Resor,Vacation Packages,Exact match (close variant),None,0,2,0.00,0.00,OK,,Appears relevant - luxury package buyer intent
westin playa conchal costa rica,Search - Resor,All-Inclusive & Custom,Phrase match (close variant),None,0,1,0.00,0.00,OK,,Appears relevant - luxury package buyer intent
going to costa rica for the first time,Search - Resor,Travel Packages,Phrase match (close variant),None,0,1,0.00,0.00,OK,,Appears relevant - luxury package buyer intent
trivago costa rica,Search - Resor,Trip & Vacation,Phrase match (close variant),None,0,1,0.00,0.00,OK,,Appears relevant - luxury package buyer intent
best place costa rica,Search - Resor,Travel Packages,Phrase match (close variant),None,1,1,1.35,0.00,OK,,Appears relevant - luxury package buyer intent
tour costa rica packages,Search - Resor,All-Inclusive & Custom,Exact match (close variant),None,0,1,0.00,0.00,OK,,Appears relevant - luxury package buyer intent
nekajui peninsula papagayo a ritz carlton reserve prices,Search - Resor,Luxury Packages,Phrase match (close variant),None,0,2,0.00,0.00,OK,,Appears relevant - luxury package buyer intent
costa rica tours,Search - Resor,Vacation Packages,Exact match (close variant),None,0,5,0.00,0.00,OK,,Appears relevant - luxury package buyer intent
costa rica travel ideas,Search - Resor,Travel Agent & Agency,Phrase match (close variant),None,0,1,0.00,0.00,OK,,Appears relevant - luxury package buyer intent
vacation in costa rica safe,Search - Resor,Trip & Vacation,Phrase match,None,0,1,0.00,0.00,OK,,Appears relevant - luxury package buyer intent
honeymoon in costa rica all inclusive,Search - Resor,Honeymoon & Romance,Exact match (close variant),None,1,3,1.68,0.00,OK,,Appears relevant - luxury package buyer intent
drivers in costa rica,Search - Resor,Travel Packages,Phrase match (close variant),None,0,1,0.00,0.00,OK,,Appears relevant - luxury package buyer intent
costa rica en julio,Search - Resor,Travel Packages,Phrase match (close variant),None,0,1,0.00,0.00,OK,,Appears relevant - luxury package buyer intent
pura vida travelling,Search - Resor,Travel Agent & Agency,Phrase match (close variant),None,0,1,0.00,0.00,OK,,Appears relevant - luxury package buyer intent
costa rica solo travel,Search - Resor,Travel Packages,Phrase match,None,0,1,0.00,0.00,OK,,Appears relevant - luxury package buyer intent
hilton costa rica all inclusive,Search - Resor,All-Inclusive & Custom,Phrase match (close variant),None,0,1,0.00,0.00,OK,,Appears relevant - luxury package buyer intent
costa rica all inclusive,Search - Resor,Trip planner,Phrase match (close variant),None,0,3,0.00,0.00,OK,,Has converted - protected from negation
san jose to uvita costa rica,Search - Resor,Travel Packages,Phrase match (close variant),None,0,1,0.00,0.00,OK,,Appears relevant - luxury package buyer intent
occidental papagayo culebra bay costa rica,Search - Resor,All-Inclusive & Custom,Phrase match (close variant),None,0,2,0.00,0.00,OK,,Appears relevant - luxury package buyer intent
caribou beach and jungle resort,Search - Resor,Trip & Vacation,Phrase match (close variant),None,0,1,0.00,0.00,OK,,Appears relevant - luxury package buyer intent
visit costa rica,Search - Resor,Trip & Vacation,Exact match (close variant),None,0,1,0.00,0.00,OK,,Appears relevant - luxury package buyer intent
the westin reserva conchal an all inclusive golf resort & spa,Search - Resor,All-Inclusive & Custom,Phrase match (close variant),None,0,1,0.00,0.00,OK,,Appears relevant - luxury package buyer intent
crocodile bay in costa rica,Search - Resor,Trip & Vacation,Phrase match (close variant),None,0,1,0.00,0.00,OK,,Appears relevant - luxury package buyer intent
best place to stay in costa rica,Search - Resor,Travel Packages,Phrase match (close variant),None,0,1,0.00,0.00,OK,,Appears relevant - luxury package buyer intent
hot springs costa rica,Search - Resor,Trip & Vacation,Phrase match (close variant),None,0,1,0.00,0.00,OK,,Appears relevant - luxury package buyer intent
managua to costa rica,Search - Resor,Travel Packages,Phrase match (close variant),None,0,1,0.00,0.00,OK,,Appears relevant - luxury package buyer intent
all inclusive in costa rica adults only,Search - Resor,All-Inclusive & Custom,Phrase match (close variant),None,0,1,0.00,0.00,OK,,Appears relevant - luxury package buyer intent
cc beach front papagayo all inclusive,Search - Resor,All-Inclusive & Custom,Phrase match (close variant),None,0,1,0.00,0.00,OK,,Appears relevant - luxury package buyer intent
all inclusive family vacation in costa rica,Search - Resor,All-Inclusive & Custom,Phrase match (close variant),None,0,1,0.00,0.00,OK,,Appears relevant - luxury package buyer intent
costa rica family tours,Search - Resor,Family Packages,Exact match (close variant),None,0,1,0.00,0.00,OK,,Appears relevant - luxury package buyer intent
all inclusive in san jose costa rica,Search - Resor,All-Inclusive & Custom,Phrase match (close variant),None,0,1,0.00,0.00,OK,,Appears relevant - luxury package buyer intent
romantic costa rica vacation,Search - Resor,Honeymoon & Romance,Exact match,Added,0,1,0.00,0.00,OK,,Appears relevant - luxury package buyer intent
qué hacer en costa rica,Search - Resor,Travel Packages,Phrase match (close variant),None,0,1,0.00,0.00,OK,,Appears relevant - luxury package buyer intent
vacation package in costa rica,Search - Resor,All-Inclusive & Custom,Exact match (close variant),None,1,1,4.78,0.00,OK,,Appears relevant - luxury package buyer intent
round trip to costa rica,Search - Resor,Travel Packages,Phrase match (close variant),None,0,2,0.00,0.00,OK,,Appears relevant - luxury package buyer intent
costa rica the westin reserva conchal,Search - Resor,All-Inclusive & Custom,Phrase match (close variant),None,0,1,0.00,0.00,OK,,Appears relevant - luxury package buyer intent
costa rica honeymoon all inclusive bungalow,Search - Resor,Honeymoon & Romance,Phrase match (close variant),None,0,1,0.00,0.00,OK,,Appears relevant - luxury package buyer intent
the springs resort and spa costa rica,Search - Resor,Travel Packages,Phrase match (close variant),None,0,1,0.00,0.00,OK,,Appears relevant - luxury package buyer intent
best all inclusive resort in guanacaste costa rica,Search - Resor,All-Inclusive & Custom,Phrase match (close variant),None,0,1,0.00,0.00,OK,,Appears relevant - luxury package buyer intent
all exclusive trips to costa rica,Search - Resor,All-Inclusive & Custom,Exact match (close variant),None,0,1,0.00,0.00,OK,,Appears relevant - luxury package buyer intent
inclusive costa rica vacation packages,Search - Resor,All-Inclusive & Custom,Exact match (close variant),None,0,1,0.00,0.00,OK,,Appears relevant - luxury package buyer intent
all inclusive costa rica caribbean side,Search - Resor,All-Inclusive & Custom,Phrase match (close variant),None,1,2,2.97,1.00,OK,,Has converted - protected from negation
vacation to costa rica,Search - Resor,Trip & Vacation,Exact match,Added,0,3,0.00,0.00,OK,,Appears relevant - luxury package buyer intent
tours costa rica san jose,Search - Resor,Travel Agent & Agency,Phrase match (close variant),None,0,1,0.00,0.00,OK,,Appears relevant - luxury package buyer intent
time share costa rica,Search - Resor,Trip & Vacation,Phrase match (close variant),None,0,1,0.00,0.00,OK,,Appears relevant - luxury package buyer intent
round trip costa rica,Search - Resor,Travel Packages,Phrase match (close variant),None,1,1,1.68,0.00,OK,,Appears relevant - luxury package buyer intent
costa rica retreats,Search - Resor,Trip & Vacation,Phrase match (close variant),None,0,1,0.00,0.00,OK,,Appears relevant - luxury package buyer intent
costa rica beach and jungle vacation packages,Search - Resor,Trip & Vacation,Phrase match (close variant),None,0,1,0.00,0.00,OK,,Appears relevant - luxury package buyer intent
vacations in costa rica,Search - Resor,Vacation Packages,Exact match (close variant),None,0,1,0.00,0.00,OK,,Appears relevant - luxury package buyer intent
all inclusive trips to costa rica 2026,Search - Resor,All-Inclusive & Custom,Phrase match,None,0,1,0.00,0.00,OK,,Has converted - protected from negation
paradisus playa conchal,Search - Resor,All-Inclusive & Custom,Phrase match (close variant),None,0,1,0.00,0.00,OK,,Appears relevant - luxury package buyer intent
zoos in costa rica,Search - Resor,Trip & Vacation,Phrase match (close variant),None,0,1,0.00,0.00,OK,,Appears relevant - luxury package buyer intent
san jose in costa rica,Search - Resor,Trip & Vacation,Phrase match (close variant),None,0,1,0.00,0.00,OK,,Appears relevant - luxury package buyer intent
5 days in costa rica with family,Search - Resor,Family Packages,Phrase match (close variant),None,0,1,0.00,0.00,OK,,Appears relevant - luxury package buyer intent
costa rica tur,Search - Resor,Travel Packages,Exact match (close variant),None,2,2,5.21,0.00,OK,,Appears relevant - luxury package buyer intent
kosher costa rica tours,Search - Resor,Travel Agent & Agency,Phrase match (close variant),None,0,2,0.00,0.00,OK,,Appears relevant - luxury package buyer intent
costa rica all inclusive beach resort,Search - Resor,All-Inclusive & Custom,Phrase match (close variant),None,1,1,4.21,0.00,OK,,Appears relevant - luxury package buyer intent
smf to costa rica,Search - Resor,Travel Packages,Phrase match (close variant),None,0,1,0.00,0.00,OK,,Appears relevant - luxury package buyer intent
costa rica with children,Search - Resor,Family Packages,Exact match (close variant),None,0,1,0.00,0.00,OK,,Appears relevant - luxury package buyer intent
all inclusive vacations adults only costa rica,Search - Resor,All-Inclusive & Custom,Phrase match (close variant),None,0,2,0.00,0.00,OK,,Appears relevant - luxury package buyer intent
vacation in costa rica all inclusive,Search - Resor,All-Inclusive & Custom,Exact match (close variant),None,0,1,0.00,0.00,OK,,Appears relevant - luxury package buyer intent
costa rica winter,Search - Resor,Travel Packages,Phrase match (close variant),None,0,1,0.00,0.00,OK,,Appears relevant - luxury package buyer intent
westin reserva conchal guanacaste costa rica,Search - Resor,All-Inclusive & Custom,Phrase match (close variant),None,0,1,0.00,0.00,OK,,Appears relevant - luxury package buyer intent
costa rica family vacation all inclusive,Search - Resor,All-Inclusive & Custom,Phrase match (close variant),None,0,1,0.00,0.00,OK,,Appears relevant - luxury package buyer intent
achioté villa costa rica,Search - Resor,Luxury Packages,Phrase match (close variant),None,0,1,0.00,0.00,OK,,Appears relevant - luxury package buyer intent
costa rica vacation packages 2026,Search - Resor,Vacation Packages,Exact match,Added,0,1,0.00,0.00,OK,,Appears relevant - luxury package buyer intent
costa rica travel costco,Search - Resor,Travel Packages,Phrase match (close variant),None,0,1,0.00,0.00,OK,,Appears relevant - luxury package buyer intent
barcelo tambor costa rica,Search - Resor,Travel Packages,Phrase match (close variant),None,0,1,0.00,0.00,OK,,Appears relevant - luxury package buyer intent
hot air balloon costa rica,Search - Resor,Travel Packages,Phrase match (close variant),None,0,1,0.00,0.00,OK,,Appears relevant - luxury package buyer intent
costa rica packages costco,Search - Resor,Travel Packages,Phrase match (close variant),None,0,1,0.00,0.00,OK,,Appears relevant - luxury package buyer intent
best vacation packages costa rica,Search - Resor,All-Inclusive & Custom,Exact match (close variant),None,0,1,0.00,0.00,OK,,Appears relevant - luxury package buyer intent
travel to costa rica in june,Search - Resor,Trip & Vacation,Phrase match (close variant),None,0,1,0.00,0.00,OK,,Appears relevant - luxury package buyer intent
costa rica vacations packages,Search - Resor,All-Inclusive & Custom,Exact match (close variant),None,0,1,0.00,0.00,OK,,Appears relevant - luxury package buyer intent
san francisco to costa rica,Search - Resor,Travel Packages,Phrase match (close variant),None,0,1,0.00,0.00,OK,,Appears relevant - luxury package buyer intent
costa rica resort vacation packages,Search - Resor,All-Inclusive & Custom,Exact match (close variant),None,0,3,0.00,0.00,OK,,Appears relevant - luxury package buyer intent
best costa rica travel agency,Search - Resor,Vacation Packages,Phrase match (close variant),None,0,2,0.00,0.00,OK,,Appears relevant - luxury package buyer intent
rich coast vacations,Search - Resor,Trip & Vacation,Phrase match (close variant),None,0,1,0.00,0.00,OK,,Appears relevant - luxury package buyer intent
costa rica all inclusive tours,Search - Resor,All-Inclusive & Custom,Exact match (close variant),None,1,2,5.35,0.00,OK,,Appears relevant - luxury package buyer intent
best way to get around in costa rica,Search - Resor,Travel Agent & Agency,Phrase match (close variant),None,0,1,0.00,0.00,OK,,Appears relevant - luxury package buyer intent
nammbú beachfront bungalows,Search - Resor,Trip & Vacation,Phrase match (close variant),None,0,2,0.00,0.00,OK,,Appears relevant - luxury package buyer intent
all inclusive vacation to costa rica,Search - Resor,All-Inclusive & Custom,Exact match (close variant),None,0,1,0.00,0.00,OK,,Appears relevant - luxury package buyer intent
honeymoon in costa rica,Search - Resor,Honeymoon & Romance,Exact match,Added,0,1,0.00,0.00,OK,,Appears relevant - luxury package buyer intent
san jose to la fortuna costa rica,Search - Resor,Travel Packages,Phrase match (close variant),None,0,1,0.00,0.00,OK,,Appears relevant - luxury package buyer intent
costco costa rica packages,Search - Resor,Travel Packages,Phrase match (close variant),None,0,2,0.00,0.00,OK,,Appears relevant - luxury package buyer intent
costa rica trip planning,Search - Resor,Travel Packages,Exact match (close variant),None,0,1,0.00,0.00,OK,,Appears relevant - luxury package buyer intent
costa rica vacations,Search - Resor,Trip planner,Exact match (close variant),None,0,8,0.00,0.00,OK,,Appears relevant - luxury package buyer intent
all inclusive costa rica vacations,Search - Resor,All-Inclusive & Custom,Exact match (close variant),None,1,4,2.53,0.00,OK,,Appears relevant - luxury package buyer intent
private tours costa rica,Search - Resor,Trip & Vacation,Phrase match (close variant),None,1,1,1.43,0.00,OK,,Appears relevant - luxury package buyer intent
the westin reserva conchal an all inclusive golf resort & spa,Search - Resor,All-Inclusive & Custom,Phrase match (close variant),None,0,1,0.00,0.00,OK,,Appears relevant - luxury package buyer intent
costa rica private drivers,Search - Resor,Travel Packages,Phrase match (close variant),None,0,3,0.00,0.00,OK,,Appears relevant - luxury package buyer intent
best way to get to costa rica,Search - Resor,Travel Packages,Phrase match (close variant),None,0,1,0.00,0.00,OK,,Appears relevant - luxury package buyer intent
코스타리카 여행 패키지,Search - Resor,Travel Packages,Phrase match (close variant),None,0,2,0.00,0.00,OK,,Appears relevant - luxury package buyer intent
costa rica tours,Search - Resor,Travel Packages,Exact match (close variant),None,1,1,1.56,0.00,OK,,Appears relevant - luxury package buyer intent
nosara costa rica surf camp,Search - Resor,Trip & Vacation,Phrase match (close variant),None,0,1,0.00,0.00,OK,,Appears relevant - luxury package buyer intent
sfo to san jose costa rica,Search - Resor,Travel Packages,Phrase match (close variant),None,0,1,0.00,0.00,OK,,Appears relevant - luxury package buyer intent
all inclusive family vacation in costa rica,Search - Resor,All-Inclusive & Custom,Phrase match (close variant),None,0,1,0.00,0.00,OK,,Appears relevant - luxury package buyer intent
costa rica wedding venues all inclusive,Search - Resor,All-Inclusive & Custom,Phrase match (close variant),None,0,1,0.00,0.00,OK,,Appears relevant - luxury package buyer intent
arenal rides costa rica,Search - Resor,Travel Packages,Phrase match (close variant),None,0,1,0.00,0.00,OK,,Appears relevant - luxury package buyer intent
costa rica december,Search - Resor,Trip & Vacation,Phrase match (close variant),None,0,1,0.00,0.00,OK,,Appears relevant - luxury package buyer intent
all inclusive costa rica vacations,Search - Resor,All-Inclusive & Custom,Exact match (close variant),None,0,5,0.00,0.00,OK,,Appears relevant - luxury package buyer intent
costa rica utazás,Search - Resor,Travel Packages,Phrase match (close variant),None,0,1,0.00,0.00,OK,,Appears relevant - luxury package buyer intent
arenal to manuel antonio drive,Search - Resor,Travel Packages,Phrase match (close variant),None,0,1,0.00,0.00,OK,,Appears relevant - luxury package buyer intent
costa rica trips,Search - Resor,Travel Packages,Exact match,Added,2,12,4.84,0.00,OK,,Appears relevant - luxury package buyer intent
national geographic costa rica,Search - Resor,Travel Agent & Agency,Phrase match (close variant),None,0,1,0.00,0.00,OK,,Appears relevant - luxury package buyer intent
tulemar resort costa rica,Search - Resor,Trip & Vacation,Phrase match (close variant),None,0,1,0.00,0.00,OK,,Appears relevant - luxury package buyer intent
places to travel in costa rica,Search - Resor,Travel Packages,Exact match (close variant),None,0,1,0.00,0.00,OK,,Appears relevant - luxury package buyer intent
7 day costa rica tour,Search - Resor,Travel Packages,Phrase match (close variant),None,0,1,0.00,0.00,OK,,Appears relevant - luxury package buyer intent
tamarindo costa rica villa rentals,Search - Resor,Trip & Vacation,Phrase match (close variant),None,0,1,0.00,0.00,OK,,Appears relevant - luxury package buyer intent
all inclusive packages costa rica,Search - Resor,All-Inclusive & Custom,Exact match (close variant),None,0,2,0.00,0.00,OK,,Appears relevant - luxury package buyer intent
costa rica all exclusive,Search - Resor,All-Inclusive & Custom,Exact match (close variant),None,0,2,0.00,0.00,OK,,Appears relevant - luxury package buyer intent
best place to stay in costa rica for beach and adventure,Search - Resor,Travel Agent & Agency,Phrase match (close variant),None,0,2,0.00,0.00,OK,,Appears relevant - luxury package buyer intent
hilton guanacaste costa rica,Search - Resor,Travel Packages,Phrase match (close variant),None,0,1,0.00,0.00,OK,,Appears relevant - luxury package buyer intent
all inclusive vacation packages in costa rica,Search - Resor,All-Inclusive & Custom,Exact match (close variant),None,0,1,0.00,0.00,OK,,Appears relevant - luxury package buyer intent
best costa rica vacation packages,Search - Resor,All-Inclusive & Custom,Exact match (close variant),None,1,2,8.16,0.00,OK,,Appears relevant - luxury package buyer intent
tropical tours shuttles costa rica,Search - Resor,Travel Agent & Agency,Phrase match (close variant),None,0,1,0.00,0.00,OK,,Appears relevant - luxury package buyer intent
tamarindo vacation,Search - Resor,Trip & Vacation,Phrase match (close variant),None,0,1,0.00,0.00,OK,,Appears relevant - luxury package buyer intent
all inclusive resort in costa rica,Search - Resor,All-Inclusive & Custom,Exact match (close variant),None,0,10,0.00,0.00,OK,,Appears relevant - luxury package buyer intent
rio celeste,Search - Resor,Travel Packages,Phrase match (close variant),None,0,2,0.00,0.00,OK,,Appears relevant - luxury package buyer intent
plan a trip to costa rica,Search - Resor,Trip planner,Exact match (close variant),None,1,1,2.71,0.00,OK,,Appears relevant - luxury package buyer intent
costa rica parque nacional manuel antonio,Search - Resor,Travel Packages,Phrase match (close variant),None,0,1,0.00,0.00,OK,,Appears relevant - luxury package buyer intent
costa rica all inclusive,Search - Resor,Vacation Packages,Phrase match (close variant),None,0,1,0.00,0.00,OK,,Has converted - protected from negation
all inclusive costa rica family friendly,Search - Resor,Family Packages,Exact match (close variant),None,0,1,0.00,0.00,OK,,Appears relevant - luxury package buyer intent
all inclusive resort costa rica,Search - Resor,Vacation Packages,Phrase match (close variant),None,0,1,0.00,0.00,OK,,Appears relevant - luxury package buyer intent
costa rica tour packages,Search - Resor,All-Inclusive & Custom,Exact match (close variant),None,0,2,0.00,0.00,OK,,Appears relevant - luxury package buyer intent
packages to costa rica,Search - Resor,All-Inclusive & Custom,Exact match (close variant),None,0,1,0.00,0.00,OK,,Appears relevant - luxury package buyer intent
arenal to monteverde costa rica,Search - Resor,Travel Packages,Phrase match (close variant),None,0,2,0.00,0.00,OK,,Appears relevant - luxury package buyer intent
busses in costa rica,Search - Resor,Travel Packages,Phrase match (close variant),None,0,1,0.00,0.00,OK,,Appears relevant - luxury package buyer intent
couples trip to costa rica,Search - Resor,Honeymoon & Romance,Exact match (close variant),None,0,1,0.00,0.00,OK,,Appears relevant - luxury package buyer intent
costa rica tour company,Search - Resor,Travel Agent & Agency,Exact match (close variant),None,0,1,0.00,0.00,OK,,Appears relevant - luxury package buyer intent
costa rica for kids,Search - Resor,Family Packages,Exact match (close variant),None,0,5,0.00,0.00,OK,,Appears relevant - luxury package buyer intent
arenal volcano tours,Search - Resor,Travel Agent & Agency,Phrase match (close variant),None,0,1,0.00,0.00,OK,,Appears relevant - luxury package buyer intent
vacations to costa rica all inclusive,Search - Resor,All-Inclusive & Custom,Exact match (close variant),None,0,1,0.00,0.00,OK,,Appears relevant - luxury package buyer intent
ritz carlton costa rica,Search - Resor,Luxury Packages,Phrase match (close variant),None,0,4,0.00,0.00,OK,,Appears relevant - luxury package buyer intent
dreams la mareas costa rica,Search - Resor,All-Inclusive & Custom,Phrase match (close variant),None,0,1,0.00,0.00,OK,,Appears relevant - luxury package buyer intent
shuttles in costa rica,Search - Resor,Travel Packages,Phrase match (close variant),None,0,1,0.00,0.00,OK,,Appears relevant - luxury package buyer intent
costa rica visa,Search - Resor,Travel Packages,Phrase match (close variant),None,0,1,0.00,0.00,OK,,Appears relevant - luxury package buyer intent
custom costa rica vacation packages,Search - Resor,All-Inclusive & Custom,Exact match (close variant),None,0,1,0.00,0.00,OK,,Appears relevant - luxury package buyer intent
costa rica traveling,Search - Resor,Travel Packages,Exact match (close variant),None,0,1,0.00,0.00,OK,,Appears relevant - luxury package buyer intent
travel to costa rica,Search - Resor,Trip & Vacation,Exact match (close variant),None,0,2,0.00,0.00,OK,,Appears relevant - luxury package buyer intent
resort costa rica,Search - Resor,Travel Packages,Phrase match (close variant),None,0,1,0.00,0.00,OK,,Appears relevant - luxury package buyer intent
jurassic canyon costa rica,Search - Resor,Travel Packages,Phrase match (close variant),None,0,1,0.00,0.00,OK,,Appears relevant - luxury package buyer intent
andaz in costa rica,Search - Resor,Luxury Packages,Phrase match (close variant),None,0,1,0.00,0.00,OK,,Appears relevant - luxury package buyer intent
costa rica packages,Search - Resor,Vacation Packages,Exact match,Added,0,10,0.00,0.00,OK,,Appears relevant - luxury package buyer intent
packages to costa rica,Search - Resor,All-Inclusive & Custom,Exact match (close variant),None,0,1,0.00,0.00,OK,,Appears relevant - luxury package buyer intent
sjo to arenal volcano,Search - Resor,Travel Packages,Phrase match (close variant),None,0,1,0.00,0.00,OK,,Appears relevant - luxury package buyer intent
tripmasters costa rica vacation packages,Search - Resor,Vacation Packages,Phrase match (close variant),None,0,1,0.00,0.00,OK,,Appears relevant - luxury package buyer intent
massage costa rica,Search - Resor,Travel Packages,Phrase match (close variant),None,0,1,0.00,0.00,OK,,Appears relevant - luxury package buyer intent
all inclusive costa rica vacation,Search - Resor,All-Inclusive & Custom,Exact match,Added,0,2,0.00,0.00,OK,,Appears relevant - luxury package buyer intent
zip line costa rica,Search - Resor,Travel Packages,Phrase match (close variant),None,0,1,0.00,0.00,OK,,Appears relevant - luxury package buyer intent
costa rica tours,Search - Resor,Vacation Packages,Exact match (close variant),None,1,4,1.66,0.00,OK,,Appears relevant - luxury package buyer intent
groupon to costa rica,Search - Resor,Vacation Packages,Phrase match (close variant),None,0,2,0.00,0.00,OK,,Appears relevant - luxury package buyer intent
what to visit in costa rica,Search - Resor,Trip & Vacation,Phrase match (close variant),None,0,1,0.00,0.00,OK,,Appears relevant - luxury package buyer intent
package to costa rica,Search - Resor,Vacation Packages,Exact match (close variant),None,0,1,0.00,0.00,OK,,Appears relevant - luxury package buyer intent
azura beach resort costa rica,Search - Resor,All-Inclusive & Custom,Phrase match (close variant),None,0,2,0.00,0.00,OK,,Appears relevant - luxury package buyer intent
bucket list costa rica,Search - Resor,Travel Packages,Phrase match (close variant),None,0,1,0.00,0.00,OK,,Appears relevant - luxury package buyer intent
westin conchal costa rica,Search - Resor,All-Inclusive & Custom,Phrase match (close variant),None,0,2,0.00,0.00,OK,,Appears relevant - luxury package buyer intent
tour of costa rica,Search - Resor,Trip & Vacation,Exact match (close variant),None,1,1,1.14,0.00,OK,,Appears relevant - luxury package buyer intent
plan costa rica trip,Search - Resor,Trip planner,Exact match (close variant),None,0,1,0.00,0.00,OK,,Appears relevant - luxury package buyer intent
popular places in costa rica,Search - Resor,Travel Packages,Phrase match (close variant),None,0,1,0.00,0.00,OK,,Appears relevant - luxury package buyer intent
costa rica all inclusive adults only,Search - Resor,All-Inclusive & Custom,Phrase match (close variant),None,2,10,9.08,0.00,OK,,Appears relevant - luxury package buyer intent
vacation packages to costa rica,Search - Resor,Vacation Packages,Exact match,Added,0,2,0.00,0.00,OK,,Appears relevant - luxury package buyer intent
costa rica dream vacations,Search - Resor,Vacation Packages,Phrase match (close variant),None,1,1,7.59,1.00,OK,,Has converted - protected from negation
best snorkeling in costa rica pacific coast,Search - Resor,Travel Packages,Phrase match (close variant),None,0,1,0.00,0.00,OK,,Appears relevant - luxury package buyer intent
places to stay in costa rica,Search - Resor,Trip & Vacation,Phrase match (close variant),None,0,1,0.00,0.00,OK,,Appears relevant - luxury package buyer intent
costa rica 6 days,Search - Resor,Travel Agent & Agency,Phrase match (close variant),None,0,2,0.00,0.00,OK,,Appears relevant - luxury package buyer intent
travel to costa rica,Search - Resor,Travel Packages,Exact match (close variant),None,0,2,0.00,0.00,OK,,Appears relevant - luxury package buyer intent
all inclusive guanacaste costa rica,Search - Resor,All-Inclusive & Custom,Phrase match (close variant),None,0,2,0.00,0.00,OK,,Appears relevant - luxury package buyer intent
surf camp in costa rica,Search - Resor,Trip & Vacation,Phrase match (close variant),None,0,1,0.00,0.00,OK,,Appears relevant - luxury package buyer intent
trips to costa rica all inclusive,Search - Resor,All-Inclusive & Custom,Exact match (close variant),None,0,2,0.00,0.00,OK,,Appears relevant - luxury package buyer intent
all inclusive vacation to costa rica,Search - Resor,All-Inclusive & Custom,Exact match (close variant),None,0,2,0.00,0.00,OK,,Appears relevant - luxury package buyer intent
waterfall in costa rica,Search - Resor,Travel Packages,Phrase match (close variant),None,0,1,0.00,0.00,OK,,Appears relevant - luxury package buyer intent
clubs in costa rica,Search - Resor,Trip & Vacation,Phrase match (close variant),None,0,1,0.00,0.00,OK,,Appears relevant - luxury package buyer intent
mco to lir costa rica,Search - Resor,Travel Packages,Phrase match (close variant),None,0,1,0.00,0.00,OK,,Appears relevant - luxury package buyer intent
costa rica wedding packages all inclusive,Search - Resor,All-Inclusive & Custom,Phrase match (close variant),None,0,1,0.00,0.00,OK,,Appears relevant - luxury package buyer intent
la fortuna all inclusive,Search - Resor,All-Inclusive & Custom,Phrase match (close variant),None,0,1,0.00,0.00,OK,,Appears relevant - luxury package buyer intent
all inclusive resort costa rica family friendly,Search - Resor,Family Packages,Phrase match (close variant),None,0,1,0.00,0.00,OK,,Appears relevant - luxury package buyer intent
5 star resort costa rica all inclusive,Search - Resor,All-Inclusive & Custom,Phrase match (close variant),None,0,1,0.00,0.00,OK,,Appears relevant - luxury package buyer intent
all inclusive costa rica caribbean side,Search - Resor,All-Inclusive & Custom,Phrase match (close variant),None,0,1,0.00,0.00,OK,,Has converted - protected from negation
all inclusive trips to costa rica,Search - Resor,All-Inclusive & Custom,Exact match (close variant),None,1,1,7.24,0.00,OK,,Appears relevant - luxury package buyer intent
pura vida rides costa rica,Search - Resor,Travel Packages,Phrase match (close variant),None,0,1,0.00,0.00,OK,,Appears relevant - luxury package buyer intent
vamos a turistear costa rica ofertas,Search - Resor,Travel Packages,Phrase match (close variant),None,1,1,1.51,0.00,OK,,Appears relevant - luxury package buyer intent
costa rica san jose to santa teresa,Search - Resor,Travel Packages,Phrase match (close variant),None,0,1,0.00,0.00,OK,,Appears relevant - luxury package buyer intent
romantic getaways in costa rica,Search - Resor,Honeymoon & Romance,Exact match (close variant),None,0,1,0.00,0.00,OK,,Appears relevant - luxury package buyer intent
all inclusive costa rica,Search - Resor,All-Inclusive & Custom,Exact match (close variant),None,1,39,2.11,0.00,OK,,Has converted - protected from negation
costa rica motorcycle adventure,Search - Resor,Travel Packages,Phrase match (close variant),None,0,1,0.00,0.00,OK,,Appears relevant - luxury package buyer intent
trip packages to costa rica,Search - Resor,All-Inclusive & Custom,Exact match (close variant),None,0,1,0.00,0.00,OK,,Appears relevant - luxury package buyer intent
costa rica overwater bungalows,Search - Resor,Travel Agent & Agency,Phrase match (close variant),None,0,1,0.00,0.00,OK,,Appears relevant - luxury package buyer intent
costa rica westin reserva conchal,Search - Resor,All-Inclusive & Custom,Phrase match (close variant),None,0,2,0.00,0.00,OK,,Appears relevant - luxury package buyer intent
manuel antonio private tour,Search - Resor,Travel Packages,Phrase match (close variant),None,0,1,0.00,0.00,OK,,Appears relevant - luxury package buyer intent
papagayo costa rica all inclusive,Search - Resor,All-Inclusive & Custom,Phrase match (close variant),None,0,1,0.00,0.00,OK,,Appears relevant - luxury package buyer intent
costa rica tour packages,Search - Resor,All-Inclusive & Custom,Exact match (close variant),None,0,2,0.00,0.00,OK,,Appears relevant - luxury package buyer intent
san jose costa rica top attractions,Search - Resor,Travel Packages,Phrase match (close variant),None,0,1,0.00,0.00,OK,,Appears relevant - luxury package buyer intent
best parts of costa rica to visit,Search - Resor,Travel Packages,Phrase match (close variant),None,0,1,0.00,0.00,OK,,Appears relevant - luxury package buyer intent
san jose to drake bay costa rica,Search - Resor,Travel Packages,Phrase match (close variant),None,0,1,0.00,0.00,OK,,Appears relevant - luxury package buyer intent
all inclusive costa rica vacation packages,Search - Resor,All-Inclusive & Custom,Exact match (close variant),None,0,1,0.00,0.00,OK,,Appears relevant - luxury package buyer intent
costa rica resort kids,Search - Resor,Family Packages,Phrase match (close variant),None,0,1,0.00,0.00,OK,,Appears relevant - luxury package buyer intent
costa rica best place to stay,Search - Resor,Travel Packages,Phrase match (close variant),None,0,1,0.00,0.00,OK,,Appears relevant - luxury package buyer intent
all inclusive trips to costa rica 2026,Search - Resor,All-Inclusive & Custom,Phrase match (close variant),None,1,2,5.03,0.49,OK,,Has converted - protected from negation
costa rica weddings all inclusive packages,Search - Resor,All-Inclusive & Custom,Phrase match,None,1,1,1.65,0.00,OK,,Appears relevant - luxury package buyer intent
costa rica experiences,Search - Resor,Trip & Vacation,Phrase match (close variant),None,1,1,3.70,0.00,OK,,Appears relevant - luxury package buyer intent
excursión a costa rica,Search - Resor,Travel Packages,Phrase match (close variant),None,1,1,1.11,0.00,OK,,Appears relevant - luxury package buyer intent
arenal springs resort,Search - Resor,Travel Packages,Phrase match (close variant),None,0,1,0.00,0.00,OK,,Appears relevant - luxury package buyer intent
costa rica volcano tours,Search - Resor,Travel Agent & Agency,Phrase match (close variant),None,0,1,0.00,0.00,OK,,Appears relevant - luxury package buyer intent
silent retreat costa rica,Search - Resor,Travel Packages,Phrase match (close variant),None,0,1,0.00,0.00,OK,,Appears relevant - luxury package buyer intent
sjc to costa rica,Search - Resor,Travel Packages,Phrase match (close variant),None,0,1,0.00,0.00,OK,,Appears relevant - luxury package buyer intent
costa rica vacations,Search - Resor,Vacation Packages,Exact match (close variant),None,0,3,0.00,0.00,OK,,Appears relevant - luxury package buyer intent
guti tours costa rica,Search - Resor,Travel Agent & Agency,Phrase match (close variant),None,0,1,0.00,0.00,OK,,Appears relevant - luxury package buyer intent
snorkeling in costa rica,Search - Resor,Travel Packages,Phrase match (close variant),None,0,2,0.00,0.00,OK,,Appears relevant - luxury package buyer intent
the springs resort & spa at arenal la fortuna costa rica,Search - Resor,Luxury Packages,Phrase match (close variant),None,0,1,0.00,0.00,OK,,Appears relevant - luxury package buyer intent
los mejores tours en costa rica,Search - Resor,Travel Packages,Phrase match (close variant),None,0,1,0.00,0.00,OK,,Appears relevant - luxury package buyer intent
weddings in costa rica all inclusive,Search - Resor,All-Inclusive & Custom,Phrase match (close variant),None,2,1,5.84,0.00,OK,,Appears relevant - luxury package buyer intent
cr wild,Search - Resor,Travel Agent & Agency,Phrase match (close variant),None,0,1,0.00,0.00,OK,,Appears relevant - luxury package buyer intent
ziplining in costa rica,Search - Resor,Travel Packages,Phrase match (close variant),None,0,2,0.00,0.00,OK,,Appears relevant - luxury package buyer intent
guanacaste costa rica tours,Search - Resor,Travel Agent & Agency,Phrase match (close variant),None,0,1,0.00,0.00,OK,,Appears relevant - luxury package buyer intent
best resort in costa rica all inclusive,Search - Resor,All-Inclusive & Custom,Phrase match (close variant),None,0,1,0.00,0.00,OK,,Appears relevant - luxury package buyer intent
mco to lir costa rica,Search - Resor,Travel Packages,Phrase match (close variant),None,0,2,0.00,0.00,OK,,Appears relevant - luxury package buyer intent
margaritaville costa rica all inclusive,Search - Resor,All-Inclusive & Custom,Phrase match (close variant),None,0,1,0.00,0.00,OK,,Appears relevant - luxury package buyer intent
best place costa rica,Search - Resor,Travel Packages,Phrase match (close variant),None,0,1,0.00,0.00,OK,,Appears relevant - luxury package buyer intent
peninsula papagayo costa rica,Search - Resor,Travel Packages,Phrase match (close variant),None,0,1,0.00,0.00,OK,,Appears relevant - luxury package buyer intent
best place in costa rica to visit,Search - Resor,Trip & Vacation,Phrase match (close variant),None,1,1,1.77,0.00,OK,,Appears relevant - luxury package buyer intent
costa rica home rentals,Search - Resor,Trip & Vacation,Phrase match (close variant),None,1,1,2.43,0.00,OK,,Appears relevant - luxury package buyer intent
all inclusive in costa rica,Search - Resor,All-Inclusive & Custom,Exact match (close variant),None,0,2,0.00,0.00,OK,,Appears relevant - luxury package buyer intent
boat tour costa rica,Search - Resor,Trip & Vacation,Phrase match (close variant),None,0,1,0.00,0.00,OK,,Appears relevant - luxury package buyer intent
ticket to costa rica price,Search - Resor,Travel Packages,Phrase match (close variant),None,0,1,0.00,0.00,OK,,Appears relevant - luxury package buyer intent
atv riding in costa rica,Search - Resor,Travel Agent & Agency,Phrase match (close variant),None,0,1,0.00,0.00,OK,,Appears relevant - luxury package buyer intent
tamarindo to lir,Search - Resor,Travel Packages,Phrase match (close variant),None,0,1,0.00,0.00,OK,,Appears relevant - luxury package buyer intent
uvita costa rica,Search - Resor,Travel Packages,Phrase match (close variant),None,0,1,0.00,0.00,OK,,Appears relevant - luxury package buyer intent
costa rica trips for families,Search - Resor,Family Packages,Exact match (close variant),None,0,1,0.00,0.00,OK,,Appears relevant - luxury package buyer intent
costa rica tours with kids,Search - Resor,Family Packages,Exact match (close variant),None,0,3,0.00,0.00,OK,,Appears relevant - luxury package buyer intent
costa rica round trip,Search - Resor,Travel Packages,Phrase match,None,0,1,0.00,0.00,OK,,Appears relevant - luxury package buyer intent
scuba diving costa rica,Search - Resor,Trip & Vacation,Phrase match (close variant),None,0,2,0.00,0.00,OK,,Appears relevant - luxury package buyer intent
costa rica travel packages,Search - Resor,Travel Packages,Exact match,Added,1,9,8.26,0.00,OK,,Appears relevant - luxury package buyer intent
sfo to san jose costa rica,Search - Resor,Travel Packages,Phrase match (close variant),None,0,1,0.00,0.00,OK,,Appears relevant - luxury package buyer intent
costa rica tours,Search - Resor,Trip & Vacation,Exact match (close variant),Added,0,2,0.00,0.00,OK,,Appears relevant - luxury package buyer intent
costa rica solo travel,Search - Resor,Travel Agent & Agency,Phrase match (close variant),None,1,2,3.52,0.00,OK,,Appears relevant - luxury package buyer intent
vuelve a la vida costa rica tours,Search - Resor,Travel Packages,Phrase match (close variant),None,0,2,0.00,0.00,OK,,Appears relevant - luxury package buyer intent
mco to lir,Search - Resor,Travel Packages,Phrase match (close variant),None,0,1,0.00,0.00,OK,,Appears relevant - luxury package buyer intent
all inclusive costa rica resort,Search - Resor,All-Inclusive & Custom,Exact match (close variant),None,0,3,0.00,0.00,OK,,Appears relevant - luxury package buyer intent
what can i do in costa rica,Search - Resor,Travel Packages,Phrase match (close variant),None,1,1,2.05,0.00,OK,,Appears relevant - luxury package buyer intent
costa rica adventures,Search - Resor,Travel Packages,Phrase match (close variant),None,0,1,0.00,0.00,OK,,Appears relevant - luxury package buyer intent
all inclusive resort in costa rica on the beach,Search - Resor,All-Inclusive & Custom,Phrase match (close variant),None,0,1,0.00,0.00,OK,,Appears relevant - luxury package buyer intent
costa rica vacation packages for families,Search - Resor,Family Packages,Exact match (close variant),None,0,1,0.00,0.00,OK,,Appears relevant - luxury package buyer intent
tabacón location,Search - Resor,Luxury Packages,Phrase match (close variant),None,0,1,0.00,0.00,OK,,Appears relevant - luxury package buyer intent
mala noche waterfall,Search - Resor,Travel Packages,Phrase match (close variant),None,0,1,0.00,0.00,OK,,Appears relevant - luxury package buyer intent
atracciones en costa rica,Search - Resor,Travel Packages,Phrase match (close variant),None,0,1,0.00,0.00,OK,,Appears relevant - luxury package buyer intent
tropical tours shuttles costa rica,Search - Resor,Travel Packages,Phrase match (close variant),None,0,1,0.00,0.00,OK,,Appears relevant - luxury package buyer intent
sjo to santa teresa,Search - Resor,Travel Packages,Phrase match (close variant),None,0,1,0.00,0.00,OK,,Appears relevant - luxury package buyer intent
the westin golf resort spa playa conchal prices,Search - Resor,All-Inclusive & Custom,Phrase match (close variant),None,0,1,0.00,0.00,OK,,Appears relevant - luxury package buyer intent
costa rica vacations packages,Search - Resor,All-Inclusive & Custom,Exact match (close variant),None,0,1,0.00,0.00,OK,,Appears relevant - luxury package buyer intent
all inclusive resort in costa rica,Search - Resor,All-Inclusive & Custom,Exact match (close variant),None,0,3,0.00,0.00,OK,,Appears relevant - luxury package buyer intent
costa rica all inclusive tour packages,Search - Resor,All-Inclusive & Custom,Exact match (close variant),None,0,1,0.00,0.00,OK,,Appears relevant - luxury package buyer intent
snorkeling in costa rica,Search - Resor,Trip & Vacation,Phrase match (close variant),None,0,1,0.00,0.00,OK,,Appears relevant - luxury package buyer intent
all inclusive trips to costa rica 2026,Search - Resor,All-Inclusive & Custom,Phrase match (close variant),None,0,1,0.00,0.00,OK,,Has converted - protected from negation
costa rica all inclusive honeymoon,Search - Resor,Honeymoon & Romance,Exact match (close variant),None,0,1,0.00,0.00,OK,,Appears relevant - luxury package buyer intent
tours in san jose costa rica,Search - Resor,Travel Packages,Phrase match (close variant),None,0,1,0.00,0.00,OK,,Appears relevant - luxury package buyer intent
best place to travel in costa rica,Search - Resor,Travel Packages,Phrase match (close variant),None,0,1,0.00,0.00,OK,,Appears relevant - luxury package buyer intent
family friendly all inclusive costa rica,Search - Resor,All-Inclusive & Custom,Phrase match (close variant),None,0,1,0.00,0.00,OK,,Appears relevant - luxury package buyer intent
paradise costa rica,Search - Resor,Trip & Vacation,Phrase match (close variant),None,0,1,0.00,0.00,OK,,Appears relevant - luxury package buyer intent
travel groups to costa rica,Search - Resor,Vacation Packages,Phrase match (close variant),None,0,1,0.00,0.00,OK,,Appears relevant - luxury package buyer intent
all inclusive in la fortuna costa rica,Search - Resor,All-Inclusive & Custom,Phrase match (close variant),None,0,1,0.00,0.00,OK,,Appears relevant - luxury package buyer intent
hilton costa rica all inclusive,Search - Resor,All-Inclusive & Custom,Phrase match (close variant),None,0,1,0.00,0.00,OK,,Appears relevant - luxury package buyer intent
caribbean side of costa rica,Search - Resor,Travel Packages,Phrase match (close variant),None,0,1,0.00,0.00,OK,,Appears relevant - luxury package buyer intent
costa rica tour package,Search - Resor,All-Inclusive & Custom,Exact match (close variant),None,0,1,0.00,0.00,OK,,Appears relevant - luxury package buyer intent
best costa rica vacation packages,Search - Resor,All-Inclusive & Custom,Exact match (close variant),None,2,2,3.32,0.00,OK,,Appears relevant - luxury package buyer intent
bookaway costa rica,Search - Resor,Travel Packages,Phrase match (close variant),None,0,1,0.00,0.00,OK,,Appears relevant - luxury package buyer intent
freddy campos tours costa rica,Search - Resor,Travel Agent & Agency,Phrase match (close variant),None,0,1,0.00,0.00,OK,,Appears relevant - luxury package buyer intent
costa rica family vacations,Search - Resor,Family Packages,Exact match (close variant),None,0,2,0.00,0.00,OK,,Appears relevant - luxury package buyer intent
costa rica all inclusive adults only,Search - Resor,All-Inclusive & Custom,Phrase match (close variant),None,2,13,6.15,0.00,OK,,Appears relevant - luxury package buyer intent
best surf beach costa rica,Search - Resor,Trip & Vacation,Phrase match (close variant),None,0,1,0.00,0.00,OK,,Appears relevant - luxury package buyer intent
the westin reserva conchal an all inclusive golf resort & spa,Search - Resor,All-Inclusive & Custom,Phrase match (close variant),None,0,5,0.00,0.00,OK,,Appears relevant - luxury package buyer intent
ewr to costa rica san jose,Search - Resor,Travel Packages,Phrase match (close variant),None,0,1,0.00,0.00,OK,,Appears relevant - luxury package buyer intent
costa rica vacation all inclusive,Search - Resor,All-Inclusive & Custom,Exact match (close variant),None,0,1,0.00,0.00,OK,,Appears relevant - luxury package buyer intent
bioluminescence costa rica manuel antonio,Search - Resor,Travel Packages,Phrase match (close variant),None,0,1,0.00,0.00,OK,,Appears relevant - luxury package buyer intent
tours in san jose costa rica,Search - Resor,Travel Agent & Agency,Phrase match (close variant),None,0,1,0.00,0.00,OK,,Appears relevant - luxury package buyer intent
san jose costa rica to la fortuna,Search - Resor,Travel Packages,Phrase match (close variant),None,0,1,0.00,0.00,OK,,Appears relevant - luxury package buyer intent
costa rica wedding packages all inclusive,Search - Resor,All-Inclusive & Custom,Phrase match,None,0,3,0.00,0.00,OK,,Appears relevant - luxury package buyer intent
costa rica vacations,Search - Resor,Travel Packages,Exact match (close variant),None,0,1,0.00,0.00,OK,,Appears relevant - luxury package buyer intent
going to costa rica for the first time,Search - Resor,Trip & Vacation,Phrase match (close variant),None,0,1,0.00,0.00,OK,,Appears relevant - luxury package buyer intent
arenal glamping costa rica,Search - Resor,Travel Packages,Phrase match (close variant),None,0,1,0.00,0.00,OK,,Appears relevant - luxury package buyer intent
costo rika,Search - Resor,Travel Packages,Phrase match (close variant),None,0,2,0.00,0.00,OK,,Appears relevant - luxury package buyer intent
costa rica all inclusive honeymoon resort,Search - Resor,Honeymoon & Romance,Phrase match (close variant),None,0,1,0.00,0.00,OK,,Appears relevant - luxury package buyer intent
surfing in costa rica,Search - Resor,Travel Packages,Phrase match (close variant),None,0,1,0.00,0.00,OK,,Appears relevant - luxury package buyer intent
best month to visit costa rica,Search - Resor,Trip & Vacation,Phrase match (close variant),None,0,1,0.00,0.00,OK,,Appears relevant - luxury package buyer intent
costa rica the westin reserva conchal package,Search - Resor,All-Inclusive & Custom,Phrase match (close variant),None,0,1,0.00,0.00,OK,,Appears relevant - luxury package buyer intent
all inclusive honeymoon costa rica,Search - Resor,Honeymoon & Romance,Exact match (close variant),None,0,1,0.00,0.00,OK,,Appears relevant - luxury package buyer intent
villa in costa rica,Search - Resor,Trip & Vacation,Phrase match (close variant),None,0,1,0.00,0.00,OK,,Appears relevant - luxury package buyer intent
sjo to arenal volcano,Search - Resor,Travel Packages,Phrase match (close variant),None,0,1,0.00,0.00,OK,,Appears relevant - luxury package buyer intent
hiking in costa rica,Search - Resor,Travel Packages,Phrase match (close variant),None,0,1,0.00,0.00,OK,,Appears relevant - luxury package buyer intent
all inclusive vacation packages to guanacaste costa rica,Search - Resor,All-Inclusive & Custom,Phrase match,None,0,1,0.00,0.00,OK,,Appears relevant - luxury package buyer intent
costa rica w costa rica package,Search - Resor,Trip planner,Phrase match (close variant),None,0,1,0.00,0.00,OK,,Appears relevant - luxury package buyer intent
costa rica vacations all inclusive,Search - Resor,All-Inclusive & Custom,Exact match (close variant),None,0,1,0.00,0.00,OK,,Appears relevant - luxury package buyer intent
family vacations to costa rica,Search - Resor,Family Packages,Exact match (close variant),None,0,1,0.00,0.00,OK,,Appears relevant - luxury package buyer intent
resort in costa rica all inclusive,Search - Resor,All-Inclusive & Custom,Exact match (close variant),None,0,2,0.00,0.00,OK,,Appears relevant - luxury package buyer intent
costa rica tour packages,Search - Resor,All-Inclusive & Custom,Exact match (close variant),None,1,5,2.54,0.00,OK,,Appears relevant - luxury package buyer intent
best vacation spots in costa rica for couples,Search - Resor,Honeymoon & Romance,Exact match (close variant),None,0,1,0.00,0.00,OK,,Appears relevant - luxury package buyer intent
costa rica all inclusive vacations,Search - Resor,All-Inclusive & Custom,Exact match (close variant),None,0,5,0.00,0.00,OK,,Appears relevant - luxury package buyer intent
costa rica retreats,Search - Resor,Travel Packages,Phrase match (close variant),None,0,1,0.00,0.00,OK,,Appears relevant - luxury package buyer intent
best family resort in costa rica,Search - Resor,Family Packages,Phrase match (close variant),None,0,1,0.00,0.00,OK,,Appears relevant - luxury package buyer intent
costa rica adventure tours,Search - Resor,Trip & Vacation,Exact match (close variant),None,1,2,2.53,0.00,OK,,Appears relevant - luxury package buyer intent
a trip to costa rica,Search - Resor,Travel Packages,Exact match (close variant),None,0,1,0.00,0.00,OK,,Appears relevant - luxury package buyer intent
costco costa rica packages,Search - Resor,Vacation Packages,Phrase match (close variant),None,1,3,6.36,0.00,OK,,Appears relevant - luxury package buyer intent
costa rica vacation with kids,Search - Resor,Family Packages,Exact match (close variant),None,0,1,0.00,0.00,OK,,Appears relevant - luxury package buyer intent
costa rica travel agent,Search - Resor,Travel Agent & Agency,Exact match,Added,0,2,0.00,0.00,OK,,Appears relevant - luxury package buyer intent
the westin conchal costa rica,Search - Resor,All-Inclusive & Custom,Phrase match (close variant),None,0,1,0.00,0.00,OK,,Appears relevant - luxury package buyer intent
the best place to stay in costa rica,Search - Resor,Travel Packages,Phrase match (close variant),None,0,1,0.00,0.00,OK,,Appears relevant - luxury package buyer intent
costa rica family trips,Search - Resor,Family Packages,Exact match (close variant),None,0,1,0.00,0.00,OK,,Appears relevant - luxury package buyer intent
ziplining in costa rica,Search - Resor,Travel Packages,Phrase match (close variant),None,0,1,0.00,0.00,OK,,Appears relevant - luxury package buyer intent
